<?xml version="1.0" encoding="UTF-8"?>
<COLLADA xmlns="http://www.collada.org/2005/11/COLLADASchema" version="1.4.1">
 <asset>
  <contributor>
   <authoring_tool>SceneKit Collada Exporter v1.0</authoring_tool>
  </contributor>
  <created>2026-04-02T01:34:05Z</created>
  <modified>2026-04-02T01:34:05Z</modified>
  <unit meter="1.000000"/>
  <up_axis>Y_UP</up_axis>
 </asset>
 <library_animations>
  <animation id="pop_model-pop_transform" name="pop_model-pop_transform">
   <animation id="keyframedAnimations1">
    <source id="genericSource2">
     <float_array id="pop_model-pop_transform3-array" count="16">0 0.0333333 0.0666667 0.1 0.133333 0.166667 0.2 0.233333 0.266667 0.3 0.333333 0.366667 0.4 0.433333 0.466667 0.5 </float_array>
     <technique_common>
      <accessor source="#pop_model-pop_transform3-array" count="16" stride="1">
       <param name="TIME" type="float"/>
      </accessor>
     </technique_common>
    </source>
    <source id="genericSource4">
     <float_array id="pop_model-pop_transform5-array" count="256">1.025 0 0 0 0 1.025 0 0 0 0 1.025 0 0 0 0 1 1.025 0 0 0 0 1.025 0 0 0 0 1.025 0 0 0 0 1 1.05 0 0 0 0 1.05 0 0 0 0 1.05 0 0 0 0 1 1.04916 0 0 0 0 1.04916 0 0 0 0 1.04916 0 0 0 0 1 1.04681 0 0 0 0 1.04681 0 0 0 0 1.04681 0 0 0 0 1 1.04324 0 0 0 0 1.04324 0 0 0 0 1.04324 0 0 0 0 1 1.03871 0 0 0 0 1.03871 0 0 0 0 1.03871 0 0 0 0 1 1.0335 0 0 0 0 1.0335 0 0 0 0 1.0335 0 0 0 0 1 1.02788 0 0 0 0 1.02788 0 0 0 0 1.02788 0 0 0 0 1 1.02212 0 0 0 0 1.02212 0 0 0 0 1.02212 0 0 0 0 1 1.0165 0 0 0 0 1.0165 0 0 0 0 1.0165 0 0 0 0 1 1.01129 0 0 0 0 1.01129 0 0 0 0 1.01129 0 0 0 0 1 1.00676 0 0 0 0 1.00676 0 0 0 0 1.00676 0 0 0 0 1 1.00319 0 0 0 0 1.00319 0 0 0 0 1.00319 0 0 0 0 1 1.00084 0 0 0 0 1.00084 0 0 0 0 1.00084 0 0 0 0 1 1 0 0 0 0 1 0 0 0 0 1 0 0 0 0 1 </float_array>
     <technique_common>
      <accessor source="#pop_model-pop_transform5-array" count="16" stride="16">
       <param name="TRANSFORM" type="float4x4"/>
      </accessor>
     </technique_common>
    </source>
    <sampler id="pop_model-pop_transform6">
     <input semantic="INPUT" source="#genericSource2"/>
     <input semantic="OUTPUT" source="#genericSource4"/>
    </sampler>
    <channel source="#pop_model-pop_transform6" target="pop/SID_1"/>
   </animation>
  </animation>
 </library_animations>
 <library_geometries>
  <geometry id="geometry7">
   <mesh>
    <source id="geometrySource8">
     <float_array id="ID9-array" count="5952">0 -0.585271 -2.94235 0 2.26494e-07 -3 0.585271 2.26494e-07 -2.94235 0.574025 -0.585271 -2.88582 0 2.77164 -1.14805 0 2.94236 -0.585271 0.114181 2.94236 -0.574025 0.223974 2.77164 -1.12599 1.90705e-07 -1.14805 -2.77164 0 -0.585271 -2.94235 0.574025 -0.585271 -2.88582 0.54072 -1.14805 -2.71838 0 2.49441 -1.66671 0 2.77164 -1.14805 0.223974 2.77164 -1.12599 0.325159 2.49441 -1.63469 8.16554e-07 -1.66671 -2.49441 1.90705e-07 -1.14805 -2.77164 0.54072 -1.14805 -2.71838 0.486635 -1.66671 -2.44648 0 2.12132 -2.12132 0 2.49441 -1.66671 0.325159 2.49441 -1.63469 0.413849 2.12132 -2.08056 4.58926e-07 -2.12132 -2.12132 8.16554e-07 -1.66671 -2.49441 0.486635 -1.66671 -2.44648 0.413849 -2.12132 -2.08056 0 1.66671 -2.49441 0 2.12132 -2.12132 0.413849 2.12132 -2.08056 0.486635 1.66671 -2.44648 0 -2.49441 -1.66671 4.58926e-07 -2.12132 -2.12132 0.413849 -2.12132 -2.08056 0.325159 -2.49441 -1.63469 0 1.14805 -2.77164 0 1.66671 -2.49441 0.486635 1.66671 -2.44648 0.54072 1.14805 -2.71838 2.35409e-07 -2.77164 -1.14805 0 -2.49441 -1.66671 0.325159 -2.49441 -1.63469 0.223974 -2.77164 -1.12599 0 0.585271 -2.94235 0 1.14805 -2.77164 0.54072 1.14805 -2.71838 0.574025 0.585271 -2.88582 0 -2.94236 -0.58527 2.35409e-07 -2.77164 -1.14805 0.223974 -2.77164 -1.12599 0.114181 -2.94236 -0.574024 0 2.26494e-07 -3 0 0.585271 -2.94235 0.574025 0.585271 -2.88582 0.585271 2.26494e-07 -2.94235 0 2.94236 -0.585271 -6.91214e-07 3 1.66874e-06 0.114181 2.94236 -0.574025 0 -3 9.77524e-07 0 -2.94236 -0.58527 0.114181 -2.94236 -0.574024 0.114181 -2.94236 -0.574024 0.223974 -2.77164 -1.12599 0.43934 -2.77164 -1.06066 0.223974 -2.94236 -0.540719 0.585271 2.26494e-07 -2.94235 0.574025 0.585271 -2.88582 1.12599 0.585271 -2.71838 1.14805 2.26494e-07 -2.77164 0.114181 2.94236 -0.574025 -6.91214e-07 3 1.66874e-06 0.223974 2.94236 -0.54072 0 -3 9.77524e-07 0.114181 -2.94236 -0.574024 0.223974 -2.94236 -0.540719 0.574025 -0.585271 -2.88582 0.585271 2.26494e-07 -2.94235 1.14805 2.26494e-07 -2.77164 1.12599 -0.585271 -2.71838 0.223974 2.77164 -1.12599 0.114181 2.94236 -0.574025 0.223974 2.94236 -0.54072 0.43934 2.77164 -1.06066 0.54072 -1.14805 -2.71838 0.574025 -0.585271 -2.88582 1.12599 -0.585271 -2.71838 1.06066 -1.14805 -2.56066 0.325159 2.49441 -1.63469 0.223974 2.77164 -1.12599 0.43934 2.77164 -1.06066 0.637823 2.49441 -1.53984 0.486635 -1.66671 -2.44648 0.54072 -1.14805 -2.71838 1.06066 -1.14805 -2.56066 0.954569 -1.66671 -2.30453 0.413849 2.12132 -2.08056 0.325159 2.49441 -1.63469 0.637823 2.49441 -1.53984 0.811795 2.12132 -1.95984 0.413849 -2.12132 -2.08056 0.486635 -1.66671 -2.44648 0.954569 -1.66671 -2.30453 0.811795 -2.12132 -1.95984 0.486635 1.66671 -2.44648 0.413849 2.12132 -2.08056 0.811795 2.12132 -1.95984 0.954569 1.66671 -2.30453 0.325159 -2.49441 -1.63469 0.413849 -2.12132 -2.08056 0.811795 -2.12132 -1.95984 0.637823 -2.49441 -1.53984 0.54072 1.14805 -2.71838 0.486635 1.66671 -2.44648 0.954569 1.66671 -2.30453 1.06066 1.14805 -2.56066 0.223974 -2.77164 -1.12599 0.325159 -2.49441 -1.63469 0.637823 -2.49441 -1.53984 0.43934 -2.77164 -1.06066 0.574025 0.585271 -2.88582 0.54072 1.14805 -2.71838 1.06066 1.14805 -2.56066 1.12599 0.585271 -2.71838 0.811795 -2.12132 -1.95984 0.954569 -1.66671 -2.30453 1.38582 -1.66671 -2.07402 1.17854 -2.12132 -1.76381 0.954569 1.66671 -2.30453 0.811795 2.12132 -1.95984 1.17854 2.12132 -1.76381 1.38582 1.66671 -2.07402 0.637823 -2.49441 -1.53984 0.811795 -2.12132 -1.95984 1.17854 -2.12132 -1.76381 0.925975 -2.49441 -1.38582 1.06066 1.14805 -2.56066 0.954569 1.66671 -2.30453 1.38582 1.66671 -2.07402 1.53984 1.14805 -2.30453 0.43934 -2.77164 -1.06066 0.637823 -2.49441 -1.53984 0.925975 -2.49441 -1.38582 0.637823 -2.77164 -0.954568 1.12599 0.585271 -2.71838 1.06066 1.14805 -2.56066 1.53984 1.14805 -2.30453 1.63469 0.585271 -2.44648 0.223974 -2.94236 -0.540719 0.43934 -2.77164 -1.06066 0.637823 -2.77164 -0.954568 0.325159 -2.94236 -0.486634 1.14805 2.26494e-07 -2.77164 1.12599 0.585271 -2.71838 1.63469 0.585271 -2.44648 1.66671 2.26494e-07 -2.49441 0.223974 2.94236 -0.54072 -6.91214e-07 3 1.66874e-06 0.32516 2.94236 -0.486635 0 -3 9.77524e-07 0.223974 -2.94236 -0.540719 0.325159 -2.94236 -0.486634 1.12599 -0.585271 -2.71838 1.14805 2.26494e-07 -2.77164 1.66671 2.26494e-07 -2.49441 1.63469 -0.585271 -2.44648 0.43934 2.77164 -1.06066 0.223974 2.94236 -0.54072 0.32516 2.94236 -0.486635 0.637823 2.77164 -0.954569 1.06066 -1.14805 -2.56066 1.12599 -0.585271 -2.71838 1.63469 -0.585271 -2.44648 1.53984 -1.14805 -2.30453 0.637823 2.49441 -1.53984 0.43934 2.77164 -1.06066 0.637823 2.77164 -0.954569 0.925975 2.49441 -1.38582 0.954569 -1.66671 -2.30453 1.06066 -1.14805 -2.56066 1.53984 -1.14805 -2.30453 1.38582 -1.66671 -2.07402 0.811795 2.12132 -1.95984 0.637823 2.49441 -1.53984 0.925975 2.49441 -1.38582 1.17854 2.12132 -1.76381 0.32516 2.94236 -0.486635 -6.91214e-07 3 1.66874e-06 0.41385 2.94236 -0.413849 0 -3 9.77524e-07 0.325159 -2.94236 -0.486634 0.413849 -2.94236 -0.413848 1.63469 -0.585271 -2.44648 1.66671 2.26494e-07 -2.49441 2.12132 2.26494e-07 -2.12132 2.08056 -0.585271 -2.08056 0.637823 2.77164 -0.954569 0.32516 2.94236 -0.486635 0.41385 2.94236 -0.413849 0.811795 2.77164 -0.811794 1.53984 -1.14805 -2.30453 1.63469 -0.585271 -2.44648 2.08056 -0.585271 -2.08056 1.95984 -1.14805 -1.95984 0.925975 2.49441 -1.38582 0.637823 2.77164 -0.954569 0.811795 2.77164 -0.811794 1.17854 2.49441 -1.17854 1.38582 -1.66671 -2.07402 1.53984 -1.14805 -2.30453 1.95984 -1.14805 -1.95984 1.76381 -1.66671 -1.76381 1.17854 2.12132 -1.76381 0.925975 2.49441 -1.38582 1.17854 2.49441 -1.17854 1.5 2.12132 -1.5 1.17854 -2.12132 -1.76381 1.38582 -1.66671 -2.07402 1.76381 -1.66671 -1.76381 1.5 -2.12132 -1.5 1.38582 1.66671 -2.07402 1.17854 2.12132 -1.76381 1.5 2.12132 -1.5 1.76381 1.66671 -1.76381 0.925975 -2.49441 -1.38582 1.17854 -2.12132 -1.76381 1.5 -2.12132 -1.5 1.17854 -2.49441 -1.17854 1.53984 1.14805 -2.30453 1.38582 1.66671 -2.07402 1.76381 1.66671 -1.76381 1.95984 1.14805 -1.95984 0.637823 -2.77164 -0.954568 0.925975 -2.49441 -1.38582 1.17854 -2.49441 -1.17854 0.811795 -2.77164 -0.811794 1.63469 0.585271 -2.44648 1.53984 1.14805 -2.30453 1.95984 1.14805 -1.95984 2.08056 0.585271 -2.08056 0.325159 -2.94236 -0.486634 0.637823 -2.77164 -0.954568 0.811795 -2.77164 -0.811794 0.413849 -2.94236 -0.413848 1.66671 2.26494e-07 -2.49441 1.63469 0.585271 -2.44648 2.08056 0.585271 -2.08056 2.12132 2.26494e-07 -2.12132 1.76381 1.66671 -1.76381 1.5 2.12132 -1.5 1.76381 2.12132 -1.17854 2.07403 1.66671 -1.38582 1.17854 -2.49441 -1.17854 1.5 -2.12132 -1.5 1.76381 -2.12132 -1.17854 1.38582 -2.49441 -0.925974 1.95984 1.14805 -1.95984 1.76381 1.66671 -1.76381 2.07403 1.66671 -1.38582 2.30453 1.14805 -1.53984 0.811795 -2.77164 -0.811794 1.17854 -2.49441 -1.17854 1.38582 -2.49441 -0.925974 0.954569 -2.77164 -0.637822 2.08056 0.585271 -2.08056 1.95984 1.14805 -1.95984 2.30453 1.14805 -1.53984 2.44648 0.585271 -1.63468 0.413849 -2.94236 -0.413848 0.811795 -2.77164 -0.811794 0.954569 -2.77164 -0.637822 0.486635 -2.94236 -0.325158 2.12132 2.26494e-07 -2.12132 2.08056 0.585271 -2.08056 2.44648 0.585271 -1.63468 2.49441 2.26494e-07 -1.66671 0.41385 2.94236 -0.413849 -6.91214e-07 3 1.66874e-06 0.486636 2.94236 -0.325159 0 -3 9.77524e-07 0.413849 -2.94236 -0.413848 0.486635 -2.94236 -0.325158 2.08056 -0.585271 -2.08056 2.12132 2.26494e-07 -2.12132 2.49441 2.26494e-07 -1.66671 2.44648 -0.585271 -1.63468 0.811795 2.77164 -0.811794 0.41385 2.94236 -0.413849 0.486636 2.94236 -0.325159 0.95457 2.77164 -0.637822 1.95984 -1.14805 -1.95984 2.08056 -0.585271 -2.08056 2.44648 -0.585271 -1.63468 2.30453 -1.14805 -1.53984 1.17854 2.49441 -1.17854 0.811795 2.77164 -0.811794 0.95457 2.77164 -0.637822 1.38582 2.49441 -0.925974 1.76381 -1.66671 -1.76381 1.95984 -1.14805 -1.95984 2.30453 -1.14805 -1.53984 2.07403 -1.66671 -1.38582 1.5 2.12132 -1.5 1.17854 2.49441 -1.17854 1.38582 2.49441 -0.925974 1.76381 2.12132 -1.17854 1.5 -2.12132 -1.5 1.76381 -1.66671 -1.76381 2.07403 -1.66671 -1.38582 1.76381 -2.12132 -1.17854 2.44648 -0.585271 -1.63468 2.49441 2.26494e-07 -1.66671 2.77164 2.26494e-07 -1.14805 2.71838 -0.585271 -1.12599 0.95457 2.77164 -0.637822 0.486636 2.94236 -0.325159 0.540721 2.94236 -0.223973 1.06066 2.77164 -0.439339 2.30453 -1.14805 -1.53984 2.44648 -0.585271 -1.63468 2.71838 -0.585271 -1.12599 2.56066 -1.14805 -1.06066 1.38582 2.49441 -0.925974 0.95457 2.77164 -0.637822 1.06066 2.77164 -0.439339 1.53984 2.49441 -0.637822 2.07403 -1.66671 -1.38582 2.30453 -1.14805 -1.53984 2.56066 -1.14805 -1.06066 2.30453 -1.66671 -0.954568 1.76381 2.12132 -1.17854 1.38582 2.49441 -0.925974 1.53984 2.49441 -0.637822 1.95984 2.12132 -0.811793 1.76381 -2.12132 -1.17854 2.07403 -1.66671 -1.38582 2.30453 -1.66671 -0.954568 1.95984 -2.12132 -0.811793 2.07403 1.66671 -1.38582 1.76381 2.12132 -1.17854 1.95984 2.12132 -0.811793 2.30453 1.66671 -0.954568 1.38582 -2.49441 -0.925974 1.76381 -2.12132 -1.17854 1.95984 -2.12132 -0.811793 1.53984 -2.49441 -0.637822 2.30453 1.14805 -1.53984 2.07403 1.66671 -1.38582 2.30453 1.66671 -0.954568 2.56066 1.14805 -1.06066 0.954569 -2.77164 -0.637822 1.38582 -2.49441 -0.925974 1.53984 -2.49441 -0.637822 1.06066 -2.77164 -0.439339 2.44648 0.585271 -1.63468 2.30453 1.14805 -1.53984 2.56066 1.14805 -1.06066 2.71838 0.585271 -1.12599 0.486635 -2.94236 -0.325158 0.954569 -2.77164 -0.637822 1.06066 -2.77164 -0.439339 0.54072 -2.94236 -0.223973 2.49441 2.26494e-07 -1.66671 2.44648 0.585271 -1.63468 2.71838 0.585271 -1.12599 2.77164 2.26494e-07 -1.14805 0.486636 2.94236 -0.325159 -6.91214e-07 3 1.66874e-06 0.540721 2.94236 -0.223973 0 -3 9.77524e-07 0.486635 -2.94236 -0.325158 0.54072 -2.94236 -0.223973 1.53984 -2.49441 -0.637822 1.95984 -2.12132 -0.811793 2.08056 -2.12132 -0.413848 1.63469 -2.49441 -0.325158 2.56066 1.14805 -1.06066 2.30453 1.66671 -0.954568 2.44648 1.66671 -0.486634 2.71838 1.14805 -0.540719 1.06066 -2.77164 -0.439339 1.53984 -2.49441 -0.637822 1.63469 -2.49441 -0.325158 1.12599 -2.77164 -0.223973 2.71838 0.585271 -1.12599 2.56066 1.14805 -1.06066 2.71838 1.14805 -0.540719 2.88582 0.585271 -0.574024 0.54072 -2.94236 -0.223973 1.06066 -2.77164 -0.439339 1.12599 -2.77164 -0.223973 0.574025 -2.94236 -0.11418 2.77164 2.26494e-07 -1.14805 2.71838 0.585271 -1.12599 2.88582 0.585271 -0.574024 2.94236 2.26494e-07 -0.58527 0.540721 2.94236 -0.223973 -6.91214e-07 3 1.66874e-06 0.574026 2.94236 -0.11418 0 -3 9.77524e-07 0.54072 -2.94236 -0.223973 0.574025 -2.94236 -0.11418 2.71838 -0.585271 -1.12599 2.77164 2.26494e-07 -1.14805 2.94236 2.26494e-07 -0.58527 2.88582 -0.585271 -0.574024 1.06066 2.77164 -0.439339 0.540721 2.94236 -0.223973 0.574026 2.94236 -0.11418 1.12599 2.77164 -0.223973 2.56066 -1.14805 -1.06066 2.71838 -0.585271 -1.12599 2.88582 -0.585271 -0.574024 2.71838 -1.14805 -0.540719 1.53984 2.49441 -0.637822 1.06066 2.77164 -0.439339 1.12599 2.77164 -0.223973 1.63469 2.49441 -0.325158 2.30453 -1.66671 -0.954568 2.56066 -1.14805 -1.06066 2.71838 -1.14805 -0.540719 2.44648 -1.66671 -0.486634 1.95984 2.12132 -0.811793 1.53984 2.49441 -0.637822 1.63469 2.49441 -0.325158 2.08056 2.12132 -0.413848 1.95984 -2.12132 -0.811793 2.30453 -1.66671 -0.954568 2.44648 -1.66671 -0.486634 2.08056 -2.12132 -0.413848 2.30453 1.66671 -0.954568 1.95984 2.12132 -0.811793 2.08056 2.12132 -0.413848 2.44648 1.66671 -0.486634 1.12599 2.77164 -0.223973 0.574026 2.94236 -0.11418 0.585272 2.94236 9.79907e-07 1.14805 2.77164 9.57556e-07 2.71838 -1.14805 -0.540719 2.88582 -0.585271 -0.574024 2.94236 -0.585271 1.18107e-06 2.77164 -1.14805 6.89335e-07 1.63469 2.49441 -0.325158 1.12599 2.77164 -0.223973 1.14805 2.77164 9.57556e-07 1.66671 2.49441 9.35204e-07 2.44648 -1.66671 -0.486634 2.71838 -1.14805 -0.540719 2.77164 -1.14805 6.89335e-07 2.49441 -1.66671 1.00226e-06 2.08056 2.12132 -0.413848 1.63469 2.49441 -0.325158 1.66671 2.49441 9.35204e-07 2.12132 2.12132 9.57556e-07 2.08056 -2.12132 -0.413848 2.44648 -1.66671 -0.486634 2.49441 -1.66671 1.00226e-06 2.12132 -2.12132 9.57556e-07 2.44648 1.66671 -0.486634 2.08056 2.12132 -0.413848 2.12132 2.12132 9.57556e-07 2.49441 1.66671 1.00226e-06 1.63469 -2.49441 -0.325158 2.08056 -2.12132 -0.413848 2.12132 -2.12132 9.57556e-07 1.66671 -2.49441 1.02461e-06 2.71838 1.14805 -0.540719 2.44648 1.66671 -0.486634 2.49441 1.66671 1.00226e-06 2.77164 1.14805 8.23445e-07 1.12599 -2.77164 -0.223973 1.63469 -2.49441 -0.325158 1.66671 -2.49441 1.02461e-06 1.14805 -2.77164 9.12852e-07 2.88582 0.585271 -0.574024 2.71838 1.14805 -0.540719 2.77164 1.14805 8.23445e-07 2.94236 0.585271 1.18107e-06 0.574025 -2.94236 -0.11418 1.12599 -2.77164 -0.223973 1.14805 -2.77164 9.12852e-07 0.585271 -2.94236 9.24028e-07 2.94236 2.26494e-07 -0.58527 2.88582 0.585271 -0.574024 2.94236 0.585271 1.18107e-06 3 2.26494e-07 1.13637e-06 0.574026 2.94236 -0.11418 -6.91214e-07 3 1.66874e-06 0.585272 2.94236 9.79907e-07 0 -3 9.77524e-07 0.574025 -2.94236 -0.11418 0.585271 -2.94236 9.24028e-07 2.88582 -0.585271 -0.574024 2.94236 2.26494e-07 -0.58527 3 2.26494e-07 1.13637e-06 2.94236 -0.585271 1.18107e-06 2.77164 1.14805 8.23445e-07 2.49441 1.66671 1.00226e-06 2.44648 1.66671 0.486636 2.71838 1.14805 0.540721 1.14805 -2.77164 9.12852e-07 1.66671 -2.49441 1.02461e-06 1.63469 -2.49441 0.32516 1.12599 -2.77164 0.223974 2.94236 0.585271 1.18107e-06 2.77164 1.14805 8.23445e-07 2.71838 1.14805 0.540721 2.88582 0.585271 0.574026 0.585271 -2.94236 9.24028e-07 1.14805 -2.77164 9.12852e-07 1.12599 -2.77164 0.223974 0.574025 -2.94236 0.114182 3 2.26494e-07 1.13637e-06 2.94236 0.585271 1.18107e-06 2.88582 0.585271 0.574026 2.94236 2.26494e-07 0.585272 0.585272 2.94236 9.79907e-07 -6.91214e-07 3 1.66874e-06 0.574026 2.94236 0.114182 0 -3 9.77524e-07 0.585271 -2.94236 9.24028e-07 0.574025 -2.94236 0.114182 2.94236 -0.585271 1.18107e-06 3 2.26494e-07 1.13637e-06 2.94236 2.26494e-07 0.585272 2.88582 -0.585271 0.574026 1.14805 2.77164 9.57556e-07 0.585272 2.94236 9.79907e-07 0.574026 2.94236 0.114182 1.12599 2.77164 0.223974 2.77164 -1.14805 6.89335e-07 2.94236 -0.585271 1.18107e-06 2.88582 -0.585271 0.574026 2.71838 -1.14805 0.540721 1.66671 2.49441 9.35204e-07 1.14805 2.77164 9.57556e-07 1.12599 2.77164 0.223974 1.63469 2.49441 0.32516 2.49441 -1.66671 1.00226e-06 2.77164 -1.14805 6.89335e-07 2.71838 -1.14805 0.540721 2.44648 -1.66671 0.486636 2.12132 2.12132 9.57556e-07 1.66671 2.49441 9.35204e-07 1.63469 2.49441 0.32516 2.08056 2.12132 0.41385 2.12132 -2.12132 9.57556e-07 2.49441 -1.66671 1.00226e-06 2.44648 -1.66671 0.486636 2.08056 -2.12132 0.41385 2.49441 1.66671 1.00226e-06 2.12132 2.12132 9.57556e-07 2.08056 2.12132 0.41385 2.44648 1.66671 0.486636 1.66671 -2.49441 1.02461e-06 2.12132 -2.12132 9.57556e-07 2.08056 -2.12132 0.41385 1.63469 -2.49441 0.32516 2.71838 -1.14805 0.540721 2.88582 -0.585271 0.574026 2.71838 -0.585271 1.12599 2.56066 -1.14805 1.06066 1.63469 2.49441 0.32516 1.12599 2.77164 0.223974 1.06066 2.77164 0.439341 1.53984 2.49441 0.637824 2.44648 -1.66671 0.486636 2.71838 -1.14805 0.540721 2.56066 -1.14805 1.06066 2.30453 -1.66671 0.95457 2.08056 2.12132 0.41385 1.63469 2.49441 0.32516 1.53984 2.49441 0.637824 1.95984 2.12132 0.811795 2.08056 -2.12132 0.41385 2.44648 -1.66671 0.486636 2.30453 -1.66671 0.95457 1.95984 -2.12132 0.811795 2.44648 1.66671 0.486636 2.08056 2.12132 0.41385 1.95984 2.12132 0.811795 2.30453 1.66671 0.95457 1.63469 -2.49441 0.32516 2.08056 -2.12132 0.41385 1.95984 -2.12132 0.811795 1.53984 -2.49441 0.637824 2.71838 1.14805 0.540721 2.44648 1.66671 0.486636 2.30453 1.66671 0.95457 2.56066 1.14805 1.06066 1.12599 -2.77164 0.223974 1.63469 -2.49441 0.32516 1.53984 -2.49441 0.637824 1.06066 -2.77164 0.439341 2.88582 0.585271 0.574026 2.71838 1.14805 0.540721 2.56066 1.14805 1.06066 2.71838 0.585271 1.12599 0.574025 -2.94236 0.114182 1.12599 -2.77164 0.223974 1.06066 -2.77164 0.439341 0.54072 -2.94236 0.223974 2.94236 2.26494e-07 0.585272 2.88582 0.585271 0.574026 2.71838 0.585271 1.12599 2.77164 2.26494e-07 1.14805 0.574026 2.94236 0.114182 -6.91214e-07 3 1.66874e-06 0.540721 2.94236 0.223975 0 -3 9.77524e-07 0.574025 -2.94236 0.114182 0.54072 -2.94236 0.223974 2.88582 -0.585271 0.574026 2.94236 2.26494e-07 0.585272 2.77164 2.26494e-07 1.14805 2.71838 -0.585271 1.12599 1.12599 2.77164 0.223974 0.574026 2.94236 0.114182 0.540721 2.94236 0.223975 1.06066 2.77164 0.439341 1.06066 -2.77164 0.439341 1.53984 -2.49441 0.637824 1.38582 -2.49441 0.925976 0.954569 -2.77164 0.637824 2.71838 0.585271 1.12599 2.56066 1.14805 1.06066 2.30453 1.14805 1.53984 2.44648 0.585271 1.63469 0.54072 -2.94236 0.223974 1.06066 -2.77164 0.439341 0.954569 -2.77164 0.637824 0.486635 -2.94236 0.32516 2.77164 2.26494e-07 1.14805 2.71838 0.585271 1.12599 2.44648 0.585271 1.63469 2.49441 2.26494e-07 1.66671 0.540721 2.94236 0.223975 -6.91214e-07 3 1.66874e-06 0.486636 2.94236 0.325161 0 -3 9.77524e-07 0.54072 -2.94236 0.223974 0.486635 -2.94236 0.32516 2.71838 -0.585271 1.12599 2.77164 2.26494e-07 1.14805 2.49441 2.26494e-07 1.66671 2.44648 -0.585271 1.63469 1.06066 2.77164 0.439341 0.540721 2.94236 0.223975 0.486636 2.94236 0.325161 0.95457 2.77164 0.637824 2.56066 -1.14805 1.06066 2.71838 -0.585271 1.12599 2.44648 -0.585271 1.63469 2.30453 -1.14805 1.53984 1.53984 2.49441 0.637824 1.06066 2.77164 0.439341 0.95457 2.77164 0.637824 1.38582 2.49441 0.925976 2.30453 -1.66671 0.95457 2.56066 -1.14805 1.06066 2.30453 -1.14805 1.53984 2.07402 -1.66671 1.38582 1.95984 2.12132 0.811795 1.53984 2.49441 0.637824 1.38582 2.49441 0.925976 1.76381 2.12132 1.17854 1.95984 -2.12132 0.811795 2.30453 -1.66671 0.95457 2.07402 -1.66671 1.38582 1.76381 -2.12132 1.17854 2.30453 1.66671 0.95457 1.95984 2.12132 0.811795 1.76381 2.12132 1.17854 2.07402 1.66671 1.38582 1.53984 -2.49441 0.637824 1.95984 -2.12132 0.811795 1.76381 -2.12132 1.17854 1.38582 -2.49441 0.925976 2.56066 1.14805 1.06066 2.30453 1.66671 0.95457 2.07402 1.66671 1.38582 2.30453 1.14805 1.53984 2.07402 -1.66671 1.38582 2.30453 -1.14805 1.53984 1.95984 -1.14805 1.95984 1.76381 -1.66671 1.76381 1.76381 2.12132 1.17854 1.38582 2.49441 0.925976 1.17854 2.49441 1.17854 1.5 2.12132 1.5 1.76381 -2.12132 1.17854 2.07402 -1.66671 1.38582 1.76381 -1.66671 1.76381 1.5 -2.12132 1.5 2.07402 1.66671 1.38582 1.76381 2.12132 1.17854 1.5 2.12132 1.5 1.76381 1.66671 1.76381 1.38582 -2.49441 0.925976 1.76381 -2.12132 1.17854 1.5 -2.12132 1.5 1.17854 -2.49441 1.17854 2.30453 1.14805 1.53984 2.07402 1.66671 1.38582 1.76381 1.66671 1.76381 1.95984 1.14805 1.95984 0.954569 -2.77164 0.637824 1.38582 -2.49441 0.925976 1.17854 -2.49441 1.17854 0.811794 -2.77164 0.811795 2.44648 0.585271 1.63469 2.30453 1.14805 1.53984 1.95984 1.14805 1.95984 2.08056 0.585271 2.08056 0.486635 -2.94236 0.32516 0.954569 -2.77164 0.637824 0.811794 -2.77164 0.811795 0.413849 -2.94236 0.41385 2.49441 2.26494e-07 1.66671 2.44648 0.585271 1.63469 2.08056 0.585271 2.08056 2.12132 2.26494e-07 2.12132 0.486636 2.94236 0.325161 -6.91214e-07 3 1.66874e-06 0.41385 2.94236 0.41385 0 -3 9.77524e-07 0.486635 -2.94236 0.32516 0.413849 -2.94236 0.41385 2.44648 -0.585271 1.63469 2.49441 2.26494e-07 1.66671 2.12132 2.26494e-07 2.12132 2.08056 -0.585271 2.08056 0.95457 2.77164 0.637824 0.486636 2.94236 0.325161 0.41385 2.94236 0.41385 0.811795 2.77164 0.811795 2.30453 -1.14805 1.53984 2.44648 -0.585271 1.63469 2.08056 -0.585271 2.08056 1.95984 -1.14805 1.95984 1.38582 2.49441 0.925976 0.95457 2.77164 0.637824 0.811795 2.77164 0.811795 1.17854 2.49441 1.17854 0.413849 -2.94236 0.41385 0.811794 -2.77164 0.811795 0.637823 -2.77164 0.95457 0.325159 -2.94236 0.486636 2.12132 2.26494e-07 2.12132 2.08056 0.585271 2.08056 1.63469 0.585271 2.44648 1.66671 2.26494e-07 2.49441 0.41385 2.94236 0.41385 -6.91214e-07 3 1.66874e-06 0.325159 2.94236 0.486636 0 -3 9.77524e-07 0.413849 -2.94236 0.41385 0.325159 -2.94236 0.486636 2.08056 -0.585271 2.08056 2.12132 2.26494e-07 2.12132 1.66671 2.26494e-07 2.49441 1.63469 -0.585271 2.44648 0.811795 2.77164 0.811795 0.41385 2.94236 0.41385 0.325159 2.94236 0.486636 0.637823 2.77164 0.95457 1.95984 -1.14805 1.95984 2.08056 -0.585271 2.08056 1.63469 -0.585271 2.44648 1.53984 -1.14805 2.30453 1.17854 2.49441 1.17854 0.811795 2.77164 0.811795 0.637823 2.77164 0.95457 0.925975 2.49441 1.38582 1.76381 -1.66671 1.76381 1.95984 -1.14805 1.95984 1.53984 -1.14805 2.30453 1.38582 -1.66671 2.07403 1.5 2.12132 1.5 1.17854 2.49441 1.17854 0.925975 2.49441 1.38582 1.17854 2.12132 1.76381 1.5 -2.12132 1.5 1.76381 -1.66671 1.76381 1.38582 -1.66671 2.07403 1.17854 -2.12132 1.76381 1.76381 1.66671 1.76381 1.5 2.12132 1.5 1.17854 2.12132 1.76381 1.38582 1.66671 2.07403 1.17854 -2.49441 1.17854 1.5 -2.12132 1.5 1.17854 -2.12132 1.76381 0.925975 -2.49441 1.38582 1.95984 1.14805 1.95984 1.76381 1.66671 1.76381 1.38582 1.66671 2.07403 1.53984 1.14805 2.30453 0.811794 -2.77164 0.811795 1.17854 -2.49441 1.17854 0.925975 -2.49441 1.38582 0.637823 -2.77164 0.95457 2.08056 0.585271 2.08056 1.95984 1.14805 1.95984 1.53984 1.14805 2.30453 1.63469 0.585271 2.44648 1.17854 2.12132 1.76381 0.925975 2.49441 1.38582 0.637823 2.49441 1.53984 0.811794 2.12132 1.95984 1.17854 -2.12132 1.76381 1.38582 -1.66671 2.07403 0.954569 -1.66671 2.30453 0.811794 -2.12132 1.95984 1.38582 1.66671 2.07403 1.17854 2.12132 1.76381 0.811794 2.12132 1.95984 0.954569 1.66671 2.30453 0.925975 -2.49441 1.38582 1.17854 -2.12132 1.76381 0.811794 -2.12132 1.95984 0.637823 -2.49441 1.53984 1.53984 1.14805 2.30453 1.38582 1.66671 2.07403 0.954569 1.66671 2.30453 1.06066 1.14805 2.56066 0.637823 -2.77164 0.95457 0.925975 -2.49441 1.38582 0.637823 -2.49441 1.53984 0.43934 -2.77164 1.06066 1.63469 0.585271 2.44648 1.53984 1.14805 2.30453 1.06066 1.14805 2.56066 1.12599 0.585271 2.71838 0.325159 -2.94236 0.486636 0.637823 -2.77164 0.95457 0.43934 -2.77164 1.06066 0.223973 -2.94236 0.540721 1.66671 2.26494e-07 2.49441 1.63469 0.585271 2.44648 1.12599 0.585271 2.71838 1.14805 2.26494e-07 2.77164 0.325159 2.94236 0.486636 -6.91214e-07 3 1.66874e-06 0.223974 2.94236 0.540721 0 -3 9.77524e-07 0.325159 -2.94236 0.486636 0.223973 -2.94236 0.540721 1.63469 -0.585271 2.44648 1.66671 2.26494e-07 2.49441 1.14805 2.26494e-07 2.77164 1.12599 -0.585271 2.71838 0.637823 2.77164 0.95457 0.325159 2.94236 0.486636 0.223974 2.94236 0.540721 0.43934 2.77164 1.06066 1.53984 -1.14805 2.30453 1.63469 -0.585271 2.44648 1.12599 -0.585271 2.71838 1.06066 -1.14805 2.56066 0.925975 2.49441 1.38582 0.637823 2.77164 0.95457 0.43934 2.77164 1.06066 0.637823 2.49441 1.53984 1.38582 -1.66671 2.07403 1.53984 -1.14805 2.30453 1.06066 -1.14805 2.56066 0.954569 -1.66671 2.30453 1.14805 2.26494e-07 2.77164 1.12599 0.585271 2.71838 0.574025 0.585271 2.88582 0.585271 2.26494e-07 2.94236 0.223974 2.94236 0.540721 -6.91214e-07 3 1.66874e-06 0.114181 2.94236 0.574027 0 -3 9.77524e-07 0.223973 -2.94236 0.540721 0.114181 -2.94236 0.574026 1.12599 -0.585271 2.71838 1.14805 2.26494e-07 2.77164 0.585271 2.26494e-07 2.94236 0.574025 -0.585271 2.88582 0.43934 2.77164 1.06066 0.223974 2.94236 0.540721 0.114181 2.94236 0.574027 0.223974 2.77164 1.12599 1.06066 -1.14805 2.56066 1.12599 -0.585271 2.71838 0.574025 -0.585271 2.88582 0.54072 -1.14805 2.71838 0.637823 2.49441 1.53984 0.43934 2.77164 1.06066 0.223974 2.77164 1.12599 0.325159 2.49441 1.63469 0.954569 -1.66671 2.30453 1.06066 -1.14805 2.56066 0.54072 -1.14805 2.71838 0.486635 -1.66671 2.44648 0.811794 2.12132 1.95984 0.637823 2.49441 1.53984 0.325159 2.49441 1.63469 0.413849 2.12132 2.08056 0.811794 -2.12132 1.95984 0.954569 -1.66671 2.30453 0.486635 -1.66671 2.44648 0.413849 -2.12132 2.08056 0.954569 1.66671 2.30453 0.811794 2.12132 1.95984 0.413849 2.12132 2.08056 0.486635 1.66671 2.44648 0.637823 -2.49441 1.53984 0.811794 -2.12132 1.95984 0.413849 -2.12132 2.08056 0.325159 -2.49441 1.63469 1.06066 1.14805 2.56066 0.954569 1.66671 2.30453 0.486635 1.66671 2.44648 0.54072 1.14805 2.71838 0.43934 -2.77164 1.06066 0.637823 -2.49441 1.53984 0.325159 -2.49441 1.63469 0.223973 -2.77164 1.12599 1.12599 0.585271 2.71838 1.06066 1.14805 2.56066 0.54072 1.14805 2.71838 0.574025 0.585271 2.88582 0.223973 -2.94236 0.540721 0.43934 -2.77164 1.06066 0.223973 -2.77164 1.12599 0.114181 -2.94236 0.574026 0.413849 -2.12132 2.08056 0.486635 -1.66671 2.44648 -2.56329e-07 -1.66671 2.49441 0 -2.12132 2.12132 0.486635 1.66671 2.44648 0.413849 2.12132 2.08056 0 2.12132 2.12132 -2.56329e-07 1.66671 2.49441 0.325159 -2.49441 1.63469 0.413849 -2.12132 2.08056 0 -2.12132 2.12132 0 -2.49441 1.66671 0.54072 1.14805 2.71838 0.486635 1.66671 2.44648 -2.56329e-07 1.66671 2.49441 1.90705e-07 1.14805 2.77164 0.223973 -2.77164 1.12599 0.325159 -2.49441 1.63469 0 -2.49441 1.66671 0 -2.77164 1.14805 0.574025 0.585271 2.88582 0.54072 1.14805 2.71838 1.90705e-07 1.14805 2.77164 -2.56329e-07 0.585271 2.94235 0.114181 -2.94236 0.574026 0.223973 -2.77164 1.12599 0 -2.77164 1.14805 0 -2.94236 0.585272 0.585271 2.26494e-07 2.94236 0.574025 0.585271 2.88582 -2.56329e-07 0.585271 2.94235 -3.01033e-07 2.26494e-07 3 0.114181 2.94236 0.574027 -6.91214e-07 3 1.66874e-06 0 2.94236 0.585272 0 -3 9.77524e-07 0.114181 -2.94236 0.574026 0 -2.94236 0.585272 0.574025 -0.585271 2.88582 0.585271 2.26494e-07 2.94236 -3.01033e-07 2.26494e-07 3 -2.56329e-07 -0.585271 2.94235 0.223974 2.77164 1.12599 0.114181 2.94236 0.574027 0 2.94236 0.585272 1.2365e-07 2.77164 1.14805 0.54072 -1.14805 2.71838 0.574025 -0.585271 2.88582 -2.56329e-07 -0.585271 2.94235 1.90705e-07 -1.14805 2.77164 0.325159 2.49441 1.63469 0.223974 2.77164 1.12599 1.2365e-07 2.77164 1.14805 0 2.49441 1.66671 0.486635 -1.66671 2.44648 0.54072 -1.14805 2.71838 1.90705e-07 -1.14805 2.77164 -2.56329e-07 -1.66671 2.49441 0.413849 2.12132 2.08056 0.325159 2.49441 1.63469 0 2.49441 1.66671 0 2.12132 2.12132 0 2.94236 0.585272 -6.91214e-07 3 1.66874e-06 -0.114181 2.94236 0.574027 0 -3 9.77524e-07 0 -2.94236 0.585272 -0.114181 -2.94236 0.574026 -2.56329e-07 -0.585271 2.94235 -3.01033e-07 2.26494e-07 3 -0.585271 2.26494e-07 2.94236 -0.574025 -0.585271 2.88582 1.2365e-07 2.77164 1.14805 0 2.94236 0.585272 -0.114181 2.94236 0.574027 -0.223973 2.77164 1.12599 1.90705e-07 -1.14805 2.77164 -2.56329e-07 -0.585271 2.94235 -0.574025 -0.585271 2.88582 -0.54072 -1.14805 2.71838 0 2.49441 1.66671 1.2365e-07 2.77164 1.14805 -0.223973 2.77164 1.12599 -0.325159 2.49441 1.63469 -2.56329e-07 -1.66671 2.49441 1.90705e-07 -1.14805 2.77164 -0.54072 -1.14805 2.71838 -0.486635 -1.66671 2.44648 0 2.12132 2.12132 0 2.49441 1.66671 -0.325159 2.49441 1.63469 -0.413849 2.12132 2.08056 0 -2.12132 2.12132 -2.56329e-07 -1.66671 2.49441 -0.486635 -1.66671 2.44648 -0.413849 -2.12132 2.08056 -2.56329e-07 1.66671 2.49441 0 2.12132 2.12132 -0.413849 2.12132 2.08056 -0.486635 1.66671 2.44648 0 -2.49441 1.66671 0 -2.12132 2.12132 -0.413849 -2.12132 2.08056 -0.325159 -2.49441 1.63469 1.90705e-07 1.14805 2.77164 -2.56329e-07 1.66671 2.49441 -0.486635 1.66671 2.44648 -0.54072 1.14805 2.71838 0 -2.77164 1.14805 0 -2.49441 1.66671 -0.325159 -2.49441 1.63469 -0.223973 -2.77164 1.12599 -2.56329e-07 0.585271 2.94235 1.90705e-07 1.14805 2.77164 -0.54072 1.14805 2.71838 -0.574025 0.585271 2.88582 0 -2.94236 0.585272 0 -2.77164 1.14805 -0.223973 -2.77164 1.12599 -0.114181 -2.94236 0.574026 -3.01033e-07 2.26494e-07 3 -2.56329e-07 0.585271 2.94235 -0.574025 0.585271 2.88582 -0.585271 2.26494e-07 2.94236 -0.486635 1.66671 2.44648 -0.413849 2.12132 2.08056 -0.811794 2.12132 1.95984 -0.954569 1.66671 2.30453 -0.325159 -2.49441 1.63469 -0.413849 -2.12132 2.08056 -0.811794 -2.12132 1.95984 -0.637823 -2.49441 1.53984 -0.54072 1.14805 2.71838 -0.486635 1.66671 2.44648 -0.954569 1.66671 2.30453 -1.06066 1.14805 2.56066 -0.223973 -2.77164 1.12599 -0.325159 -2.49441 1.63469 -0.637823 -2.49441 1.53984 -0.43934 -2.77164 1.06066 -0.574025 0.585271 2.88582 -0.54072 1.14805 2.71838 -1.06066 1.14805 2.56066 -1.12599 0.585271 2.71838 -0.114181 -2.94236 0.574026 -0.223973 -2.77164 1.12599 -0.43934 -2.77164 1.06066 -0.223973 -2.94236 0.540721 -0.585271 2.26494e-07 2.94236 -0.574025 0.585271 2.88582 -1.12599 0.585271 2.71838 -1.14805 2.26494e-07 2.77164 -0.114181 2.94236 0.574027 -6.91214e-07 3 1.66874e-06 -0.223974 2.94236 0.540721 0 -3 9.77524e-07 -0.114181 -2.94236 0.574026 -0.223973 -2.94236 0.540721 -0.574025 -0.585271 2.88582 -0.585271 2.26494e-07 2.94236 -1.14805 2.26494e-07 2.77164 -1.12599 -0.585271 2.71838 -0.223973 2.77164 1.12599 -0.114181 2.94236 0.574027 -0.223974 2.94236 0.540721 -0.43934 2.77164 1.06066 -0.54072 -1.14805 2.71838 -0.574025 -0.585271 2.88582 -1.12599 -0.585271 2.71838 -1.06066 -1.14805 2.56066 -0.325159 2.49441 1.63469 -0.223973 2.77164 1.12599 -0.43934 2.77164 1.06066 -0.637823 2.49441 1.53984 -0.486635 -1.66671 2.44648 -0.54072 -1.14805 2.71838 -1.06066 -1.14805 2.56066 -0.954569 -1.66671 2.30453 -0.413849 2.12132 2.08056 -0.325159 2.49441 1.63469 -0.637823 2.49441 1.53984 -0.811794 2.12132 1.95984 -0.413849 -2.12132 2.08056 -0.486635 -1.66671 2.44648 -0.954569 -1.66671 2.30453 -0.811794 -2.12132 1.95984 -1.12599 -0.585271 2.71838 -1.14805 2.26494e-07 2.77164 -1.66671 2.26494e-07 2.49441 -1.63469 -0.585271 2.44648 -0.43934 2.77164 1.06066 -0.223974 2.94236 0.540721 -0.325159 2.94236 0.486636 -0.637823 2.77164 0.95457 -1.06066 -1.14805 2.56066 -1.12599 -0.585271 2.71838 -1.63469 -0.585271 2.44648 -1.53984 -1.14805 2.30453 -0.637823 2.49441 1.53984 -0.43934 2.77164 1.06066 -0.637823 2.77164 0.95457 -0.925975 2.49441 1.38582 -0.954569 -1.66671 2.30453 -1.06066 -1.14805 2.56066 -1.53984 -1.14805 2.30453 -1.38582 -1.66671 2.07402 -0.811794 2.12132 1.95984 -0.637823 2.49441 1.53984 -0.925975 2.49441 1.38582 -1.17854 2.12132 1.76381 -0.811794 -2.12132 1.95984 -0.954569 -1.66671 2.30453 -1.38582 -1.66671 2.07402 -1.17854 -2.12132 1.76381 -0.954569 1.66671 2.30453 -0.811794 2.12132 1.95984 -1.17854 2.12132 1.76381 -1.38582 1.66671 2.07402 -0.637823 -2.49441 1.53984 -0.811794 -2.12132 1.95984 -1.17854 -2.12132 1.76381 -0.925975 -2.49441 1.38582 -1.06066 1.14805 2.56066 -0.954569 1.66671 2.30453 -1.38582 1.66671 2.07402 -1.53984 1.14805 2.30453 -0.43934 -2.77164 1.06066 -0.637823 -2.49441 1.53984 -0.925975 -2.49441 1.38582 -0.637822 -2.77164 0.954569 -1.12599 0.585271 2.71838 -1.06066 1.14805 2.56066 -1.53984 1.14805 2.30453 -1.63469 0.585271 2.44648 -0.223973 -2.94236 0.540721 -0.43934 -2.77164 1.06066 -0.637822 -2.77164 0.954569 -0.325159 -2.94236 0.486636 -1.14805 2.26494e-07 2.77164 -1.12599 0.585271 2.71838 -1.63469 0.585271 2.44648 -1.66671 2.26494e-07 2.49441 -0.223974 2.94236 0.540721 -6.91214e-07 3 1.66874e-06 -0.325159 2.94236 0.486636 0 -3 9.77524e-07 -0.223973 -2.94236 0.540721 -0.325159 -2.94236 0.486636 -0.925975 -2.49441 1.38582 -1.17854 -2.12132 1.76381 -1.5 -2.12132 1.5 -1.17854 -2.49441 1.17854 -1.53984 1.14805 2.30453 -1.38582 1.66671 2.07402 -1.76381 1.66671 1.76381 -1.95984 1.14805 1.95984 -0.637822 -2.77164 0.954569 -0.925975 -2.49441 1.38582 -1.17854 -2.49441 1.17854 -0.811794 -2.77164 0.811795 -1.63469 0.585271 2.44648 -1.53984 1.14805 2.30453 -1.95984 1.14805 1.95984 -2.08056 0.585271 2.08056 -0.325159 -2.94236 0.486636 -0.637822 -2.77164 0.954569 -0.811794 -2.77164 0.811795 -0.413849 -2.94236 0.41385 -1.66671 2.26494e-07 2.49441 -1.63469 0.585271 2.44648 -2.08056 0.585271 2.08056 -2.12132 2.26494e-07 2.12132 -0.325159 2.94236 0.486636 -6.91214e-07 3 1.66874e-06 -0.413849 2.94236 0.41385 0 -3 9.77524e-07 -0.325159 -2.94236 0.486636 -0.413849 -2.94236 0.41385 -1.63469 -0.585271 2.44648 -1.66671 2.26494e-07 2.49441 -2.12132 2.26494e-07 2.12132 -2.08056 -0.585271 2.08056 -0.637823 2.77164 0.95457 -0.325159 2.94236 0.486636 -0.413849 2.94236 0.41385 -0.811794 2.77164 0.811795 -1.53984 -1.14805 2.30453 -1.63469 -0.585271 2.44648 -2.08056 -0.585271 2.08056 -1.95984 -1.14805 1.95984 -0.925975 2.49441 1.38582 -0.637823 2.77164 0.95457 -0.811794 2.77164 0.811795 -1.17854 2.49441 1.17854 -1.38582 -1.66671 2.07402 -1.53984 -1.14805 2.30453 -1.95984 -1.14805 1.95984 -1.76381 -1.66671 1.76381 -1.17854 2.12132 1.76381 -0.925975 2.49441 1.38582 -1.17854 2.49441 1.17854 -1.5 2.12132 1.5 -1.17854 -2.12132 1.76381 -1.38582 -1.66671 2.07402 -1.76381 -1.66671 1.76381 -1.5 -2.12132 1.5 -1.38582 1.66671 2.07402 -1.17854 2.12132 1.76381 -1.5 2.12132 1.5 -1.76381 1.66671 1.76381 -1.95984 -1.14805 1.95984 -2.08056 -0.585271 2.08056 -2.44648 -0.585271 1.63469 -2.30453 -1.14805 1.53984 -1.17854 2.49441 1.17854 -0.811794 2.77164 0.811795 -0.954569 2.77164 0.637823 -1.38582 2.49441 0.925976 -1.76381 -1.66671 1.76381 -1.95984 -1.14805 1.95984 -2.30453 -1.14805 1.53984 -2.07402 -1.66671 1.38582 -1.5 2.12132 1.5 -1.17854 2.49441 1.17854 -1.38582 2.49441 0.925976 -1.76381 2.12132 1.17854 -1.5 -2.12132 1.5 -1.76381 -1.66671 1.76381 -2.07402 -1.66671 1.38582 -1.76381 -2.12132 1.17854 -1.76381 1.66671 1.76381 -1.5 2.12132 1.5 -1.76381 2.12132 1.17854 -2.07402 1.66671 1.38582 -1.17854 -2.49441 1.17854 -1.5 -2.12132 1.5 -1.76381 -2.12132 1.17854 -1.38582 -2.49441 0.925975 -1.95984 1.14805 1.95984 -1.76381 1.66671 1.76381 -2.07402 1.66671 1.38582 -2.30453 1.14805 1.53984 -0.811794 -2.77164 0.811795 -1.17854 -2.49441 1.17854 -1.38582 -2.49441 0.925975 -0.954569 -2.77164 0.637823 -2.08056 0.585271 2.08056 -1.95984 1.14805 1.95984 -2.30453 1.14805 1.53984 -2.44648 0.585271 1.63469 -0.413849 -2.94236 0.41385 -0.811794 -2.77164 0.811795 -0.954569 -2.77164 0.637823 -0.486635 -2.94236 0.32516 -2.12132 2.26494e-07 2.12132 -2.08056 0.585271 2.08056 -2.44648 0.585271 1.63469 -2.49441 2.26494e-07 1.66671 -0.413849 2.94236 0.41385 -6.91214e-07 3 1.66874e-06 -0.486635 2.94236 0.32516 0 -3 9.77524e-07 -0.413849 -2.94236 0.41385 -0.486635 -2.94236 0.32516 -2.08056 -0.585271 2.08056 -2.12132 2.26494e-07 2.12132 -2.49441 2.26494e-07 1.66671 -2.44648 -0.585271 1.63469 -0.811794 2.77164 0.811795 -0.413849 2.94236 0.41385 -0.486635 2.94236 0.32516 -0.954569 2.77164 0.637823 -0.954569 -2.77164 0.637823 -1.38582 -2.49441 0.925975 -1.53984 -2.49441 0.637823 -1.06066 -2.77164 0.43934 -2.44648 0.585271 1.63469 -2.30453 1.14805 1.53984 -2.56066 1.14805 1.06066 -2.71838 0.585271 1.12599 -0.486635 -2.94236 0.32516 -0.954569 -2.77164 0.637823 -1.06066 -2.77164 0.43934 -0.54072 -2.94236 0.223974 -2.49441 2.26494e-07 1.66671 -2.44648 0.585271 1.63469 -2.71838 0.585271 1.12599 -2.77164 2.26494e-07 1.14805 -0.486635 2.94236 0.32516 -6.91214e-07 3 1.66874e-06 -0.54072 2.94236 0.223974 0 -3 9.77524e-07 -0.486635 -2.94236 0.32516 -0.54072 -2.94236 0.223974 -2.44648 -0.585271 1.63469 -2.49441 2.26494e-07 1.66671 -2.77164 2.26494e-07 1.14805 -2.71838 -0.585271 1.12599 -0.954569 2.77164 0.637823 -0.486635 2.94236 0.32516 -0.54072 2.94236 0.223974 -1.06066 2.77164 0.439341 -2.30453 -1.14805 1.53984 -2.44648 -0.585271 1.63469 -2.71838 -0.585271 1.12599 -2.56066 -1.14805 1.06066 -1.38582 2.49441 0.925976 -0.954569 2.77164 0.637823 -1.06066 2.77164 0.439341 -1.53984 2.49441 0.637823 -2.07402 -1.66671 1.38582 -2.30453 -1.14805 1.53984 -2.56066 -1.14805 1.06066 -2.30453 -1.66671 0.954569 -1.76381 2.12132 1.17854 -1.38582 2.49441 0.925976 -1.53984 2.49441 0.637823 -1.95984 2.12132 0.811795 -1.76381 -2.12132 1.17854 -2.07402 -1.66671 1.38582 -2.30453 -1.66671 0.954569 -1.95984 -2.12132 0.811795 -2.07402 1.66671 1.38582 -1.76381 2.12132 1.17854 -1.95984 2.12132 0.811795 -2.30453 1.66671 0.954569 -1.38582 -2.49441 0.925975 -1.76381 -2.12132 1.17854 -1.95984 -2.12132 0.811795 -1.53984 -2.49441 0.637823 -2.30453 1.14805 1.53984 -2.07402 1.66671 1.38582 -2.30453 1.66671 0.954569 -2.56066 1.14805 1.06066 -1.53984 2.49441 0.637823 -1.06066 2.77164 0.439341 -1.12599 2.77164 0.223974 -1.63469 2.49441 0.32516 -2.30453 -1.66671 0.954569 -2.56066 -1.14805 1.06066 -2.71838 -1.14805 0.540721 -2.44648 -1.66671 0.486635 -1.95984 2.12132 0.811795 -1.53984 2.49441 0.637823 -1.63469 2.49441 0.32516 -2.08056 2.12132 0.41385 -1.95984 -2.12132 0.811795 -2.30453 -1.66671 0.954569 -2.44648 -1.66671 0.486635 -2.08056 -2.12132 0.41385 -2.30453 1.66671 0.954569 -1.95984 2.12132 0.811795 -2.08056 2.12132 0.41385 -2.44648 1.66671 0.486635 -1.53984 -2.49441 0.637823 -1.95984 -2.12132 0.811795 -2.08056 -2.12132 0.41385 -1.63469 -2.49441 0.32516 -2.56066 1.14805 1.06066 -2.30453 1.66671 0.954569 -2.44648 1.66671 0.486635 -2.71838 1.14805 0.540721 -1.06066 -2.77164 0.43934 -1.53984 -2.49441 0.637823 -1.63469 -2.49441 0.32516 -1.12599 -2.77164 0.223974 -2.71838 0.585271 1.12599 -2.56066 1.14805 1.06066 -2.71838 1.14805 0.540721 -2.88582 0.585271 0.574025 -0.54072 -2.94236 0.223974 -1.06066 -2.77164 0.43934 -1.12599 -2.77164 0.223974 -0.574025 -2.94236 0.114182 -2.77164 2.26494e-07 1.14805 -2.71838 0.585271 1.12599 -2.88582 0.585271 0.574025 -2.94236 2.26494e-07 0.585271 -0.54072 2.94236 0.223974 -6.91214e-07 3 1.66874e-06 -0.574026 2.94236 0.114182 0 -3 9.77524e-07 -0.54072 -2.94236 0.223974 -0.574025 -2.94236 0.114182 -2.71838 -0.585271 1.12599 -2.77164 2.26494e-07 1.14805 -2.94236 2.26494e-07 0.585271 -2.88582 -0.585271 0.574025 -1.06066 2.77164 0.439341 -0.54072 2.94236 0.223974 -0.574026 2.94236 0.114182 -1.12599 2.77164 0.223974 -2.56066 -1.14805 1.06066 -2.71838 -0.585271 1.12599 -2.88582 -0.585271 0.574025 -2.71838 -1.14805 0.540721 -2.88582 0.585271 0.574025 -2.71838 1.14805 0.540721 -2.77164 1.14805 9.57556e-07 -2.94235 0.585271 2.87004e-07 -0.574025 -2.94236 0.114182 -1.12599 -2.77164 0.223974 -1.14805 -2.77164 7.5639e-07 -0.585271 -2.94236 9.4638e-07 -2.94236 2.26494e-07 0.585271 -2.88582 0.585271 0.574025 -2.94235 0.585271 2.87004e-07 -3 2.26494e-07 4.21114e-07 -0.574026 2.94236 0.114182 -6.91214e-07 3 1.66874e-06 -0.585271 2.94236 9.35204e-07 0 -3 9.77524e-07 -0.574025 -2.94236 0.114182 -0.585271 -2.94236 9.4638e-07 -2.88582 -0.585271 0.574025 -2.94236 2.26494e-07 0.585271 -3 2.26494e-07 4.21114e-07 -2.94235 -0.585271 2.87004e-07 -1.12599 2.77164 0.223974 -0.574026 2.94236 0.114182 -0.585271 2.94236 9.35204e-07 -1.14805 2.77164 8.45797e-07 -2.71838 -1.14805 0.540721 -2.88582 -0.585271 0.574025 -2.94235 -0.585271 2.87004e-07 -2.77164 -1.14805 9.57556e-07 -1.63469 2.49441 0.32516 -1.12599 2.77164 0.223974 -1.14805 2.77164 8.45797e-07 -1.66671 2.49441 8.45797e-07 -2.44648 -1.66671 0.486635 -2.71838 -1.14805 0.540721 -2.77164 -1.14805 9.57556e-07 -2.49441 -1.66671 4.21114e-07 -2.08056 2.12132 0.41385 -1.63469 2.49441 0.32516 -1.66671 2.49441 8.45797e-07 -2.12132 2.12132 5.55225e-07 -2.08056 -2.12132 0.41385 -2.44648 -1.66671 0.486635 -2.49441 -1.66671 4.21114e-07 -2.12132 -2.12132 5.55225e-07 -2.44648 1.66671 0.486635 -2.08056 2.12132 0.41385 -2.12132 2.12132 5.55225e-07 -2.49441 1.66671 4.21114e-07 -1.63469 -2.49441 0.32516 -2.08056 -2.12132 0.41385 -2.12132 -2.12132 5.55225e-07 -1.66671 -2.49441 7.78742e-07 -2.71838 1.14805 0.540721 -2.44648 1.66671 0.486635 -2.49441 1.66671 4.21114e-07 -2.77164 1.14805 9.57556e-07 -1.12599 -2.77164 0.223974 -1.63469 -2.49441 0.32516 -1.66671 -2.49441 7.78742e-07 -1.14805 -2.77164 7.5639e-07 -2.49441 -1.66671 4.21114e-07 -2.77164 -1.14805 9.57556e-07 -2.71838 -1.14805 -0.540719 -2.44648 -1.66671 -0.486634 -2.12132 2.12132 5.55225e-07 -1.66671 2.49441 8.45797e-07 -1.63469 2.49441 -0.325158 -2.08056 2.12132 -0.413848 -2.12132 -2.12132 5.55225e-07 -2.49441 -1.66671 4.21114e-07 -2.44648 -1.66671 -0.486634 -2.08056 -2.12132 -0.413848 -2.49441 1.66671 4.21114e-07 -2.12132 2.12132 5.55225e-07 -2.08056 2.12132 -0.413848 -2.44648 1.66671 -0.486634 -1.66671 -2.49441 7.78742e-07 -2.12132 -2.12132 5.55225e-07 -2.08056 -2.12132 -0.413848 -1.63469 -2.49441 -0.325158 -2.77164 1.14805 9.57556e-07 -2.49441 1.66671 4.21114e-07 -2.44648 1.66671 -0.486634 -2.71838 1.14805 -0.540719 -1.14805 -2.77164 7.5639e-07 -1.66671 -2.49441 7.78742e-07 -1.63469 -2.49441 -0.325158 -1.12599 -2.77164 -0.223973 -2.94235 0.585271 2.87004e-07 -2.77164 1.14805 9.57556e-07 -2.71838 1.14805 -0.540719 -2.88582 0.585271 -0.574024 -0.585271 -2.94236 9.4638e-07 -1.14805 -2.77164 7.5639e-07 -1.12599 -2.77164 -0.223973 -0.574025 -2.94236 -0.11418 -3 2.26494e-07 4.21114e-07 -2.94235 0.585271 2.87004e-07 -2.88582 0.585271 -0.574024 -2.94235 2.26494e-07 -0.58527 -0.585271 2.94236 9.35204e-07 -6.91214e-07 3 1.66874e-06 -0.574026 2.94236 -0.11418 0 -3 9.77524e-07 -0.585271 -2.94236 9.4638e-07 -0.574025 -2.94236 -0.11418 -2.94235 -0.585271 2.87004e-07 -3 2.26494e-07 4.21114e-07 -2.94235 2.26494e-07 -0.58527 -2.88582 -0.585271 -0.574024 -1.14805 2.77164 8.45797e-07 -0.585271 2.94236 9.35204e-07 -0.574026 2.94236 -0.11418 -1.12599 2.77164 -0.223972 -2.77164 -1.14805 9.57556e-07 -2.94235 -0.585271 2.87004e-07 -2.88582 -0.585271 -0.574024 -2.71838 -1.14805 -0.540719 -1.66671 2.49441 8.45797e-07 -1.14805 2.77164 8.45797e-07 -1.12599 2.77164 -0.223972 -1.63469 2.49441 -0.325158 -0.574025 -2.94236 -0.11418 -1.12599 -2.77164 -0.223973 -1.06066 -2.77164 -0.439339 -0.54072 -2.94236 -0.223972 -2.94235 2.26494e-07 -0.58527 -2.88582 0.585271 -0.574024 -2.71838 0.585271 -1.12599 -2.77164 2.26494e-07 -1.14805 -0.574026 2.94236 -0.11418 -6.91214e-07 3 1.66874e-06 -0.54072 2.94236 -0.223973 0 -3 9.77524e-07 -0.574025 -2.94236 -0.11418 -0.54072 -2.94236 -0.223972 -2.88582 -0.585271 -0.574024 -2.94235 2.26494e-07 -0.58527 -2.77164 2.26494e-07 -1.14805 -2.71838 -0.585271 -1.12599 -1.12599 2.77164 -0.223972 -0.574026 2.94236 -0.11418 -0.54072 2.94236 -0.223973 -1.06066 2.77164 -0.439339 -2.71838 -1.14805 -0.540719 -2.88582 -0.585271 -0.574024 -2.71838 -0.585271 -1.12599 -2.56066 -1.14805 -1.06066 -1.63469 2.49441 -0.325158 -1.12599 2.77164 -0.223972 -1.06066 2.77164 -0.439339 -1.53984 2.49441 -0.637822 -2.44648 -1.66671 -0.486634 -2.71838 -1.14805 -0.540719 -2.56066 -1.14805 -1.06066 -2.30453 -1.66671 -0.954568 -2.08056 2.12132 -0.413848 -1.63469 2.49441 -0.325158 -1.53984 2.49441 -0.637822 -1.95984 2.12132 -0.811793 -2.08056 -2.12132 -0.413848 -2.44648 -1.66671 -0.486634 -2.30453 -1.66671 -0.954568 -1.95984 -2.12132 -0.811793 -2.44648 1.66671 -0.486634 -2.08056 2.12132 -0.413848 -1.95984 2.12132 -0.811793 -2.30453 1.66671 -0.954568 -1.63469 -2.49441 -0.325158 -2.08056 -2.12132 -0.413848 -1.95984 -2.12132 -0.811793 -1.53984 -2.49441 -0.637821 -2.71838 1.14805 -0.540719 -2.44648 1.66671 -0.486634 -2.30453 1.66671 -0.954568 -2.56066 1.14805 -1.06066 -1.12599 -2.77164 -0.223973 -1.63469 -2.49441 -0.325158 -1.53984 -2.49441 -0.637821 -1.06066 -2.77164 -0.439339 -2.88582 0.585271 -0.574024 -2.71838 1.14805 -0.540719 -2.56066 1.14805 -1.06066 -2.71838 0.585271 -1.12599 -1.95984 2.12132 -0.811793 -1.53984 2.49441 -0.637822 -1.38582 2.49441 -0.925974 -1.76381 2.12132 -1.17854 -1.95984 -2.12132 -0.811793 -2.30453 -1.66671 -0.954568 -2.07402 -1.66671 -1.38582 -1.76381 -2.12132 -1.17854 -2.30453 1.66671 -0.954568 -1.95984 2.12132 -0.811793 -1.76381 2.12132 -1.17854 -2.07402 1.66671 -1.38582 -1.53984 -2.49441 -0.637821 -1.95984 -2.12132 -0.811793 -1.76381 -2.12132 -1.17854 -1.38582 -2.49441 -0.925973 -2.56066 1.14805 -1.06066 -2.30453 1.66671 -0.954568 -2.07402 1.66671 -1.38582 -2.30453 1.14805 -1.53984 -1.06066 -2.77164 -0.439339 -1.53984 -2.49441 -0.637821 -1.38582 -2.49441 -0.925973 -0.954568 -2.77164 -0.637821 -2.71838 0.585271 -1.12599 -2.56066 1.14805 -1.06066 -2.30453 1.14805 -1.53984 -2.44648 0.585271 -1.63468 -0.54072 -2.94236 -0.223972 -1.06066 -2.77164 -0.439339 -0.954568 -2.77164 -0.637821 -0.486635 -2.94236 -0.325158 -2.77164 2.26494e-07 -1.14805 -2.71838 0.585271 -1.12599 -2.44648 0.585271 -1.63468 -2.49441 2.26494e-07 -1.66671 -0.54072 2.94236 -0.223973 -6.91214e-07 3 1.66874e-06 -0.486635 2.94236 -0.325158 0 -3 9.77524e-07 -0.54072 -2.94236 -0.223972 -0.486635 -2.94236 -0.325158 -2.71838 -0.585271 -1.12599 -2.77164 2.26494e-07 -1.14805 -2.49441 2.26494e-07 -1.66671 -2.44648 -0.585271 -1.63468 -1.06066 2.77164 -0.439339 -0.54072 2.94236 -0.223973 -0.486635 2.94236 -0.325158 -0.954569 2.77164 -0.637821 -2.56066 -1.14805 -1.06066 -2.71838 -0.585271 -1.12599 -2.44648 -0.585271 -1.63468 -2.30453 -1.14805 -1.53984 -1.53984 2.49441 -0.637822 -1.06066 2.77164 -0.439339 -0.954569 2.77164 -0.637821 -1.38582 2.49441 -0.925974 -2.30453 -1.66671 -0.954568 -2.56066 -1.14805 -1.06066 -2.30453 -1.14805 -1.53984 -2.07402 -1.66671 -1.38582 -2.49441 2.26494e-07 -1.66671 -2.44648 0.585271 -1.63468 -2.08056 0.585271 -2.08056 -2.12132 2.26494e-07 -2.12132 -0.486635 2.94236 -0.325158 -6.91214e-07 3 1.66874e-06 -0.413849 2.94236 -0.413848 0 -3 9.77524e-07 -0.486635 -2.94236 -0.325158 -0.413849 -2.94236 -0.413848 -2.44648 -0.585271 -1.63468 -2.49441 2.26494e-07 -1.66671 -2.12132 2.26494e-07 -2.12132 -2.08056 -0.585271 -2.08056 -0.954569 2.77164 -0.637821 -0.486635 2.94236 -0.325158 -0.413849 2.94236 -0.413848 -0.811794 2.77164 -0.811793 -2.30453 -1.14805 -1.53984 -2.44648 -0.585271 -1.63468 -2.08056 -0.585271 -2.08056 -1.95984 -1.14805 -1.95984 -1.38582 2.49441 -0.925974 -0.954569 2.77164 -0.637821 -0.811794 2.77164 -0.811793 -1.17854 2.49441 -1.17854 -2.07402 -1.66671 -1.38582 -2.30453 -1.14805 -1.53984 -1.95984 -1.14805 -1.95984 -1.76381 -1.66671 -1.76381 -1.76381 2.12132 -1.17854 -1.38582 2.49441 -0.925974 -1.17854 2.49441 -1.17854 -1.5 2.12132 -1.5 -1.76381 -2.12132 -1.17854 -2.07402 -1.66671 -1.38582 -1.76381 -1.66671 -1.76381 -1.5 -2.12132 -1.5 -2.07402 1.66671 -1.38582 -1.76381 2.12132 -1.17854 -1.5 2.12132 -1.5 -1.76381 1.66671 -1.76381 -1.38582 -2.49441 -0.925973 -1.76381 -2.12132 -1.17854 -1.5 -2.12132 -1.5 -1.17854 -2.49441 -1.17854 -2.30453 1.14805 -1.53984 -2.07402 1.66671 -1.38582 -1.76381 1.66671 -1.76381 -1.95984 1.14805 -1.95984 -0.954568 -2.77164 -0.637821 -1.38582 -2.49441 -0.925973 -1.17854 -2.49441 -1.17854 -0.811794 -2.77164 -0.811793 -2.44648 0.585271 -1.63468 -2.30453 1.14805 -1.53984 -1.95984 1.14805 -1.95984 -2.08056 0.585271 -2.08056 -0.486635 -2.94236 -0.325158 -0.954568 -2.77164 -0.637821 -0.811794 -2.77164 -0.811793 -0.413849 -2.94236 -0.413848 -1.5 -2.12132 -1.5 -1.76381 -1.66671 -1.76381 -1.38582 -1.66671 -2.07402 -1.17854 -2.12132 -1.76381 -1.76381 1.66671 -1.76381 -1.5 2.12132 -1.5 -1.17854 2.12132 -1.76381 -1.38582 1.66671 -2.07402 -1.17854 -2.49441 -1.17854 -1.5 -2.12132 -1.5 -1.17854 -2.12132 -1.76381 -0.925974 -2.49441 -1.38582 -1.95984 1.14805 -1.95984 -1.76381 1.66671 -1.76381 -1.38582 1.66671 -2.07402 -1.53984 1.14805 -2.30453 -0.811794 -2.77164 -0.811793 -1.17854 -2.49441 -1.17854 -0.925974 -2.49441 -1.38582 -0.637822 -2.77164 -0.954567 -2.08056 0.585271 -2.08056 -1.95984 1.14805 -1.95984 -1.53984 1.14805 -2.30453 -1.63468 0.585271 -2.44648 -0.413849 -2.94236 -0.413848 -0.811794 -2.77164 -0.811793 -0.637822 -2.77164 -0.954567 -0.325159 -2.94236 -0.486634 -2.12132 2.26494e-07 -2.12132 -2.08056 0.585271 -2.08056 -1.63468 0.585271 -2.44648 -1.66671 2.26494e-07 -2.49441 -0.413849 2.94236 -0.413848 -6.91214e-07 3 1.66874e-06 -0.325159 2.94236 -0.486634 0 -3 9.77524e-07 -0.413849 -2.94236 -0.413848 -0.325159 -2.94236 -0.486634 -2.08056 -0.585271 -2.08056 -2.12132 2.26494e-07 -2.12132 -1.66671 2.26494e-07 -2.49441 -1.63468 -0.585271 -2.44648 -0.811794 2.77164 -0.811793 -0.413849 2.94236 -0.413848 -0.325159 2.94236 -0.486634 -0.637822 2.77164 -0.954568 -1.95984 -1.14805 -1.95984 -2.08056 -0.585271 -2.08056 -1.63468 -0.585271 -2.44648 -1.53984 -1.14805 -2.30453 -1.17854 2.49441 -1.17854 -0.811794 2.77164 -0.811793 -0.637822 2.77164 -0.954568 -0.925974 2.49441 -1.38582 -1.76381 -1.66671 -1.76381 -1.95984 -1.14805 -1.95984 -1.53984 -1.14805 -2.30453 -1.38582 -1.66671 -2.07402 -1.5 2.12132 -1.5 -1.17854 2.49441 -1.17854 -0.925974 2.49441 -1.38582 -1.17854 2.12132 -1.76381 0 -3 9.77524e-07 -0.325159 -2.94236 -0.486634 -0.223973 -2.94236 -0.540719 -1.63468 -0.585271 -2.44648 -1.66671 2.26494e-07 -2.49441 -1.14805 2.26494e-07 -2.77164 -1.12599 -0.585271 -2.71838 -0.637822 2.77164 -0.954568 -0.325159 2.94236 -0.486634 -0.223973 2.94236 -0.540719 -0.439339 2.77164 -1.06066 -1.53984 -1.14805 -2.30453 -1.63468 -0.585271 -2.44648 -1.12599 -0.585271 -2.71838 -1.06066 -1.14805 -2.56066 -0.925974 2.49441 -1.38582 -0.637822 2.77164 -0.954568 -0.439339 2.77164 -1.06066 -0.637822 2.49441 -1.53984 -1.38582 -1.66671 -2.07402 -1.53984 -1.14805 -2.30453 -1.06066 -1.14805 -2.56066 -0.954568 -1.66671 -2.30453 -1.17854 2.12132 -1.76381 -0.925974 2.49441 -1.38582 -0.637822 2.49441 -1.53984 -0.811794 2.12132 -1.95984 -1.17854 -2.12132 -1.76381 -1.38582 -1.66671 -2.07402 -0.954568 -1.66671 -2.30453 -0.811794 -2.12132 -1.95984 -1.38582 1.66671 -2.07402 -1.17854 2.12132 -1.76381 -0.811794 2.12132 -1.95984 -0.954568 1.66671 -2.30453 -0.925974 -2.49441 -1.38582 -1.17854 -2.12132 -1.76381 -0.811794 -2.12132 -1.95984 -0.637822 -2.49441 -1.53984 -1.53984 1.14805 -2.30453 -1.38582 1.66671 -2.07402 -0.954568 1.66671 -2.30453 -1.06066 1.14805 -2.56066 -0.637822 -2.77164 -0.954567 -0.925974 -2.49441 -1.38582 -0.637822 -2.49441 -1.53984 -0.439339 -2.77164 -1.06066 -1.63468 0.585271 -2.44648 -1.53984 1.14805 -2.30453 -1.06066 1.14805 -2.56066 -1.12599 0.585271 -2.71838 -0.325159 -2.94236 -0.486634 -0.637822 -2.77164 -0.954567 -0.439339 -2.77164 -1.06066 -0.223973 -2.94236 -0.540719 -1.66671 2.26494e-07 -2.49441 -1.63468 0.585271 -2.44648 -1.12599 0.585271 -2.71838 -1.14805 2.26494e-07 -2.77164 -0.325159 2.94236 -0.486634 -6.91214e-07 3 1.66874e-06 -0.223973 2.94236 -0.540719 -0.637822 -2.49441 -1.53984 -0.811794 -2.12132 -1.95984 -0.413849 -2.12132 -2.08056 -0.325159 -2.49441 -1.63468 -1.06066 1.14805 -2.56066 -0.954568 1.66671 -2.30453 -0.486634 1.66671 -2.44648 -0.54072 1.14805 -2.71838 -0.439339 -2.77164 -1.06066 -0.637822 -2.49441 -1.53984 -0.325159 -2.49441 -1.63468 -0.223973 -2.77164 -1.12599 -1.12599 0.585271 -2.71838 -1.06066 1.14805 -2.56066 -0.54072 1.14805 -2.71838 -0.574024 0.585271 -2.88582 -0.223973 -2.94236 -0.540719 -0.439339 -2.77164 -1.06066 -0.223973 -2.77164 -1.12599 -0.114181 -2.94236 -0.574024 -1.14805 2.26494e-07 -2.77164 -1.12599 0.585271 -2.71838 -0.574024 0.585271 -2.88582 -0.58527 2.26494e-07 -2.94235 -0.223973 2.94236 -0.540719 -6.91214e-07 3 1.66874e-06 -0.114181 2.94236 -0.574024 0 -3 9.77524e-07 -0.223973 -2.94236 -0.540719 -0.114181 -2.94236 -0.574024 -1.12599 -0.585271 -2.71838 -1.14805 2.26494e-07 -2.77164 -0.58527 2.26494e-07 -2.94235 -0.574024 -0.585271 -2.88582 -0.439339 2.77164 -1.06066 -0.223973 2.94236 -0.540719 -0.114181 2.94236 -0.574024 -0.223973 2.77164 -1.12599 -1.06066 -1.14805 -2.56066 -1.12599 -0.585271 -2.71838 -0.574024 -0.585271 -2.88582 -0.54072 -1.14805 -2.71838 -0.637822 2.49441 -1.53984 -0.439339 2.77164 -1.06066 -0.223973 2.77164 -1.12599 -0.325159 2.49441 -1.63468 -0.954568 -1.66671 -2.30453 -1.06066 -1.14805 -2.56066 -0.54072 -1.14805 -2.71838 -0.486634 -1.66671 -2.44648 -0.811794 2.12132 -1.95984 -0.637822 2.49441 -1.53984 -0.325159 2.49441 -1.63468 -0.413849 2.12132 -2.08056 -0.811794 -2.12132 -1.95984 -0.954568 -1.66671 -2.30453 -0.486634 -1.66671 -2.44648 -0.413849 -2.12132 -2.08056 -0.954568 1.66671 -2.30453 -0.811794 2.12132 -1.95984 -0.413849 2.12132 -2.08056 -0.486634 1.66671 -2.44648 -0.223973 2.77164 -1.12599 -0.114181 2.94236 -0.574024 0 2.94236 -0.585271 0 2.77164 -1.14805 -0.54072 -1.14805 -2.71838 -0.574024 -0.585271 -2.88582 0 -0.585271 -2.94235 1.90705e-07 -1.14805 -2.77164 -0.325159 2.49441 -1.63468 -0.223973 2.77164 -1.12599 0 2.77164 -1.14805 0 2.49441 -1.66671 -0.486634 -1.66671 -2.44648 -0.54072 -1.14805 -2.71838 1.90705e-07 -1.14805 -2.77164 8.16554e-07 -1.66671 -2.49441 -0.413849 2.12132 -2.08056 -0.325159 2.49441 -1.63468 0 2.49441 -1.66671 0 2.12132 -2.12132 -0.413849 -2.12132 -2.08056 -0.486634 -1.66671 -2.44648 8.16554e-07 -1.66671 -2.49441 4.58926e-07 -2.12132 -2.12132 -0.486634 1.66671 -2.44648 -0.413849 2.12132 -2.08056 0 2.12132 -2.12132 0 1.66671 -2.49441 -0.325159 -2.49441 -1.63468 -0.413849 -2.12132 -2.08056 4.58926e-07 -2.12132 -2.12132 0 -2.49441 -1.66671 -0.54072 1.14805 -2.71838 -0.486634 1.66671 -2.44648 0 1.66671 -2.49441 0 1.14805 -2.77164 -0.223973 -2.77164 -1.12599 -0.325159 -2.49441 -1.63468 0 -2.49441 -1.66671 2.35409e-07 -2.77164 -1.14805 -0.574024 0.585271 -2.88582 -0.54072 1.14805 -2.71838 0 1.14805 -2.77164 0 0.585271 -2.94235 -0.114181 -2.94236 -0.574024 -0.223973 -2.77164 -1.12599 2.35409e-07 -2.77164 -1.14805 0 -2.94236 -0.58527 -0.58527 2.26494e-07 -2.94235 -0.574024 0.585271 -2.88582 0 0.585271 -2.94235 0 2.26494e-07 -3 -0.114181 2.94236 -0.574024 -6.91214e-07 3 1.66874e-06 0 2.94236 -0.585271 0 -3 9.77524e-07 -0.114181 -2.94236 -0.574024 0 -2.94236 -0.58527 -0.574024 -0.585271 -2.88582 -0.58527 2.26494e-07 -2.94235 0 2.26494e-07 -3 0 -0.585271 -2.94235 </float_array>
     <technique_common>
      <accessor source="#ID9-array" count="1984" stride="3">
       <param name="X" type="float"/>
       <param name="Y" type="float"/>
       <param name="Z" type="float"/>
      </accessor>
     </technique_common>
    </source>
    <source id="geometrySource10">
     <float_array id="ID11-array" count="5952">0 -0.193921 -0.981017 0 0 -1 0.195077 0 -0.980788 0.191384 -0.193917 -0.962169 0 0.921714 -0.38787 0 0.979598 -0.200967 0.0391865 0.979602 -0.197092 0.0756573 0.921713 -0.380423 0 -0.380544 -0.924763 0 -0.193921 -0.981017 0.191384 -0.193917 -0.962169 0.180398 -0.380543 -0.906997 0 0.828645 -0.559775 0 0.921714 -0.38787 0.0756573 0.921713 -0.380423 0.109197 0.828654 -0.549007 0 -0.552755 -0.833344 0 -0.380544 -0.924763 0.180398 -0.380543 -0.906997 0.162575 -0.55276 -0.817329 0 0.704048 -0.710152 0 0.828645 -0.559775 0.109197 0.828654 -0.549007 0.138527 0.704048 -0.69651 0 -0.704048 -0.710152 0 -0.552755 -0.833344 0.162575 -0.55276 -0.817329 0.138527 -0.704048 -0.69651 0 0.552755 -0.833344 0 0.704048 -0.710152 0.138527 0.704048 -0.69651 0.162575 0.55276 -0.817329 0 -0.828645 -0.559775 0 -0.704048 -0.710152 0.138527 -0.704048 -0.69651 0.109197 -0.828654 -0.549007 0 0.380544 -0.924763 0 0.552755 -0.833344 0.162575 0.55276 -0.817329 0.180398 0.380543 -0.906997 0 -0.921714 -0.38787 0 -0.828645 -0.559775 0.109197 -0.828654 -0.549007 0.0756573 -0.921713 -0.380423 0 0.193921 -0.981017 0 0.380544 -0.924763 0.180398 0.380543 -0.906997 0.191384 0.193917 -0.962169 0 -0.979598 -0.200967 0 -0.921714 -0.38787 0.0756573 -0.921713 -0.380423 0.0391865 -0.979602 -0.197092 0 0 -1 0 0.193921 -0.981017 0.191384 0.193917 -0.962169 0.195077 0 -0.980788 0 0.979598 -0.200967 0 1 -0 0.0391865 0.979602 -0.197092 0 -1 -0 0 -0.979598 -0.200967 0.0391865 -0.979602 -0.197092 0.0391865 -0.979602 -0.197092 0.0756573 -0.921713 -0.380423 0.148415 -0.921712 -0.358357 0.0768778 -0.979604 -0.185648 0.195077 0 -0.980788 0.191384 0.193917 -0.962169 0.375411 0.193916 -0.906346 0.382682 0 -0.92388 0.0391865 0.979602 -0.197092 0 1 -0 0.0769081 0.979602 -0.185648 0 -1 -0 0.0391865 -0.979602 -0.197092 0.0768778 -0.979604 -0.185648 0.191384 -0.193917 -0.962169 0.195077 0 -0.980788 0.382682 0 -0.92388 0.375411 -0.193916 -0.906346 0.0756573 0.921713 -0.380423 0.0391865 0.979602 -0.197092 0.0769081 0.979602 -0.185648 0.148415 0.921712 -0.358357 0.180398 -0.380543 -0.906997 0.191384 -0.193917 -0.962169 0.375411 -0.193916 -0.906346 0.353868 -0.380542 -0.85438 0.109197 0.828654 -0.549007 0.0756573 0.921713 -0.380423 0.148415 0.921712 -0.358357 0.214214 0.828656 -0.517147 0.162575 -0.55276 -0.817329 0.180398 -0.380543 -0.906997 0.353868 -0.380542 -0.85438 0.318895 -0.552764 -0.769908 0.138527 0.704048 -0.69651 0.109197 0.828654 -0.549007 0.214214 0.828656 -0.517147 0.271749 0.704063 -0.656086 0.138527 -0.704048 -0.69651 0.162575 -0.55276 -0.817329 0.318895 -0.552764 -0.769908 0.271749 -0.704063 -0.656086 0.162575 0.55276 -0.817329 0.138527 0.704048 -0.69651 0.271749 0.704063 -0.656086 0.318895 0.552764 -0.769908 0.109197 -0.828654 -0.549007 0.138527 -0.704048 -0.69651 0.271749 -0.704063 -0.656086 0.214214 -0.828656 -0.517147 0.180398 0.380543 -0.906997 0.162575 0.55276 -0.817329 0.318895 0.552764 -0.769908 0.353868 0.380542 -0.85438 0.0756573 -0.921713 -0.380423 0.109197 -0.828654 -0.549007 0.214214 -0.828656 -0.517147 0.148415 -0.921712 -0.358357 0.191384 0.193917 -0.962169 0.180398 0.380543 -0.906997 0.353868 0.380542 -0.85438 0.375411 0.193916 -0.906346 0.271749 -0.704063 -0.656086 0.318895 -0.552764 -0.769908 0.462972 -0.552759 -0.692902 0.394528 -0.704059 -0.590465 0.318895 0.552764 -0.769908 0.271749 0.704063 -0.656086 0.394528 0.704059 -0.590465 0.462972 0.552759 -0.692902 0.214214 -0.828656 -0.517147 0.271749 -0.704063 -0.656086 0.394528 -0.704059 -0.590465 0.31099 -0.828657 -0.465417 0.353868 0.380542 -0.85438 0.318895 0.552764 -0.769908 0.462972 0.552759 -0.692902 0.513756 0.38054 -0.768924 0.148415 -0.921712 -0.358357 0.214214 -0.828656 -0.517147 0.31099 -0.828657 -0.465417 0.215497 -0.921714 -0.322498 0.375411 0.193916 -0.906346 0.353868 0.380542 -0.85438 0.513756 0.38054 -0.768924 0.545015 0.19392 -0.815692 0.0768778 -0.979604 -0.185648 0.148415 -0.921712 -0.358357 0.215497 -0.921714 -0.322498 0.111639 -0.979601 -0.167092 0.382682 0 -0.92388 0.375411 0.193916 -0.906346 0.545015 0.19392 -0.815692 0.555573 0 -0.831468 0.0769081 0.979602 -0.185648 0 1 -0 0.111639 0.979601 -0.167092 0 -1 -0 0.0768778 -0.979604 -0.185648 0.111639 -0.979601 -0.167092 0.375411 -0.193916 -0.906346 0.382682 0 -0.92388 0.555573 0 -0.831468 0.545015 -0.19392 -0.815692 0.148415 0.921712 -0.358357 0.0769081 0.979602 -0.185648 0.111639 0.979601 -0.167092 0.215497 0.921714 -0.322498 0.353868 -0.380542 -0.85438 0.375411 -0.193916 -0.906346 0.545015 -0.19392 -0.815692 0.513756 -0.38054 -0.768924 0.214214 0.828656 -0.517147 0.148415 0.921712 -0.358357 0.215497 0.921714 -0.322498 0.31099 0.828657 -0.465417 0.318895 -0.552764 -0.769908 0.353868 -0.380542 -0.85438 0.513756 -0.38054 -0.768924 0.462972 -0.552759 -0.692902 0.271749 0.704063 -0.656086 0.214214 0.828656 -0.517147 0.31099 0.828657 -0.465417 0.394528 0.704059 -0.590465 0.111639 0.979601 -0.167092 0 1 -0 0.142097 0.979601 -0.142097 0 -1 -0 0.111639 -0.979601 -0.167092 0.142097 -0.979601 -0.142097 0.545015 -0.19392 -0.815692 0.555573 0 -0.831468 0.707107 0 -0.707107 0.693684 -0.193923 -0.693684 0.215497 0.921714 -0.322498 0.111639 0.979601 -0.167092 0.142097 0.979601 -0.142097 0.274275 0.921708 -0.274275 0.513756 -0.38054 -0.768924 0.545015 -0.19392 -0.815692 0.693684 -0.193923 -0.693684 0.653906 -0.380545 -0.653906 0.31099 0.828657 -0.465417 0.215497 0.921714 -0.322498 0.274275 0.921708 -0.274275 0.395805 0.82866 -0.395805 0.462972 -0.552759 -0.692902 0.513756 -0.38054 -0.768924 0.653906 -0.380545 -0.653906 0.589261 -0.55276 -0.589261 0.394528 0.704059 -0.590465 0.31099 0.828657 -0.465417 0.395805 0.82866 -0.395805 0.502143 0.704063 -0.502143 0.394528 -0.704059 -0.590465 0.462972 -0.552759 -0.692902 0.589261 -0.55276 -0.589261 0.502143 -0.704063 -0.502143 0.462972 0.552759 -0.692902 0.394528 0.704059 -0.590465 0.502143 0.704063 -0.502143 0.589261 0.55276 -0.589261 0.31099 -0.828657 -0.465417 0.394528 -0.704059 -0.590465 0.502143 -0.704063 -0.502143 0.395805 -0.82866 -0.395805 0.513756 0.38054 -0.768924 0.462972 0.552759 -0.692902 0.589261 0.55276 -0.589261 0.653906 0.380545 -0.653906 0.215497 -0.921714 -0.322498 0.31099 -0.828657 -0.465417 0.395805 -0.82866 -0.395805 0.274275 -0.921708 -0.274275 0.545015 0.19392 -0.815692 0.513756 0.38054 -0.768924 0.653906 0.380545 -0.653906 0.693684 0.193923 -0.693684 0.111639 -0.979601 -0.167092 0.215497 -0.921714 -0.322498 0.274275 -0.921708 -0.274275 0.142097 -0.979601 -0.142097 0.555573 0 -0.831468 0.545015 0.19392 -0.815692 0.693684 0.193923 -0.693684 0.707107 0 -0.707107 0.589261 0.55276 -0.589261 0.502143 0.704063 -0.502143 0.590465 0.704059 -0.394528 0.692902 0.552759 -0.462972 0.395805 -0.82866 -0.395805 0.502143 -0.704063 -0.502143 0.590465 -0.704059 -0.394528 0.465417 -0.828657 -0.31099 0.653906 0.380545 -0.653906 0.589261 0.55276 -0.589261 0.692902 0.552759 -0.462972 0.768924 0.38054 -0.513756 0.274275 -0.921708 -0.274275 0.395805 -0.82866 -0.395805 0.465417 -0.828657 -0.31099 0.322498 -0.921714 -0.215497 0.693684 0.193923 -0.693684 0.653906 0.380545 -0.653906 0.768924 0.38054 -0.513756 0.815692 0.19392 -0.545015 0.142097 -0.979601 -0.142097 0.274275 -0.921708 -0.274275 0.322498 -0.921714 -0.215497 0.167092 -0.979601 -0.111639 0.707107 0 -0.707107 0.693684 0.193923 -0.693684 0.815692 0.19392 -0.545015 0.831468 0 -0.555573 0.142097 0.979601 -0.142097 0 1 -0 0.167092 0.979601 -0.111639 0 -1 -0 0.142097 -0.979601 -0.142097 0.167092 -0.979601 -0.111639 0.693684 -0.193923 -0.693684 0.707107 0 -0.707107 0.831468 0 -0.555573 0.815692 -0.19392 -0.545015 0.274275 0.921708 -0.274275 0.142097 0.979601 -0.142097 0.167092 0.979601 -0.111639 0.322498 0.921714 -0.215497 0.653906 -0.380545 -0.653906 0.693684 -0.193923 -0.693684 0.815692 -0.19392 -0.545015 0.768924 -0.38054 -0.513756 0.395805 0.82866 -0.395805 0.274275 0.921708 -0.274275 0.322498 0.921714 -0.215497 0.465417 0.828657 -0.31099 0.589261 -0.55276 -0.589261 0.653906 -0.380545 -0.653906 0.768924 -0.38054 -0.513756 0.692902 -0.552759 -0.462972 0.502143 0.704063 -0.502143 0.395805 0.82866 -0.395805 0.465417 0.828657 -0.31099 0.590465 0.704059 -0.394528 0.502143 -0.704063 -0.502143 0.589261 -0.55276 -0.589261 0.692902 -0.552759 -0.462972 0.590465 -0.704059 -0.394528 0.815692 -0.19392 -0.545015 0.831468 0 -0.555573 0.92388 0 -0.382682 0.906346 -0.193916 -0.375411 0.322498 0.921714 -0.215497 0.167092 0.979601 -0.111639 0.185648 0.979602 -0.0769081 0.358357 0.921712 -0.148415 0.768924 -0.38054 -0.513756 0.815692 -0.19392 -0.545015 0.906346 -0.193916 -0.375411 0.85438 -0.380542 -0.353868 0.465417 0.828657 -0.31099 0.322498 0.921714 -0.215497 0.358357 0.921712 -0.148415 0.517147 0.828656 -0.214214 0.692902 -0.552759 -0.462972 0.768924 -0.38054 -0.513756 0.85438 -0.380542 -0.353868 0.769908 -0.552764 -0.318895 0.590465 0.704059 -0.394528 0.465417 0.828657 -0.31099 0.517147 0.828656 -0.214214 0.656086 0.704063 -0.271749 0.590465 -0.704059 -0.394528 0.692902 -0.552759 -0.462972 0.769908 -0.552764 -0.318895 0.656086 -0.704063 -0.271749 0.692902 0.552759 -0.462972 0.590465 0.704059 -0.394528 0.656086 0.704063 -0.271749 0.769908 0.552764 -0.318895 0.465417 -0.828657 -0.31099 0.590465 -0.704059 -0.394528 0.656086 -0.704063 -0.271749 0.517147 -0.828656 -0.214214 0.768924 0.38054 -0.513756 0.692902 0.552759 -0.462972 0.769908 0.552764 -0.318895 0.85438 0.380542 -0.353868 0.322498 -0.921714 -0.215497 0.465417 -0.828657 -0.31099 0.517147 -0.828656 -0.214214 0.358357 -0.921712 -0.148415 0.815692 0.19392 -0.545015 0.768924 0.38054 -0.513756 0.85438 0.380542 -0.353868 0.906346 0.193916 -0.375411 0.167092 -0.979601 -0.111639 0.322498 -0.921714 -0.215497 0.358357 -0.921712 -0.148415 0.185648 -0.979602 -0.0769081 0.831468 0 -0.555573 0.815692 0.19392 -0.545015 0.906346 0.193916 -0.375411 0.92388 0 -0.382682 0.167092 0.979601 -0.111639 0 1 -0 0.185648 0.979602 -0.0769081 0 -1 -0 0.167092 -0.979601 -0.111639 0.185648 -0.979602 -0.0769081 0.517147 -0.828656 -0.214214 0.656086 -0.704063 -0.271749 0.69651 -0.704048 -0.138527 0.549007 -0.828654 -0.109197 0.85438 0.380542 -0.353868 0.769908 0.552764 -0.318895 0.817329 0.55276 -0.162575 0.906997 0.380543 -0.180398 0.358357 -0.921712 -0.148415 0.517147 -0.828656 -0.214214 0.549007 -0.828654 -0.109197 0.380423 -0.921713 -0.0756573 0.906346 0.193916 -0.375411 0.85438 0.380542 -0.353868 0.906997 0.380543 -0.180398 0.962169 0.193917 -0.191384 0.185648 -0.979602 -0.0769081 0.358357 -0.921712 -0.148415 0.380423 -0.921713 -0.0756573 0.197092 -0.979602 -0.0391865 0.92388 0 -0.382682 0.906346 0.193916 -0.375411 0.962169 0.193917 -0.191384 0.980788 0 -0.195077 0.185648 0.979602 -0.0769081 0 1 -0 0.197092 0.979602 -0.0391865 0 -1 -0 0.185648 -0.979602 -0.0769081 0.197092 -0.979602 -0.0391865 0.906346 -0.193916 -0.375411 0.92388 0 -0.382682 0.980788 0 -0.195077 0.962169 -0.193917 -0.191384 0.358357 0.921712 -0.148415 0.185648 0.979602 -0.0769081 0.197092 0.979602 -0.0391865 0.380423 0.921713 -0.0756573 0.85438 -0.380542 -0.353868 0.906346 -0.193916 -0.375411 0.962169 -0.193917 -0.191384 0.906997 -0.380543 -0.180398 0.517147 0.828656 -0.214214 0.358357 0.921712 -0.148415 0.380423 0.921713 -0.0756573 0.549007 0.828654 -0.109197 0.769908 -0.552764 -0.318895 0.85438 -0.380542 -0.353868 0.906997 -0.380543 -0.180398 0.817329 -0.55276 -0.162575 0.656086 0.704063 -0.271749 0.517147 0.828656 -0.214214 0.549007 0.828654 -0.109197 0.69651 0.704048 -0.138527 0.656086 -0.704063 -0.271749 0.769908 -0.552764 -0.318895 0.817329 -0.55276 -0.162575 0.69651 -0.704048 -0.138527 0.769908 0.552764 -0.318895 0.656086 0.704063 -0.271749 0.69651 0.704048 -0.138527 0.817329 0.55276 -0.162575 0.380423 0.921713 -0.0756573 0.197092 0.979602 -0.0391865 0.200967 0.979598 -0 0.38787 0.921714 -0 0.906997 -0.380543 -0.180398 0.962169 -0.193917 -0.191384 0.981017 -0.193921 -0 0.924763 -0.380544 -0 0.549007 0.828654 -0.109197 0.380423 0.921713 -0.0756573 0.38787 0.921714 -0 0.559775 0.828645 -0 0.817329 -0.55276 -0.162575 0.906997 -0.380543 -0.180398 0.924763 -0.380544 -0 0.833344 -0.552755 -0 0.69651 0.704048 -0.138527 0.549007 0.828654 -0.109197 0.559775 0.828645 -0 0.710152 0.704048 -0 0.69651 -0.704048 -0.138527 0.817329 -0.55276 -0.162575 0.833344 -0.552755 -0 0.710152 -0.704048 -0 0.817329 0.55276 -0.162575 0.69651 0.704048 -0.138527 0.710152 0.704048 -0 0.833344 0.552755 -0 0.549007 -0.828654 -0.109197 0.69651 -0.704048 -0.138527 0.710152 -0.704048 -0 0.559775 -0.828645 -0 0.906997 0.380543 -0.180398 0.817329 0.55276 -0.162575 0.833344 0.552755 -0 0.924763 0.380544 -0 0.380423 -0.921713 -0.0756573 0.549007 -0.828654 -0.109197 0.559775 -0.828645 -0 0.38787 -0.921714 -0 0.962169 0.193917 -0.191384 0.906997 0.380543 -0.180398 0.924763 0.380544 -0 0.981017 0.193921 -0 0.197092 -0.979602 -0.0391865 0.380423 -0.921713 -0.0756573 0.38787 -0.921714 -0 0.200967 -0.979598 -0 0.980788 0 -0.195077 0.962169 0.193917 -0.191384 0.981017 0.193921 -0 1 0 -0 0.197092 0.979602 -0.0391865 0 1 -0 0.200967 0.979598 -0 0 -1 -0 0.197092 -0.979602 -0.0391865 0.200967 -0.979598 -0 0.962169 -0.193917 -0.191384 0.980788 0 -0.195077 1 0 -0 0.981017 -0.193921 -0 0.924763 0.380544 -0 0.833344 0.552755 -0 0.817329 0.55276 0.162575 0.906997 0.380543 0.180398 0.38787 -0.921714 -0 0.559775 -0.828645 -0 0.549007 -0.828654 0.109197 0.380423 -0.921713 0.0756573 0.981017 0.193921 -0 0.924763 0.380544 -0 0.906997 0.380543 0.180398 0.962169 0.193917 0.191384 0.200967 -0.979598 -0 0.38787 -0.921714 -0 0.380423 -0.921713 0.0756573 0.197092 -0.979602 0.0391865 1 0 -0 0.981017 0.193921 -0 0.962169 0.193917 0.191384 0.980788 0 0.195077 0.200967 0.979598 -0 0 1 -0 0.197092 0.979602 0.0391865 0 -1 -0 0.200967 -0.979598 -0 0.197092 -0.979602 0.0391865 0.981017 -0.193921 -0 1 0 -0 0.980788 0 0.195077 0.962169 -0.193917 0.191384 0.38787 0.921714 -0 0.200967 0.979598 -0 0.197092 0.979602 0.0391865 0.380423 0.921713 0.0756573 0.924763 -0.380544 -0 0.981017 -0.193921 -0 0.962169 -0.193917 0.191384 0.906997 -0.380543 0.180398 0.559775 0.828645 -0 0.38787 0.921714 -0 0.380423 0.921713 0.0756573 0.549007 0.828654 0.109197 0.833344 -0.552755 -0 0.924763 -0.380544 -0 0.906997 -0.380543 0.180398 0.817329 -0.55276 0.162575 0.710152 0.704048 -0 0.559775 0.828645 -0 0.549007 0.828654 0.109197 0.69651 0.704048 0.138527 0.710152 -0.704048 -0 0.833344 -0.552755 -0 0.817329 -0.55276 0.162575 0.69651 -0.704048 0.138527 0.833344 0.552755 -0 0.710152 0.704048 -0 0.69651 0.704048 0.138527 0.817329 0.55276 0.162575 0.559775 -0.828645 -0 0.710152 -0.704048 -0 0.69651 -0.704048 0.138527 0.549007 -0.828654 0.109197 0.906997 -0.380543 0.180398 0.962169 -0.193917 0.191384 0.906346 -0.193916 0.375411 0.854371 -0.380538 0.353895 0.549007 0.828654 0.109197 0.380423 0.921713 0.0756573 0.358357 0.921712 0.148415 0.517147 0.828656 0.214214 0.817329 -0.55276 0.162575 0.906997 -0.380543 0.180398 0.854371 -0.380538 0.353895 0.769908 -0.552764 0.318895 0.69651 0.704048 0.138527 0.549007 0.828654 0.109197 0.517147 0.828656 0.214214 0.656086 0.704063 0.271749 0.69651 -0.704048 0.138527 0.817329 -0.55276 0.162575 0.769908 -0.552764 0.318895 0.656086 -0.704063 0.271749 0.817329 0.55276 0.162575 0.69651 0.704048 0.138527 0.656086 0.704063 0.271749 0.769908 0.552764 0.318895 0.549007 -0.828654 0.109197 0.69651 -0.704048 0.138527 0.656086 -0.704063 0.271749 0.517147 -0.828656 0.214214 0.906997 0.380543 0.180398 0.817329 0.55276 0.162575 0.769908 0.552764 0.318895 0.854371 0.380538 0.353895 0.380423 -0.921713 0.0756573 0.549007 -0.828654 0.109197 0.517147 -0.828656 0.214214 0.358357 -0.921712 0.148415 0.962169 0.193917 0.191384 0.906997 0.380543 0.180398 0.854371 0.380538 0.353895 0.906346 0.193916 0.375411 0.197092 -0.979602 0.0391865 0.380423 -0.921713 0.0756573 0.358357 -0.921712 0.148415 0.185648 -0.979602 0.0769081 0.980788 0 0.195077 0.962169 0.193917 0.191384 0.906346 0.193916 0.375411 0.92388 0 0.382682 0.197092 0.979602 0.0391865 0 1 -0 0.185648 0.979602 0.0769081 0 -1 -0 0.197092 -0.979602 0.0391865 0.185648 -0.979602 0.0769081 0.962169 -0.193917 0.191384 0.980788 0 0.195077 0.92388 0 0.382682 0.906346 -0.193916 0.375411 0.380423 0.921713 0.0756573 0.197092 0.979602 0.0391865 0.185648 0.979602 0.0769081 0.358357 0.921712 0.148415 0.358357 -0.921712 0.148415 0.517147 -0.828656 0.214214 0.465417 -0.828657 0.31099 0.322498 -0.921714 0.215497 0.906346 0.193916 0.375411 0.854371 0.380538 0.353895 0.768924 0.38054 0.513756 0.815692 0.19392 0.545015 0.185648 -0.979602 0.0769081 0.358357 -0.921712 0.148415 0.322498 -0.921714 0.215497 0.167092 -0.979601 0.111639 0.92388 0 0.382682 0.906346 0.193916 0.375411 0.815692 0.19392 0.545015 0.831468 0 0.555573 0.185648 0.979602 0.0769081 0 1 -0 0.167092 0.979601 0.111639 0 -1 -0 0.185648 -0.979602 0.0769081 0.167092 -0.979601 0.111639 0.906346 -0.193916 0.375411 0.92388 0 0.382682 0.831468 0 0.555573 0.815692 -0.19392 0.545015 0.358357 0.921712 0.148415 0.185648 0.979602 0.0769081 0.167092 0.979601 0.111639 0.322498 0.921714 0.215497 0.854371 -0.380538 0.353895 0.906346 -0.193916 0.375411 0.815692 -0.19392 0.545015 0.768924 -0.38054 0.513756 0.517147 0.828656 0.214214 0.358357 0.921712 0.148415 0.322498 0.921714 0.215497 0.465417 0.828657 0.31099 0.769908 -0.552764 0.318895 0.854371 -0.380538 0.353895 0.768924 -0.38054 0.513756 0.692902 -0.552759 0.462972 0.656086 0.704063 0.271749 0.517147 0.828656 0.214214 0.465417 0.828657 0.31099 0.590465 0.704059 0.394528 0.656086 -0.704063 0.271749 0.769908 -0.552764 0.318895 0.692902 -0.552759 0.462972 0.590465 -0.704059 0.394528 0.769908 0.552764 0.318895 0.656086 0.704063 0.271749 0.590465 0.704059 0.394528 0.692902 0.552759 0.462972 0.517147 -0.828656 0.214214 0.656086 -0.704063 0.271749 0.590465 -0.704059 0.394528 0.465417 -0.828657 0.31099 0.854371 0.380538 0.353895 0.769908 0.552764 0.318895 0.692902 0.552759 0.462972 0.768924 0.38054 0.513756 0.692902 -0.552759 0.462972 0.768924 -0.38054 0.513756 0.653906 -0.380545 0.653906 0.589261 -0.55276 0.589261 0.590465 0.704059 0.394528 0.465417 0.828657 0.31099 0.395805 0.82866 0.395805 0.502143 0.704063 0.502143 0.590465 -0.704059 0.394528 0.692902 -0.552759 0.462972 0.589261 -0.55276 0.589261 0.502143 -0.704063 0.502143 0.692902 0.552759 0.462972 0.590465 0.704059 0.394528 0.502143 0.704063 0.502143 0.589261 0.55276 0.589261 0.465417 -0.828657 0.31099 0.590465 -0.704059 0.394528 0.502143 -0.704063 0.502143 0.395805 -0.82866 0.395805 0.768924 0.38054 0.513756 0.692902 0.552759 0.462972 0.589261 0.55276 0.589261 0.653906 0.380545 0.653906 0.322498 -0.921714 0.215497 0.465417 -0.828657 0.31099 0.395805 -0.82866 0.395805 0.274275 -0.921708 0.274275 0.815692 0.19392 0.545015 0.768924 0.38054 0.513756 0.653906 0.380545 0.653906 0.693684 0.193923 0.693684 0.167092 -0.979601 0.111639 0.322498 -0.921714 0.215497 0.274275 -0.921708 0.274275 0.142097 -0.979601 0.142097 0.831468 0 0.555573 0.815692 0.19392 0.545015 0.693684 0.193923 0.693684 0.707107 0 0.707107 0.167092 0.979601 0.111639 0 1 -0 0.142097 0.979601 0.142097 0 -1 -0 0.167092 -0.979601 0.111639 0.142097 -0.979601 0.142097 0.815692 -0.19392 0.545015 0.831468 0 0.555573 0.707107 0 0.707107 0.693684 -0.193923 0.693684 0.322498 0.921714 0.215497 0.167092 0.979601 0.111639 0.142097 0.979601 0.142097 0.274275 0.921708 0.274275 0.768924 -0.38054 0.513756 0.815692 -0.19392 0.545015 0.693684 -0.193923 0.693684 0.653906 -0.380545 0.653906 0.465417 0.828657 0.31099 0.322498 0.921714 0.215497 0.274275 0.921708 0.274275 0.395805 0.82866 0.395805 0.142097 -0.979601 0.142097 0.274275 -0.921708 0.274275 0.215497 -0.921714 0.322498 0.111639 -0.979601 0.167092 0.707107 0 0.707107 0.693684 0.193923 0.693684 0.545015 0.19392 0.815692 0.555573 0 0.831468 0.142097 0.979601 0.142097 0 1 -0 0.111639 0.979601 0.167092 0 -1 -0 0.142097 -0.979601 0.142097 0.111639 -0.979601 0.167092 0.693684 -0.193923 0.693684 0.707107 0 0.707107 0.555573 0 0.831468 0.545015 -0.19392 0.815692 0.274275 0.921708 0.274275 0.142097 0.979601 0.142097 0.111639 0.979601 0.167092 0.215497 0.921714 0.322498 0.653906 -0.380545 0.653906 0.693684 -0.193923 0.693684 0.545015 -0.19392 0.815692 0.513756 -0.38054 0.768924 0.395805 0.82866 0.395805 0.274275 0.921708 0.274275 0.215497 0.921714 0.322498 0.31099 0.828657 0.465417 0.589261 -0.55276 0.589261 0.653906 -0.380545 0.653906 0.513756 -0.38054 0.768924 0.462972 -0.552759 0.692902 0.502143 0.704063 0.502143 0.395805 0.82866 0.395805 0.31099 0.828657 0.465417 0.394528 0.704059 0.590465 0.502143 -0.704063 0.502143 0.589261 -0.55276 0.589261 0.462972 -0.552759 0.692902 0.394528 -0.704059 0.590465 0.589261 0.55276 0.589261 0.502143 0.704063 0.502143 0.394528 0.704059 0.590465 0.462972 0.552759 0.692902 0.395805 -0.82866 0.395805 0.502143 -0.704063 0.502143 0.394528 -0.704059 0.590465 0.31099 -0.828657 0.465417 0.653906 0.380545 0.653906 0.589261 0.55276 0.589261 0.462972 0.552759 0.692902 0.513756 0.38054 0.768924 0.274275 -0.921708 0.274275 0.395805 -0.82866 0.395805 0.31099 -0.828657 0.465417 0.215497 -0.921714 0.322498 0.693684 0.193923 0.693684 0.653906 0.380545 0.653906 0.513756 0.38054 0.768924 0.545015 0.19392 0.815692 0.394528 0.704059 0.590465 0.31099 0.828657 0.465417 0.214214 0.828656 0.517147 0.271749 0.704063 0.656086 0.394528 -0.704059 0.590465 0.462972 -0.552759 0.692902 0.318895 -0.552764 0.769908 0.271749 -0.704063 0.656086 0.462972 0.552759 0.692902 0.394528 0.704059 0.590465 0.271749 0.704063 0.656086 0.318895 0.552764 0.769908 0.31099 -0.828657 0.465417 0.394528 -0.704059 0.590465 0.271749 -0.704063 0.656086 0.214214 -0.828656 0.517147 0.513756 0.38054 0.768924 0.462972 0.552759 0.692902 0.318895 0.552764 0.769908 0.353868 0.380542 0.85438 0.215497 -0.921714 0.322498 0.31099 -0.828657 0.465417 0.214214 -0.828656 0.517147 0.148415 -0.921712 0.358357 0.545015 0.19392 0.815692 0.513756 0.38054 0.768924 0.353868 0.380542 0.85438 0.375411 0.193916 0.906346 0.111639 -0.979601 0.167092 0.215497 -0.921714 0.322498 0.148415 -0.921712 0.358357 0.0769081 -0.979602 0.185648 0.555573 0 0.831468 0.545015 0.19392 0.815692 0.375411 0.193916 0.906346 0.382682 0 0.92388 0.111639 0.979601 0.167092 0 1 -0 0.0769081 0.979602 0.185648 0 -1 -0 0.111639 -0.979601 0.167092 0.0769081 -0.979602 0.185648 0.545015 -0.19392 0.815692 0.555573 0 0.831468 0.382682 0 0.92388 0.375411 -0.193916 0.906346 0.215497 0.921714 0.322498 0.111639 0.979601 0.167092 0.0769081 0.979602 0.185648 0.148415 0.921712 0.358357 0.513756 -0.38054 0.768924 0.545015 -0.19392 0.815692 0.375411 -0.193916 0.906346 0.353868 -0.380542 0.85438 0.31099 0.828657 0.465417 0.215497 0.921714 0.322498 0.148415 0.921712 0.358357 0.214214 0.828656 0.517147 0.462972 -0.552759 0.692902 0.513756 -0.38054 0.768924 0.353868 -0.380542 0.85438 0.318895 -0.552764 0.769908 0.382682 0 0.92388 0.375411 0.193916 0.906346 0.191384 0.193917 0.962169 0.195077 0 0.980788 0.0769081 0.979602 0.185648 0 1 -0 0.0391865 0.979602 0.197092 0 -1 -0 0.0769081 -0.979602 0.185648 0.0391865 -0.979602 0.197092 0.375411 -0.193916 0.906346 0.382682 0 0.92388 0.195077 0 0.980788 0.191384 -0.193917 0.962169 0.148415 0.921712 0.358357 0.0769081 0.979602 0.185648 0.0391865 0.979602 0.197092 0.0756573 0.921713 0.380423 0.353868 -0.380542 0.85438 0.375411 -0.193916 0.906346 0.191384 -0.193917 0.962169 0.180398 -0.380543 0.906997 0.214214 0.828656 0.517147 0.148415 0.921712 0.358357 0.0756573 0.921713 0.380423 0.109197 0.828654 0.549007 0.318895 -0.552764 0.769908 0.353868 -0.380542 0.85438 0.180398 -0.380543 0.906997 0.162575 -0.55276 0.817329 0.271749 0.704063 0.656086 0.214214 0.828656 0.517147 0.109197 0.828654 0.549007 0.138527 0.704048 0.69651 0.271749 -0.704063 0.656086 0.318895 -0.552764 0.769908 0.162575 -0.55276 0.817329 0.138527 -0.704048 0.69651 0.318895 0.552764 0.769908 0.271749 0.704063 0.656086 0.138527 0.704048 0.69651 0.162575 0.55276 0.817329 0.214214 -0.828656 0.517147 0.271749 -0.704063 0.656086 0.138527 -0.704048 0.69651 0.109197 -0.828654 0.549007 0.353868 0.380542 0.85438 0.318895 0.552764 0.769908 0.162575 0.55276 0.817329 0.180398 0.380543 0.906997 0.148415 -0.921712 0.358357 0.214214 -0.828656 0.517147 0.109197 -0.828654 0.549007 0.0756573 -0.921713 0.380423 0.375411 0.193916 0.906346 0.353868 0.380542 0.85438 0.180398 0.380543 0.906997 0.191384 0.193917 0.962169 0.0769081 -0.979602 0.185648 0.148415 -0.921712 0.358357 0.0756573 -0.921713 0.380423 0.0391865 -0.979602 0.197092 0.138527 -0.704048 0.69651 0.162575 -0.55276 0.817329 0 -0.552755 0.833344 0 -0.704048 0.710152 0.162575 0.55276 0.817329 0.138527 0.704048 0.69651 0 0.704048 0.710152 0 0.552755 0.833344 0.109197 -0.828654 0.549007 0.138527 -0.704048 0.69651 0 -0.704048 0.710152 0 -0.828645 0.559775 0.180398 0.380543 0.906997 0.162575 0.55276 0.817329 0 0.552755 0.833344 0 0.380544 0.924763 0.0756573 -0.921713 0.380423 0.109197 -0.828654 0.549007 0 -0.828645 0.559775 0 -0.921714 0.38787 0.191384 0.193917 0.962169 0.180398 0.380543 0.906997 0 0.380544 0.924763 0 0.193921 0.981017 0.0391865 -0.979602 0.197092 0.0756573 -0.921713 0.380423 0 -0.921714 0.38787 0 -0.979598 0.200967 0.195077 0 0.980788 0.191384 0.193917 0.962169 0 0.193921 0.981017 0 0 1 0.0391865 0.979602 0.197092 0 1 -0 0 0.979598 0.200967 0 -1 -0 0.0391865 -0.979602 0.197092 0 -0.979598 0.200967 0.191384 -0.193917 0.962169 0.195077 0 0.980788 0 0 1 0 -0.193921 0.981017 0.0756573 0.921713 0.380423 0.0391865 0.979602 0.197092 0 0.979598 0.200967 0 0.921714 0.38787 0.180398 -0.380543 0.906997 0.191384 -0.193917 0.962169 0 -0.193921 0.981017 0 -0.380544 0.924763 0.109197 0.828654 0.549007 0.0756573 0.921713 0.380423 0 0.921714 0.38787 0 0.828645 0.559775 0.162575 -0.55276 0.817329 0.180398 -0.380543 0.906997 0 -0.380544 0.924763 0 -0.552755 0.833344 0.138527 0.704048 0.69651 0.109197 0.828654 0.549007 0 0.828645 0.559775 0 0.704048 0.710152 0 0.979598 0.200967 0 1 -0 -0.0391865 0.979602 0.197092 0 -1 -0 0 -0.979598 0.200967 -0.0391865 -0.979602 0.197092 0 -0.193921 0.981017 0 0 1 -0.195077 0 0.980788 -0.191384 -0.193917 0.962169 0 0.921714 0.38787 0 0.979598 0.200967 -0.0391865 0.979602 0.197092 -0.0756573 0.921713 0.380423 0 -0.380544 0.924763 0 -0.193921 0.981017 -0.191384 -0.193917 0.962169 -0.180398 -0.380543 0.906997 0 0.828645 0.559775 0 0.921714 0.38787 -0.0756573 0.921713 0.380423 -0.109197 0.828654 0.549007 0 -0.552755 0.833344 0 -0.380544 0.924763 -0.180398 -0.380543 0.906997 -0.162575 -0.55276 0.817329 0 0.704048 0.710152 0 0.828645 0.559775 -0.109197 0.828654 0.549007 -0.138527 0.704048 0.69651 0 -0.704048 0.710152 0 -0.552755 0.833344 -0.162575 -0.55276 0.817329 -0.138527 -0.704048 0.69651 0 0.552755 0.833344 0 0.704048 0.710152 -0.138527 0.704048 0.69651 -0.162575 0.55276 0.817329 0 -0.828645 0.559775 0 -0.704048 0.710152 -0.138527 -0.704048 0.69651 -0.109197 -0.828654 0.549007 0 0.380544 0.924763 0 0.552755 0.833344 -0.162575 0.55276 0.817329 -0.180398 0.380543 0.906997 0 -0.921714 0.38787 0 -0.828645 0.559775 -0.109197 -0.828654 0.549007 -0.0756573 -0.921713 0.380423 0 0.193921 0.981017 0 0.380544 0.924763 -0.180398 0.380543 0.906997 -0.191384 0.193917 0.962169 0 -0.979598 0.200967 0 -0.921714 0.38787 -0.0756573 -0.921713 0.380423 -0.0391865 -0.979602 0.197092 0 0 1 0 0.193921 0.981017 -0.191384 0.193917 0.962169 -0.195077 0 0.980788 -0.162575 0.55276 0.817329 -0.138527 0.704048 0.69651 -0.271749 0.704063 0.656086 -0.318895 0.552764 0.769908 -0.109197 -0.828654 0.549007 -0.138527 -0.704048 0.69651 -0.271749 -0.704063 0.656086 -0.214214 -0.828656 0.517147 -0.180398 0.380543 0.906997 -0.162575 0.55276 0.817329 -0.318895 0.552764 0.769908 -0.353868 0.380542 0.85438 -0.0756573 -0.921713 0.380423 -0.109197 -0.828654 0.549007 -0.214214 -0.828656 0.517147 -0.148415 -0.921712 0.358357 -0.191384 0.193917 0.962169 -0.180398 0.380543 0.906997 -0.353868 0.380542 0.85438 -0.375411 0.193916 0.906346 -0.0391865 -0.979602 0.197092 -0.0756573 -0.921713 0.380423 -0.148415 -0.921712 0.358357 -0.0769081 -0.979602 0.185648 -0.195077 0 0.980788 -0.191384 0.193917 0.962169 -0.375411 0.193916 0.906346 -0.382682 0 0.92388 -0.0391865 0.979602 0.197092 0 1 -0 -0.0769081 0.979602 0.185648 0 -1 -0 -0.0391865 -0.979602 0.197092 -0.0769081 -0.979602 0.185648 -0.191384 -0.193917 0.962169 -0.195077 0 0.980788 -0.382682 0 0.92388 -0.375411 -0.193916 0.906346 -0.0756573 0.921713 0.380423 -0.0391865 0.979602 0.197092 -0.0769081 0.979602 0.185648 -0.148415 0.921712 0.358357 -0.180398 -0.380543 0.906997 -0.191384 -0.193917 0.962169 -0.375411 -0.193916 0.906346 -0.353868 -0.380542 0.85438 -0.109197 0.828654 0.549007 -0.0756573 0.921713 0.380423 -0.148415 0.921712 0.358357 -0.214214 0.828656 0.517147 -0.162575 -0.55276 0.817329 -0.180398 -0.380543 0.906997 -0.353868 -0.380542 0.85438 -0.318895 -0.552764 0.769908 -0.138527 0.704048 0.69651 -0.109197 0.828654 0.549007 -0.214214 0.828656 0.517147 -0.271749 0.704063 0.656086 -0.138527 -0.704048 0.69651 -0.162575 -0.55276 0.817329 -0.318895 -0.552764 0.769908 -0.271749 -0.704063 0.656086 -0.375411 -0.193916 0.906346 -0.382682 0 0.92388 -0.555573 0 0.831468 -0.545015 -0.19392 0.815692 -0.148415 0.921712 0.358357 -0.0769081 0.979602 0.185648 -0.111639 0.979601 0.167092 -0.215497 0.921714 0.322498 -0.353868 -0.380542 0.85438 -0.375411 -0.193916 0.906346 -0.545015 -0.19392 0.815692 -0.513756 -0.38054 0.768924 -0.214214 0.828656 0.517147 -0.148415 0.921712 0.358357 -0.215497 0.921714 0.322498 -0.31099 0.828657 0.465417 -0.318895 -0.552764 0.769908 -0.353868 -0.380542 0.85438 -0.513756 -0.38054 0.768924 -0.462972 -0.552759 0.692902 -0.271749 0.704063 0.656086 -0.214214 0.828656 0.517147 -0.31099 0.828657 0.465417 -0.394528 0.704059 0.590465 -0.271749 -0.704063 0.656086 -0.318895 -0.552764 0.769908 -0.462972 -0.552759 0.692902 -0.394528 -0.704059 0.590465 -0.318895 0.552764 0.769908 -0.271749 0.704063 0.656086 -0.394528 0.704059 0.590465 -0.462972 0.552759 0.692902 -0.214214 -0.828656 0.517147 -0.271749 -0.704063 0.656086 -0.394528 -0.704059 0.590465 -0.31099 -0.828657 0.465417 -0.353868 0.380542 0.85438 -0.318895 0.552764 0.769908 -0.462972 0.552759 0.692902 -0.513756 0.38054 0.768924 -0.148415 -0.921712 0.358357 -0.214214 -0.828656 0.517147 -0.31099 -0.828657 0.465417 -0.215497 -0.921714 0.322498 -0.375411 0.193916 0.906346 -0.353868 0.380542 0.85438 -0.513756 0.38054 0.768924 -0.545015 0.19392 0.815692 -0.0769081 -0.979602 0.185648 -0.148415 -0.921712 0.358357 -0.215497 -0.921714 0.322498 -0.111639 -0.979601 0.167092 -0.382682 0 0.92388 -0.375411 0.193916 0.906346 -0.545015 0.19392 0.815692 -0.555573 0 0.831468 -0.0769081 0.979602 0.185648 0 1 -0 -0.111639 0.979601 0.167092 0 -1 -0 -0.0769081 -0.979602 0.185648 -0.111639 -0.979601 0.167092 -0.31099 -0.828657 0.465417 -0.394528 -0.704059 0.590465 -0.502143 -0.704063 0.502143 -0.395805 -0.82866 0.395805 -0.513756 0.38054 0.768924 -0.462972 0.552759 0.692902 -0.589261 0.55276 0.589261 -0.653906 0.380545 0.653906 -0.215497 -0.921714 0.322498 -0.31099 -0.828657 0.465417 -0.395805 -0.82866 0.395805 -0.274275 -0.921708 0.274275 -0.545015 0.19392 0.815692 -0.513756 0.38054 0.768924 -0.653906 0.380545 0.653906 -0.693684 0.193923 0.693684 -0.111639 -0.979601 0.167092 -0.215497 -0.921714 0.322498 -0.274275 -0.921708 0.274275 -0.142097 -0.979601 0.142097 -0.555573 0 0.831468 -0.545015 0.19392 0.815692 -0.693684 0.193923 0.693684 -0.707107 0 0.707107 -0.111639 0.979601 0.167092 0 1 -0 -0.142097 0.979601 0.142097 0 -1 -0 -0.111639 -0.979601 0.167092 -0.142097 -0.979601 0.142097 -0.545015 -0.19392 0.815692 -0.555573 0 0.831468 -0.707107 0 0.707107 -0.693684 -0.193923 0.693684 -0.215497 0.921714 0.322498 -0.111639 0.979601 0.167092 -0.142097 0.979601 0.142097 -0.274275 0.921708 0.274275 -0.513756 -0.38054 0.768924 -0.545015 -0.19392 0.815692 -0.693684 -0.193923 0.693684 -0.653906 -0.380545 0.653906 -0.31099 0.828657 0.465417 -0.215497 0.921714 0.322498 -0.274275 0.921708 0.274275 -0.395805 0.82866 0.395805 -0.462972 -0.552759 0.692902 -0.513756 -0.38054 0.768924 -0.653906 -0.380545 0.653906 -0.589261 -0.55276 0.589261 -0.394528 0.704059 0.590465 -0.31099 0.828657 0.465417 -0.395805 0.82866 0.395805 -0.502143 0.704063 0.502143 -0.394528 -0.704059 0.590465 -0.462972 -0.552759 0.692902 -0.589261 -0.55276 0.589261 -0.502143 -0.704063 0.502143 -0.462972 0.552759 0.692902 -0.394528 0.704059 0.590465 -0.502143 0.704063 0.502143 -0.589261 0.55276 0.589261 -0.653906 -0.380545 0.653906 -0.693684 -0.193923 0.693684 -0.815692 -0.19392 0.545015 -0.768924 -0.38054 0.513756 -0.395805 0.82866 0.395805 -0.274275 0.921708 0.274275 -0.322498 0.921714 0.215497 -0.465417 0.828657 0.31099 -0.589261 -0.55276 0.589261 -0.653906 -0.380545 0.653906 -0.768924 -0.38054 0.513756 -0.692902 -0.552759 0.462972 -0.502143 0.704063 0.502143 -0.395805 0.82866 0.395805 -0.465417 0.828657 0.31099 -0.590465 0.704059 0.394528 -0.502143 -0.704063 0.502143 -0.589261 -0.55276 0.589261 -0.692902 -0.552759 0.462972 -0.590465 -0.704059 0.394528 -0.589261 0.55276 0.589261 -0.502143 0.704063 0.502143 -0.590465 0.704059 0.394528 -0.692902 0.552759 0.462972 -0.395805 -0.82866 0.395805 -0.502143 -0.704063 0.502143 -0.590465 -0.704059 0.394528 -0.465417 -0.828657 0.31099 -0.653906 0.380545 0.653906 -0.589261 0.55276 0.589261 -0.692902 0.552759 0.462972 -0.768924 0.38054 0.513756 -0.274275 -0.921708 0.274275 -0.395805 -0.82866 0.395805 -0.465417 -0.828657 0.31099 -0.322498 -0.921714 0.215497 -0.693684 0.193923 0.693684 -0.653906 0.380545 0.653906 -0.768924 0.38054 0.513756 -0.815692 0.19392 0.545015 -0.142097 -0.979601 0.142097 -0.274275 -0.921708 0.274275 -0.322498 -0.921714 0.215497 -0.167092 -0.979601 0.111639 -0.707107 0 0.707107 -0.693684 0.193923 0.693684 -0.815692 0.19392 0.545015 -0.831468 0 0.555573 -0.142097 0.979601 0.142097 0 1 -0 -0.167092 0.979601 0.111639 0 -1 -0 -0.142097 -0.979601 0.142097 -0.167092 -0.979601 0.111639 -0.693684 -0.193923 0.693684 -0.707107 0 0.707107 -0.831468 0 0.555573 -0.815692 -0.19392 0.545015 -0.274275 0.921708 0.274275 -0.142097 0.979601 0.142097 -0.167092 0.979601 0.111639 -0.322498 0.921714 0.215497 -0.322498 -0.921714 0.215497 -0.465417 -0.828657 0.31099 -0.517147 -0.828656 0.214214 -0.358357 -0.921712 0.148415 -0.815692 0.19392 0.545015 -0.768924 0.38054 0.513756 -0.85438 0.380542 0.353868 -0.906346 0.193916 0.375411 -0.167092 -0.979601 0.111639 -0.322498 -0.921714 0.215497 -0.358357 -0.921712 0.148415 -0.185648 -0.979602 0.0769081 -0.831468 0 0.555573 -0.815692 0.19392 0.545015 -0.906346 0.193916 0.375411 -0.92388 0 0.382682 -0.167092 0.979601 0.111639 0 1 -0 -0.185648 0.979602 0.0769081 0 -1 -0 -0.167092 -0.979601 0.111639 -0.185648 -0.979602 0.0769081 -0.815692 -0.19392 0.545015 -0.831468 0 0.555573 -0.92388 0 0.382682 -0.906346 -0.193916 0.375411 -0.322498 0.921714 0.215497 -0.167092 0.979601 0.111639 -0.185648 0.979602 0.0769081 -0.358357 0.921712 0.148415 -0.768924 -0.38054 0.513756 -0.815692 -0.19392 0.545015 -0.906346 -0.193916 0.375411 -0.85438 -0.380542 0.353868 -0.465417 0.828657 0.31099 -0.322498 0.921714 0.215497 -0.358357 0.921712 0.148415 -0.517147 0.828656 0.214214 -0.692902 -0.552759 0.462972 -0.768924 -0.38054 0.513756 -0.85438 -0.380542 0.353868 -0.769908 -0.552764 0.318895 -0.590465 0.704059 0.394528 -0.465417 0.828657 0.31099 -0.517147 0.828656 0.214214 -0.656086 0.704063 0.271749 -0.590465 -0.704059 0.394528 -0.692902 -0.552759 0.462972 -0.769908 -0.552764 0.318895 -0.656086 -0.704063 0.271749 -0.692902 0.552759 0.462972 -0.590465 0.704059 0.394528 -0.656086 0.704063 0.271749 -0.769908 0.552764 0.318895 -0.465417 -0.828657 0.31099 -0.590465 -0.704059 0.394528 -0.656086 -0.704063 0.271749 -0.517147 -0.828656 0.214214 -0.768924 0.38054 0.513756 -0.692902 0.552759 0.462972 -0.769908 0.552764 0.318895 -0.85438 0.380542 0.353868 -0.517147 0.828656 0.214214 -0.358357 0.921712 0.148415 -0.380423 0.921713 0.0756573 -0.549007 0.828654 0.109197 -0.769908 -0.552764 0.318895 -0.85438 -0.380542 0.353868 -0.906997 -0.380543 0.180398 -0.817329 -0.55276 0.162575 -0.656086 0.704063 0.271749 -0.517147 0.828656 0.214214 -0.549007 0.828654 0.109197 -0.69651 0.704048 0.138527 -0.656086 -0.704063 0.271749 -0.769908 -0.552764 0.318895 -0.817329 -0.55276 0.162575 -0.69651 -0.704048 0.138527 -0.769908 0.552764 0.318895 -0.656086 0.704063 0.271749 -0.69651 0.704048 0.138527 -0.817329 0.55276 0.162575 -0.517147 -0.828656 0.214214 -0.656086 -0.704063 0.271749 -0.69651 -0.704048 0.138527 -0.549007 -0.828654 0.109197 -0.85438 0.380542 0.353868 -0.769908 0.552764 0.318895 -0.817329 0.55276 0.162575 -0.906997 0.380543 0.180398 -0.358357 -0.921712 0.148415 -0.517147 -0.828656 0.214214 -0.549007 -0.828654 0.109197 -0.380423 -0.921713 0.0756573 -0.906346 0.193916 0.375411 -0.85438 0.380542 0.353868 -0.906997 0.380543 0.180398 -0.962169 0.193917 0.191384 -0.185648 -0.979602 0.0769081 -0.358357 -0.921712 0.148415 -0.380423 -0.921713 0.0756573 -0.197092 -0.979602 0.0391865 -0.92388 0 0.382682 -0.906346 0.193916 0.375411 -0.962169 0.193917 0.191384 -0.980788 0 0.195077 -0.185648 0.979602 0.0769081 0 1 -0 -0.197092 0.979602 0.0391865 0 -1 -0 -0.185648 -0.979602 0.0769081 -0.197092 -0.979602 0.0391865 -0.906346 -0.193916 0.375411 -0.92388 0 0.382682 -0.980788 0 0.195077 -0.962169 -0.193917 0.191384 -0.358357 0.921712 0.148415 -0.185648 0.979602 0.0769081 -0.197092 0.979602 0.0391865 -0.380423 0.921713 0.0756573 -0.85438 -0.380542 0.353868 -0.906346 -0.193916 0.375411 -0.962169 -0.193917 0.191384 -0.906997 -0.380543 0.180398 -0.962169 0.193917 0.191384 -0.906997 0.380543 0.180398 -0.924763 0.380544 -0 -0.981017 0.193921 -0 -0.197092 -0.979602 0.0391865 -0.380423 -0.921713 0.0756573 -0.38787 -0.921714 -0 -0.200967 -0.979598 -0 -0.980788 0 0.195077 -0.962169 0.193917 0.191384 -0.981017 0.193921 -0 -1 0 -0 -0.197092 0.979602 0.0391865 0 1 -0 -0.200967 0.979598 -0 0 -1 -0 -0.197092 -0.979602 0.0391865 -0.200967 -0.979598 -0 -0.962169 -0.193917 0.191384 -0.980788 0 0.195077 -1 0 -0 -0.981017 -0.193921 -0 -0.380423 0.921713 0.0756573 -0.197092 0.979602 0.0391865 -0.200967 0.979598 -0 -0.38787 0.921714 -0 -0.906997 -0.380543 0.180398 -0.962169 -0.193917 0.191384 -0.981017 -0.193921 -0 -0.924763 -0.380544 -0 -0.549007 0.828654 0.109197 -0.380423 0.921713 0.0756573 -0.38787 0.921714 -0 -0.559775 0.828645 -0 -0.817329 -0.55276 0.162575 -0.906997 -0.380543 0.180398 -0.924763 -0.380544 -0 -0.833344 -0.552755 -0 -0.69651 0.704048 0.138527 -0.549007 0.828654 0.109197 -0.559775 0.828645 -0 -0.710152 0.704048 -0 -0.69651 -0.704048 0.138527 -0.817329 -0.55276 0.162575 -0.833344 -0.552755 -0 -0.710152 -0.704048 -0 -0.817329 0.55276 0.162575 -0.69651 0.704048 0.138527 -0.710152 0.704048 -0 -0.833344 0.552755 -0 -0.549007 -0.828654 0.109197 -0.69651 -0.704048 0.138527 -0.710152 -0.704048 -0 -0.559775 -0.828645 -0 -0.906997 0.380543 0.180398 -0.817329 0.55276 0.162575 -0.833344 0.552755 -0 -0.924763 0.380544 -0 -0.380423 -0.921713 0.0756573 -0.549007 -0.828654 0.109197 -0.559775 -0.828645 -0 -0.38787 -0.921714 -0 -0.833344 -0.552755 -0 -0.924763 -0.380544 -0 -0.906997 -0.380543 -0.180398 -0.817329 -0.55276 -0.162575 -0.710152 0.704048 -0 -0.559775 0.828645 -0 -0.549007 0.828654 -0.109197 -0.69651 0.704048 -0.138527 -0.710152 -0.704048 -0 -0.833344 -0.552755 -0 -0.817329 -0.55276 -0.162575 -0.69651 -0.704048 -0.138527 -0.833344 0.552755 -0 -0.710152 0.704048 -0 -0.69651 0.704048 -0.138527 -0.817329 0.55276 -0.162575 -0.559775 -0.828645 -0 -0.710152 -0.704048 -0 -0.69651 -0.704048 -0.138527 -0.549007 -0.828654 -0.109197 -0.924763 0.380544 -0 -0.833344 0.552755 -0 -0.817329 0.55276 -0.162575 -0.906997 0.380543 -0.180398 -0.38787 -0.921714 -0 -0.559775 -0.828645 -0 -0.549007 -0.828654 -0.109197 -0.380423 -0.921713 -0.0756573 -0.981017 0.193921 -0 -0.924763 0.380544 -0 -0.906997 0.380543 -0.180398 -0.962169 0.193917 -0.191384 -0.200967 -0.979598 -0 -0.38787 -0.921714 -0 -0.380423 -0.921713 -0.0756573 -0.197092 -0.979602 -0.0391865 -1 0 -0 -0.981017 0.193921 -0 -0.962169 0.193917 -0.191384 -0.980788 0 -0.195077 -0.200967 0.979598 -0 0 1 -0 -0.197092 0.979602 -0.0391865 0 -1 -0 -0.200967 -0.979598 -0 -0.197092 -0.979602 -0.0391865 -0.981017 -0.193921 -0 -1 0 -0 -0.980788 0 -0.195077 -0.962169 -0.193917 -0.191384 -0.38787 0.921714 -0 -0.200967 0.979598 -0 -0.197092 0.979602 -0.0391865 -0.380423 0.921713 -0.0756573 -0.924763 -0.380544 -0 -0.981017 -0.193921 -0 -0.962169 -0.193917 -0.191384 -0.906997 -0.380543 -0.180398 -0.559775 0.828645 -0 -0.38787 0.921714 -0 -0.380423 0.921713 -0.0756573 -0.549007 0.828654 -0.109197 -0.197092 -0.979602 -0.0391865 -0.380423 -0.921713 -0.0756573 -0.358357 -0.921712 -0.148415 -0.185648 -0.979602 -0.0769081 -0.980788 0 -0.195077 -0.962169 0.193917 -0.191384 -0.906346 0.193916 -0.375411 -0.92388 0 -0.382682 -0.197092 0.979602 -0.0391865 0 1 -0 -0.185648 0.979602 -0.0769081 0 -1 -0 -0.197092 -0.979602 -0.0391865 -0.185648 -0.979602 -0.0769081 -0.962169 -0.193917 -0.191384 -0.980788 0 -0.195077 -0.92388 0 -0.382682 -0.906346 -0.193916 -0.375411 -0.380423 0.921713 -0.0756573 -0.197092 0.979602 -0.0391865 -0.185648 0.979602 -0.0769081 -0.358357 0.921712 -0.148415 -0.906997 -0.380543 -0.180398 -0.962169 -0.193917 -0.191384 -0.906346 -0.193916 -0.375411 -0.85438 -0.380542 -0.353868 -0.549007 0.828654 -0.109197 -0.380423 0.921713 -0.0756573 -0.358357 0.921712 -0.148415 -0.517147 0.828656 -0.214214 -0.817329 -0.55276 -0.162575 -0.906997 -0.380543 -0.180398 -0.85438 -0.380542 -0.353868 -0.769908 -0.552764 -0.318895 -0.69651 0.704048 -0.138527 -0.549007 0.828654 -0.109197 -0.517147 0.828656 -0.214214 -0.656086 0.704063 -0.271749 -0.69651 -0.704048 -0.138527 -0.817329 -0.55276 -0.162575 -0.769908 -0.552764 -0.318895 -0.656086 -0.704063 -0.271749 -0.817329 0.55276 -0.162575 -0.69651 0.704048 -0.138527 -0.656086 0.704063 -0.271749 -0.769908 0.552764 -0.318895 -0.549007 -0.828654 -0.109197 -0.69651 -0.704048 -0.138527 -0.656086 -0.704063 -0.271749 -0.517147 -0.828656 -0.214214 -0.906997 0.380543 -0.180398 -0.817329 0.55276 -0.162575 -0.769908 0.552764 -0.318895 -0.85438 0.380542 -0.353868 -0.380423 -0.921713 -0.0756573 -0.549007 -0.828654 -0.109197 -0.517147 -0.828656 -0.214214 -0.358357 -0.921712 -0.148415 -0.962169 0.193917 -0.191384 -0.906997 0.380543 -0.180398 -0.85438 0.380542 -0.353868 -0.906346 0.193916 -0.375411 -0.656086 0.704063 -0.271749 -0.517147 0.828656 -0.214214 -0.465417 0.828657 -0.31099 -0.590465 0.704059 -0.394528 -0.656086 -0.704063 -0.271749 -0.769908 -0.552764 -0.318895 -0.692902 -0.552759 -0.462972 -0.590465 -0.704059 -0.394528 -0.769908 0.552764 -0.318895 -0.656086 0.704063 -0.271749 -0.590465 0.704059 -0.394528 -0.692902 0.552759 -0.462972 -0.517147 -0.828656 -0.214214 -0.656086 -0.704063 -0.271749 -0.590465 -0.704059 -0.394528 -0.465417 -0.828657 -0.31099 -0.85438 0.380542 -0.353868 -0.769908 0.552764 -0.318895 -0.692902 0.552759 -0.462972 -0.768924 0.38054 -0.513756 -0.358357 -0.921712 -0.148415 -0.517147 -0.828656 -0.214214 -0.465417 -0.828657 -0.31099 -0.322498 -0.921714 -0.215497 -0.906346 0.193916 -0.375411 -0.85438 0.380542 -0.353868 -0.768924 0.38054 -0.513756 -0.815692 0.19392 -0.545015 -0.185648 -0.979602 -0.0769081 -0.358357 -0.921712 -0.148415 -0.322498 -0.921714 -0.215497 -0.167092 -0.979601 -0.111639 -0.92388 0 -0.382682 -0.906346 0.193916 -0.375411 -0.815692 0.19392 -0.545015 -0.831468 0 -0.555573 -0.185648 0.979602 -0.0769081 0 1 -0 -0.167092 0.979601 -0.111639 0 -1 -0 -0.185648 -0.979602 -0.0769081 -0.167092 -0.979601 -0.111639 -0.906346 -0.193916 -0.375411 -0.92388 0 -0.382682 -0.831468 0 -0.555573 -0.815692 -0.19392 -0.545015 -0.358357 0.921712 -0.148415 -0.185648 0.979602 -0.0769081 -0.167092 0.979601 -0.111639 -0.322498 0.921714 -0.215497 -0.85438 -0.380542 -0.353868 -0.906346 -0.193916 -0.375411 -0.815692 -0.19392 -0.545015 -0.768924 -0.38054 -0.513756 -0.517147 0.828656 -0.214214 -0.358357 0.921712 -0.148415 -0.322498 0.921714 -0.215497 -0.465417 0.828657 -0.31099 -0.769908 -0.552764 -0.318895 -0.85438 -0.380542 -0.353868 -0.768924 -0.38054 -0.513756 -0.692902 -0.552759 -0.462972 -0.831468 0 -0.555573 -0.815692 0.19392 -0.545015 -0.693684 0.193923 -0.693684 -0.707107 0 -0.707107 -0.167092 0.979601 -0.111639 0 1 -0 -0.142097 0.979601 -0.142097 0 -1 -0 -0.167092 -0.979601 -0.111639 -0.142097 -0.979601 -0.142097 -0.815692 -0.19392 -0.545015 -0.831468 0 -0.555573 -0.707107 0 -0.707107 -0.693684 -0.193923 -0.693684 -0.322498 0.921714 -0.215497 -0.167092 0.979601 -0.111639 -0.142097 0.979601 -0.142097 -0.274275 0.921708 -0.274275 -0.768924 -0.38054 -0.513756 -0.815692 -0.19392 -0.545015 -0.693684 -0.193923 -0.693684 -0.653906 -0.380545 -0.653906 -0.465417 0.828657 -0.31099 -0.322498 0.921714 -0.215497 -0.274275 0.921708 -0.274275 -0.395805 0.82866 -0.395805 -0.692902 -0.552759 -0.462972 -0.768924 -0.38054 -0.513756 -0.653906 -0.380545 -0.653906 -0.589261 -0.55276 -0.589261 -0.590465 0.704059 -0.394528 -0.465417 0.828657 -0.31099 -0.395805 0.82866 -0.395805 -0.502143 0.704063 -0.502143 -0.590465 -0.704059 -0.394528 -0.692902 -0.552759 -0.462972 -0.589261 -0.55276 -0.589261 -0.502143 -0.704063 -0.502143 -0.692902 0.552759 -0.462972 -0.590465 0.704059 -0.394528 -0.502143 0.704063 -0.502143 -0.589261 0.55276 -0.589261 -0.465417 -0.828657 -0.31099 -0.590465 -0.704059 -0.394528 -0.502143 -0.704063 -0.502143 -0.395805 -0.82866 -0.395805 -0.768924 0.38054 -0.513756 -0.692902 0.552759 -0.462972 -0.589261 0.55276 -0.589261 -0.653906 0.380545 -0.653906 -0.322498 -0.921714 -0.215497 -0.465417 -0.828657 -0.31099 -0.395805 -0.82866 -0.395805 -0.274275 -0.921708 -0.274275 -0.815692 0.19392 -0.545015 -0.768924 0.38054 -0.513756 -0.653906 0.380545 -0.653906 -0.693684 0.193923 -0.693684 -0.167092 -0.979601 -0.111639 -0.322498 -0.921714 -0.215497 -0.274275 -0.921708 -0.274275 -0.142097 -0.979601 -0.142097 -0.502143 -0.704063 -0.502143 -0.589261 -0.55276 -0.589261 -0.462972 -0.552759 -0.692902 -0.394528 -0.704059 -0.590465 -0.589261 0.55276 -0.589261 -0.502143 0.704063 -0.502143 -0.394528 0.704059 -0.590465 -0.462972 0.552759 -0.692902 -0.395805 -0.82866 -0.395805 -0.502143 -0.704063 -0.502143 -0.394528 -0.704059 -0.590465 -0.31099 -0.828657 -0.465417 -0.653906 0.380545 -0.653906 -0.589261 0.55276 -0.589261 -0.462972 0.552759 -0.692902 -0.513756 0.38054 -0.768924 -0.274275 -0.921708 -0.274275 -0.395805 -0.82866 -0.395805 -0.31099 -0.828657 -0.465417 -0.215497 -0.921714 -0.322498 -0.693684 0.193923 -0.693684 -0.653906 0.380545 -0.653906 -0.513756 0.38054 -0.768924 -0.545015 0.19392 -0.815692 -0.142097 -0.979601 -0.142097 -0.274275 -0.921708 -0.274275 -0.215497 -0.921714 -0.322498 -0.111639 -0.979601 -0.167092 -0.707107 0 -0.707107 -0.693684 0.193923 -0.693684 -0.545015 0.19392 -0.815692 -0.555573 0 -0.831468 -0.142097 0.979601 -0.142097 0 1 -0 -0.111639 0.979601 -0.167092 0 -1 -0 -0.142097 -0.979601 -0.142097 -0.111639 -0.979601 -0.167092 -0.693684 -0.193923 -0.693684 -0.707107 0 -0.707107 -0.555573 0 -0.831468 -0.545015 -0.19392 -0.815692 -0.274275 0.921708 -0.274275 -0.142097 0.979601 -0.142097 -0.111639 0.979601 -0.167092 -0.215497 0.921714 -0.322498 -0.653906 -0.380545 -0.653906 -0.693684 -0.193923 -0.693684 -0.545015 -0.19392 -0.815692 -0.513756 -0.38054 -0.768924 -0.395805 0.82866 -0.395805 -0.274275 0.921708 -0.274275 -0.215497 0.921714 -0.322498 -0.31099 0.828657 -0.465417 -0.589261 -0.55276 -0.589261 -0.653906 -0.380545 -0.653906 -0.513756 -0.38054 -0.768924 -0.462972 -0.552759 -0.692902 -0.502143 0.704063 -0.502143 -0.395805 0.82866 -0.395805 -0.31099 0.828657 -0.465417 -0.394528 0.704059 -0.590465 0 -1 -0 -0.111639 -0.979601 -0.167092 -0.0769081 -0.979602 -0.185648 -0.545015 -0.19392 -0.815692 -0.555573 0 -0.831468 -0.382682 0 -0.92388 -0.375411 -0.193916 -0.906346 -0.215497 0.921714 -0.322498 -0.111639 0.979601 -0.167092 -0.0769081 0.979602 -0.185648 -0.148415 0.921712 -0.358357 -0.513756 -0.38054 -0.768924 -0.545015 -0.19392 -0.815692 -0.375411 -0.193916 -0.906346 -0.353868 -0.380542 -0.85438 -0.31099 0.828657 -0.465417 -0.215497 0.921714 -0.322498 -0.148415 0.921712 -0.358357 -0.214214 0.828656 -0.517147 -0.462972 -0.552759 -0.692902 -0.513756 -0.38054 -0.768924 -0.353868 -0.380542 -0.85438 -0.318895 -0.552764 -0.769908 -0.394528 0.704059 -0.590465 -0.31099 0.828657 -0.465417 -0.214214 0.828656 -0.517147 -0.271749 0.704063 -0.656086 -0.394528 -0.704059 -0.590465 -0.462972 -0.552759 -0.692902 -0.318895 -0.552764 -0.769908 -0.271749 -0.704063 -0.656086 -0.462972 0.552759 -0.692902 -0.394528 0.704059 -0.590465 -0.271749 0.704063 -0.656086 -0.318895 0.552764 -0.769908 -0.31099 -0.828657 -0.465417 -0.394528 -0.704059 -0.590465 -0.271749 -0.704063 -0.656086 -0.214214 -0.828656 -0.517147 -0.513756 0.38054 -0.768924 -0.462972 0.552759 -0.692902 -0.318895 0.552764 -0.769908 -0.353868 0.380542 -0.85438 -0.215497 -0.921714 -0.322498 -0.31099 -0.828657 -0.465417 -0.214214 -0.828656 -0.517147 -0.148415 -0.921712 -0.358357 -0.545015 0.19392 -0.815692 -0.513756 0.38054 -0.768924 -0.353868 0.380542 -0.85438 -0.375411 0.193916 -0.906346 -0.111639 -0.979601 -0.167092 -0.215497 -0.921714 -0.322498 -0.148415 -0.921712 -0.358357 -0.0769081 -0.979602 -0.185648 -0.555573 0 -0.831468 -0.545015 0.19392 -0.815692 -0.375411 0.193916 -0.906346 -0.382682 0 -0.92388 -0.111639 0.979601 -0.167092 0 1 -0 -0.0769081 0.979602 -0.185648 -0.214214 -0.828656 -0.517147 -0.271749 -0.704063 -0.656086 -0.138527 -0.704048 -0.69651 -0.109197 -0.828654 -0.549007 -0.353868 0.380542 -0.85438 -0.318895 0.552764 -0.769908 -0.162575 0.55276 -0.817329 -0.180398 0.380543 -0.906997 -0.148415 -0.921712 -0.358357 -0.214214 -0.828656 -0.517147 -0.109197 -0.828654 -0.549007 -0.0756573 -0.921713 -0.380423 -0.375411 0.193916 -0.906346 -0.353868 0.380542 -0.85438 -0.180398 0.380543 -0.906997 -0.191384 0.193917 -0.962169 -0.0769081 -0.979602 -0.185648 -0.148415 -0.921712 -0.358357 -0.0756573 -0.921713 -0.380423 -0.0391865 -0.979602 -0.197092 -0.382682 0 -0.92388 -0.375411 0.193916 -0.906346 -0.191384 0.193917 -0.962169 -0.195077 0 -0.980788 -0.0769081 0.979602 -0.185648 0 1 -0 -0.0391865 0.979602 -0.197092 0 -1 -0 -0.0769081 -0.979602 -0.185648 -0.0391865 -0.979602 -0.197092 -0.375411 -0.193916 -0.906346 -0.382682 0 -0.92388 -0.195077 0 -0.980788 -0.191384 -0.193917 -0.962169 -0.148415 0.921712 -0.358357 -0.0769081 0.979602 -0.185648 -0.0391865 0.979602 -0.197092 -0.0756573 0.921713 -0.380423 -0.353868 -0.380542 -0.85438 -0.375411 -0.193916 -0.906346 -0.191384 -0.193917 -0.962169 -0.180398 -0.380543 -0.906997 -0.214214 0.828656 -0.517147 -0.148415 0.921712 -0.358357 -0.0756573 0.921713 -0.380423 -0.109197 0.828654 -0.549007 -0.318895 -0.552764 -0.769908 -0.353868 -0.380542 -0.85438 -0.180398 -0.380543 -0.906997 -0.162575 -0.55276 -0.817329 -0.271749 0.704063 -0.656086 -0.214214 0.828656 -0.517147 -0.109197 0.828654 -0.549007 -0.138527 0.704048 -0.69651 -0.271749 -0.704063 -0.656086 -0.318895 -0.552764 -0.769908 -0.162575 -0.55276 -0.817329 -0.138527 -0.704048 -0.69651 -0.318895 0.552764 -0.769908 -0.271749 0.704063 -0.656086 -0.138527 0.704048 -0.69651 -0.162575 0.55276 -0.817329 -0.0756573 0.921713 -0.380423 -0.0391865 0.979602 -0.197092 0 0.979598 -0.200967 0 0.921714 -0.38787 -0.180398 -0.380543 -0.906997 -0.191384 -0.193917 -0.962169 0 -0.193921 -0.981017 0 -0.380544 -0.924763 -0.109197 0.828654 -0.549007 -0.0756573 0.921713 -0.380423 0 0.921714 -0.38787 0 0.828645 -0.559775 -0.162575 -0.55276 -0.817329 -0.180398 -0.380543 -0.906997 0 -0.380544 -0.924763 0 -0.552755 -0.833344 -0.138527 0.704048 -0.69651 -0.109197 0.828654 -0.549007 0 0.828645 -0.559775 0 0.704048 -0.710152 -0.138527 -0.704048 -0.69651 -0.162575 -0.55276 -0.817329 0 -0.552755 -0.833344 0 -0.704048 -0.710152 -0.162575 0.55276 -0.817329 -0.138527 0.704048 -0.69651 0 0.704048 -0.710152 0 0.552755 -0.833344 -0.109197 -0.828654 -0.549007 -0.138527 -0.704048 -0.69651 0 -0.704048 -0.710152 0 -0.828645 -0.559775 -0.180398 0.380543 -0.906997 -0.162575 0.55276 -0.817329 0 0.552755 -0.833344 0 0.380544 -0.924763 -0.0756573 -0.921713 -0.380423 -0.109197 -0.828654 -0.549007 0 -0.828645 -0.559775 0 -0.921714 -0.38787 -0.191384 0.193917 -0.962169 -0.180398 0.380543 -0.906997 0 0.380544 -0.924763 0 0.193921 -0.981017 -0.0391865 -0.979602 -0.197092 -0.0756573 -0.921713 -0.380423 0 -0.921714 -0.38787 0 -0.979598 -0.200967 -0.195077 0 -0.980788 -0.191384 0.193917 -0.962169 0 0.193921 -0.981017 0 0 -1 -0.0391865 0.979602 -0.197092 0 1 -0 0 0.979598 -0.200967 0 -1 -0 -0.0391865 -0.979602 -0.197092 0 -0.979598 -0.200967 -0.191384 -0.193917 -0.962169 -0.195077 0 -0.980788 0 0 -1 0 -0.193921 -0.981017 </float_array>
     <technique_common>
      <accessor source="#ID11-array" count="1984" stride="3">
       <param name="X" type="float"/>
       <param name="Y" type="float"/>
       <param name="Z" type="float"/>
      </accessor>
     </technique_common>
    </source>
    <source id="geometrySource12">
     <float_array id="ID13-array" count="3968">0.75 0.4375 0.75 0.5 0.71875 0.5 0.71875 0.4375 0.75 0.875 0.75 0.9375 0.71875 0.9375 0.71875 0.875 0.75 0.375 0.75 0.4375 0.71875 0.4375 0.71875 0.375 0.75 0.8125 0.75 0.875 0.71875 0.875 0.71875 0.8125 0.75 0.3125 0.75 0.375 0.71875 0.375 0.71875 0.3125 0.75 0.75 0.75 0.8125 0.71875 0.8125 0.71875 0.75 0.75 0.25 0.75 0.3125 0.71875 0.3125 0.71875 0.25 0.75 0.6875 0.75 0.75 0.71875 0.75 0.71875 0.6875 0.75 0.1875 0.75 0.25 0.71875 0.25 0.71875 0.1875 0.75 0.625 0.75 0.6875 0.71875 0.6875 0.71875 0.625 0.75 0.125 0.75 0.1875 0.71875 0.1875 0.71875 0.125 0.75 0.5625 0.75 0.625 0.71875 0.625 0.71875 0.5625 0.75 0.0624999 0.75 0.125 0.71875 0.125 0.71875 0.0624999 0.75 0.5 0.75 0.5625 0.71875 0.5625 0.71875 0.5 0.75 0.9375 0.734375 1 0.71875 0.9375 0.734375 0 0.75 0.0624999 0.71875 0.0624999 0.71875 0.0624999 0.71875 0.125 0.6875 0.125 0.6875 0.0624999 0.71875 0.5 0.71875 0.5625 0.6875 0.5625 0.6875 0.5 0.71875 0.9375 0.703125 1 0.6875 0.9375 0.703125 0 0.71875 0.0624999 0.6875 0.0624999 0.71875 0.4375 0.71875 0.5 0.6875 0.5 0.6875 0.4375 0.71875 0.875 0.71875 0.9375 0.6875 0.9375 0.6875 0.875 0.71875 0.375 0.71875 0.4375 0.6875 0.4375 0.6875 0.375 0.71875 0.8125 0.71875 0.875 0.6875 0.875 0.6875 0.8125 0.71875 0.3125 0.71875 0.375 0.6875 0.375 0.6875 0.3125 0.71875 0.75 0.71875 0.8125 0.6875 0.8125 0.6875 0.75 0.71875 0.25 0.71875 0.3125 0.6875 0.3125 0.6875 0.25 0.71875 0.6875 0.71875 0.75 0.6875 0.75 0.6875 0.6875 0.71875 0.1875 0.71875 0.25 0.6875 0.25 0.6875 0.1875 0.71875 0.625 0.71875 0.6875 0.6875 0.6875 0.6875 0.625 0.71875 0.125 0.71875 0.1875 0.6875 0.1875 0.6875 0.125 0.71875 0.5625 0.71875 0.625 0.6875 0.625 0.6875 0.5625 0.6875 0.25 0.6875 0.3125 0.65625 0.3125 0.65625 0.25 0.6875 0.6875 0.6875 0.75 0.65625 0.75 0.65625 0.6875 0.6875 0.1875 0.6875 0.25 0.65625 0.25 0.65625 0.1875 0.6875 0.625 0.6875 0.6875 0.65625 0.6875 0.65625 0.625 0.6875 0.125 0.6875 0.1875 0.65625 0.1875 0.65625 0.125 0.6875 0.5625 0.6875 0.625 0.65625 0.625 0.65625 0.5625 0.6875 0.0624999 0.6875 0.125 0.65625 0.125 0.65625 0.0624999 0.6875 0.5 0.6875 0.5625 0.65625 0.5625 0.65625 0.5 0.6875 0.9375 0.671875 1 0.65625 0.9375 0.671875 0 0.6875 0.0624999 0.65625 0.0624999 0.6875 0.4375 0.6875 0.5 0.65625 0.5 0.65625 0.4375 0.6875 0.875 0.6875 0.9375 0.65625 0.9375 0.65625 0.875 0.6875 0.375 0.6875 0.4375 0.65625 0.4375 0.65625 0.375 0.6875 0.8125 0.6875 0.875 0.65625 0.875 0.65625 0.8125 0.6875 0.3125 0.6875 0.375 0.65625 0.375 0.65625 0.3125 0.6875 0.75 0.6875 0.8125 0.65625 0.8125 0.65625 0.75 0.65625 0.9375 0.640625 1 0.625 0.9375 0.640625 0 0.65625 0.0624999 0.625 0.0624999 0.65625 0.4375 0.65625 0.5 0.625 0.5 0.625 0.4375 0.65625 0.875 0.65625 0.9375 0.625 0.9375 0.625 0.875 0.65625 0.375 0.65625 0.4375 0.625 0.4375 0.625 0.375 0.65625 0.8125 0.65625 0.875 0.625 0.875 0.625 0.8125 0.65625 0.3125 0.65625 0.375 0.625 0.375 0.625 0.3125 0.65625 0.75 0.65625 0.8125 0.625 0.8125 0.625 0.75 0.65625 0.25 0.65625 0.3125 0.625 0.3125 0.625 0.25 0.65625 0.6875 0.65625 0.75 0.625 0.75 0.625 0.6875 0.65625 0.1875 0.65625 0.25 0.625 0.25 0.625 0.1875 0.65625 0.625 0.65625 0.6875 0.625 0.6875 0.625 0.625 0.65625 0.125 0.65625 0.1875 0.625 0.1875 0.625 0.125 0.65625 0.5625 0.65625 0.625 0.625 0.625 0.625 0.5625 0.65625 0.0624999 0.65625 0.125 0.625 0.125 0.625 0.0624999 0.65625 0.5 0.65625 0.5625 0.625 0.5625 0.625 0.5 0.625 0.6875 0.625 0.75 0.59375 0.75 0.59375 0.6875 0.625 0.1875 0.625 0.25 0.59375 0.25 0.59375 0.1875 0.625 0.625 0.625 0.6875 0.59375 0.6875 0.59375 0.625 0.625 0.125 0.625 0.1875 0.59375 0.1875 0.59375 0.125 0.625 0.5625 0.625 0.625 0.59375 0.625 0.59375 0.5625 0.625 0.0624999 0.625 0.125 0.59375 0.125 0.59375 0.0624999 0.625 0.5 0.625 0.5625 0.59375 0.5625 0.59375 0.5 0.625 0.9375 0.609375 1 0.59375 0.9375 0.609375 0 0.625 0.0624999 0.59375 0.0624999 0.625 0.4375 0.625 0.5 0.59375 0.5 0.59375 0.4375 0.625 0.875 0.625 0.9375 0.59375 0.9375 0.59375 0.875 0.625 0.375 0.625 0.4375 0.59375 0.4375 0.59375 0.375 0.625 0.8125 0.625 0.875 0.59375 0.875 0.59375 0.8125 0.625 0.3125 0.625 0.375 0.59375 0.375 0.59375 0.3125 0.625 0.75 0.625 0.8125 0.59375 0.8125 0.59375 0.75 0.625 0.25 0.625 0.3125 0.59375 0.3125 0.59375 0.25 0.59375 0.4375 0.59375 0.5 0.5625 0.5 0.5625 0.4375 0.59375 0.875 0.59375 0.9375 0.5625 0.9375 0.5625 0.875 0.59375 0.375 0.59375 0.4375 0.5625 0.4375 0.5625 0.375 0.59375 0.8125 0.59375 0.875 0.5625 0.875 0.5625 0.8125 0.59375 0.3125 0.59375 0.375 0.5625 0.375 0.5625 0.3125 0.59375 0.75 0.59375 0.8125 0.5625 0.8125 0.5625 0.75 0.59375 0.25 0.59375 0.3125 0.5625 0.3125 0.5625 0.25 0.59375 0.6875 0.59375 0.75 0.5625 0.75 0.5625 0.6875 0.59375 0.1875 0.59375 0.25 0.5625 0.25 0.5625 0.1875 0.59375 0.625 0.59375 0.6875 0.5625 0.6875 0.5625 0.625 0.59375 0.125 0.59375 0.1875 0.5625 0.1875 0.5625 0.125 0.59375 0.5625 0.59375 0.625 0.5625 0.625 0.5625 0.5625 0.59375 0.0624999 0.59375 0.125 0.5625 0.125 0.5625 0.0624999 0.59375 0.5 0.59375 0.5625 0.5625 0.5625 0.5625 0.5 0.59375 0.9375 0.578125 1 0.5625 0.9375 0.578125 0 0.59375 0.0624999 0.5625 0.0624999 0.5625 0.1875 0.5625 0.25 0.53125 0.25 0.53125 0.1875 0.5625 0.625 0.5625 0.6875 0.53125 0.6875 0.53125 0.625 0.5625 0.125 0.5625 0.1875 0.53125 0.1875 0.53125 0.125 0.5625 0.5625 0.5625 0.625 0.53125 0.625 0.53125 0.5625 0.5625 0.0624999 0.5625 0.125 0.53125 0.125 0.53125 0.0624999 0.5625 0.5 0.5625 0.5625 0.53125 0.5625 0.53125 0.5 0.5625 0.9375 0.546875 1 0.53125 0.9375 0.546875 0 0.5625 0.0624999 0.53125 0.0624999 0.5625 0.4375 0.5625 0.5 0.53125 0.5 0.53125 0.4375 0.5625 0.875 0.5625 0.9375 0.53125 0.9375 0.53125 0.875 0.5625 0.375 0.5625 0.4375 0.53125 0.4375 0.53125 0.375 0.5625 0.8125 0.5625 0.875 0.53125 0.875 0.53125 0.8125 0.5625 0.3125 0.5625 0.375 0.53125 0.375 0.53125 0.3125 0.5625 0.75 0.5625 0.8125 0.53125 0.8125 0.53125 0.75 0.5625 0.25 0.5625 0.3125 0.53125 0.3125 0.53125 0.25 0.5625 0.6875 0.5625 0.75 0.53125 0.75 0.53125 0.6875 0.53125 0.875 0.53125 0.9375 0.5 0.9375 0.5 0.875 0.53125 0.375 0.53125 0.4375 0.5 0.4375 0.5 0.375 0.53125 0.8125 0.53125 0.875 0.5 0.875 0.5 0.8125 0.53125 0.3125 0.53125 0.375 0.5 0.375 0.5 0.3125 0.53125 0.75 0.53125 0.8125 0.5 0.8125 0.5 0.75 0.53125 0.25 0.53125 0.3125 0.5 0.3125 0.5 0.25 0.53125 0.6875 0.53125 0.75 0.5 0.75 0.5 0.6875 0.53125 0.1875 0.53125 0.25 0.5 0.25 0.5 0.1875 0.53125 0.625 0.53125 0.6875 0.5 0.6875 0.5 0.625 0.53125 0.125 0.53125 0.1875 0.5 0.1875 0.5 0.125 0.53125 0.5625 0.53125 0.625 0.5 0.625 0.5 0.5625 0.53125 0.0624999 0.53125 0.125 0.5 0.125 0.5 0.0624999 0.53125 0.5 0.53125 0.5625 0.5 0.5625 0.5 0.5 0.53125 0.9375 0.515625 1 0.5 0.9375 0.515625 0 0.53125 0.0624999 0.5 0.0624999 0.53125 0.4375 0.53125 0.5 0.5 0.5 0.5 0.4375 0.5 0.625 0.5 0.6875 0.46875 0.6875 0.46875 0.625 0.5 0.125 0.5 0.1875 0.46875 0.1875 0.46875 0.125 0.5 0.5625 0.5 0.625 0.46875 0.625 0.46875 0.5625 0.5 0.0624999 0.5 0.125 0.46875 0.125 0.46875 0.0624999 0.5 0.5 0.5 0.5625 0.46875 0.5625 0.46875 0.5 0.5 0.9375 0.484374 1 0.46875 0.9375 0.484375 0 0.5 0.0624999 0.46875 0.0624999 0.5 0.4375 0.5 0.5 0.46875 0.5 0.46875 0.4375 0.5 0.875 0.5 0.9375 0.46875 0.9375 0.46875 0.875 0.5 0.375 0.5 0.4375 0.46875 0.4375 0.46875 0.375 0.5 0.8125 0.5 0.875 0.46875 0.875 0.46875 0.8125 0.5 0.3125 0.5 0.375 0.46875 0.375 0.46875 0.3125 0.5 0.75 0.5 0.8125 0.46875 0.8125 0.46875 0.75 0.5 0.25 0.5 0.3125 0.46875 0.3125 0.46875 0.25 0.5 0.6875 0.5 0.75 0.46875 0.75 0.46875 0.6875 0.5 0.1875 0.5 0.25 0.46875 0.25 0.46875 0.1875 0.46875 0.375 0.46875 0.4375 0.4375 0.4375 0.4375 0.375 0.46875 0.8125 0.46875 0.875 0.4375 0.875 0.4375 0.8125 0.46875 0.3125 0.46875 0.375 0.4375 0.375 0.4375 0.3125 0.46875 0.75 0.46875 0.8125 0.4375 0.8125 0.4375 0.75 0.46875 0.25 0.46875 0.3125 0.4375 0.3125 0.4375 0.25 0.46875 0.6875 0.46875 0.75 0.4375 0.75 0.4375 0.6875 0.46875 0.1875 0.46875 0.25 0.4375 0.25 0.4375 0.1875 0.46875 0.625 0.46875 0.6875 0.4375 0.6875 0.4375 0.625 0.46875 0.125 0.46875 0.1875 0.4375 0.1875 0.4375 0.125 0.46875 0.5625 0.46875 0.625 0.4375 0.625 0.4375 0.5625 0.46875 0.0624999 0.46875 0.125 0.4375 0.125 0.4375 0.0624999 0.46875 0.5 0.46875 0.5625 0.4375 0.5625 0.4375 0.5 0.46875 0.9375 0.453124 1 0.4375 0.9375 0.453125 0 0.46875 0.0624999 0.4375 0.0624999 0.46875 0.4375 0.46875 0.5 0.4375 0.5 0.4375 0.4375 0.46875 0.875 0.46875 0.9375 0.4375 0.9375 0.4375 0.875 0.4375 0.125 0.4375 0.1875 0.40625 0.1875 0.40625 0.125 0.4375 0.5625 0.4375 0.625 0.40625 0.625 0.40625 0.5625 0.4375 0.0624999 0.4375 0.125 0.40625 0.125 0.40625 0.0624999 0.4375 0.5 0.4375 0.5625 0.40625 0.5625 0.40625 0.5 0.4375 0.9375 0.421874 1 0.40625 0.9375 0.421875 0 0.4375 0.0624999 0.40625 0.0624999 0.4375 0.4375 0.4375 0.5 0.40625 0.5 0.40625 0.4375 0.4375 0.875 0.4375 0.9375 0.40625 0.9375 0.40625 0.875 0.4375 0.375 0.4375 0.4375 0.40625 0.4375 0.40625 0.375 0.4375 0.8125 0.4375 0.875 0.40625 0.875 0.40625 0.8125 0.4375 0.3125 0.4375 0.375 0.40625 0.375 0.40625 0.3125 0.4375 0.75 0.4375 0.8125 0.40625 0.8125 0.40625 0.75 0.4375 0.25 0.4375 0.3125 0.40625 0.3125 0.40625 0.25 0.4375 0.6875 0.4375 0.75 0.40625 0.75 0.40625 0.6875 0.4375 0.1875 0.4375 0.25 0.40625 0.25 0.40625 0.1875 0.4375 0.625 0.4375 0.6875 0.40625 0.6875 0.40625 0.625 0.40625 0.3125 0.40625 0.375 0.375 0.375 0.375 0.3125 0.40625 0.75 0.40625 0.8125 0.375 0.8125 0.375 0.75 0.40625 0.25 0.40625 0.3125 0.375 0.3125 0.375 0.25 0.40625 0.6875 0.40625 0.75 0.375 0.75 0.375 0.6875 0.40625 0.1875 0.40625 0.25 0.375 0.25 0.375 0.1875 0.40625 0.625 0.40625 0.6875 0.375 0.6875 0.375 0.625 0.40625 0.125 0.40625 0.1875 0.375 0.1875 0.375 0.125 0.40625 0.5625 0.40625 0.625 0.375 0.625 0.375 0.5625 0.40625 0.0624999 0.40625 0.125 0.375 0.125 0.375 0.0624999 0.40625 0.5 0.40625 0.5625 0.375 0.5625 0.375 0.5 0.40625 0.9375 0.390624 1 0.375 0.9375 0.390625 0 0.40625 0.0624999 0.375 0.0624999 0.40625 0.4375 0.40625 0.5 0.375 0.5 0.375 0.4375 0.40625 0.875 0.40625 0.9375 0.375 0.9375 0.375 0.875 0.40625 0.375 0.40625 0.4375 0.375 0.4375 0.375 0.375 0.40625 0.8125 0.40625 0.875 0.375 0.875 0.375 0.8125 0.375 0.0624999 0.375 0.125 0.34375 0.125 0.34375 0.0624999 0.375 0.5 0.375 0.5625 0.34375 0.5625 0.34375 0.5 0.375 0.9375 0.359375 1 0.34375 0.9375 0.359375 0 0.375 0.0624999 0.34375 0.0624999 0.375 0.4375 0.375 0.5 0.34375 0.5 0.34375 0.4375 0.375 0.875 0.375 0.9375 0.34375 0.9375 0.34375 0.875 0.375 0.375 0.375 0.4375 0.34375 0.4375 0.34375 0.375 0.375 0.8125 0.375 0.875 0.34375 0.875 0.34375 0.8125 0.375 0.3125 0.375 0.375 0.34375 0.375 0.34375 0.3125 0.375 0.75 0.375 0.8125 0.34375 0.8125 0.34375 0.75 0.375 0.25 0.375 0.3125 0.34375 0.3125 0.34375 0.25 0.375 0.6875 0.375 0.75 0.34375 0.75 0.34375 0.6875 0.375 0.1875 0.375 0.25 0.34375 0.25 0.34375 0.1875 0.375 0.625 0.375 0.6875 0.34375 0.6875 0.34375 0.625 0.375 0.125 0.375 0.1875 0.34375 0.1875 0.34375 0.125 0.375 0.5625 0.375 0.625 0.34375 0.625 0.34375 0.5625 0.34375 0.75 0.34375 0.8125 0.3125 0.8125 0.3125 0.75 0.34375 0.25 0.34375 0.3125 0.3125 0.3125 0.3125 0.25 0.34375 0.6875 0.34375 0.75 0.3125 0.75 0.3125 0.6875 0.34375 0.1875 0.34375 0.25 0.3125 0.25 0.3125 0.1875 0.34375 0.625 0.34375 0.6875 0.3125 0.6875 0.3125 0.625 0.34375 0.125 0.34375 0.1875 0.3125 0.1875 0.3125 0.125 0.34375 0.5625 0.34375 0.625 0.3125 0.625 0.3125 0.5625 0.34375 0.0624999 0.34375 0.125 0.3125 0.125 0.3125 0.0624999 0.34375 0.5 0.34375 0.5625 0.3125 0.5625 0.3125 0.5 0.34375 0.9375 0.328125 1 0.3125 0.9375 0.328125 0 0.34375 0.0624999 0.3125 0.0624999 0.34375 0.4375 0.34375 0.5 0.3125 0.5 0.3125 0.4375 0.34375 0.875 0.34375 0.9375 0.3125 0.9375 0.3125 0.875 0.34375 0.375 0.34375 0.4375 0.3125 0.4375 0.3125 0.375 0.34375 0.8125 0.34375 0.875 0.3125 0.875 0.3125 0.8125 0.34375 0.3125 0.34375 0.375 0.3125 0.375 0.3125 0.3125 0.3125 0.5 0.3125 0.5625 0.28125 0.5625 0.28125 0.5 0.3125 0.9375 0.296875 1 0.28125 0.9375 0.296875 0 0.3125 0.0624999 0.28125 0.0624999 0.3125 0.4375 0.3125 0.5 0.28125 0.5 0.28125 0.4375 0.3125 0.875 0.3125 0.9375 0.28125 0.9375 0.28125 0.875 0.3125 0.375 0.3125 0.4375 0.28125 0.4375 0.28125 0.375 0.3125 0.8125 0.3125 0.875 0.28125 0.875 0.28125 0.8125 0.3125 0.3125 0.3125 0.375 0.28125 0.375 0.28125 0.3125 0.3125 0.75 0.3125 0.8125 0.28125 0.8125 0.28125 0.75 0.3125 0.25 0.3125 0.3125 0.28125 0.3125 0.28125 0.25 0.3125 0.6875 0.3125 0.75 0.28125 0.75 0.28125 0.6875 0.3125 0.1875 0.3125 0.25 0.28125 0.25 0.28125 0.1875 0.3125 0.625 0.3125 0.6875 0.28125 0.6875 0.28125 0.625 0.3125 0.125 0.3125 0.1875 0.28125 0.1875 0.28125 0.125 0.3125 0.5625 0.3125 0.625 0.28125 0.625 0.28125 0.5625 0.3125 0.0624999 0.3125 0.125 0.28125 0.125 0.28125 0.0624999 0.28125 0.25 0.28125 0.3125 0.25 0.3125 0.25 0.25 0.28125 0.6875 0.28125 0.75 0.25 0.75 0.25 0.6875 0.28125 0.1875 0.28125 0.25 0.25 0.25 0.25 0.1875 0.28125 0.625 0.28125 0.6875 0.25 0.6875 0.25 0.625 0.28125 0.125 0.28125 0.1875 0.25 0.1875 0.25 0.125 0.28125 0.5625 0.28125 0.625 0.25 0.625 0.25 0.5625 0.28125 0.0624999 0.28125 0.125 0.25 0.125 0.25 0.0624999 0.28125 0.5 0.28125 0.5625 0.25 0.5625 0.25 0.5 0.28125 0.9375 0.265625 1 0.25 0.9375 0.265625 0 0.28125 0.0624999 0.25 0.0624999 0.28125 0.4375 0.28125 0.5 0.25 0.5 0.25 0.4375 0.28125 0.875 0.28125 0.9375 0.25 0.9375 0.25 0.875 0.28125 0.375 0.28125 0.4375 0.25 0.4375 0.25 0.375 0.28125 0.8125 0.28125 0.875 0.25 0.875 0.25 0.8125 0.28125 0.3125 0.28125 0.375 0.25 0.375 0.25 0.3125 0.28125 0.75 0.28125 0.8125 0.25 0.8125 0.25 0.75 0.25 0.9375 0.234375 1 0.21875 0.9375 0.234375 0 0.25 0.0624999 0.21875 0.0624999 0.25 0.4375 0.25 0.5 0.21875 0.5 0.21875 0.4375 0.25 0.875 0.25 0.9375 0.21875 0.9375 0.21875 0.875 0.25 0.375 0.25 0.4375 0.21875 0.4375 0.21875 0.375 0.25 0.8125 0.25 0.875 0.21875 0.875 0.21875 0.8125 0.25 0.3125 0.25 0.375 0.21875 0.375 0.21875 0.3125 0.25 0.75 0.25 0.8125 0.21875 0.8125 0.21875 0.75 0.25 0.25 0.25 0.3125 0.21875 0.3125 0.21875 0.25 0.25 0.6875 0.25 0.75 0.21875 0.75 0.21875 0.6875 0.25 0.1875 0.25 0.25 0.21875 0.25 0.21875 0.1875 0.25 0.625 0.25 0.6875 0.21875 0.6875 0.21875 0.625 0.25 0.125 0.25 0.1875 0.21875 0.1875 0.21875 0.125 0.25 0.5625 0.25 0.625 0.21875 0.625 0.21875 0.5625 0.25 0.0624999 0.25 0.125 0.21875 0.125 0.21875 0.0624999 0.25 0.5 0.25 0.5625 0.21875 0.5625 0.21875 0.5 0.21875 0.6875 0.21875 0.75 0.1875 0.75 0.1875 0.6875 0.21875 0.1875 0.21875 0.25 0.1875 0.25 0.1875 0.1875 0.21875 0.625 0.21875 0.6875 0.1875 0.6875 0.1875 0.625 0.21875 0.125 0.21875 0.1875 0.1875 0.1875 0.1875 0.125 0.21875 0.5625 0.21875 0.625 0.1875 0.625 0.1875 0.5625 0.21875 0.0624999 0.21875 0.125 0.1875 0.125 0.1875 0.0624999 0.21875 0.5 0.21875 0.5625 0.1875 0.5625 0.1875 0.5 0.21875 0.9375 0.203125 1 0.1875 0.9375 0.203125 0 0.21875 0.0624999 0.1875 0.0624999 0.21875 0.4375 0.21875 0.5 0.1875 0.5 0.1875 0.4375 0.21875 0.875 0.21875 0.9375 0.1875 0.9375 0.1875 0.875 0.21875 0.375 0.21875 0.4375 0.1875 0.4375 0.1875 0.375 0.21875 0.8125 0.21875 0.875 0.1875 0.875 0.1875 0.8125 0.21875 0.3125 0.21875 0.375 0.1875 0.375 0.1875 0.3125 0.21875 0.75 0.21875 0.8125 0.1875 0.8125 0.1875 0.75 0.21875 0.25 0.21875 0.3125 0.1875 0.3125 0.1875 0.25 0.1875 0.4375 0.1875 0.5 0.15625 0.5 0.15625 0.4375 0.1875 0.875 0.1875 0.9375 0.15625 0.9375 0.15625 0.875 0.1875 0.375 0.1875 0.4375 0.15625 0.4375 0.15625 0.375 0.1875 0.8125 0.1875 0.875 0.15625 0.875 0.15625 0.8125 0.1875 0.3125 0.1875 0.375 0.15625 0.375 0.15625 0.3125 0.1875 0.75 0.1875 0.8125 0.15625 0.8125 0.15625 0.75 0.1875 0.25 0.1875 0.3125 0.15625 0.3125 0.15625 0.25 0.1875 0.6875 0.1875 0.75 0.15625 0.75 0.15625 0.6875 0.1875 0.1875 0.1875 0.25 0.15625 0.25 0.15625 0.1875 0.1875 0.625 0.1875 0.6875 0.15625 0.6875 0.15625 0.625 0.1875 0.125 0.1875 0.1875 0.15625 0.1875 0.15625 0.125 0.1875 0.5625 0.1875 0.625 0.15625 0.625 0.15625 0.5625 0.1875 0.0624999 0.1875 0.125 0.15625 0.125 0.15625 0.0624999 0.1875 0.5 0.1875 0.5625 0.15625 0.5625 0.15625 0.5 0.1875 0.9375 0.171875 1 0.15625 0.9375 0.171875 0 0.1875 0.0624999 0.15625 0.0624999 0.15625 0.1875 0.15625 0.25 0.125 0.25 0.125 0.1875 0.15625 0.625 0.15625 0.6875 0.125 0.6875 0.125 0.625 0.15625 0.125 0.15625 0.1875 0.125 0.1875 0.125 0.125 0.15625 0.5625 0.15625 0.625 0.125 0.625 0.125 0.5625 0.15625 0.0624999 0.15625 0.125 0.125 0.125 0.125 0.0624999 0.15625 0.5 0.15625 0.5625 0.125 0.5625 0.125 0.5 0.15625 0.9375 0.140625 1 0.125 0.9375 0.140625 0 0.15625 0.0624999 0.125 0.0624999 0.15625 0.4375 0.15625 0.5 0.125 0.5 0.125 0.4375 0.15625 0.875 0.15625 0.9375 0.125 0.9375 0.125 0.875 0.15625 0.375 0.15625 0.4375 0.125 0.4375 0.125 0.375 0.15625 0.8125 0.15625 0.875 0.125 0.875 0.125 0.8125 0.15625 0.3125 0.15625 0.375 0.125 0.375 0.125 0.3125 0.15625 0.75 0.15625 0.8125 0.125 0.8125 0.125 0.75 0.15625 0.25 0.15625 0.3125 0.125 0.3125 0.125 0.25 0.15625 0.6875 0.15625 0.75 0.125 0.75 0.125 0.6875 0.125 0.375 0.125 0.4375 0.09375 0.4375 0.09375 0.375 0.125 0.8125 0.125 0.875 0.0937501 0.875 0.09375 0.8125 0.125 0.3125 0.125 0.375 0.09375 0.375 0.09375 0.3125 0.125 0.75 0.125 0.8125 0.09375 0.8125 0.09375 0.75 0.125 0.25 0.125 0.3125 0.09375 0.3125 0.09375 0.25 0.125 0.6875 0.125 0.75 0.09375 0.75 0.09375 0.6875 0.125 0.1875 0.125 0.25 0.09375 0.25 0.09375 0.1875 0.125 0.625 0.125 0.6875 0.09375 0.6875 0.09375 0.625 0.125 0.125 0.125 0.1875 0.09375 0.1875 0.0937501 0.125 0.125 0.5625 0.125 0.625 0.09375 0.625 0.09375 0.5625 0.125 0.0624999 0.125 0.125 0.0937501 0.125 0.0937502 0.0624999 0.125 0.5 0.125 0.5625 0.09375 0.5625 0.09375 0.5 0.125 0.9375 0.109375 1 0.0937502 0.9375 0.109375 0 0.125 0.0624999 0.0937502 0.0624999 0.125 0.4375 0.125 0.5 0.09375 0.5 0.09375 0.4375 0.125 0.875 0.125 0.9375 0.0937502 0.9375 0.0937501 0.875 0.0937501 0.125 0.09375 0.1875 0.0625001 0.1875 0.0625001 0.125 0.09375 0.5625 0.09375 0.625 0.0625 0.625 0.0625 0.5625 0.0937502 0.0624999 0.0937501 0.125 0.0625001 0.125 0.0625002 0.0624999 0.09375 0.5 0.09375 0.5625 0.0625 0.5625 0.0625 0.5 0.0937502 0.9375 0.0781254 1 0.0625002 0.9375 0.0781253 0 0.0937502 0.0624999 0.0625002 0.0624999 0.09375 0.4375 0.09375 0.5 0.0625 0.5 0.0625 0.4375 0.0937501 0.875 0.0937502 0.9375 0.0625002 0.9375 0.0625001 0.875 0.09375 0.375 0.09375 0.4375 0.0625 0.4375 0.0625 0.375 0.09375 0.8125 0.0937501 0.875 0.0625001 0.875 0.0625001 0.8125 0.09375 0.3125 0.09375 0.375 0.0625 0.375 0.0625 0.3125 0.09375 0.75 0.09375 0.8125 0.0625001 0.8125 0.0625 0.75 0.09375 0.25 0.09375 0.3125 0.0625 0.3125 0.0625 0.25 0.09375 0.6875 0.09375 0.75 0.0625 0.75 0.0625 0.6875 0.09375 0.1875 0.09375 0.25 0.0625 0.25 0.0625001 0.1875 0.09375 0.625 0.09375 0.6875 0.0625 0.6875 0.0625 0.625 0.0625001 0.8125 0.0625001 0.875 0.03125 0.875 0.03125 0.8125 0.0625 0.3125 0.0625 0.375 0.03125 0.375 0.03125 0.3125 0.0625 0.75 0.0625001 0.8125 0.03125 0.8125 0.03125 0.75 0.0625 0.25 0.0625 0.3125 0.03125 0.3125 0.03125 0.25 0.0625 0.6875 0.0625 0.75 0.03125 0.75 0.03125 0.6875 0.0625001 0.1875 0.0625 0.25 0.03125 0.25 0.03125 0.1875 0.0625 0.625 0.0625 0.6875 0.03125 0.6875 0.03125 0.625 0.0625001 0.125 0.0625001 0.1875 0.03125 0.1875 0.03125 0.125 0.0625 0.5625 0.0625 0.625 0.03125 0.625 0.0312499 0.5625 0.0625002 0.0624999 0.0625001 0.125 0.03125 0.125 0.0312502 0.0624999 0.0625 0.5 0.0625 0.5625 0.0312499 0.5625 0.03125 0.5 0.0625002 0.9375 0.0468754 1 0.0312502 0.9375 0.0468754 0 0.0625002 0.0624999 0.0312502 0.0624999 0.0625 0.4375 0.0625 0.5 0.03125 0.5 0.0312499 0.4375 0.0625001 0.875 0.0625002 0.9375 0.0312502 0.9375 0.03125 0.875 0.0625 0.375 0.0625 0.4375 0.0312499 0.4375 0.03125 0.375 0.0312499 0.5625 0.03125 0.625 0 0.625 0 0.5625 0.0312502 0.0624999 0.03125 0.125 0 0.125 2.38419e-07 0.0624999 0.03125 0.5 0.0312499 0.5625 0 0.5625 0 0.5 0.0312502 0.9375 0.0156255 1 2.38419e-07 0.9375 0.0156254 0 0.0312502 0.0624999 2.38419e-07 0.0624999 0.0312499 0.4375 0.03125 0.5 0 0.5 0 0.4375 0.03125 0.875 0.0312502 0.9375 2.38419e-07 0.9375 0 0.875 0.03125 0.375 0.0312499 0.4375 0 0.4375 0 0.375 0.03125 0.8125 0.03125 0.875 0 0.875 0 0.8125 0.03125 0.3125 0.03125 0.375 0 0.375 0 0.3125 0.03125 0.75 0.03125 0.8125 0 0.8125 0 0.75 0.03125 0.25 0.03125 0.3125 0 0.3125 0 0.25 0.03125 0.6875 0.03125 0.75 0 0.75 0 0.6875 0.03125 0.1875 0.03125 0.25 0 0.25 0 0.1875 0.03125 0.625 0.03125 0.6875 0 0.6875 0 0.625 0.03125 0.125 0.03125 0.1875 0 0.1875 0 0.125 1 0.3125 1 0.375 0.96875 0.375 0.96875 0.3125 1 0.75 1 0.8125 0.96875 0.8125 0.96875 0.75 1 0.25 1 0.3125 0.96875 0.3125 0.96875 0.25 1 0.6875 1 0.75 0.96875 0.75 0.96875 0.6875 1 0.1875 1 0.25 0.96875 0.25 0.96875 0.1875 1 0.625 1 0.6875 0.96875 0.6875 0.96875 0.625 1 0.125 1 0.1875 0.96875 0.1875 0.96875 0.125 1 0.5625 1 0.625 0.96875 0.625 0.96875 0.5625 1 0.0624999 1 0.125 0.96875 0.125 0.96875 0.0624999 1 0.5 1 0.5625 0.96875 0.5625 0.96875 0.5 1 0.9375 0.984375 1 0.96875 0.9375 0.984375 0 1 0.0624999 0.96875 0.0624999 1 0.4375 1 0.5 0.96875 0.5 0.96875 0.4375 1 0.875 1 0.9375 0.96875 0.9375 0.96875 0.875 1 0.375 1 0.4375 0.96875 0.4375 0.96875 0.375 1 0.8125 1 0.875 0.96875 0.875 0.96875 0.8125 0.96875 0.0624999 0.96875 0.125 0.9375 0.125 0.9375 0.0624999 0.96875 0.5 0.96875 0.5625 0.9375 0.5625 0.9375 0.5 0.96875 0.9375 0.953125 1 0.9375 0.9375 0.953125 0 0.96875 0.0624999 0.9375 0.0624999 0.96875 0.4375 0.96875 0.5 0.9375 0.5 0.9375 0.4375 0.96875 0.875 0.96875 0.9375 0.9375 0.9375 0.9375 0.875 0.96875 0.375 0.96875 0.4375 0.9375 0.4375 0.9375 0.375 0.96875 0.8125 0.96875 0.875 0.9375 0.875 0.9375 0.8125 0.96875 0.3125 0.96875 0.375 0.9375 0.375 0.9375 0.3125 0.96875 0.75 0.96875 0.8125 0.9375 0.8125 0.9375 0.75 0.96875 0.25 0.96875 0.3125 0.9375 0.3125 0.9375 0.25 0.96875 0.6875 0.96875 0.75 0.9375 0.75 0.9375 0.6875 0.96875 0.1875 0.96875 0.25 0.9375 0.25 0.9375 0.1875 0.96875 0.625 0.96875 0.6875 0.9375 0.6875 0.9375 0.625 0.96875 0.125 0.96875 0.1875 0.9375 0.1875 0.9375 0.125 0.96875 0.5625 0.96875 0.625 0.9375 0.625 0.9375 0.5625 0.9375 0.75 0.9375 0.8125 0.90625 0.8125 0.90625 0.75 0.9375 0.25 0.9375 0.3125 0.90625 0.3125 0.90625 0.25 0.9375 0.6875 0.9375 0.75 0.90625 0.75 0.90625 0.6875 0.9375 0.1875 0.9375 0.25 0.90625 0.25 0.90625 0.1875 0.9375 0.625 0.9375 0.6875 0.90625 0.6875 0.90625 0.625 0.9375 0.125 0.9375 0.1875 0.90625 0.1875 0.90625 0.125 0.9375 0.5625 0.9375 0.625 0.90625 0.625 0.90625 0.5625 0.9375 0.0624999 0.9375 0.125 0.90625 0.125 0.90625 0.0624999 0.9375 0.5 0.9375 0.5625 0.90625 0.5625 0.90625 0.5 0.9375 0.9375 0.921875 1 0.90625 0.9375 0.921875 0 0.9375 0.0624999 0.90625 0.0624999 0.9375 0.4375 0.9375 0.5 0.90625 0.5 0.90625 0.4375 0.9375 0.875 0.9375 0.9375 0.90625 0.9375 0.90625 0.875 0.9375 0.375 0.9375 0.4375 0.90625 0.4375 0.90625 0.375 0.9375 0.8125 0.9375 0.875 0.90625 0.875 0.90625 0.8125 0.9375 0.3125 0.9375 0.375 0.90625 0.375 0.90625 0.3125 0.90625 0.5 0.90625 0.5625 0.875 0.5625 0.875 0.5 0.90625 0.9375 0.890625 1 0.875 0.9375 0.890625 0 0.90625 0.0624999 0.875 0.0624999 0.90625 0.4375 0.90625 0.5 0.875 0.5 0.875 0.4375 0.90625 0.875 0.90625 0.9375 0.875 0.9375 0.875 0.875 0.90625 0.375 0.90625 0.4375 0.875 0.4375 0.875 0.375 0.90625 0.8125 0.90625 0.875 0.875 0.875 0.875 0.8125 0.90625 0.3125 0.90625 0.375 0.875 0.375 0.875 0.3125 0.90625 0.75 0.90625 0.8125 0.875 0.8125 0.875 0.75 0.90625 0.25 0.90625 0.3125 0.875 0.3125 0.875 0.25 0.90625 0.6875 0.90625 0.75 0.875 0.75 0.875 0.6875 0.90625 0.1875 0.90625 0.25 0.875 0.25 0.875 0.1875 0.90625 0.625 0.90625 0.6875 0.875 0.6875 0.875 0.625 0.90625 0.125 0.90625 0.1875 0.875 0.1875 0.875 0.125 0.90625 0.5625 0.90625 0.625 0.875 0.625 0.875 0.5625 0.90625 0.0624999 0.90625 0.125 0.875 0.125 0.875 0.0624999 0.875 0.25 0.875 0.3125 0.84375 0.3125 0.84375 0.25 0.875 0.6875 0.875 0.75 0.84375 0.75 0.84375 0.6875 0.875 0.1875 0.875 0.25 0.84375 0.25 0.84375 0.1875 0.875 0.625 0.875 0.6875 0.84375 0.6875 0.84375 0.625 0.875 0.125 0.875 0.1875 0.84375 0.1875 0.84375 0.125 0.875 0.5625 0.875 0.625 0.84375 0.625 0.84375 0.5625 0.875 0.0624999 0.875 0.125 0.84375 0.125 0.84375 0.0624999 0.875 0.5 0.875 0.5625 0.84375 0.5625 0.84375 0.5 0.875 0.9375 0.859375 1 0.84375 0.9375 0.859375 0 0.875 0.0624999 0.84375 0.0624999 0.875 0.4375 0.875 0.5 0.84375 0.5 0.84375 0.4375 0.875 0.875 0.875 0.9375 0.84375 0.9375 0.84375 0.875 0.875 0.375 0.875 0.4375 0.84375 0.4375 0.84375 0.375 0.875 0.8125 0.875 0.875 0.84375 0.875 0.84375 0.8125 0.875 0.3125 0.875 0.375 0.84375 0.375 0.84375 0.3125 0.875 0.75 0.875 0.8125 0.84375 0.8125 0.84375 0.75 0.828125 0 0.84375 0.0624999 0.8125 0.0624999 0.84375 0.4375 0.84375 0.5 0.8125 0.5 0.8125 0.4375 0.84375 0.875 0.84375 0.9375 0.8125 0.9375 0.8125 0.875 0.84375 0.375 0.84375 0.4375 0.8125 0.4375 0.8125 0.375 0.84375 0.8125 0.84375 0.875 0.8125 0.875 0.8125 0.8125 0.84375 0.3125 0.84375 0.375 0.8125 0.375 0.8125 0.3125 0.84375 0.75 0.84375 0.8125 0.8125 0.8125 0.8125 0.75 0.84375 0.25 0.84375 0.3125 0.8125 0.3125 0.8125 0.25 0.84375 0.6875 0.84375 0.75 0.8125 0.75 0.8125 0.6875 0.84375 0.1875 0.84375 0.25 0.8125 0.25 0.8125 0.1875 0.84375 0.625 0.84375 0.6875 0.8125 0.6875 0.8125 0.625 0.84375 0.125 0.84375 0.1875 0.8125 0.1875 0.8125 0.125 0.84375 0.5625 0.84375 0.625 0.8125 0.625 0.8125 0.5625 0.84375 0.0624999 0.84375 0.125 0.8125 0.125 0.8125 0.0624999 0.84375 0.5 0.84375 0.5625 0.8125 0.5625 0.8125 0.5 0.84375 0.9375 0.828125 1 0.8125 0.9375 0.8125 0.1875 0.8125 0.25 0.78125 0.25 0.78125 0.1875 0.8125 0.625 0.8125 0.6875 0.78125 0.6875 0.78125 0.625 0.8125 0.125 0.8125 0.1875 0.78125 0.1875 0.78125 0.125 0.8125 0.5625 0.8125 0.625 0.78125 0.625 0.78125 0.5625 0.8125 0.0624999 0.8125 0.125 0.78125 0.125 0.78125 0.0624999 0.8125 0.5 0.8125 0.5625 0.78125 0.5625 0.78125 0.5 0.8125 0.9375 0.796875 1 0.78125 0.9375 0.796875 0 0.8125 0.0624999 0.78125 0.0624999 0.8125 0.4375 0.8125 0.5 0.78125 0.5 0.78125 0.4375 0.8125 0.875 0.8125 0.9375 0.78125 0.9375 0.78125 0.875 0.8125 0.375 0.8125 0.4375 0.78125 0.4375 0.78125 0.375 0.8125 0.8125 0.8125 0.875 0.78125 0.875 0.78125 0.8125 0.8125 0.3125 0.8125 0.375 0.78125 0.375 0.78125 0.3125 0.8125 0.75 0.8125 0.8125 0.78125 0.8125 0.78125 0.75 0.8125 0.25 0.8125 0.3125 0.78125 0.3125 0.78125 0.25 0.8125 0.6875 0.8125 0.75 0.78125 0.75 0.78125 0.6875 0.78125 0.875 0.78125 0.9375 0.75 0.9375 0.75 0.875 0.78125 0.375 0.78125 0.4375 0.75 0.4375 0.75 0.375 0.78125 0.8125 0.78125 0.875 0.75 0.875 0.75 0.8125 0.78125 0.3125 0.78125 0.375 0.75 0.375 0.75 0.3125 0.78125 0.75 0.78125 0.8125 0.75 0.8125 0.75 0.75 0.78125 0.25 0.78125 0.3125 0.75 0.3125 0.75 0.25 0.78125 0.6875 0.78125 0.75 0.75 0.75 0.75 0.6875 0.78125 0.1875 0.78125 0.25 0.75 0.25 0.75 0.1875 0.78125 0.625 0.78125 0.6875 0.75 0.6875 0.75 0.625 0.78125 0.125 0.78125 0.1875 0.75 0.1875 0.75 0.125 0.78125 0.5625 0.78125 0.625 0.75 0.625 0.75 0.5625 0.78125 0.0624999 0.78125 0.125 0.75 0.125 0.75 0.0624999 0.78125 0.5 0.78125 0.5625 0.75 0.5625 0.75 0.5 0.78125 0.9375 0.765625 1 0.75 0.9375 0.765625 0 0.78125 0.0624999 0.75 0.0624999 0.78125 0.4375 0.78125 0.5 0.75 0.5 0.75 0.4375 </float_array>
     <technique_common>
      <accessor source="#ID13-array" count="1984" stride="2">
       <param name="S" type="float"/>
       <param name="T" type="float"/>
      </accessor>
     </technique_common>
    </source>
    <vertices id="geometrySource8-vertices">
     <input semantic="POSITION" source="#geometrySource8"/>
     <input semantic="NORMAL" source="#geometrySource10"/>
    </vertices>
    <triangles count="960" material="geometryElement14">
     <input semantic="VERTEX" offset="0" source="#geometrySource8-vertices"/>
     <input semantic="NORMAL" offset="0" source="#geometrySource10"/>
     <input semantic="TEXCOORD" offset="0" source="#geometrySource12" set="1"/>
     <p>0 1 2 0 2 3 4 5 6 4 6 7 8 9 10 8 10 11 12 13 14 12 14 15 16 17 18 16 18 19 20 21 22 20 22 23 24 25 26 24 26 27 28 29 30 28 30 31 32 33 34 32 34 35 36 37 38 36 38 39 40 41 42 40 42 43 44 45 46 44 46 47 48 49 50 48 50 51 52 53 54 52 54 55 56 57 58 59 60 61 62 63 64 62 64 65 66 67 68 66 68 69 70 71 72 73 74 75 76 77 78 76 78 79 80 81 82 80 82 83 84 85 86 84 86 87 88 89 90 88 90 91 92 93 94 92 94 95 96 97 98 96 98 99 100 101 102 100 102 103 104 105 106 104 106 107 108 109 110 108 110 111 112 113 114 112 114 115 116 117 118 116 118 119 120 121 122 120 122 123 124 125 126 124 126 127 128 129 130 128 130 131 132 133 134 132 134 135 136 137 138 136 138 139 140 141 142 140 142 143 144 145 146 144 146 147 148 149 150 148 150 151 152 153 154 152 154 155 156 157 158 159 160 161 162 163 164 162 164 165 166 167 168 166 168 169 170 171 172 170 172 173 174 175 176 174 176 177 178 179 180 178 180 181 182 183 184 182 184 185 186 187 188 189 190 191 192 193 194 192 194 195 196 197 198 196 198 199 200 201 202 200 202 203 204 205 206 204 206 207 208 209 210 208 210 211 212 213 214 212 214 215 216 217 218 216 218 219 220 221 222 220 222 223 224 225 226 224 226 227 228 229 230 228 230 231 232 233 234 232 234 235 236 237 238 236 238 239 240 241 242 240 242 243 244 245 246 244 246 247 248 249 250 248 250 251 252 253 254 252 254 255 256 257 258 256 258 259 260 261 262 260 262 263 264 265 266 264 266 267 268 269 270 268 270 271 272 273 274 272 274 275 276 277 278 279 280 281 282 283 284 282 284 285 286 287 288 286 288 289 290 291 292 290 292 293 294 295 296 294 296 297 298 299 300 298 300 301 302 303 304 302 304 305 306 307 308 306 308 309 310 311 312 310 312 313 314 315 316 314 316 317 318 319 320 318 320 321 322 323 324 322 324 325 326 327 328 326 328 329 330 331 332 330 332 333 334 335 336 334 336 337 338 339 340 338 340 341 342 343 344 342 344 345 346 347 348 346 348 349 350 351 352 350 352 353 354 355 356 354 356 357 358 359 360 358 360 361 362 363 364 362 364 365 366 367 368 369 370 371 372 373 374 372 374 375 376 377 378 376 378 379 380 381 382 380 382 383 384 385 386 384 386 387 388 389 390 388 390 391 392 393 394 392 394 395 396 397 398 399 400 401 402 403 404 402 404 405 406 407 408 406 408 409 410 411 412 410 412 413 414 415 416 414 416 417 418 419 420 418 420 421 422 423 424 422 424 425 426 427 428 426 428 429 430 431 432 430 432 433 434 435 436 434 436 437 438 439 440 438 440 441 442 443 444 442 444 445 446 447 448 446 448 449 450 451 452 450 452 453 454 455 456 454 456 457 458 459 460 458 460 461 462 463 464 462 464 465 466 467 468 466 468 469 470 471 472 470 472 473 474 475 476 474 476 477 478 479 480 478 480 481 482 483 484 482 484 485 486 487 488 489 490 491 492 493 494 492 494 495 496 497 498 496 498 499 500 501 502 500 502 503 504 505 506 504 506 507 508 509 510 508 510 511 512 513 514 512 514 515 516 517 518 519 520 521 522 523 524 522 524 525 526 527 528 526 528 529 530 531 532 530 532 533 534 535 536 534 536 537 538 539 540 538 540 541 542 543 544 542 544 545 546 547 548 546 548 549 550 551 552 550 552 553 554 555 556 554 556 557 558 559 560 558 560 561 562 563 564 562 564 565 566 567 568 566 568 569 570 571 572 570 572 573 574 575 576 574 576 577 578 579 580 578 580 581 582 583 584 582 584 585 586 587 588 586 588 589 590 591 592 590 592 593 594 595 596 594 596 597 598 599 600 598 600 601 602 603 604 602 604 605 606 607 608 609 610 611 612 613 614 612 614 615 616 617 618 616 618 619 620 621 622 620 622 623 624 625 626 624 626 627 628 629 630 628 630 631 632 633 634 632 634 635 636 637 638 639 640 641 642 643 644 642 644 645 646 647 648 646 648 649 650 651 652 650 652 653 654 655 656 654 656 657 658 659 660 658 660 661 662 663 664 662 664 665 666 667 668 666 668 669 670 671 672 670 672 673 674 675 676 674 676 677 678 679 680 678 680 681 682 683 684 682 684 685 686 687 688 686 688 689 690 691 692 690 692 693 694 695 696 694 696 697 698 699 700 698 700 701 702 703 704 702 704 705 706 707 708 706 708 709 710 711 712 710 712 713 714 715 716 714 716 717 718 719 720 718 720 721 722 723 724 725 726 727 728 729 730 728 730 731 732 733 734 732 734 735 736 737 738 736 738 739 740 741 742 740 742 743 744 745 746 744 746 747 748 749 750 748 750 751 752 753 754 755 756 757 758 759 760 758 760 761 762 763 764 762 764 765 766 767 768 766 768 769 770 771 772 770 772 773 774 775 776 774 776 777 778 779 780 778 780 781 782 783 784 782 784 785 786 787 788 786 788 789 790 791 792 790 792 793 794 795 796 794 796 797 798 799 800 798 800 801 802 803 804 802 804 805 806 807 808 806 808 809 810 811 812 810 812 813 814 815 816 814 816 817 818 819 820 818 820 821 822 823 824 822 824 825 826 827 828 826 828 829 830 831 832 830 832 833 834 835 836 834 836 837 838 839 840 838 840 841 842 843 844 845 846 847 848 849 850 848 850 851 852 853 854 852 854 855 856 857 858 856 858 859 860 861 862 860 862 863 864 865 866 864 866 867 868 869 870 868 870 871 872 873 874 875 876 877 878 879 880 878 880 881 882 883 884 882 884 885 886 887 888 886 888 889 890 891 892 890 892 893 894 895 896 894 896 897 898 899 900 898 900 901 902 903 904 902 904 905 906 907 908 906 908 909 910 911 912 910 912 913 914 915 916 914 916 917 918 919 920 918 920 921 922 923 924 922 924 925 926 927 928 926 928 929 930 931 932 930 932 933 934 935 936 934 936 937 938 939 940 938 940 941 942 943 944 942 944 945 946 947 948 946 948 949 950 951 952 950 952 953 954 955 956 954 956 957 958 959 960 958 960 961 962 963 964 965 966 967 968 969 970 968 970 971 972 973 974 972 974 975 976 977 978 976 978 979 980 981 982 980 982 983 984 985 986 984 986 987 988 989 990 988 990 991 992 993 994 995 996 997 998 999 1000 998 1000 1001 1002 1003 1004 1002 1004 1005 1006 1007 1008 1006 1008 1009 1010 1011 1012 1010 1012 1013 1014 1015 1016 1014 1016 1017 1018 1019 1020 1018 1020 1021 1022 1023 1024 1022 1024 1025 1026 1027 1028 1026 1028 1029 1030 1031 1032 1030 1032 1033 1034 1035 1036 1034 1036 1037 1038 1039 1040 1038 1040 1041 1042 1043 1044 1042 1044 1045 1046 1047 1048 1046 1048 1049 1050 1051 1052 1050 1052 1053 1054 1055 1056 1054 1056 1057 1058 1059 1060 1058 1060 1061 1062 1063 1064 1062 1064 1065 1066 1067 1068 1066 1068 1069 1070 1071 1072 1070 1072 1073 1074 1075 1076 1074 1076 1077 1078 1079 1080 1078 1080 1081 1082 1083 1084 1085 1086 1087 1088 1089 1090 1088 1090 1091 1092 1093 1094 1092 1094 1095 1096 1097 1098 1096 1098 1099 1100 1101 1102 1100 1102 1103 1104 1105 1106 1104 1106 1107 1108 1109 1110 1108 1110 1111 1112 1113 1114 1112 1114 1115 1116 1117 1118 1116 1118 1119 1120 1121 1122 1120 1122 1123 1124 1125 1126 1124 1126 1127 1128 1129 1130 1128 1130 1131 1132 1133 1134 1132 1134 1135 1136 1137 1138 1136 1138 1139 1140 1141 1142 1140 1142 1143 1144 1145 1146 1144 1146 1147 1148 1149 1150 1148 1150 1151 1152 1153 1154 1152 1154 1155 1156 1157 1158 1156 1158 1159 1160 1161 1162 1160 1162 1163 1164 1165 1166 1164 1166 1167 1168 1169 1170 1168 1170 1171 1172 1173 1174 1175 1176 1177 1178 1179 1180 1178 1180 1181 1182 1183 1184 1182 1184 1185 1186 1187 1188 1186 1188 1189 1190 1191 1192 1190 1192 1193 1194 1195 1196 1194 1196 1197 1198 1199 1200 1198 1200 1201 1202 1203 1204 1205 1206 1207 1208 1209 1210 1208 1210 1211 1212 1213 1214 1212 1214 1215 1216 1217 1218 1216 1218 1219 1220 1221 1222 1220 1222 1223 1224 1225 1226 1224 1226 1227 1228 1229 1230 1228 1230 1231 1232 1233 1234 1232 1234 1235 1236 1237 1238 1236 1238 1239 1240 1241 1242 1240 1242 1243 1244 1245 1246 1244 1246 1247 1248 1249 1250 1248 1250 1251 1252 1253 1254 1252 1254 1255 1256 1257 1258 1256 1258 1259 1260 1261 1262 1260 1262 1263 1264 1265 1266 1264 1266 1267 1268 1269 1270 1268 1270 1271 1272 1273 1274 1272 1274 1275 1276 1277 1278 1276 1278 1279 1280 1281 1282 1280 1282 1283 1284 1285 1286 1284 1286 1287 1288 1289 1290 1291 1292 1293 1294 1295 1296 1294 1296 1297 1298 1299 1300 1298 1300 1301 1302 1303 1304 1302 1304 1305 1306 1307 1308 1306 1308 1309 1310 1311 1312 1310 1312 1313 1314 1315 1316 1314 1316 1317 1318 1319 1320 1321 1322 1323 1324 1325 1326 1324 1326 1327 1328 1329 1330 1328 1330 1331 1332 1333 1334 1332 1334 1335 1336 1337 1338 1336 1338 1339 1340 1341 1342 1340 1342 1343 1344 1345 1346 1344 1346 1347 1348 1349 1350 1348 1350 1351 1352 1353 1354 1352 1354 1355 1356 1357 1358 1356 1358 1359 1360 1361 1362 1360 1362 1363 1364 1365 1366 1364 1366 1367 1368 1369 1370 1368 1370 1371 1372 1373 1374 1372 1374 1375 1376 1377 1378 1376 1378 1379 1380 1381 1382 1380 1382 1383 1384 1385 1386 1384 1386 1387 1388 1389 1390 1388 1390 1391 1392 1393 1394 1392 1394 1395 1396 1397 1398 1396 1398 1399 1400 1401 1402 1400 1402 1403 1404 1405 1406 1404 1406 1407 1408 1409 1410 1411 1412 1413 1414 1415 1416 1414 1416 1417 1418 1419 1420 1418 1420 1421 1422 1423 1424 1422 1424 1425 1426 1427 1428 1426 1428 1429 1430 1431 1432 1430 1432 1433 1434 1435 1436 1434 1436 1437 1438 1439 1440 1441 1442 1443 1444 1445 1446 1444 1446 1447 1448 1449 1450 1448 1450 1451 1452 1453 1454 1452 1454 1455 1456 1457 1458 1456 1458 1459 1460 1461 1462 1460 1462 1463 1464 1465 1466 1464 1466 1467 1468 1469 1470 1468 1470 1471 1472 1473 1474 1472 1474 1475 1476 1477 1478 1476 1478 1479 1480 1481 1482 1480 1482 1483 1484 1485 1486 1484 1486 1487 1488 1489 1490 1488 1490 1491 1492 1493 1494 1492 1494 1495 1496 1497 1498 1496 1498 1499 1500 1501 1502 1500 1502 1503 1504 1505 1506 1504 1506 1507 1508 1509 1510 1508 1510 1511 1512 1513 1514 1512 1514 1515 1516 1517 1518 1516 1518 1519 1520 1521 1522 1520 1522 1523 1524 1525 1526 1524 1526 1527 1528 1529 1530 1531 1532 1533 1534 1535 1536 1534 1536 1537 1538 1539 1540 1538 1540 1541 1542 1543 1544 1542 1544 1545 1546 1547 1548 1546 1548 1549 1550 1551 1552 1550 1552 1553 1554 1555 1556 1554 1556 1557 1558 1559 1560 1561 1562 1563 1564 1565 1566 1564 1566 1567 1568 1569 1570 1568 1570 1571 1572 1573 1574 1572 1574 1575 1576 1577 1578 1576 1578 1579 1580 1581 1582 1580 1582 1583 1584 1585 1586 1584 1586 1587 1588 1589 1590 1588 1590 1591 1592 1593 1594 1592 1594 1595 1596 1597 1598 1596 1598 1599 1600 1601 1602 1600 1602 1603 1604 1605 1606 1604 1606 1607 1608 1609 1610 1608 1610 1611 1612 1613 1614 1612 1614 1615 1616 1617 1618 1616 1618 1619 1620 1621 1622 1620 1622 1623 1624 1625 1626 1624 1626 1627 1628 1629 1630 1628 1630 1631 1632 1633 1634 1632 1634 1635 1636 1637 1638 1636 1638 1639 1640 1641 1642 1640 1642 1643 1644 1645 1646 1644 1646 1647 1648 1649 1650 1651 1652 1653 1654 1655 1656 1654 1656 1657 1658 1659 1660 1658 1660 1661 1662 1663 1664 1662 1664 1665 1666 1667 1668 1666 1668 1669 1670 1671 1672 1670 1672 1673 1674 1675 1676 1674 1676 1677 1678 1679 1680 1681 1682 1683 1684 1685 1686 1684 1686 1687 1688 1689 1690 1688 1690 1691 1692 1693 1694 1692 1694 1695 1696 1697 1698 1696 1698 1699 1700 1701 1702 1700 1702 1703 1704 1705 1706 1704 1706 1707 1708 1709 1710 1708 1710 1711 1712 1713 1714 1712 1714 1715 1716 1717 1718 1716 1718 1719 1720 1721 1722 1720 1722 1723 1724 1725 1726 1724 1726 1727 1728 1729 1730 1728 1730 1731 1732 1733 1734 1732 1734 1735 1736 1737 1738 1736 1738 1739 1740 1741 1742 1740 1742 1743 1744 1745 1746 1744 1746 1747 1748 1749 1750 1748 1750 1751 1752 1753 1754 1752 1754 1755 1756 1757 1758 1756 1758 1759 1760 1761 1762 1760 1762 1763 1764 1765 1766 1764 1766 1767 1768 1769 1770 1771 1772 1773 1774 1775 1776 1774 1776 1777 1778 1779 1780 1778 1780 1781 1782 1783 1784 1782 1784 1785 1786 1787 1788 1786 1788 1789 1790 1791 1792 1790 1792 1793 1794 1795 1796 1794 1796 1797 1798 1799 1800 1801 1802 1803 1801 1803 1804 1805 1806 1807 1805 1807 1808 1809 1810 1811 1809 1811 1812 1813 1814 1815 1813 1815 1816 1817 1818 1819 1817 1819 1820 1821 1822 1823 1821 1823 1824 1825 1826 1827 1825 1827 1828 1829 1830 1831 1829 1831 1832 1833 1834 1835 1833 1835 1836 1837 1838 1839 1837 1839 1840 1841 1842 1843 1841 1843 1844 1845 1846 1847 1845 1847 1848 1849 1850 1851 1849 1851 1852 1853 1854 1855 1853 1855 1856 1857 1858 1859 1860 1861 1862 1860 1862 1863 1864 1865 1866 1864 1866 1867 1868 1869 1870 1868 1870 1871 1872 1873 1874 1872 1874 1875 1876 1877 1878 1876 1878 1879 1880 1881 1882 1880 1882 1883 1884 1885 1886 1887 1888 1889 1890 1891 1892 1890 1892 1893 1894 1895 1896 1894 1896 1897 1898 1899 1900 1898 1900 1901 1902 1903 1904 1902 1904 1905 1906 1907 1908 1906 1908 1909 1910 1911 1912 1910 1912 1913 1914 1915 1916 1914 1916 1917 1918 1919 1920 1918 1920 1921 1922 1923 1924 1922 1924 1925 1926 1927 1928 1926 1928 1929 1930 1931 1932 1930 1932 1933 1934 1935 1936 1934 1936 1937 1938 1939 1940 1938 1940 1941 1942 1943 1944 1942 1944 1945 1946 1947 1948 1946 1948 1949 1950 1951 1952 1950 1952 1953 1954 1955 1956 1954 1956 1957 1958 1959 1960 1958 1960 1961 1962 1963 1964 1962 1964 1965 1966 1967 1968 1966 1968 1969 1970 1971 1972 1970 1972 1973 1974 1975 1976 1977 1978 1979 1980 1981 1982 1980 1982 1983 </p>
    </triangles>
   </mesh>
  </geometry>
 </library_geometries>
 <library_visual_scenes>
  <visual_scene id="scene15">
   <node id="pop" name="pop">
    <matrix sid="SID_1">1 0 0 0 0 1 0 0 0 0 1 0 0 0 0 1 </matrix>
    <instance_geometry url="#geometry7"/>
    <extra>
     <technique profile="SceneKit">
      <visibility>0</visibility>
     </technique>
    </extra>
   </node>
  </visual_scene>
 </library_visual_scenes>
 <scene>
  <instance_visual_scene url="#scene15"/>
 </scene>
</COLLADA>
