<?xml version="1.0" encoding="UTF-8"?>
<COLLADA xmlns="http://www.collada.org/2005/11/COLLADASchema" version="1.4.1">
 <asset>
  <contributor>
   <authoring_tool>SceneKit Collada Exporter v1.0</authoring_tool>
  </contributor>
  <created>2026-04-02T01:34:05Z</created>
  <modified>2026-04-02T01:34:05Z</modified>
  <unit meter="1.000000"/>
  <up_axis>Y_UP</up_axis>
 </asset>
 <library_animations>
  <animation id="fog_fog-rotate_transform" name="fog_fog-rotate_transform">
   <animation id="keyframedAnimations1">
    <source id="genericSource2">
     <float_array id="fog_fog-rotate_transform3-array" count="149">0 0.0333333 0.0666667 0.1 0.133333 0.166667 0.2 0.233333 0.266667 0.3 0.333333 0.366667 0.4 0.433333 0.466667 0.566667 0.6 0.633333 0.666667 0.7 0.733333 0.766667 0.8 0.833333 0.866667 0.933333 0.966667 1 1.06667 1.1 1.13333 1.2 1.3 1.33333 1.4 1.43333 1.46667 1.66667 2 2.33333 2.66667 3 3.33333 3.66667 4 4.33333 4.66667 5 5.33333 5.66667 6 6.33333 6.66667 7 7.33333 7.66667 8 8.33333 8.66667 9 9.33333 9.66667 10 10.3333 10.6667 11 11.3333 11.6667 12 12.3333 12.6667 13 13.3333 13.6667 14 14.3333 14.6667 15 15.3333 15.6667 16 16.3333 16.6667 17 17.3333 17.6667 18 18.3333 18.6667 19 19.3333 19.6667 20 20.3333 20.6667 21 21.3333 21.6667 22 22.3333 22.6667 23 23.3333 23.6667 24 24.3333 24.6667 25 25.3333 25.6667 26 26.3333 26.6667 27 27.3333 27.6667 28 28.3333 28.5333 28.5667 28.6333 28.6667 28.7333 28.8 29 29.0333 29.0667 29.1 29.2 29.2333 29.2667 29.3333 29.3667 29.4 29.4333 29.4667 29.5333 29.5667 29.6 29.6333 29.6667 29.7667 29.8 29.8333 29.8667 29.9 29.9333 29.9667 30 </float_array>
     <technique_common>
      <accessor source="#fog_fog-rotate_transform3-array" count="149" stride="1">
       <param name="TIME" type="float"/>
      </accessor>
     </technique_common>
    </source>
    <source id="genericSource4">
     <float_array id="fog_fog-rotate_transform5-array" count="2384">1 0 0 0 0 1 0 8 0 0 1 0 0 0 0 1 0.999756 0 -0.00697247 0 -0 1 0 8 0.00697247 0 0.999756 0 0 0 0 1 0.999513 0 -0.0139251 0 -0 1 0 8 0.0139251 0 0.999513 0 0 0 0 1 0.999269 0 -0.0209214 0 -0 1 0 8 0.0209214 0 0.999269 0 0 0 0 1 0.999026 0 -0.0278936 0 -0 1 0 8 0.0278936 0 0.999026 0 0 0 0 1 0.998782 0 -0.0348765 0 -0 1 0 8 0.0348765 0 0.998782 0 0 0 0 1 0.998538 0 -0.0418653 0 -0 1 0 8 0.0418653 0 0.998538 0 0 0 0 1 0.998295 0 -0.0488288 0 -0 1 0 8 0.0488288 0 0.998295 0 0 0 0 1 0.998051 0 -0.0558075 0 -0 1 0 8 0.0558075 0 0.998051 0 0 0 0 1 0.997808 0 -0.0627785 0 -0 1 0 8 0.0627785 0 0.997808 0 0 0 0 1 0.997564 0 -0.0697557 0 -0 1 0 8 0.0697557 0 0.997564 0 0 0 0 1 0.996834 0 -0.0766985 0 -0 1 0 8 0.0766985 0 0.996834 0 0 0 0 1 0.996105 0 -0.0836439 0 -0 1 0 8 0.0836439 0 0.996105 0 0 0 0 1 0.995375 0 -0.0905837 0 -0 1 0 8 0.0905837 0 0.995375 0 0 0 0 1 0.994645 0 -0.0975266 0 -0 1 0 8 0.0975266 0 0.994645 0 0 0 0 1 0.992457 0 -0.118346 0 -0 1 0 8 0.118346 0 0.992457 0 0 0 0 1 0.991727 0 -0.12529 0 -0 1 0 8 0.12529 0 0.991727 0 0 0 0 1 0.990998 0 -0.132229 0 -0 1 0 8 0.132229 0 0.990998 0 0 0 0 1 0.990268 0 -0.139172 0 -0 1 0 8 0.139172 0 0.990268 0 0 0 0 1 0.989056 0 -0.146047 0 -0 1 0 8 0.146047 0 0.989056 0 0 0 0 1 0.987844 0 -0.152919 0 -0 1 0 8 0.152919 0 0.987844 0 0 0 0 1 0.986632 0 -0.159796 0 -0 1 0 8 0.159796 0 0.986632 0 0 0 0 1 0.98542 0 -0.166667 0 -0 1 0 8 0.166667 0 0.98542 0 0 0 0 1 0.984208 0 -0.173543 0 -0 1 0 8 0.173543 0 0.984208 0 0 0 0 1 0.982996 0 -0.180416 0 -0 1 0 8 0.180416 0 0.982996 0 0 0 0 1 0.980572 0 -0.194163 0 -0 1 0 8 0.194163 0 0.980572 0 0 0 0 1 0.979359 0 -0.201039 0 -0 1 0 8 0.201039 0 0.979359 0 0 0 0 1 0.978148 0 -0.207911 0 -0 1 0 8 0.207911 0 0.978148 0 0 0 0 1 0.974771 0 -0.221456 0 -0 1 0 8 0.221456 0 0.974771 0 0 0 0 1 0.973082 0 -0.22823 0 -0 1 0 8 0.22823 0 0.973082 0 0 0 0 1 0.971394 0 -0.235001 0 -0 1 0 8 0.235001 0 0.971394 0 0 0 0 1 0.968016 0 -0.248548 0 -0 1 0 8 0.248548 0 0.968016 0 0 0 0 1 0.96295 0 -0.268865 0 -0 1 0 8 0.268865 0 0.96295 0 0 0 0 1 0.961261 0 -0.275638 0 -0 1 0 8 0.275638 0 0.961261 0 0 0 0 1 0.956948 0 -0.288913 0 -0 1 0 8 0.288913 0 0.956948 0 0 0 0 1 0.954791 0 -0.295553 0 -0 1 0 8 0.295553 0 0.954791 0 0 0 0 1 0.952634 0 -0.30219 0 -0 1 0 8 0.30219 0 0.952634 0 0 0 0 1 0.939693 0 -0.34202 0 -0 1 0 8 0.34202 0 0.939693 0 0 0 0 1 0.913545 0 -0.406737 0 -0 1 0 8 0.406737 0 0.913545 0 0 0 0 1 0.882948 0 -0.469472 0 -0 1 0 8 0.469472 0 0.882948 0 0 0 0 1 0.848048 0 -0.529919 0 -0 1 0 8 0.529919 0 0.848048 0 0 0 0 1 0.809017 0 -0.587785 0 -0 1 0 8 0.587785 0 0.809017 0 0 0 0 1 0.766044 0 -0.642788 0 -0 1 0 8 0.642788 0 0.766044 0 0 0 0 1 0.71934 0 -0.694658 0 -0 1 0 8 0.694658 0 0.71934 0 0 0 0 1 0.669131 0 -0.743145 0 -0 1 0 8 0.743145 0 0.669131 0 0 0 0 1 0.615661 0 -0.788011 0 -0 1 0 8 0.788011 0 0.615661 0 0 0 0 1 0.559193 0 -0.829038 0 -0 1 0 8 0.829038 0 0.559193 0 0 0 0 1 0.5 0 -0.866025 0 -0 1 0 8 0.866025 0 0.5 0 0 0 0 1 0.438371 0 -0.898794 0 -0 1 0 8 0.898794 0 0.438371 0 0 0 0 1 0.374607 0 -0.927184 0 -0 1 0 8 0.927184 0 0.374607 0 0 0 0 1 0.309017 0 -0.951056 0 -0 1 0 8 0.951056 0 0.309017 0 0 0 0 1 0.241922 0 -0.970296 0 -0 1 0 8 0.970296 0 0.241922 0 0 0 0 1 0.173648 0 -0.984808 0 -0 1 0 8 0.984808 0 0.173648 0 0 0 0 1 0.104529 0 -0.994522 0 -0 1 0 8 0.994522 0 0.104529 0 0 0 0 1 0.0348998 0 -0.999391 0 -0 1 0 8 0.999391 0 0.0348998 0 0 0 0 1 -0.0348995 0 -0.999391 0 -0 1 0 8 0.999391 0 -0.0348995 0 0 0 0 1 -0.104528 0 -0.994522 0 -0 1 0 8 0.994522 0 -0.104528 0 0 0 0 1 -0.173648 0 -0.984808 0 -0 1 0 8 0.984808 0 -0.173648 0 0 0 0 1 -0.241922 0 -0.970296 0 -0 1 0 8 0.970296 0 -0.241922 0 0 0 0 1 -0.309017 0 -0.951056 0 -0 1 0 8 0.951056 0 -0.309017 0 0 0 0 1 -0.374607 0 -0.927184 0 -0 1 0 8 0.927184 0 -0.374607 0 0 0 0 1 -0.438371 0 -0.898794 0 -0 1 0 8 0.898794 0 -0.438371 0 0 0 0 1 -0.5 0 -0.866025 0 0 1 0 8 0.866025 -0 -0.5 0 0 0 0 1 -0.559193 0 -0.829037 0 0 1 0 8 0.829037 -0 -0.559193 0 0 0 0 1 -0.615661 0 -0.788011 0 0 1 0 8 0.788011 -0 -0.615661 0 0 0 0 1 -0.669131 0 -0.743145 0 0 1 0 8 0.743145 -0 -0.669131 0 0 0 0 1 -0.71934 0 -0.694658 0 0 1 0 8 0.694658 -0 -0.71934 0 0 0 0 1 -0.766044 0 -0.642788 0 0 1 0 8 0.642788 -0 -0.766044 0 0 0 0 1 -0.809017 0 -0.587785 0 0 1 0 8 0.587785 -0 -0.809017 0 0 0 0 1 -0.848048 0 -0.529919 0 0 1 0 8 0.529919 -0 -0.848048 0 0 0 0 1 -0.882947 0 -0.469472 0 0 1 0 8 0.469472 -0 -0.882947 0 0 0 0 1 -0.913545 0 -0.406737 0 0 1 0 8 0.406737 -0 -0.913545 0 0 0 0 1 -0.939692 0 -0.342019 0 0 1 0 8 0.342019 -0 -0.939692 0 0 0 0 1 -0.961261 0 -0.275638 0 0 1 0 8 0.275638 -0 -0.961261 0 0 0 0 1 -0.978147 0 -0.207912 0 0 1 0 8 0.207912 -0 -0.978147 0 0 0 0 1 -0.990268 0 -0.139172 0 0 1 0 8 0.139172 -0 -0.990268 0 0 0 0 1 -0.997564 0 -0.0697571 0 0 1 0 8 0.0697571 -0 -0.997564 0 0 0 0 1 -1 0 -8.74228e-08 0 0 1 0 8 8.74228e-08 -0 -1 0 0 0 0 1 -0.997564 0 0.0697572 0 0 1 -0 8 -0.0697572 0 -0.997564 0 0 0 0 1 -0.990268 0 0.139172 0 0 1 -0 8 -0.139172 0 -0.990268 0 0 0 0 1 -0.978147 0 0.207912 0 0 1 -0 8 -0.207912 0 -0.978147 0 0 0 0 1 -0.961261 0 0.275638 0 0 1 -0 8 -0.275638 0 -0.961261 0 0 0 0 1 -0.939692 0 0.34202 0 0 1 -0 8 -0.34202 0 -0.939692 0 0 0 0 1 -0.913545 0 0.406737 0 0 1 -0 8 -0.406737 0 -0.913545 0 0 0 0 1 -0.882947 0 0.469472 0 0 1 -0 8 -0.469472 0 -0.882947 0 0 0 0 1 -0.848048 0 0.529919 0 0 1 -0 8 -0.529919 0 -0.848048 0 0 0 0 1 -0.809017 0 0.587785 0 0 1 -0 8 -0.587785 0 -0.809017 0 0 0 0 1 -0.766044 0 0.642788 0 0 1 -0 8 -0.642788 0 -0.766044 0 0 0 0 1 -0.71934 0 0.694658 0 0 1 -0 8 -0.694658 0 -0.71934 0 0 0 0 1 -0.66913 0 0.743145 0 0 1 -0 8 -0.743145 0 -0.66913 0 0 0 0 1 -0.615661 0 0.788011 0 0 1 -0 8 -0.788011 0 -0.615661 0 0 0 0 1 -0.559193 0 0.829037 0 0 1 -0 8 -0.829037 0 -0.559193 0 0 0 0 1 -0.5 0 0.866025 0 0 1 -0 8 -0.866025 0 -0.5 0 0 0 0 1 -0.43837 0 0.898794 0 0 1 -0 8 -0.898794 0 -0.43837 0 0 0 0 1 -0.374607 0 0.927184 0 0 1 -0 8 -0.927184 0 -0.374607 0 0 0 0 1 -0.309017 0 0.951056 0 0 1 -0 8 -0.951056 0 -0.309017 0 0 0 0 1 -0.241921 0 0.970296 0 0 1 -0 8 -0.970296 0 -0.241921 0 0 0 0 1 -0.173649 0 0.984807 0 0 1 -0 8 -0.984807 0 -0.173649 0 0 0 0 1 -0.104528 0 0.994522 0 0 1 -0 8 -0.994522 0 -0.104528 0 0 0 0 1 -0.0348983 0 0.999391 0 0 1 -0 8 -0.999391 0 -0.0348983 0 0 0 0 1 0.0348986 0 0.999391 0 0 1 -0 8 -0.999391 0 0.0348986 0 0 0 0 1 0.104529 0 0.994522 0 0 1 -0 8 -0.994522 0 0.104529 0 0 0 0 1 0.17365 0 0.984807 0 0 1 -0 8 -0.984807 0 0.17365 0 0 0 0 1 0.241921 0 0.970296 0 0 1 -0 8 -0.970296 0 0.241921 0 0 0 0 1 0.309017 0 0.951056 0 0 1 -0 8 -0.951056 0 0.309017 0 0 0 0 1 0.374608 0 0.927183 0 0 1 -0 8 -0.927183 0 0.374608 0 0 0 0 1 0.43837 0 0.898794 0 0 1 -0 8 -0.898794 0 0.43837 0 0 0 0 1 0.5 0 0.866025 0 0 1 -0 8 -0.866025 0 0.5 0 0 0 0 1 0.559194 0 0.829037 0 0 1 -0 8 -0.829037 0 0.559194 0 0 0 0 1 0.615661 0 0.788011 0 0 1 -0 8 -0.788011 0 0.615661 0 0 0 0 1 0.669131 0 0.743145 0 0 1 -0 8 -0.743145 0 0.669131 0 0 0 0 1 0.71934 0 0.694658 0 0 1 -0 8 -0.694658 0 0.71934 0 0 0 0 1 0.766044 0 0.642788 0 0 1 -0 8 -0.642788 0 0.766044 0 0 0 0 1 0.809017 0 0.587785 0 0 1 -0 8 -0.587785 0 0.809017 0 0 0 0 1 0.848048 0 0.529919 0 0 1 -0 8 -0.529919 0 0.848048 0 0 0 0 1 0.882947 0 0.469472 0 0 1 -0 8 -0.469472 0 0.882947 0 0 0 0 1 0.913545 0 0.406736 0 0 1 -0 8 -0.406736 0 0.913545 0 0 0 0 1 0.939693 0 0.342019 0 0 1 -0 8 -0.342019 0 0.939693 0 0 0 0 1 0.952634 0 0.30219 0 0 1 -0 8 -0.30219 0 0.952634 0 0 0 0 1 0.954791 0 0.295553 0 0 1 -0 8 -0.295553 0 0.954791 0 0 0 0 1 0.959105 0 0.282275 0 0 1 -0 8 -0.282275 0 0.959105 0 0 0 0 1 0.961261 0 0.275638 0 0 1 -0 8 -0.275638 0 0.961261 0 0 0 0 1 0.964639 0 0.262091 0 0 1 -0 8 -0.262091 0 0.964639 0 0 0 0 1 0.968016 0 0.248548 0 0 1 -0 8 -0.248548 0 0.968016 0 0 0 0 1 0.978148 0 0.20791 0 0 1 -0 8 -0.20791 0 0.978148 0 0 0 0 1 0.979359 0 0.201039 0 0 1 -0 8 -0.201039 0 0.979359 0 0 0 0 1 0.980572 0 0.194162 0 0 1 -0 8 -0.194162 0 0.980572 0 0 0 0 1 0.981784 0 0.187291 0 0 1 -0 8 -0.187291 0 0.981784 0 0 0 0 1 0.98542 0 0.166667 0 0 1 -0 8 -0.166667 0 0.98542 0 0 0 0 1 0.986632 0 0.159796 0 0 1 -0 8 -0.159796 0 0.986632 0 0 0 0 1 0.987844 0 0.152919 0 0 1 -0 8 -0.152919 0 0.987844 0 0 0 0 1 0.990268 0 0.139171 0 0 1 -0 8 -0.139171 0 0.990268 0 0 0 0 1 0.990998 0 0.132229 0 0 1 -0 8 -0.132229 0 0.990998 0 0 0 0 1 0.991727 0 0.12529 0 0 1 -0 8 -0.12529 0 0.991727 0 0 0 0 1 0.992457 0 0.118346 0 0 1 -0 8 -0.118346 0 0.992457 0 0 0 0 1 0.993186 0 0.111407 0 0 1 -0 8 -0.111407 0 0.993186 0 0 0 0 1 0.994645 0 0.0975266 0 0 1 -0 8 -0.0975266 0 0.994645 0 0 0 0 1 0.995375 0 0.0905837 0 0 1 -0 8 -0.0905837 0 0.995375 0 0 0 0 1 0.996105 0 0.0836439 0 0 1 -0 8 -0.0836439 0 0.996105 0 0 0 0 1 0.996834 0 0.0766985 0 0 1 -0 8 -0.0766985 0 0.996834 0 0 0 0 1 0.997564 0 0.0697557 0 0 1 -0 8 -0.0697557 0 0.997564 0 0 0 0 1 0.998295 0 0.0488337 0 0 1 -0 8 -0.0488337 0 0.998295 0 0 0 0 1 0.998538 0 0.0418653 0 0 1 -0 8 -0.0418653 0 0.998538 0 0 0 0 1 0.998782 0 0.0348765 0 0 1 -0 8 -0.0348765 0 0.998782 0 0 0 0 1 0.999026 0 0.0278936 0 0 1 -0 8 -0.0278936 0 0.999026 0 0 0 0 1 0.999269 0 0.0209214 0 0 1 -0 8 -0.0209214 0 0.999269 0 0 0 0 1 0.999513 0 0.0139422 0 0 1 -0 8 -0.0139422 0 0.999513 0 0 0 0 1 0.999756 0 0.00697247 0 0 1 -0 8 -0.00697247 0 0.999756 0 0 0 0 1 1 0 0 0 0 1 0 8 0 0 1 0 0 0 0 1 </float_array>
     <technique_common>
      <accessor source="#fog_fog-rotate_transform5-array" count="149" stride="16">
       <param name="TRANSFORM" type="float4x4"/>
      </accessor>
     </technique_common>
    </source>
    <sampler id="fog_fog-rotate_transform6">
     <input semantic="INPUT" source="#genericSource2"/>
     <input semantic="OUTPUT" source="#genericSource4"/>
    </sampler>
    <channel source="#fog_fog-rotate_transform6" target="fog/SID_1"/>
   </animation>
  </animation>
 </library_animations>
 <library_geometries>
  <geometry id="geometry7">
   <mesh>
    <source id="geometrySource8">
     <float_array id="ID9-array" count="29568">1.10549 1.86614 3.77307 1.14117 1.93313 3.75739 1.20089 1.93313 3.80654 1.16024 1.86254 3.82034 1.14117 1.93313 3.75739 1.10549 2.00013 3.77307 1.16024 2.00373 3.82034 1.20089 1.93313 3.80654 1.16024 1.86254 3.82034 1.20089 1.93313 3.80654 1.17931 1.93313 3.88328 1.1405 1.86614 3.89289 1.20089 1.93313 3.80654 1.16024 2.00373 3.82034 1.1405 2.00013 3.89289 1.17931 1.93313 3.88328 0.935382 1.82718 3.78209 0.983688 1.87027 3.75789 1.10549 1.86614 3.77307 0.997446 1.81172 3.81068 0.983688 1.87027 3.75789 1.00768 1.93313 3.74529 1.14117 1.93313 3.75739 1.10549 1.86614 3.77307 1.00768 1.93313 3.74529 0.983688 1.996 3.75789 1.10549 2.00013 3.77307 1.14117 1.93313 3.75739 0.983688 1.996 3.75789 0.935382 2.03909 3.78209 0.997446 2.05454 3.81068 1.10549 2.00013 3.77307 1.10549 2.00013 3.77307 0.997446 2.05454 3.81068 1.03883 2.0623 3.86154 1.16024 2.00373 3.82034 1.16024 2.00373 3.82034 1.03883 2.0623 3.86154 1.02699 2.05454 3.92403 1.1405 2.00013 3.89289 1.1405 2.00013 3.89289 1.02699 2.05454 3.92403 0.982568 2.03909 3.9738 1.04075 1.99599 3.97681 1.17931 1.93313 3.88328 1.1405 2.00013 3.89289 1.04075 1.99599 3.97681 1.06998 1.93313 3.97779 1.1405 1.86614 3.89289 1.17931 1.93313 3.88328 1.06998 1.93313 3.97779 1.04075 1.87027 3.97681 1.02699 1.81172 3.92403 1.1405 1.86614 3.89289 1.04075 1.87027 3.97681 0.982566 1.82718 3.9738 1.03883 1.80396 3.86154 1.16024 1.86254 3.82034 1.1405 1.86614 3.89289 1.02699 1.81172 3.92403 0.997446 1.81172 3.81068 1.10549 1.86614 3.77307 1.16024 1.86254 3.82034 1.03883 1.80396 3.86154 -1.38507 1.80348 3.9412 -1.36209 1.89245 3.94775 -1.67225 1.87203 3.8257 -1.71744 1.78542 3.8092 -1.36209 1.89245 3.94775 -1.3303 1.97286 3.94049 -1.61931 1.94989 3.83161 -1.67225 1.87203 3.8257 -1.71744 1.78542 3.8092 -1.67225 1.87203 3.8257 -1.93742 1.85099 3.67494 -2.00441 1.76739 3.64853 -1.67225 1.87203 3.8257 -1.61931 1.94989 3.83161 -1.85902 1.92459 3.69508 -1.93742 1.85099 3.67494 -1.0358 1.72618 4.01542 -1.05907 1.82091 4.04063 -1.38507 1.80348 3.9412 -1.40758 1.71452 3.92581 -1.05907 1.82091 4.04063 -1.057 1.90974 4.04607 -1.36209 1.89245 3.94775 -1.38507 1.80348 3.9412 -1.057 1.90974 4.04607 -1.04195 1.99059 4.03355 -1.3303 1.97286 3.94049 -1.36209 1.89245 3.94775 -1.04195 1.99059 4.03355 -1.02041 2.05457 3.99974 -1.29498 2.03605 3.91285 -1.3303 1.97286 3.94049 -1.3303 1.97286 3.94049 -1.29498 2.03605 3.91285 -1.56856 2.01053 3.81454 -1.61931 1.94989 3.83161 -1.61931 1.94989 3.83161 -1.56856 2.01053 3.81454 -1.79237 1.97952 3.69241 -1.85902 1.92459 3.69508 -1.85902 1.92459 3.69508 -1.79237 1.97952 3.69241 -1.93536 1.95203 3.60497 -2.0285 1.90536 3.57572 -1.93742 1.85099 3.67494 -1.85902 1.92459 3.69508 -2.0285 1.90536 3.57572 -2.1274 1.83418 3.52924 -2.00441 1.76739 3.64853 -1.93742 1.85099 3.67494 -2.1274 1.83418 3.52924 -2.20603 1.75245 3.48277 -2.05412 1.68408 3.62457 -2.00441 1.76739 3.64853 -2.20603 1.75245 3.48277 -2.26235 1.67122 3.44604 -1.75375 1.69948 3.79001 -1.71744 1.78542 3.8092 -2.00441 1.76739 3.64853 -2.05412 1.68408 3.62457 -1.40758 1.71452 3.92581 -1.38507 1.80348 3.9412 -1.71744 1.78542 3.8092 -1.75375 1.69948 3.79001 -2.30367 1.74339 3.34625 -2.21543 1.82558 3.40192 -2.21572 1.82343 3.31891 -2.30534 1.74046 3.25905 -2.21543 1.82558 3.40192 -2.10014 1.90052 3.47156 -2.0972 1.90106 3.39807 -2.21572 1.82343 3.31891 -2.30534 1.74046 3.25905 -2.21572 1.82343 3.31891 -2.14018 1.82558 3.28654 -2.2224 1.74339 3.22836 -2.21572 1.82343 3.31891 -2.0972 1.90106 3.39807 -2.03505 1.90052 3.36413 -2.14018 1.82558 3.28654 -2.26235 1.67122 3.44604 -2.20603 1.75245 3.48277 -2.30367 1.74339 3.34625 -2.36568 1.66322 3.30526 -2.20603 1.75245 3.48277 -2.1274 1.83418 3.52924 -2.21543 1.82558 3.40192 -2.30367 1.74339 3.34625 -2.1274 1.83418 3.52924 -2.0285 1.90536 3.57572 -2.10014 1.90052 3.47156 -2.21543 1.82558 3.40192 -2.0285 1.90536 3.57572 -1.93536 1.95203 3.60497 -1.95158 1.96254 3.5522 -2.10014 1.90052 3.47156 -2.10014 1.90052 3.47156 -1.95158 1.96254 3.5522 -1.9404 1.9678 3.49247 -2.0972 1.90106 3.39807 -2.0972 1.90106 3.39807 -1.9404 1.9678 3.49247 -1.89512 1.96254 3.44957 -2.03505 1.90052 3.36413 -2.03505 1.90052 3.36413 -1.89512 1.96254 3.44957 -1.84188 1.95203 3.43107 -1.91605 1.90536 3.37779 -2.14018 1.82558 3.28654 -2.03505 1.90052 3.36413 -1.91605 1.90536 3.37779 -1.99717 1.83418 3.31354 -2.2224 1.74339 3.22836 -2.14018 1.82558 3.28654 -1.99717 1.83418 3.31354 -2.06577 1.75245 3.26167 -2.28182 1.66322 3.18825 -2.2224 1.74339 3.22836 -2.06577 1.75245 3.26167 -2.11774 1.67122 3.22607 -2.36832 1.66055 3.21698 -2.30534 1.74046 3.25905 -2.2224 1.74339 3.22836 -2.28182 1.66322 3.18825 -2.36568 1.66322 3.30526 -2.30367 1.74339 3.34625 -2.30534 1.74046 3.25905 -2.36832 1.66055 3.21698 -1.31925 1.23148 3.96355 -1.69394 1.23557 3.82074 -1.64227 1.10425 3.8404 -1.28489 1.09174 3.97393 -1.69394 1.23557 3.82074 -1.99314 1.24133 3.65411 -1.92107 1.11835 3.68302 -1.64227 1.10425 3.8404 -1.28489 1.09174 3.97393 -1.64227 1.10425 3.8404 -1.58449 0.982723 3.84749 -1.24755 0.962251 3.96853 -1.64227 1.10425 3.8404 -1.92107 1.11835 3.68302 -1.83859 1.00723 3.70515 -1.58449 0.982723 3.84749 -0.905566 1.3738 4.04152 -1.36014 1.36255 3.94194 -1.31925 1.23148 3.96355 -0.894572 1.22562 4.07364 -1.36014 1.36255 3.94194 -1.7379 1.35867 3.79781 -1.69394 1.23557 3.82074 -1.31925 1.23148 3.96355 -1.7379 1.35867 3.79781 -2.04774 1.35809 3.62774 -1.99314 1.24133 3.65411 -1.69394 1.23557 3.82074 -2.04774 1.35809 3.62774 -2.25689 1.35888 3.44968 -2.19573 1.24689 3.48964 -1.99314 1.24133 3.65411 -1.99314 1.24133 3.65411 -2.19573 1.24689 3.48964 -2.11195 1.12944 3.53953 -1.92107 1.11835 3.68302 -1.92107 1.11835 3.68302 -2.11195 1.12944 3.53953 -2.00769 1.02534 3.58602 -1.83859 1.00723 3.70515 -1.83859 1.00723 3.70515 -2.00769 1.02534 3.58602 -1.91257 0.957042 3.61623 -1.769 0.922648 3.70393 -1.58449 0.982723 3.84749 -1.83859 1.00723 3.70515 -1.769 0.922648 3.70393 -1.52945 0.88648 3.82789 -1.24755 0.962251 3.96853 -1.58449 0.982723 3.84749 -1.52945 0.88648 3.82789 -1.21041 0.859251 3.9415 -0.856897 0.947469 4.07061 -1.24755 0.962251 3.96853 -1.21041 0.859251 3.9415 -0.835169 0.840909 4.03677 -0.877482 1.08109 4.08208 -1.28489 1.09174 3.97393 -1.24755 0.962251 3.96853 -0.856897 0.947469 4.07061 -0.894572 1.22562 4.07364 -1.31925 1.23148 3.96355 -1.28489 1.09174 3.97393 -0.877482 1.08109 4.08208 0.25939 1.85629 3.81441 0.259047 1.93313 3.80213 0.546355 1.93313 3.78354 0.544251 1.85921 3.79604 0.259047 1.93313 3.80213 0.25939 2.00997 3.81441 0.54425 2.00706 3.79604 0.546355 1.93313 3.78354 0.544251 1.85921 3.79604 0.546355 1.93313 3.78354 0.801996 1.93313 3.75083 0.791753 1.86572 3.76356 0.546355 1.93313 3.78354 0.54425 2.00706 3.79604 0.791753 2.00054 3.76356 0.801996 1.93313 3.75083 -0.0230936 1.79186 3.86678 -0.0228748 1.85588 3.82976 0.25939 1.85629 3.81441 0.261372 1.79262 3.85119 -0.0228748 1.85588 3.82976 -0.0228017 1.93313 3.81741 0.259047 1.93313 3.80213 0.25939 1.85629 3.81441 -0.0228017 1.93313 3.81741 -0.0228748 2.01039 3.82976 0.25939 2.00997 3.81441 0.259047 1.93313 3.80213 -0.0228748 2.01039 3.82976 -0.0230936 2.07441 3.86678 0.261372 2.07365 3.85119 0.25939 2.00997 3.81441 0.25939 2.00997 3.81441 0.261372 2.07365 3.85119 0.545418 2.06836 3.83197 0.54425 2.00706 3.79604 0.54425 2.00706 3.79604 0.545418 2.06836 3.83197 0.783782 2.0553 3.79675 0.791753 2.00054 3.76356 0.791753 2.00054 3.76356 0.783782 2.0553 3.79675 0.935382 2.03909 3.78209 0.983688 1.996 3.75789 0.801996 1.93313 3.75083 0.791753 2.00054 3.76356 0.983688 1.996 3.75789 1.00768 1.93313 3.74529 0.791753 1.86572 3.76356 0.801996 1.93313 3.75083 1.00768 1.93313 3.74529 0.983688 1.87027 3.75789 0.783782 1.81097 3.79675 0.791753 1.86572 3.76356 0.983688 1.87027 3.75789 0.935382 1.82718 3.78209 0.545418 1.79791 3.83197 0.544251 1.85921 3.79604 0.791753 1.86572 3.76356 0.783782 1.81097 3.79675 0.261372 1.79262 3.85119 0.25939 1.85629 3.81441 0.544251 1.85921 3.79604 0.545418 1.79791 3.83197 -1.76021 2.01031 3.65139 -1.52948 2.0472 3.76764 -1.50017 2.05923 3.70497 -1.73622 2.02008 3.59319 -1.52948 2.0472 3.76764 -1.26258 2.07478 3.8612 -1.23613 2.08766 3.79458 -1.50017 2.05923 3.70497 -1.73622 2.02008 3.59319 -1.50017 2.05923 3.70497 -1.47767 2.0472 3.64 -1.70562 2.01031 3.53825 -1.50017 2.05923 3.70497 -1.23613 2.08766 3.79458 -1.21815 2.07478 3.72509 -1.47767 2.0472 3.64 -1.93536 1.95203 3.60497 -1.79237 1.97952 3.69241 -1.76021 2.01031 3.65139 -1.95158 1.96254 3.5522 -1.79237 1.97952 3.69241 -1.56856 2.01053 3.81454 -1.52948 2.0472 3.76764 -1.76021 2.01031 3.65139 -1.56856 2.01053 3.81454 -1.29498 2.03605 3.91285 -1.26258 2.07478 3.8612 -1.52948 2.0472 3.76764 -1.29498 2.03605 3.91285 -1.02041 2.05457 3.99974 -0.997868 2.0939 3.94351 -1.26258 2.07478 3.8612 -1.26258 2.07478 3.8612 -0.997868 2.0939 3.94351 -0.977711 2.107 3.87422 -1.23613 2.08766 3.79458 -1.23613 2.08766 3.79458 -0.977711 2.107 3.87422 -0.9627 2.0939 3.80391 -1.21815 2.07478 3.72509 -1.21815 2.07478 3.72509 -0.9627 2.0939 3.80391 -0.955597 2.05457 3.7446 -1.21283 2.03605 3.66424 -1.47767 2.0472 3.64 -1.21815 2.07478 3.72509 -1.21283 2.03605 3.66424 -1.47272 2.01053 3.58151 -1.70562 2.01031 3.53825 -1.47767 2.0472 3.64 -1.47272 2.01053 3.58151 -1.69289 1.97952 3.48765 -1.89512 1.96254 3.44957 -1.70562 2.01031 3.53825 -1.69289 1.97952 3.48765 -1.84188 1.95203 3.43107 -1.9404 1.9678 3.49247 -1.73622 2.02008 3.59319 -1.70562 2.01031 3.53825 -1.89512 1.96254 3.44957 -1.95158 1.96254 3.5522 -1.76021 2.01031 3.65139 -1.73622 2.02008 3.59319 -1.9404 1.9678 3.49247 0.275424 2.11318 4.05321 0.576585 2.10647 4.02414 0.570864 2.11921 3.95516 0.27113 2.12636 3.98175 0.576585 2.10647 4.02414 0.834233 2.08857 3.9668 0.834275 2.09983 3.90275 0.570864 2.11921 3.95516 0.27113 2.12636 3.98175 0.570864 2.11921 3.95516 0.557251 2.10647 3.88774 0.265832 2.11318 3.91035 0.570864 2.11921 3.95516 0.834275 2.09983 3.90275 0.808532 2.08857 3.84384 0.557251 2.10647 3.88774 -0.0246503 2.0744 4.13001 0.278881 2.07365 4.11244 0.275424 2.11318 4.05321 -0.0242976 2.11414 4.07037 0.278881 2.07365 4.11244 0.580533 2.06836 4.08148 0.576585 2.10647 4.02414 0.275424 2.11318 4.05321 0.580533 2.06836 4.08148 0.829515 2.0553 4.01975 0.834233 2.08857 3.9668 0.576585 2.10647 4.02414 0.829515 2.0553 4.01975 0.982568 2.03909 3.9738 1.02699 2.05454 3.92403 0.834233 2.08857 3.9668 0.834233 2.08857 3.9668 1.02699 2.05454 3.92403 1.03883 2.0623 3.86154 0.834275 2.09983 3.90275 0.834275 2.09983 3.90275 1.03883 2.0623 3.86154 0.997446 2.05454 3.81068 0.808532 2.08857 3.84384 0.808532 2.08857 3.84384 0.997446 2.05454 3.81068 0.935382 2.03909 3.78209 0.783782 2.0553 3.79675 0.557251 2.10647 3.88774 0.808532 2.08857 3.84384 0.783782 2.0553 3.79675 0.545418 2.06836 3.83197 0.265832 2.11318 3.91035 0.557251 2.10647 3.88774 0.545418 2.06836 3.83197 0.261372 2.07365 3.85119 -0.0234463 2.11414 3.92642 0.265832 2.11318 3.91035 0.261372 2.07365 3.85119 -0.0230936 2.07441 3.86678 -0.023872 2.12738 3.99839 0.27113 2.12636 3.98175 0.265832 2.11318 3.91035 -0.0234463 2.11414 3.92642 -0.0242976 2.11414 4.07037 0.275424 2.11318 4.05321 0.27113 2.12636 3.98175 -0.023872 2.12738 3.99839 -1.84205 1.76739 3.35337 -1.78584 1.85099 3.38773 -1.52767 1.87203 3.49511 -1.56485 1.78542 3.47098 -1.78584 1.85099 3.38773 -1.72795 1.92459 3.43481 -1.49285 1.94989 3.53249 -1.52767 1.87203 3.49511 -1.56485 1.78542 3.47098 -1.52767 1.87203 3.49511 -1.24121 1.89245 3.59695 -1.26139 1.80348 3.58885 -1.52767 1.87203 3.49511 -1.49285 1.94989 3.53249 -1.22269 1.97286 3.62127 -1.24121 1.89245 3.59695 -2.11774 1.67122 3.22607 -2.06577 1.75245 3.26167 -1.84205 1.76739 3.35337 -1.88723 1.68409 3.33051 -2.06577 1.75245 3.26167 -1.99717 1.83418 3.31354 -1.78584 1.85099 3.38773 -1.84205 1.76739 3.35337 -1.99717 1.83418 3.31354 -1.91605 1.90536 3.37779 -1.72795 1.92459 3.43481 -1.78584 1.85099 3.38773 -1.91605 1.90536 3.37779 -1.84188 1.95203 3.43107 -1.69289 1.97952 3.48765 -1.72795 1.92459 3.43481 -1.72795 1.92459 3.43481 -1.69289 1.97952 3.48765 -1.47272 2.01053 3.58151 -1.49285 1.94989 3.53249 -1.49285 1.94989 3.53249 -1.47272 2.01053 3.58151 -1.21283 2.03605 3.66424 -1.22269 1.97286 3.62127 -1.22269 1.97286 3.62127 -1.21283 2.03605 3.66424 -0.955597 2.05457 3.7446 -0.957712 1.99059 3.70609 -1.24121 1.89245 3.59695 -1.22269 1.97286 3.62127 -0.957712 1.99059 3.70609 -0.964169 1.90974 3.6893 -1.26139 1.80348 3.58885 -1.24121 1.89245 3.59695 -0.964169 1.90974 3.6893 -0.968445 1.82091 3.69347 -1.2866 1.71452 3.58804 -1.26139 1.80348 3.58885 -0.968445 1.82091 3.69347 -0.961131 1.72618 3.72476 -1.59884 1.69947 3.45549 -1.56485 1.78542 3.47098 -1.26139 1.80348 3.58885 -1.2866 1.71452 3.58804 -1.88723 1.68409 3.33051 -1.84205 1.76739 3.35337 -1.56485 1.78542 3.47098 -1.59884 1.69947 3.45549 -0.286146 1.75123 4.05305 -0.512321 1.74495 4.0389 -0.497753 1.73198 3.96649 -0.280444 1.73802 3.98112 -0.512321 1.74495 4.0389 -0.708647 1.72766 4.00536 -0.677013 1.71554 3.93404 -0.497753 1.73198 3.96649 -0.280444 1.73802 3.98112 -0.497753 1.73198 3.96649 -0.494084 1.74495 3.89336 -0.276105 1.75123 3.9091 -0.497753 1.73198 3.96649 -0.677013 1.71554 3.93404 -0.682315 1.72766 3.85537 -0.494084 1.74495 3.89336 -0.0246503 1.79186 4.13001 -0.291524 1.79099 4.11254 -0.286146 1.75123 4.05305 -0.0242976 1.75213 4.07037 -0.291524 1.79099 4.11254 -0.529594 1.7849 4.09801 -0.512321 1.74495 4.0389 -0.286146 1.75123 4.05305 -0.529594 1.7849 4.09801 -0.757557 1.76777 4.05915 -0.708647 1.72766 4.00536 -0.512321 1.74495 4.0389 -0.757557 1.76777 4.05915 -1.0358 1.72618 4.01542 -0.868635 1.6924 3.9759 -0.708647 1.72766 4.00536 -0.708647 1.72766 4.00536 -0.868635 1.6924 3.9759 -0.812369 1.68324 3.90711 -0.677013 1.71554 3.93404 -0.677013 1.71554 3.93404 -0.812369 1.68324 3.90711 -0.835326 1.6924 3.82256 -0.682315 1.72766 3.85537 -0.682315 1.72766 3.85537 -0.835326 1.6924 3.82256 -0.961131 1.72618 3.72476 -0.707111 1.76777 3.78692 -0.494084 1.74495 3.89336 -0.682315 1.72766 3.85537 -0.707111 1.76777 3.78692 -0.495751 1.7849 3.83297 -0.276105 1.75123 3.9091 -0.494084 1.74495 3.89336 -0.495751 1.7849 3.83297 -0.273094 1.79099 3.84945 -0.0234463 1.75213 3.92641 -0.276105 1.75123 3.9091 -0.273094 1.79099 3.84945 -0.0230936 1.79186 3.86678 -0.023872 1.73889 3.99839 -0.280444 1.73802 3.98112 -0.276105 1.75123 3.9091 -0.0234463 1.75213 3.92641 -0.0242976 1.75213 4.07037 -0.286146 1.75123 4.05305 -0.280444 1.73802 3.98112 -0.023872 1.73889 3.99839 -1.17793 0.795933 3.88989 -1.48891 0.827767 3.78145 -1.45955 0.808376 3.71876 -1.15256 0.774848 3.82294 -1.48891 0.827767 3.78145 -1.73473 0.873881 3.66395 -1.71014 0.858034 3.60606 -1.45955 0.808376 3.71876 -1.15256 0.774848 3.82294 -1.45955 0.808376 3.71876 -1.43845 0.827767 3.65327 -1.13652 0.795933 3.75283 -1.45955 0.808376 3.71876 -1.71014 0.858034 3.60606 -1.68094 0.873881 3.55044 -1.43845 0.827767 3.65327 -0.835169 0.840909 4.03677 -1.21041 0.859251 3.9415 -1.17793 0.795933 3.88989 -0.814584 0.775304 3.98006 -1.21041 0.859251 3.9415 -1.52945 0.88648 3.82789 -1.48891 0.827767 3.78145 -1.17793 0.795933 3.88989 -1.52945 0.88648 3.82789 -1.769 0.922648 3.70393 -1.73473 0.873881 3.66395 -1.48891 0.827767 3.78145 -1.769 0.922648 3.70393 -1.91257 0.957042 3.61623 -1.92679 0.938086 3.56445 -1.73473 0.873881 3.66395 -1.73473 0.873881 3.66395 -1.92679 0.938086 3.56445 -1.91484 0.928681 3.50509 -1.71014 0.858034 3.60606 -1.71014 0.858034 3.60606 -1.91484 0.928681 3.50509 -1.87104 0.938085 3.46143 -1.68094 0.873881 3.55044 -1.68094 0.873881 3.55044 -1.87104 0.938085 3.46143 -1.82018 0.957042 3.44175 -1.67082 0.922648 3.49855 -1.43845 0.827767 3.65327 -1.68094 0.873881 3.55044 -1.67082 0.922648 3.49855 -1.43597 0.886482 3.5939 -1.13652 0.795933 3.75283 -1.43845 0.827767 3.65327 -1.43597 0.886482 3.5939 -1.1337 0.859253 3.69116 -0.785894 0.775304 3.83899 -1.13652 0.795933 3.75283 -1.1337 0.859253 3.69116 -0.78215 0.840909 3.77892 -0.797432 0.753434 3.91008 -1.15256 0.774848 3.82294 -1.13652 0.795933 3.75283 -0.785894 0.775304 3.83899 -0.814584 0.775304 3.98006 -1.17793 0.795933 3.88989 -1.15256 0.774848 3.82294 -0.797432 0.753434 3.91008 -1.83168 1.24133 3.35846 -1.54348 1.23557 3.48158 -1.50036 1.10425 3.50867 -1.77075 1.11835 3.39515 -1.54348 1.23557 3.48158 -1.20148 1.23148 3.60917 -1.17093 1.09173 3.62082 -1.50036 1.10425 3.50867 -1.77075 1.11835 3.39515 -1.50036 1.10425 3.50867 -1.4608 0.982723 3.5472 -1.70896 1.00723 3.44417 -1.50036 1.10425 3.50867 -1.17093 1.09173 3.62082 -1.14671 0.962252 3.64711 -1.4608 0.982723 3.5472 -2.11263 1.35888 3.2295 -1.88135 1.35809 3.33339 -1.83168 1.24133 3.35846 -2.05613 1.24689 3.26812 -1.88135 1.35809 3.33339 -1.58441 1.35867 3.46263 -1.54348 1.23557 3.48158 -1.83168 1.24133 3.35846 -1.58441 1.35867 3.46263 -1.24325 1.36256 3.60272 -1.20148 1.23148 3.60917 -1.54348 1.23557 3.48158 -1.24325 1.36256 3.60272 -0.840291 1.3738 3.74861 -0.818024 1.22562 3.72311 -1.20148 1.23148 3.60917 -1.20148 1.23148 3.60917 -0.818024 1.22562 3.72311 -0.800432 1.08109 3.72157 -1.17093 1.09173 3.62082 -1.17093 1.09173 3.62082 -0.800432 1.08109 3.72157 -0.787644 0.947468 3.73967 -1.14671 0.962252 3.64711 -1.14671 0.962252 3.64711 -0.787644 0.947468 3.73967 -0.78215 0.840909 3.77892 -1.1337 0.859253 3.69116 -1.4608 0.982723 3.5472 -1.14671 0.962252 3.64711 -1.1337 0.859253 3.69116 -1.43597 0.886482 3.5939 -1.70896 1.00723 3.44417 -1.4608 0.982723 3.5472 -1.43597 0.886482 3.5939 -1.67082 0.922648 3.49855 -1.89637 1.02534 3.38746 -1.70896 1.00723 3.44417 -1.67082 0.922648 3.49855 -1.82018 0.957042 3.44175 -1.98269 1.12945 3.32324 -1.77075 1.11835 3.39515 -1.70896 1.00723 3.44417 -1.89637 1.02534 3.38746 -2.05613 1.24689 3.26812 -1.83168 1.24133 3.35846 -1.77075 1.11835 3.39515 -1.98269 1.12945 3.32324 -2.29238 1.25011 3.3538 -2.29386 1.25105 3.26672 -2.19839 1.13392 3.33048 -2.19845 1.13361 3.41326 -2.29386 1.25105 3.26672 -2.2115 1.25011 3.23564 -2.12378 1.13361 3.2975 -2.19839 1.13392 3.33048 -2.19845 1.13361 3.41326 -2.19839 1.13392 3.33048 -2.07531 1.02298 3.41269 -2.07884 1.02601 3.48577 -2.19839 1.13392 3.33048 -2.12378 1.13361 3.2975 -2.01442 1.02601 3.37792 -2.07531 1.02298 3.41269 -2.25689 1.35888 3.44968 -2.35969 1.35953 3.30926 -2.29238 1.25011 3.3538 -2.19573 1.24689 3.48964 -2.35969 1.35953 3.30926 -2.36224 1.35975 3.22105 -2.29386 1.25105 3.26672 -2.29238 1.25011 3.3538 -2.36224 1.35975 3.22105 -2.27604 1.35953 3.1921 -2.2115 1.25011 3.23564 -2.29386 1.25105 3.26672 -2.27604 1.35953 3.1921 -2.11263 1.35888 3.2295 -2.05613 1.24689 3.26812 -2.2115 1.25011 3.23564 -2.2115 1.25011 3.23564 -2.05613 1.24689 3.26812 -1.98269 1.12945 3.32324 -2.12378 1.13361 3.2975 -2.12378 1.13361 3.2975 -1.98269 1.12945 3.32324 -1.89637 1.02534 3.38746 -2.01442 1.02601 3.37792 -2.01442 1.02601 3.37792 -1.89637 1.02534 3.38746 -1.82018 0.957042 3.44175 -1.87104 0.938085 3.46143 -2.07531 1.02298 3.41269 -2.01442 1.02601 3.37792 -1.87104 0.938085 3.46143 -1.91484 0.928681 3.50509 -2.07884 1.02601 3.48577 -2.07531 1.02298 3.41269 -1.91484 0.928681 3.50509 -1.92679 0.938086 3.56445 -2.00769 1.02534 3.58602 -2.07884 1.02601 3.48577 -1.92679 0.938086 3.56445 -1.91257 0.957042 3.61623 -2.11195 1.12944 3.53953 -2.19845 1.13361 3.41326 -2.07884 1.02601 3.48577 -2.00769 1.02534 3.58602 -2.19573 1.24689 3.48964 -2.29238 1.25011 3.3538 -2.19845 1.13361 3.41326 -2.11195 1.12944 3.53953 -2.40263 1.5919 3.28055 -2.40585 1.58978 3.19191 -2.41773 1.5221 3.18398 -2.41432 1.52354 3.27273 -2.40585 1.58978 3.19191 -2.3175 1.5919 3.16445 -2.32879 1.52354 3.15693 -2.41773 1.5221 3.18398 -2.41432 1.52354 3.27273 -2.41773 1.5221 3.18398 -2.40338 1.44844 3.19356 -2.40019 1.44911 3.28218 -2.41773 1.5221 3.18398 -2.32879 1.52354 3.15693 -2.31515 1.44911 3.16602 -2.40338 1.44844 3.19356 -2.26235 1.67122 3.44604 -2.36568 1.66322 3.30526 -2.40263 1.5919 3.28055 -2.29607 1.59825 3.42353 -2.36568 1.66322 3.30526 -2.36832 1.66055 3.21698 -2.40585 1.58978 3.19191 -2.40263 1.5919 3.28055 -2.36832 1.66055 3.21698 -2.28182 1.66322 3.18825 -2.3175 1.5919 3.16445 -2.40585 1.58978 3.19191 -2.28182 1.66322 3.18825 -2.11774 1.67122 3.22607 -2.1493 1.59825 3.20499 -2.3175 1.5919 3.16445 -2.3175 1.5919 3.16445 -2.1493 1.59825 3.20499 -2.15929 1.52788 3.19832 -2.32879 1.52354 3.15693 -2.32879 1.52354 3.15693 -2.15929 1.52788 3.19832 -2.14722 1.45109 3.20638 -2.31515 1.44911 3.16602 -2.31515 1.44911 3.16602 -2.14722 1.45109 3.20638 -2.11263 1.35888 3.2295 -2.27604 1.35953 3.1921 -2.40338 1.44844 3.19356 -2.31515 1.44911 3.16602 -2.27604 1.35953 3.1921 -2.36224 1.35975 3.22105 -2.40019 1.44911 3.28218 -2.40338 1.44844 3.19356 -2.36224 1.35975 3.22105 -2.35969 1.35953 3.30926 -2.29385 1.45109 3.42501 -2.40019 1.44911 3.28218 -2.35969 1.35953 3.30926 -2.25689 1.35888 3.44968 -2.30674 1.52788 3.4164 -2.41432 1.52354 3.27273 -2.40019 1.44911 3.28218 -2.29385 1.45109 3.42501 -2.29607 1.59825 3.42353 -2.40263 1.5919 3.28055 -2.41432 1.52354 3.27273 -2.30674 1.52788 3.4164 -0.924589 1.63526 3.80704 -0.892008 1.63214 3.89127 -0.902531 1.56959 3.88917 -0.939141 1.56746 3.80581 -0.892008 1.63214 3.89127 -0.96044 1.63526 3.9554 -0.974768 1.56746 3.95089 -0.902531 1.56959 3.88917 -0.939141 1.56746 3.80581 -0.902531 1.56959 3.88917 -0.828756 1.50585 3.90385 -0.86754 1.49748 3.81835 -0.902531 1.56959 3.88917 -0.974768 1.56746 3.95089 -0.901175 1.49748 3.96723 -0.828756 1.50585 3.90385 -0.961131 1.72618 3.72476 -0.835326 1.6924 3.82256 -0.924589 1.63526 3.80704 -1.06701 1.63904 3.7057 -0.835326 1.6924 3.82256 -0.812369 1.68324 3.90711 -0.892008 1.63214 3.89127 -0.924589 1.63526 3.80704 -0.812369 1.68324 3.90711 -0.868635 1.6924 3.9759 -0.96044 1.63526 3.9554 -0.892008 1.63214 3.89127 -0.868635 1.6924 3.9759 -1.0358 1.72618 4.01542 -1.14353 1.63904 3.97229 -0.96044 1.63526 3.9554 -0.96044 1.63526 3.9554 -1.14353 1.63904 3.97229 -1.16168 1.56166 3.96288 -0.974768 1.56746 3.95089 -0.974768 1.56746 3.95089 -1.16168 1.56166 3.96288 -1.10001 1.47952 3.98698 -0.901175 1.49748 3.96723 -0.901175 1.49748 3.96723 -1.10001 1.47952 3.98698 -0.905566 1.3738 4.04152 -0.710829 1.43574 4.00729 -0.828756 1.50585 3.90385 -0.901175 1.49748 3.96723 -0.710829 1.43574 4.00729 -0.64955 1.4525 3.9395 -0.86754 1.49748 3.81835 -0.828756 1.50585 3.90385 -0.64955 1.4525 3.9395 -0.683627 1.43574 3.85274 -1.02647 1.47952 3.71954 -0.86754 1.49748 3.81835 -0.683627 1.43574 3.85274 -0.840291 1.3738 3.74861 -1.0856 1.56165 3.70263 -0.939141 1.56746 3.80581 -0.86754 1.49748 3.81835 -1.02647 1.47952 3.71954 -1.06701 1.63904 3.7057 -0.924589 1.63526 3.80704 -0.939141 1.56746 3.80581 -1.0856 1.56165 3.70263 -1.91555 1.60848 3.31678 -1.62464 1.62077 3.44462 -1.63309 1.54377 3.44119 -1.92388 1.53492 3.31127 -1.62464 1.62077 3.44462 -1.32371 1.63261 3.58168 -1.33584 1.55322 3.57974 -1.63309 1.54377 3.44119 -1.92388 1.53492 3.31127 -1.63309 1.54377 3.44119 -1.61741 1.45966 3.4482 -1.91303 1.45448 3.31811 -1.63309 1.54377 3.44119 -1.33584 1.55322 3.57974 -1.30265 1.46727 3.5888 -1.61741 1.45966 3.4482 -2.11774 1.67122 3.22607 -1.88723 1.68409 3.33051 -1.91555 1.60848 3.31678 -2.1493 1.59825 3.20499 -1.88723 1.68409 3.33051 -1.59884 1.69947 3.45549 -1.62464 1.62077 3.44462 -1.91555 1.60848 3.31678 -1.59884 1.69947 3.45549 -1.2866 1.71452 3.58804 -1.32371 1.63261 3.58168 -1.62464 1.62077 3.44462 -1.2866 1.71452 3.58804 -0.961131 1.72618 3.72476 -1.06701 1.63904 3.7057 -1.32371 1.63261 3.58168 -1.32371 1.63261 3.58168 -1.06701 1.63904 3.7057 -1.0856 1.56165 3.70263 -1.33584 1.55322 3.57974 -1.33584 1.55322 3.57974 -1.0856 1.56165 3.70263 -1.02647 1.47952 3.71954 -1.30265 1.46727 3.5888 -1.30265 1.46727 3.5888 -1.02647 1.47952 3.71954 -0.840291 1.3738 3.74861 -1.24325 1.36256 3.60272 -1.61741 1.45966 3.4482 -1.30265 1.46727 3.5888 -1.24325 1.36256 3.60272 -1.58441 1.35867 3.46263 -1.91303 1.45448 3.31811 -1.61741 1.45966 3.4482 -1.58441 1.35867 3.46263 -1.88135 1.35809 3.33339 -2.14722 1.45109 3.20638 -1.91303 1.45448 3.31811 -1.88135 1.35809 3.33339 -2.11263 1.35888 3.2295 -2.15929 1.52788 3.19832 -1.92388 1.53492 3.31127 -1.91303 1.45448 3.31811 -2.14722 1.45109 3.20638 -2.1493 1.59825 3.20499 -1.91555 1.60848 3.31678 -1.92388 1.53492 3.31127 -2.15929 1.52788 3.19832 -1.44393 1.63261 3.90724 -1.78057 1.62077 3.77493 -1.78924 1.54377 3.76992 -1.45566 1.55322 3.90108 -1.78057 1.62077 3.77493 -2.08465 1.60848 3.60908 -2.09366 1.53492 3.60299 -1.78924 1.54377 3.76992 -1.45566 1.55322 3.90108 -1.78924 1.54377 3.76992 -1.77263 1.45966 3.77884 -1.42096 1.46726 3.91506 -1.78924 1.54377 3.76992 -2.09366 1.53492 3.60299 -2.08191 1.45448 3.61054 -1.77263 1.45966 3.77884 -1.0358 1.72618 4.01542 -1.40758 1.71452 3.92581 -1.44393 1.63261 3.90724 -1.14353 1.63904 3.97229 -1.40758 1.71452 3.92581 -1.75375 1.69948 3.79001 -1.78057 1.62077 3.77493 -1.44393 1.63261 3.90724 -1.75375 1.69948 3.79001 -2.05412 1.68408 3.62457 -2.08465 1.60848 3.60908 -1.78057 1.62077 3.77493 -2.05412 1.68408 3.62457 -2.26235 1.67122 3.44604 -2.29607 1.59825 3.42353 -2.08465 1.60848 3.60908 -2.08465 1.60848 3.60908 -2.29607 1.59825 3.42353 -2.30674 1.52788 3.4164 -2.09366 1.53492 3.60299 -2.09366 1.53492 3.60299 -2.30674 1.52788 3.4164 -2.29385 1.45109 3.42501 -2.08191 1.45448 3.61054 -2.08191 1.45448 3.61054 -2.29385 1.45109 3.42501 -2.25689 1.35888 3.44968 -2.04774 1.35809 3.62774 -1.77263 1.45966 3.77884 -2.08191 1.45448 3.61054 -2.04774 1.35809 3.62774 -1.7379 1.35867 3.79781 -1.42096 1.46726 3.91506 -1.77263 1.45966 3.77884 -1.7379 1.35867 3.79781 -1.36014 1.36255 3.94194 -1.10001 1.47952 3.98698 -1.42096 1.46726 3.91506 -1.36014 1.36255 3.94194 -0.905566 1.3738 4.04152 -1.16168 1.56166 3.96288 -1.45566 1.55322 3.90108 -1.42096 1.46726 3.91506 -1.10001 1.47952 3.98698 -1.14353 1.63904 3.97229 -1.44393 1.63261 3.90724 -1.45566 1.55322 3.90108 -1.16168 1.56166 3.96288 3.36791 1.26399 2.03008 3.44314 1.26796 2.02972 3.46619 1.18999 1.99369 3.3865 1.18998 1.99628 3.44314 1.26796 2.02972 3.47479 1.26399 2.09461 3.49978 1.18998 2.06316 3.46619 1.18999 1.99369 3.3865 1.18998 1.99628 3.46619 1.18999 1.99369 3.44314 1.112 2.02973 3.36791 1.11598 2.03008 3.46619 1.18999 1.99369 3.49978 1.18998 2.06316 3.47479 1.11598 2.09461 3.44314 1.112 2.02973 3.24466 1.30702 2.14915 3.30776 1.32409 2.12698 3.36791 1.26399 2.03008 3.2619 1.25942 2.09745 3.30776 1.32409 2.12698 3.3721 1.33267 2.13608 3.44314 1.26796 2.02972 3.36791 1.26399 2.03008 3.3721 1.33267 2.13608 3.40624 1.3241 2.19041 3.47479 1.26399 2.09461 3.44314 1.26796 2.02972 3.40624 1.3241 2.19041 3.40918 1.30702 2.25829 3.4521 1.25942 2.21994 3.47479 1.26399 2.09461 3.47479 1.26399 2.09461 3.4521 1.25942 2.21994 3.47373 1.18999 2.20055 3.49978 1.18998 2.06316 3.49978 1.18998 2.06316 3.47373 1.18999 2.20055 3.4521 1.12055 2.21994 3.47479 1.11598 2.09461 3.47479 1.11598 2.09461 3.4521 1.12055 2.21994 3.40919 1.07295 2.25829 3.40624 1.05588 2.19041 3.44314 1.112 2.02973 3.47479 1.11598 2.09461 3.40624 1.05588 2.19041 3.3721 1.0473 2.13608 3.36791 1.11598 2.03008 3.44314 1.112 2.02973 3.3721 1.0473 2.13608 3.30776 1.05588 2.12698 3.2619 1.12055 2.09745 3.36791 1.11598 2.03008 3.30776 1.05588 2.12698 3.24466 1.07295 2.14915 3.27048 1.18999 2.0716 3.3865 1.18998 1.99628 3.36791 1.11598 2.03008 3.2619 1.12055 2.09745 3.2619 1.25942 2.09745 3.36791 1.26399 2.03008 3.3865 1.18998 1.99628 3.27048 1.18999 2.0716 2.94667 0.935126 2.80774 2.90785 0.920138 2.73717 3.09772 0.967883 2.52025 3.14485 0.98222 2.57299 2.90785 0.920138 2.73717 2.83699 0.935125 2.70322 3.03618 0.98222 2.48399 3.09772 0.967883 2.52025 3.14485 0.98222 2.57299 3.09772 0.967883 2.52025 3.25671 1.00378 2.30884 3.30017 1.01625 2.3571 3.09772 0.967883 2.52025 3.03618 0.98222 2.48399 3.19772 1.01625 2.28384 3.25671 1.00378 2.30884 2.64985 0.896496 3.18364 2.74756 0.851047 3.00301 2.94667 0.935126 2.80774 2.95901 0.985085 2.88753 2.74756 0.851047 3.00301 2.73207 0.838898 2.91232 2.90785 0.920138 2.73717 2.94667 0.935126 2.80774 2.73207 0.838898 2.91232 2.64162 0.851047 2.88725 2.83699 0.935125 2.70322 2.90785 0.920138 2.73717 2.64162 0.851047 2.88725 2.45777 0.896496 2.95307 2.76187 0.985085 2.69515 2.83699 0.935125 2.70322 2.83699 0.935125 2.70322 2.76187 0.985085 2.69515 2.98134 1.02633 2.45902 3.03618 0.98222 2.48399 3.03618 0.98222 2.48399 2.98134 1.02633 2.45902 3.14729 1.05326 2.26744 3.19772 1.01625 2.28384 3.19772 1.01625 2.28384 3.14729 1.05326 2.26744 3.24466 1.07295 2.14915 3.30776 1.05588 2.12698 3.25671 1.00378 2.30884 3.19772 1.01625 2.28384 3.30776 1.05588 2.12698 3.3721 1.0473 2.13608 3.30017 1.01625 2.3571 3.25671 1.00378 2.30884 3.3721 1.0473 2.13608 3.40624 1.05588 2.19041 3.33231 1.05325 2.4009 3.30017 1.01625 2.3571 3.40624 1.05588 2.19041 3.40919 1.07295 2.25829 3.17869 1.02633 2.62195 3.14485 0.98222 2.57299 3.30017 1.01625 2.3571 3.33231 1.05325 2.4009 2.95901 0.985085 2.88753 2.94667 0.935126 2.80774 3.14485 0.98222 2.57299 3.17869 1.02633 2.62195 2.72454 1.07378 2.68523 2.71522 1.17499 2.682 2.9458 1.18533 2.42997 2.95286 1.09872 2.4385 2.71522 1.17499 2.682 2.72378 1.26842 2.69294 2.95244 1.26971 2.44103 2.9458 1.18533 2.42997 2.95286 1.09872 2.4385 2.9458 1.18533 2.42997 3.12821 1.1894 2.22162 3.12978 1.11432 2.23797 2.9458 1.18533 2.42997 2.95244 1.26971 2.44103 3.12977 1.2642 2.2383 3.12821 1.1894 2.22162 2.45777 0.896496 2.95307 2.42991 1.03969 2.93848 2.72454 1.07378 2.68523 2.76187 0.985085 2.69515 2.42991 1.03969 2.93848 2.42299 1.15845 2.938 2.71522 1.17499 2.682 2.72454 1.07378 2.68523 2.42299 1.15845 2.938 2.43135 1.26055 2.95096 2.72378 1.26842 2.69294 2.71522 1.17499 2.682 2.43135 1.26055 2.95096 2.45498 1.33896 2.98001 2.74967 1.34221 2.71948 2.72378 1.26842 2.69294 2.72378 1.26842 2.69294 2.74967 1.34221 2.71948 2.97724 1.33847 2.46668 2.95244 1.26971 2.44103 2.95244 1.26971 2.44103 2.97724 1.33847 2.46668 3.14689 1.32482 2.26847 3.12977 1.2642 2.2383 3.12977 1.2642 2.2383 3.14689 1.32482 2.26847 3.24466 1.30702 2.14915 3.2619 1.25942 2.09745 3.12821 1.1894 2.22162 3.12977 1.2642 2.2383 3.2619 1.25942 2.09745 3.27048 1.18999 2.0716 3.12978 1.11432 2.23797 3.12821 1.1894 2.22162 3.27048 1.18999 2.0716 3.2619 1.12055 2.09745 3.14729 1.05326 2.26744 3.12978 1.11432 2.23797 3.2619 1.12055 2.09745 3.24466 1.07295 2.14915 2.98134 1.02633 2.45902 2.95286 1.09872 2.4385 3.12978 1.11432 2.23797 3.14729 1.05326 2.26744 2.76187 0.985085 2.69515 2.72454 1.07378 2.68523 2.95286 1.09872 2.4385 2.98134 1.02633 2.45902 2.79218 1.38756 2.76083 2.84341 1.40268 2.81079 3.0795 1.3953 2.54107 3.0238 1.38107 2.50017 2.84341 1.40268 2.81079 2.89399 1.38756 2.86151 3.12992 1.38107 2.588 3.0795 1.3953 2.54107 3.0238 1.38107 2.50017 3.0795 1.3953 2.54107 3.25479 1.37409 2.31172 3.19644 1.36163 2.28605 3.0795 1.3953 2.54107 3.12992 1.38107 2.588 3.29857 1.36163 2.35919 3.25479 1.37409 2.31172 2.45498 1.33896 2.98001 2.49292 1.38682 3.02603 2.79218 1.38756 2.76083 2.74967 1.34221 2.71948 2.49292 1.38682 3.02603 2.53872 1.40278 3.08156 2.84341 1.40268 2.81079 2.79218 1.38756 2.76083 2.53872 1.40278 3.08156 2.58451 1.38683 3.13709 2.89399 1.38756 2.86151 2.84341 1.40268 2.81079 2.58451 1.38683 3.13709 2.62246 1.33896 3.18311 2.93584 1.34221 2.90361 2.89399 1.38756 2.86151 2.89399 1.38756 2.86151 2.93584 1.34221 2.90361 3.17119 1.33847 2.62753 3.12992 1.38107 2.588 3.12992 1.38107 2.588 3.17119 1.33847 2.62753 3.33148 1.32482 2.40169 3.29857 1.36163 2.35919 3.29857 1.36163 2.35919 3.33148 1.32482 2.40169 3.40918 1.30702 2.25829 3.40624 1.3241 2.19041 3.25479 1.37409 2.31172 3.29857 1.36163 2.35919 3.40624 1.3241 2.19041 3.3721 1.33267 2.13608 3.19644 1.36163 2.28605 3.25479 1.37409 2.31172 3.3721 1.33267 2.13608 3.30776 1.32409 2.12698 3.14689 1.32482 2.26847 3.19644 1.36163 2.28605 3.30776 1.32409 2.12698 3.24466 1.30702 2.14915 2.97724 1.33847 2.46668 3.0238 1.38107 2.50017 3.19644 1.36163 2.28605 3.14689 1.32482 2.26847 2.74967 1.34221 2.71948 2.79218 1.38756 2.76083 3.0238 1.38107 2.50017 2.97724 1.33847 2.46668 1.42456 1.21836 3.90939 1.43012 1.08913 3.92554 1.87725 1.11259 3.73263 1.86883 1.23314 3.71672 1.43012 1.08913 3.92554 1.43134 0.939109 3.92619 1.87968 0.971409 3.73541 1.87725 1.11259 3.73263 1.86883 1.23314 3.71672 1.87725 1.11259 3.73263 2.28985 1.13681 3.49354 2.27932 1.24802 3.48003 1.87725 1.11259 3.73263 1.87968 0.971409 3.73541 2.29204 1.00554 3.49329 2.28985 1.13681 3.49354 0.950934 1.31065 4.01366 0.959455 1.20636 4.05012 1.42456 1.21836 3.90939 1.41171 1.31706 3.87396 0.959455 1.20636 4.05012 0.962457 1.07172 4.06507 1.43012 1.08913 3.92554 1.42456 1.21836 3.90939 0.962457 1.07172 4.06507 0.95993 0.918106 4.06055 1.43134 0.939109 3.92619 1.43012 1.08913 3.92554 0.95993 0.918106 4.06055 0.949881 0.743639 4.03266 1.44415 0.779804 3.9138 1.43134 0.939109 3.92619 1.43134 0.939109 3.92619 1.44415 0.779804 3.9138 1.87951 0.817482 3.73177 1.87968 0.971409 3.73541 1.87968 0.971409 3.73541 1.87951 0.817482 3.73177 2.27872 0.856269 3.49305 2.29204 1.00554 3.49329 2.29204 1.00554 3.49329 2.27872 0.856269 3.49305 2.64985 0.896496 3.18364 2.65868 1.03969 3.21487 2.28985 1.13681 3.49354 2.29204 1.00554 3.49329 2.65868 1.03969 3.21487 2.65768 1.15844 3.22229 2.27932 1.24802 3.48003 2.28985 1.13681 3.49354 2.65768 1.15844 3.22229 2.64649 1.26055 3.21181 2.25848 1.33254 3.44863 2.27932 1.24802 3.48003 2.64649 1.26055 3.21181 2.62246 1.33896 3.18311 1.85177 1.3248 3.68295 1.86883 1.23314 3.71672 2.27932 1.24802 3.48003 2.25848 1.33254 3.44863 1.41171 1.31706 3.87396 1.42456 1.21836 3.90939 1.86883 1.23314 3.71672 1.85177 1.3248 3.68295 1.34205 1.37725 3.68264 1.36668 1.39731 3.75028 1.7926 1.39925 3.56538 1.76024 1.38063 3.50109 1.36668 1.39731 3.75028 1.3913 1.37725 3.81792 1.82496 1.38063 3.62967 1.7926 1.39925 3.56538 1.76024 1.38063 3.50109 1.7926 1.39925 3.56538 2.1863 1.40118 3.33856 2.14682 1.38402 3.27837 1.7926 1.39925 3.56538 1.82496 1.38063 3.62967 2.22577 1.38402 3.39875 2.1863 1.40118 3.33856 0.890531 1.31065 3.75744 0.904217 1.37444 3.8155 1.34205 1.37725 3.68264 1.32165 1.31706 3.6266 0.904217 1.37444 3.8155 0.920733 1.39571 3.88555 1.36668 1.39731 3.75028 1.34205 1.37725 3.68264 0.920733 1.39571 3.88555 0.937249 1.37444 3.95562 1.3913 1.37725 3.81792 1.36668 1.39731 3.75028 0.937249 1.37444 3.95562 0.950934 1.31065 4.01366 1.41171 1.31706 3.87396 1.3913 1.37725 3.81792 1.3913 1.37725 3.81792 1.41171 1.31706 3.87396 1.85177 1.3248 3.68295 1.82496 1.38063 3.62967 1.82496 1.38063 3.62967 1.85177 1.3248 3.68295 2.25848 1.33254 3.44863 2.22577 1.38402 3.39875 2.22577 1.38402 3.39875 2.25848 1.33254 3.44863 2.62246 1.33896 3.18311 2.58451 1.38683 3.13709 2.1863 1.40118 3.33856 2.22577 1.38402 3.39875 2.58451 1.38683 3.13709 2.53872 1.40278 3.08156 2.14682 1.38402 3.27837 2.1863 1.40118 3.33856 2.53872 1.40278 3.08156 2.49292 1.38682 3.02603 2.11412 1.33254 3.2285 2.14682 1.38402 3.27837 2.49292 1.38682 3.02603 2.45498 1.33896 2.98001 1.73343 1.3248 3.44781 1.76024 1.38063 3.50109 2.14682 1.38402 3.27837 2.11412 1.33254 3.2285 1.32165 1.31706 3.6266 1.34205 1.37725 3.68264 1.76024 1.38063 3.50109 1.73343 1.3248 3.44781 1.30306 0.939108 3.57401 1.30261 1.08913 3.57523 1.70867 1.11259 3.39778 1.70782 0.971409 3.39422 1.30261 1.08913 3.57523 1.30872 1.21836 3.59119 1.71646 1.23314 3.414 1.70867 1.11259 3.39778 1.70782 0.971409 3.39422 1.70867 1.11259 3.39778 2.08528 1.13681 3.18188 2.08622 1.00554 3.18005 1.70867 1.11259 3.39778 1.71646 1.23314 3.414 2.0936 1.24802 3.19687 2.08528 1.13681 3.18188 0.881404 0.743639 3.74048 0.877772 0.918107 3.7113 1.30306 0.939108 3.57401 1.31974 0.779804 3.57638 0.877772 0.918107 3.7113 0.877919 1.07172 3.70625 1.30261 1.08913 3.57523 1.30306 0.939108 3.57401 0.877919 1.07172 3.70625 0.881878 1.20636 3.72102 1.30872 1.21836 3.59119 1.30261 1.08913 3.57523 0.881878 1.20636 3.72102 0.890531 1.31065 3.75744 1.32165 1.31706 3.6266 1.30872 1.21836 3.59119 1.30872 1.21836 3.59119 1.32165 1.31706 3.6266 1.73343 1.3248 3.44781 1.71646 1.23314 3.414 1.71646 1.23314 3.414 1.73343 1.3248 3.44781 2.11412 1.33254 3.2285 2.0936 1.24802 3.19687 2.0936 1.24802 3.19687 2.11412 1.33254 3.2285 2.45498 1.33896 2.98001 2.43135 1.26055 2.95096 2.08528 1.13681 3.18188 2.0936 1.24802 3.19687 2.43135 1.26055 2.95096 2.42299 1.15845 2.938 2.08622 1.00554 3.18005 2.08528 1.13681 3.18188 2.42299 1.15845 2.938 2.42991 1.03969 2.93848 2.08204 0.856268 3.19197 2.08622 1.00554 3.18005 2.42991 1.03969 2.93848 2.45777 0.896496 2.95307 1.71054 0.817481 3.39661 1.70782 0.971409 3.39422 2.08622 1.00554 3.18005 2.08204 0.856268 3.19197 1.31974 0.779804 3.57638 1.30306 0.939108 3.57401 1.70782 0.971409 3.39422 1.71054 0.817481 3.39661 2.08478 0.0536147 3.6085 1.76524 0.0468282 3.78569 1.71374 -0.0782314 3.80532 2.01239 -0.0701118 3.63782 1.76524 0.0468282 3.78569 1.3706 0.0395069 3.94612 1.33691 -0.0854785 3.95629 1.71374 -0.0782314 3.80532 2.01239 -0.0701118 3.63782 1.71374 -0.0782314 3.80532 1.65592 -0.181135 3.81364 1.92826 -0.167319 3.66087 1.71374 -0.0782314 3.80532 1.33691 -0.0854785 3.95629 1.29974 -0.191166 3.95086 1.65592 -0.181135 3.81364 2.35619 0.205396 3.38334 2.13528 0.197599 3.57568 2.08478 0.0536147 3.6085 2.29534 0.0590747 3.42316 2.13528 0.197599 3.57568 1.80894 0.188048 3.76284 1.76524 0.0468282 3.78569 2.08478 0.0536147 3.6085 1.80894 0.188048 3.76284 1.41122 0.178141 3.92457 1.3706 0.0395069 3.94612 1.76524 0.0468282 3.78569 1.41122 0.178141 3.92457 0.932974 0.168677 4.03604 0.924359 0.0288892 4.06768 1.3706 0.0395069 3.94612 1.3706 0.0395069 3.94612 0.924359 0.0288892 4.06768 0.908304 -0.0921943 4.07592 1.33691 -0.0854785 3.95629 1.33691 -0.0854785 3.95629 0.908304 -0.0921943 4.07592 0.888052 -0.19749 4.0644 1.29974 -0.191166 3.95086 1.29974 -0.191166 3.95086 0.888052 -0.19749 4.0644 0.866199 -0.27871 4.03059 1.26232 -0.271114 3.92393 1.65592 -0.181135 3.81364 1.29974 -0.191166 3.95086 1.26232 -0.271114 3.92393 1.60233 -0.25731 3.79947 1.92826 -0.167319 3.66087 1.65592 -0.181135 3.81364 1.60233 -0.25731 3.79947 1.8571 -0.235317 3.66047 2.10702 -0.157297 3.52822 1.92826 -0.167319 3.66087 1.8571 -0.235317 3.66047 2.01155 -0.212099 3.56728 2.21074 -0.0640622 3.4737 2.01239 -0.0701118 3.63782 1.92826 -0.167319 3.66087 2.10702 -0.157297 3.52822 2.29534 0.0590747 3.42316 2.08478 0.0536147 3.6085 2.01239 -0.0701118 3.63782 2.21074 -0.0640622 3.4737 2.18247 -1.1214 3.42766 2.73565 -1.1214 3.00482 2.68708 -1.11282 2.9517 2.14375 -1.11282 3.36698 2.73565 -1.1214 3.00482 3.18916 -1.1214 2.52494 3.13246 -1.11282 2.48058 2.68708 -1.11282 2.9517 2.14375 -1.11282 3.36698 2.68708 -1.11282 2.9517 2.63872 -1.1214 2.89839 2.10506 -1.1214 3.30628 2.68708 -1.11282 2.9517 3.13246 -1.11282 2.48058 3.07634 -1.1214 2.43552 2.63872 -1.1214 2.89839 1.59037 -1.14714 3.81161 2.21458 -1.14714 3.47792 2.18247 -1.1214 3.42766 1.5674 -1.1214 3.75657 2.21458 -1.14714 3.47792 2.77613 -1.14714 3.04864 2.73565 -1.1214 3.00482 2.18247 -1.1214 3.42766 2.77613 -1.14714 3.04864 3.23684 -1.14714 2.56092 3.18916 -1.1214 2.52494 2.73565 -1.1214 3.00482 3.23684 -1.14714 2.56092 3.5765 -1.14714 2.06655 3.52304 -1.1214 2.03944 3.18916 -1.1214 2.52494 3.18916 -1.1214 2.52494 3.52304 -1.1214 2.03944 3.46017 -1.11282 2.00424 3.13246 -1.11282 2.48058 3.13246 -1.11282 2.48058 3.46017 -1.11282 2.00424 3.3985 -1.1214 1.96723 3.07634 -1.1214 2.43552 3.07634 -1.1214 2.43552 3.3985 -1.1214 1.96723 3.34866 -1.14714 1.9347 3.03049 -1.14714 2.39748 2.63872 -1.1214 2.89839 3.07634 -1.1214 2.43552 3.03049 -1.14714 2.39748 2.59886 -1.14714 2.85404 2.10506 -1.1214 3.30628 2.63872 -1.1214 2.89839 2.59886 -1.14714 2.85404 2.07304 -1.14714 3.25596 1.51195 -1.1214 3.62371 2.10506 -1.1214 3.30628 2.07304 -1.14714 3.25596 1.48898 -1.14714 3.56868 1.53967 -1.11282 3.69014 2.14375 -1.11282 3.36698 2.10506 -1.1214 3.30628 1.51195 -1.1214 3.62371 1.5674 -1.1214 3.75657 2.18247 -1.1214 3.42766 2.14375 -1.11282 3.36698 1.53967 -1.11282 3.69014 1.22925 -0.319736 3.87251 1.20304 -0.335936 3.80581 1.53223 -0.318553 3.69381 1.56225 -0.303283 3.75565 1.20304 -0.335936 3.80581 1.186 -0.319736 3.73601 1.50934 -0.303281 3.62846 1.53223 -0.318553 3.69381 1.56225 -0.303283 3.75565 1.53223 -0.318553 3.69381 1.79808 -0.287477 3.56268 1.82303 -0.274479 3.6204 1.53223 -0.318553 3.69381 1.50934 -0.303281 3.62846 1.76649 -0.274479 3.50823 1.79808 -0.287477 3.56268 0.866199 -0.27871 4.03059 0.845234 -0.328341 3.97396 1.22925 -0.319736 3.87251 1.26232 -0.271114 3.92393 0.845234 -0.328341 3.97396 0.827561 -0.344886 3.90409 1.20304 -0.335936 3.80581 1.22925 -0.319736 3.87251 0.827561 -0.344886 3.90409 0.815456 -0.328341 3.83311 1.186 -0.319736 3.73601 1.20304 -0.335936 3.80581 0.815456 -0.328341 3.83311 0.811197 -0.27871 3.77316 1.18227 -0.271114 3.67463 1.186 -0.319736 3.73601 1.186 -0.319736 3.73601 1.18227 -0.271114 3.67463 1.50439 -0.25731 3.56731 1.50934 -0.303281 3.62846 1.50934 -0.303281 3.62846 1.50439 -0.25731 3.56731 1.75402 -0.235316 3.4575 1.76649 -0.274479 3.50823 1.76649 -0.274479 3.50823 1.75402 -0.235316 3.4575 1.91447 -0.212098 3.39536 1.97022 -0.228852 3.4126 1.79808 -0.287477 3.56268 1.76649 -0.274479 3.50823 1.97022 -0.228852 3.4126 2.01617 -0.237222 3.4522 1.82303 -0.274479 3.6204 1.79808 -0.287477 3.56268 2.01617 -0.237222 3.4522 2.02886 -0.228852 3.514 1.8571 -0.235317 3.66047 1.82303 -0.274479 3.6204 2.02886 -0.228852 3.514 2.01155 -0.212099 3.56728 1.60233 -0.25731 3.79947 1.56225 -0.303283 3.75565 1.82303 -0.274479 3.6204 1.8571 -0.235317 3.66047 1.26232 -0.271114 3.92393 1.22925 -0.319736 3.87251 1.56225 -0.303283 3.75565 1.60233 -0.25731 3.79947 1.24821 0.0395069 3.59331 1.60834 0.0468282 3.44946 1.5655 -0.0782328 3.47637 1.21828 -0.0854779 3.60473 1.60834 0.0468282 3.44946 1.91607 0.053616 3.31692 1.85503 -0.0701118 3.35373 1.5655 -0.0782328 3.47637 1.21828 -0.0854779 3.60473 1.5655 -0.0782328 3.47637 1.52652 -0.181136 3.51578 1.19463 -0.191165 3.63081 1.5655 -0.0782328 3.47637 1.85503 -0.0701118 3.35373 1.79234 -0.16732 3.40311 1.52652 -0.181136 3.51578 0.865717 0.168677 3.74358 1.28992 0.178142 3.58691 1.24821 0.0395069 3.59331 0.845254 0.0288872 3.71772 1.28992 0.178142 3.58691 1.6491 0.188048 3.43064 1.60834 0.0468282 3.44946 1.24821 0.0395069 3.59331 1.6491 0.188048 3.43064 1.96173 0.197599 3.28551 1.91607 0.053616 3.31692 1.60834 0.0468282 3.44946 1.96173 0.197599 3.28551 2.20562 0.205395 3.1674 2.14938 0.0590734 3.20579 1.91607 0.053616 3.31692 1.91607 0.053616 3.31692 2.14938 0.0590734 3.20579 2.07531 -0.0640609 3.26122 1.85503 -0.0701118 3.35373 1.85503 -0.0701118 3.35373 2.07531 -0.0640609 3.26122 1.99017 -0.157297 3.33286 1.79234 -0.16732 3.40311 1.79234 -0.16732 3.40311 1.99017 -0.157297 3.33286 1.91447 -0.212098 3.39536 1.75402 -0.235316 3.4575 1.52652 -0.181136 3.51578 1.79234 -0.16732 3.40311 1.75402 -0.235316 3.4575 1.50439 -0.25731 3.56731 1.19463 -0.191165 3.63081 1.52652 -0.181136 3.51578 1.50439 -0.25731 3.56731 1.18227 -0.271114 3.67463 0.816265 -0.19749 3.73399 1.19463 -0.191165 3.63081 1.18227 -0.271114 3.67463 0.811197 -0.27871 3.77316 0.828535 -0.0921943 3.716 1.21828 -0.0854779 3.60473 1.19463 -0.191165 3.63081 0.816265 -0.19749 3.73399 0.845254 0.0288872 3.71772 1.24821 0.0395069 3.59331 1.21828 -0.0854779 3.60473 0.828535 -0.0921943 3.716 2.31515 0.0621703 3.16648 2.40239 0.0630922 3.19423 2.30586 -0.062948 3.2587 2.2265 -0.0625675 3.22889 2.40239 0.0630922 3.19423 2.39973 0.0621703 3.28202 2.30476 -0.0625675 3.34225 2.30586 -0.062948 3.2587 2.2265 -0.0625675 3.22889 2.30586 -0.062948 3.2587 2.17882 -0.162984 3.34355 2.11367 -0.159562 3.31155 2.30586 -0.062948 3.2587 2.30476 -0.0625675 3.34225 2.18133 -0.159561 3.41739 2.17882 -0.162984 3.34355 2.20562 0.205395 3.1674 2.37943 0.21022 3.12317 2.31515 0.0621703 3.16648 2.14938 0.0590734 3.20579 2.37943 0.21022 3.12317 2.46706 0.211829 3.14428 2.40239 0.0630922 3.19423 2.31515 0.0621703 3.16648 2.46706 0.211829 3.14428 2.46674 0.21022 3.23763 2.39973 0.0621703 3.28202 2.40239 0.0630922 3.19423 2.46674 0.21022 3.23763 2.35619 0.205396 3.38334 2.29534 0.0590747 3.42316 2.39973 0.0621703 3.28202 2.39973 0.0621703 3.28202 2.29534 0.0590747 3.42316 2.21074 -0.0640622 3.4737 2.30476 -0.0625675 3.34225 2.30476 -0.0625675 3.34225 2.21074 -0.0640622 3.4737 2.10702 -0.157297 3.52822 2.18133 -0.159561 3.41739 2.18133 -0.159561 3.41739 2.10702 -0.157297 3.52822 2.01155 -0.212099 3.56728 2.02886 -0.228852 3.514 2.17882 -0.162984 3.34355 2.18133 -0.159561 3.41739 2.02886 -0.228852 3.514 2.01617 -0.237222 3.4522 2.11367 -0.159562 3.31155 2.17882 -0.162984 3.34355 2.01617 -0.237222 3.4522 1.97022 -0.228852 3.4126 1.99017 -0.157297 3.33286 2.11367 -0.159562 3.31155 1.97022 -0.228852 3.4126 1.91447 -0.212098 3.39536 2.07531 -0.0640609 3.26122 2.2265 -0.0625675 3.22889 2.11367 -0.159562 3.31155 1.99017 -0.157297 3.33286 2.14938 0.0590734 3.20579 2.31515 0.0621703 3.16648 2.2265 -0.0625675 3.22889 2.07531 -0.0640609 3.26122 0.390726 0.718191 3.89742 0.373134 0.694343 3.97488 -0.00413602 0.723207 3.99972 0.00278097 0.746194 3.92647 0.373134 0.694343 3.97488 0.405725 0.718192 4.04897 0.00288397 0.746194 4.07315 -0.00413602 0.723207 3.99972 0.00278097 0.746194 3.92647 -0.00413602 0.723207 3.99972 -0.406443 0.739267 3.97264 -0.399475 0.761613 3.90084 -0.00413602 0.723207 3.99972 0.00288397 0.746194 4.07315 -0.41399 0.761613 4.04441 -0.406443 0.739267 3.97264 0.881404 0.743639 3.74048 0.709068 0.660958 3.84767 0.390726 0.718191 3.89742 0.431627 0.793693 3.83233 0.709068 0.660958 3.84767 0.671882 0.63891 3.93506 0.373134 0.694343 3.97488 0.390726 0.718191 3.89742 0.671882 0.63891 3.93506 0.737298 0.660958 4.00203 0.405725 0.718192 4.04897 0.373134 0.694343 3.97488 0.737298 0.660958 4.00203 0.949881 0.743639 4.03266 0.462218 0.793692 4.1075 0.405725 0.718192 4.04897 0.405725 0.718192 4.04897 0.462218 0.793692 4.1075 0.0145287 0.815911 4.13265 0.00288397 0.746194 4.07315 0.00288397 0.746194 4.07315 0.0145287 0.815911 4.13265 -0.422142 0.82875 4.10367 -0.41399 0.761613 4.04441 -0.41399 0.761613 4.04441 -0.422142 0.82875 4.10367 -0.835169 0.840909 4.03677 -0.814584 0.775304 3.98006 -0.406443 0.739267 3.97264 -0.41399 0.761613 4.04441 -0.814584 0.775304 3.98006 -0.797432 0.753434 3.91008 -0.399475 0.761613 3.90084 -0.406443 0.739267 3.97264 -0.797432 0.753434 3.91008 -0.785894 0.775304 3.83899 -0.395478 0.828749 3.84129 -0.399475 0.761613 3.90084 -0.785894 0.775304 3.83899 -0.78215 0.840909 3.77892 0.0135977 0.815911 3.86546 0.00278097 0.746194 3.92647 -0.399475 0.761613 3.90084 -0.395478 0.828749 3.84129 0.431627 0.793693 3.83233 0.390726 0.718191 3.89742 0.00278097 0.746194 3.92647 0.0135977 0.815911 3.86546 0.926219 0.560989 3.96223 0.849236 0.548281 3.89978 0.905398 0.43719 3.8886 0.983121 0.441242 3.94922 0.849236 0.548281 3.89978 0.891646 0.560989 3.81357 0.947189 0.441242 3.80422 0.905398 0.43719 3.8886 0.983121 0.441242 3.94922 0.905398 0.43719 3.8886 0.845576 0.326106 3.90051 0.921909 0.321631 3.96309 0.905398 0.43719 3.8886 0.947189 0.441242 3.80422 0.887498 0.321631 3.81439 0.845576 0.326106 3.90051 0.949881 0.743639 4.03266 0.737298 0.660958 4.00203 0.926219 0.560989 3.96223 1.13851 0.591956 3.97399 0.737298 0.660958 4.00203 0.671882 0.63891 3.93506 0.849236 0.548281 3.89978 0.926219 0.560989 3.96223 0.671882 0.63891 3.93506 0.709068 0.660958 3.84767 0.891646 0.560989 3.81357 0.849236 0.548281 3.89978 0.709068 0.660958 3.84767 0.881404 0.743639 3.74048 1.06233 0.591958 3.70729 0.891646 0.560989 3.81357 0.891646 0.560989 3.81357 1.06233 0.591958 3.70729 1.10806 0.453476 3.69498 0.947189 0.441242 3.80422 0.947189 0.441242 3.80422 1.10806 0.453476 3.69498 1.05608 0.315866 3.70943 0.887498 0.321631 3.81439 0.887498 0.321631 3.81439 1.05608 0.315866 3.70943 0.865717 0.168677 3.74358 0.69976 0.221306 3.84953 0.845576 0.326106 3.90051 0.887498 0.321631 3.81439 0.69976 0.221306 3.84953 0.663376 0.235122 3.93675 0.921909 0.321631 3.96309 0.845576 0.326106 3.90051 0.663376 0.235122 3.93675 0.727614 0.221307 4.00395 1.13179 0.315866 3.97625 0.921909 0.321631 3.96309 0.727614 0.221307 4.00395 0.932974 0.168677 4.03604 1.18575 0.453476 3.95475 0.983121 0.441242 3.94922 0.921909 0.321631 3.96309 1.13179 0.315866 3.97625 1.13851 0.591956 3.97399 0.926219 0.560989 3.96223 0.983121 0.441242 3.94922 1.18575 0.453476 3.95475 2.52018 0.713224 2.99662 2.6137 0.70964 3.01592 2.54848 0.548508 3.07302 2.45764 0.547133 3.05515 2.6137 0.70964 3.01592 2.61825 0.713225 3.11312 2.54963 0.547132 3.16938 2.54848 0.548508 3.07302 2.45764 0.547133 3.05515 2.54848 0.548508 3.07302 2.50795 0.377558 3.10849 2.4193 0.375239 3.09034 2.54848 0.548508 3.07302 2.54963 0.547132 3.16938 2.50832 0.375237 3.20391 2.50795 0.377558 3.10849 2.45777 0.896496 2.95307 2.64162 0.851047 2.88725 2.52018 0.713224 2.99662 2.33956 0.713425 3.07005 2.64162 0.851047 2.88725 2.73207 0.838898 2.91232 2.6137 0.70964 3.01592 2.52018 0.713224 2.99662 2.73207 0.838898 2.91232 2.74756 0.851047 3.00301 2.61825 0.713225 3.11312 2.6137 0.70964 3.01592 2.74756 0.851047 3.00301 2.64985 0.896496 3.18364 2.50751 0.713424 3.29016 2.61825 0.713225 3.11312 2.61825 0.713225 3.11312 2.50751 0.713424 3.29016 2.43818 0.539275 3.33082 2.54963 0.547132 3.16938 2.54963 0.547132 3.16938 2.43818 0.539275 3.33082 2.3969 0.367819 3.35639 2.50832 0.375237 3.20391 2.50832 0.375237 3.20391 2.3969 0.367819 3.35639 2.35619 0.205396 3.38334 2.46674 0.21022 3.23763 2.50795 0.377558 3.10849 2.50832 0.375237 3.20391 2.46674 0.21022 3.23763 2.46706 0.211829 3.14428 2.4193 0.375239 3.09034 2.50795 0.377558 3.10849 2.46706 0.211829 3.14428 2.37943 0.21022 3.12317 2.24351 0.367818 3.14185 2.4193 0.375239 3.09034 2.37943 0.21022 3.12317 2.20562 0.205395 3.1674 2.28024 0.539275 3.11531 2.45764 0.547133 3.05515 2.4193 0.375239 3.09034 2.24351 0.367818 3.14185 2.33956 0.713425 3.07005 2.52018 0.713224 2.99662 2.45764 0.547133 3.05515 2.28024 0.539275 3.11531 1.36303 0.624488 3.56819 1.7123 0.657961 3.39959 1.70529 0.497381 3.405 1.38194 0.473308 3.56411 1.7123 0.657961 3.39959 2.05172 0.690958 3.21978 2.01973 0.5213 3.24527 1.70529 0.497381 3.405 1.38194 0.473308 3.56411 1.70529 0.497381 3.405 1.68319 0.339557 3.41564 1.3504 0.324206 3.57265 1.70529 0.497381 3.405 2.01973 0.5213 3.24527 1.99313 0.355181 3.26448 1.68319 0.339557 3.41564 0.881404 0.743639 3.74048 1.31974 0.779804 3.57638 1.36303 0.624488 3.56819 1.06233 0.591958 3.70729 1.31974 0.779804 3.57638 1.71054 0.817481 3.39661 1.7123 0.657961 3.39959 1.36303 0.624488 3.56819 1.71054 0.817481 3.39661 2.08204 0.856268 3.19197 2.05172 0.690958 3.21978 1.7123 0.657961 3.39959 2.08204 0.856268 3.19197 2.45777 0.896496 2.95307 2.33956 0.713425 3.07005 2.05172 0.690958 3.21978 2.05172 0.690958 3.21978 2.33956 0.713425 3.07005 2.28024 0.539275 3.11531 2.01973 0.5213 3.24527 2.01973 0.5213 3.24527 2.28024 0.539275 3.11531 2.24351 0.367818 3.14185 1.99313 0.355181 3.26448 1.99313 0.355181 3.26448 2.24351 0.367818 3.14185 2.20562 0.205395 3.1674 1.96173 0.197599 3.28551 1.68319 0.339557 3.41564 1.99313 0.355181 3.26448 1.96173 0.197599 3.28551 1.6491 0.188048 3.43064 1.3504 0.324206 3.57265 1.68319 0.339557 3.41564 1.6491 0.188048 3.43064 1.28992 0.178142 3.58691 1.05608 0.315866 3.70943 1.3504 0.324206 3.57265 1.28992 0.178142 3.58691 0.865717 0.168677 3.74358 1.10806 0.453476 3.69498 1.38194 0.473308 3.56411 1.3504 0.324206 3.57265 1.05608 0.315866 3.70943 1.06233 0.591958 3.70729 1.36303 0.624488 3.56819 1.38194 0.473308 3.56411 1.10806 0.453476 3.69498 2.23847 0.690958 3.51238 1.87819 0.657959 3.72857 1.86884 0.497381 3.73122 2.19978 0.5213 3.53411 1.87819 0.657959 3.72857 1.48695 0.624488 3.89278 1.50592 0.473308 3.88401 1.86884 0.497381 3.73122 2.19978 0.5213 3.53411 1.86884 0.497381 3.73122 1.84484 0.339557 3.74333 2.16951 0.355183 3.55287 1.86884 0.497381 3.73122 1.50592 0.473308 3.88401 1.47304 0.324206 3.89733 1.84484 0.339557 3.74333 2.64985 0.896496 3.18364 2.27872 0.856269 3.49305 2.23847 0.690958 3.51238 2.50751 0.713424 3.29016 2.27872 0.856269 3.49305 1.87951 0.817482 3.73177 1.87819 0.657959 3.72857 2.23847 0.690958 3.51238 1.87951 0.817482 3.73177 1.44415 0.779804 3.9138 1.48695 0.624488 3.89278 1.87819 0.657959 3.72857 1.44415 0.779804 3.9138 0.949881 0.743639 4.03266 1.13851 0.591956 3.97399 1.48695 0.624488 3.89278 1.48695 0.624488 3.89278 1.13851 0.591956 3.97399 1.18575 0.453476 3.95475 1.50592 0.473308 3.88401 1.50592 0.473308 3.88401 1.18575 0.453476 3.95475 1.13179 0.315866 3.97625 1.47304 0.324206 3.89733 1.47304 0.324206 3.89733 1.13179 0.315866 3.97625 0.932974 0.168677 4.03604 1.41122 0.178141 3.92457 1.84484 0.339557 3.74333 1.47304 0.324206 3.89733 1.41122 0.178141 3.92457 1.80894 0.188048 3.76284 2.16951 0.355183 3.55287 1.84484 0.339557 3.74333 1.80894 0.188048 3.76284 2.13528 0.197599 3.57568 2.3969 0.367819 3.35639 2.16951 0.355183 3.55287 2.13528 0.197599 3.57568 2.35619 0.205396 3.38334 2.43818 0.539275 3.33082 2.19978 0.5213 3.53411 2.16951 0.355183 3.55287 2.3969 0.367819 3.35639 2.50751 0.713424 3.29016 2.23847 0.690958 3.51238 2.19978 0.5213 3.53411 2.43818 0.539275 3.33082 -3.45996 -0.0216246 -2.11684 -3.38429 -0.0170524 -2.11784 -3.35978 -0.106737 -2.15453 -3.44002 -0.106737 -2.15277 -3.38429 -0.0170524 -2.11784 -3.35351 -0.0216246 -2.05161 -3.32856 -0.106736 -2.08291 -3.35978 -0.106737 -2.15453 -3.44002 -0.106737 -2.15277 -3.35978 -0.106737 -2.15453 -3.38428 -0.19642 -2.11784 -3.45996 -0.191847 -2.11684 -3.35978 -0.106737 -2.15453 -3.32856 -0.106736 -2.08291 -3.35351 -0.191847 -2.05161 -3.38428 -0.19642 -2.11784 -3.58209 0.0278664 -1.98162 -3.52189 0.0475011 -2.01291 -3.45996 -0.0216246 -2.11684 -3.56923 -0.0268751 -2.04001 -3.52189 0.0475011 -2.01291 -3.45747 0.0573637 -2.00826 -3.38429 -0.0170524 -2.11784 -3.45996 -0.0216246 -2.11684 -3.45747 0.0573637 -2.00826 -3.42023 0.0475011 -1.95472 -3.35351 -0.0216246 -2.05161 -3.38429 -0.0170524 -2.11784 -3.42023 0.0475011 -1.95472 -3.40939 0.0278664 -1.88595 -3.37289 -0.0268764 -1.92762 -3.35351 -0.0216246 -2.05161 -3.35351 -0.0216246 -2.05161 -3.37289 -0.0268764 -1.92762 -3.35345 -0.106735 -1.94774 -3.32856 -0.106736 -2.08291 -3.32856 -0.106736 -2.08291 -3.35345 -0.106735 -1.94774 -3.37289 -0.186596 -1.92762 -3.35351 -0.191847 -2.05161 -3.35351 -0.191847 -2.05161 -3.37289 -0.186596 -1.92762 -3.40939 -0.241341 -1.88595 -3.42023 -0.260974 -1.95472 -3.38428 -0.19642 -2.11784 -3.35351 -0.191847 -2.05161 -3.42023 -0.260974 -1.95472 -3.45748 -0.270835 -2.00826 -3.45996 -0.191847 -2.11684 -3.38428 -0.19642 -2.11784 -3.45748 -0.270835 -2.00826 -3.52189 -0.260973 -2.01291 -3.56923 -0.186596 -2.04001 -3.45996 -0.191847 -2.11684 -3.52189 -0.260973 -2.01291 -3.58209 -0.241339 -1.98162 -3.5615 -0.106735 -2.06878 -3.44002 -0.106737 -2.15277 -3.45996 -0.191847 -2.11684 -3.56923 -0.186596 -2.04001 -3.56923 -0.0268751 -2.04001 -3.45996 -0.0216246 -2.11684 -3.44002 -0.106737 -2.15277 -3.5615 -0.106735 -2.06878 -3.79667 -0.335465 -1.00127 -3.86582 -0.35221 -1.01996 -3.70676 -0.343122 -1.4949 -3.64419 -0.326946 -1.4653 -3.86582 -0.35221 -1.01996 -3.93516 -0.335465 -1.03763 -3.772 -0.326946 -1.51668 -3.70676 -0.343122 -1.4949 -3.64419 -0.326946 -1.4653 -3.70676 -0.343122 -1.4949 -3.558 -0.318507 -1.80757 -3.50789 -0.304202 -1.76718 -3.70676 -0.343122 -1.4949 -3.772 -0.326946 -1.51668 -3.62005 -0.304202 -1.82374 -3.558 -0.318507 -1.80757 -3.8451 -0.286207 -0.341769 -3.90452 -0.336682 -0.346979 -3.79667 -0.335465 -1.00127 -3.73939 -0.285246 -0.985708 -3.90452 -0.336682 -0.346979 -3.97622 -0.353508 -0.353272 -3.86582 -0.35221 -1.01996 -3.79667 -0.335465 -1.00127 -3.97622 -0.353508 -0.353272 -4.04793 -0.336683 -0.359563 -3.93516 -0.335465 -1.03763 -3.86582 -0.35221 -1.01996 -4.04793 -0.336683 -0.359563 -4.10734 -0.286206 -0.364776 -3.99265 -0.285246 -1.05218 -3.93516 -0.335465 -1.03763 -3.93516 -0.335465 -1.03763 -3.99265 -0.285246 -1.05218 -3.82636 -0.27852 -1.53395 -3.772 -0.326946 -1.51668 -3.772 -0.326946 -1.51668 -3.82636 -0.27852 -1.53395 -3.67263 -0.261934 -1.83247 -3.62005 -0.304202 -1.82374 -3.62005 -0.304202 -1.82374 -3.67263 -0.261934 -1.83247 -3.58209 -0.241339 -1.98162 -3.52189 -0.260973 -2.01291 -3.558 -0.318507 -1.80757 -3.62005 -0.304202 -1.82374 -3.52189 -0.260973 -2.01291 -3.45748 -0.270835 -2.00826 -3.50789 -0.304202 -1.76718 -3.558 -0.318507 -1.80757 -3.45748 -0.270835 -2.00826 -3.42023 -0.260974 -1.95472 -3.46897 -0.261934 -1.73076 -3.50789 -0.304202 -1.76718 -3.42023 -0.260974 -1.95472 -3.40939 -0.241341 -1.88595 -3.59248 -0.27852 -1.4402 -3.64419 -0.326946 -1.4653 -3.50789 -0.304202 -1.76718 -3.46897 -0.261934 -1.73076 -3.73939 -0.285246 -0.985708 -3.79667 -0.335465 -1.00127 -3.64419 -0.326946 -1.4653 -3.59248 -0.27852 -1.4402 -3.93516 0.121994 -1.03763 -3.86582 0.138739 -1.01996 -3.70676 0.129653 -1.4949 -3.772 0.113472 -1.51668 -3.86582 0.138739 -1.01996 -3.79667 0.121994 -1.00126 -3.64419 0.113473 -1.46529 -3.70676 0.129653 -1.4949 -3.772 0.113472 -1.51668 -3.70676 0.129653 -1.4949 -3.558 0.105035 -1.80757 -3.62005 0.090729 -1.82374 -3.70676 0.129653 -1.4949 -3.64419 0.113473 -1.46529 -3.50789 0.090729 -1.76718 -3.558 0.105035 -1.80757 -4.10734 0.0727339 -0.364778 -4.04793 0.123211 -0.359564 -3.93516 0.121994 -1.03763 -3.99265 0.0717747 -1.05218 -4.04793 0.123211 -0.359564 -3.97622 0.140036 -0.353272 -3.86582 0.138739 -1.01996 -3.93516 0.121994 -1.03763 -3.97622 0.140036 -0.353272 -3.90451 0.123211 -0.346978 -3.79667 0.121994 -1.00126 -3.86582 0.138739 -1.01996 -3.90451 0.123211 -0.346978 -3.8451 0.0727353 -0.341768 -3.73939 0.0717747 -0.985708 -3.79667 0.121994 -1.00126 -3.79667 0.121994 -1.00126 -3.73939 0.0717747 -0.985708 -3.59248 0.0650495 -1.4402 -3.64419 0.113473 -1.46529 -3.64419 0.113473 -1.46529 -3.59248 0.0650495 -1.4402 -3.46897 0.0484604 -1.73076 -3.50789 0.090729 -1.76718 -3.50789 0.090729 -1.76718 -3.46897 0.0484604 -1.73076 -3.40939 0.0278664 -1.88595 -3.42023 0.0475011 -1.95472 -3.558 0.105035 -1.80757 -3.50789 0.090729 -1.76718 -3.42023 0.0475011 -1.95472 -3.45747 0.0573637 -2.00826 -3.62005 0.090729 -1.82374 -3.558 0.105035 -1.80757 -3.45747 0.0573637 -2.00826 -3.52189 0.0475011 -2.01291 -3.67263 0.0484604 -1.83247 -3.62005 0.090729 -1.82374 -3.52189 0.0475011 -2.01291 -3.58209 0.0278664 -1.98162 -3.82636 0.0650495 -1.53395 -3.772 0.113472 -1.51668 -3.62005 0.090729 -1.82374 -3.67263 0.0484604 -1.83247 -3.99265 0.0717747 -1.05218 -3.93516 0.121994 -1.03763 -3.772 0.113472 -1.51668 -3.82636 0.0650495 -1.53395 -4.02816 -0.204357 -1.06206 -4.03993 -0.106736 -1.06571 -3.86754 -0.106735 -1.55974 -3.85793 -0.200652 -1.55123 -4.03993 -0.106736 -1.06571 -4.02816 -0.00911701 -1.06206 -3.85793 -0.0128207 -1.55124 -3.86754 -0.106735 -1.55974 -3.85793 -0.200652 -1.55123 -3.86754 -0.106735 -1.55974 -3.69643 -0.106737 -1.87798 -3.69328 -0.192377 -1.86067 -3.86754 -0.106735 -1.55974 -3.85793 -0.0128207 -1.55124 -3.69328 -0.0210959 -1.86067 -3.69643 -0.106737 -1.87798 -4.10734 -0.286206 -0.364776 -4.14422 -0.204884 -0.36801 -4.02816 -0.204357 -1.06206 -3.99265 -0.285246 -1.05218 -4.14422 -0.204884 -0.36801 -4.15651 -0.106737 -0.369092 -4.03993 -0.106736 -1.06571 -4.02816 -0.204357 -1.06206 -4.15651 -0.106737 -0.369092 -4.14422 -0.0085876 -0.368009 -4.02816 -0.00911701 -1.06206 -4.03993 -0.106736 -1.06571 -4.14422 -0.0085876 -0.368009 -4.10734 0.0727339 -0.364778 -3.99265 0.0717747 -1.05218 -4.02816 -0.00911701 -1.06206 -4.02816 -0.00911701 -1.06206 -3.99265 0.0717747 -1.05218 -3.82636 0.0650495 -1.53395 -3.85793 -0.0128207 -1.55124 -3.85793 -0.0128207 -1.55124 -3.82636 0.0650495 -1.53395 -3.67263 0.0484604 -1.83247 -3.69328 -0.0210959 -1.86067 -3.69328 -0.0210959 -1.86067 -3.67263 0.0484604 -1.83247 -3.58209 0.0278664 -1.98162 -3.56923 -0.0268751 -2.04001 -3.69643 -0.106737 -1.87798 -3.69328 -0.0210959 -1.86067 -3.56923 -0.0268751 -2.04001 -3.5615 -0.106735 -2.06878 -3.69328 -0.192377 -1.86067 -3.69643 -0.106737 -1.87798 -3.5615 -0.106735 -2.06878 -3.56923 -0.186596 -2.04001 -3.67263 -0.261934 -1.83247 -3.69328 -0.192377 -1.86067 -3.56923 -0.186596 -2.04001 -3.58209 -0.241339 -1.98162 -3.82636 -0.27852 -1.53395 -3.85793 -0.200652 -1.55123 -3.69328 -0.192377 -1.86067 -3.67263 -0.261934 -1.83247 -3.99265 -0.285246 -1.05218 -4.02816 -0.204357 -1.06206 -3.85793 -0.200652 -1.55123 -3.82636 -0.27852 -1.53395 -1.24098 -0.01035 3.61413 -1.23585 -0.120833 3.59784 -1.63926 -0.121381 3.43202 -1.64964 -0.0104175 3.44697 -1.23585 -0.120833 3.59784 -1.23789 -0.253081 3.59608 -1.63112 -0.254547 3.43206 -1.63926 -0.121381 3.43202 -1.64964 -0.0104175 3.44697 -1.63926 -0.121381 3.43202 -2.08895 -0.120833 3.17943 -2.10598 -0.01035 3.1886 -1.63926 -0.121381 3.43202 -1.63112 -0.254547 3.43206 -2.06718 -0.253082 3.19278 -2.08895 -0.120833 3.17943 -0.856404 0.0727339 3.7642 -0.848307 -0.0100456 3.72765 -1.24098 -0.01035 3.61413 -1.25314 0.0727339 3.64981 -0.848307 -0.0100456 3.72765 -0.846078 -0.118396 3.71254 -1.23585 -0.120833 3.59784 -1.24098 -0.01035 3.61413 -0.846078 -0.118396 3.71254 -0.850362 -0.245306 3.71671 -1.23789 -0.253081 3.59608 -1.23585 -0.120833 3.59784 -0.850362 -0.245306 3.71671 -0.8646 -0.398384 3.7438 -1.25532 -0.403768 3.59819 -1.23789 -0.253081 3.59608 -1.23789 -0.253081 3.59608 -1.25532 -0.403768 3.59819 -1.62199 -0.405242 3.44031 -1.63112 -0.254547 3.43206 -1.63112 -0.254547 3.43206 -1.62199 -0.405242 3.44031 -2.02309 -0.40377 3.23143 -2.06718 -0.253082 3.19278 -2.06718 -0.253082 3.19278 -2.02309 -0.40377 3.23143 -2.53469 -0.398385 2.88567 -2.58015 -0.245306 2.80696 -2.08895 -0.120833 3.17943 -2.06718 -0.253082 3.19278 -2.58015 -0.245306 2.80696 -2.6038 -0.118396 2.77978 -2.10598 -0.01035 3.1886 -2.08895 -0.120833 3.17943 -2.6038 -0.118396 2.77978 -2.62391 -0.0100456 2.78247 -2.12788 0.0727353 3.2193 -2.10598 -0.01035 3.1886 -2.62391 -0.0100456 2.78247 -2.65099 0.0727339 2.80849 -1.66636 0.0727353 3.4809 -1.64964 -0.0104175 3.44697 -2.10598 -0.01035 3.1886 -2.12788 0.0727353 3.2193 -1.25314 0.0727339 3.64981 -1.24098 -0.01035 3.61413 -1.64964 -0.0104175 3.44697 -1.66636 0.0727353 3.4809 -1.35972 -0.253081 3.95054 -1.3568 -0.120833 3.95047 -1.80097 -0.121381 3.77026 -1.79523 -0.254547 3.77705 -1.3568 -0.120833 3.95047 -1.35081 -0.01035 3.93446 -1.79605 -0.0104188 3.75261 -1.80097 -0.121381 3.77026 -1.79523 -0.254547 3.77705 -1.80097 -0.121381 3.77026 -2.29388 -0.120833 3.49086 -2.27111 -0.253082 3.50725 -1.80097 -0.121381 3.77026 -1.79605 -0.0104188 3.75261 -2.2928 -0.01035 3.47103 -2.29388 -0.120833 3.49086 -0.93177 -0.398385 4.03628 -0.929948 -0.245306 4.06656 -1.35972 -0.253081 3.95054 -1.37364 -0.403768 3.93779 -0.929948 -0.245306 4.06656 -0.927544 -0.118396 4.07207 -1.3568 -0.120833 3.95047 -1.35972 -0.253081 3.95054 -0.927544 -0.118396 4.07207 -0.922925 -0.0100456 4.05743 -1.35081 -0.01035 3.93446 -1.3568 -0.120833 3.95047 -0.922925 -0.0100456 4.05743 -0.914487 0.0727339 4.02095 -1.33852 0.0727339 3.89883 -1.35081 -0.01035 3.93446 -1.35081 -0.01035 3.93446 -1.33852 0.0727339 3.89883 -1.78012 0.072736 3.7183 -1.79605 -0.0104188 3.75261 -1.79605 -0.0104188 3.75261 -1.78012 0.072736 3.7183 -2.27318 0.0727353 3.43881 -2.2928 -0.01035 3.47103 -2.2928 -0.01035 3.47103 -2.27318 0.0727353 3.43881 -2.83171 0.0727333 2.9999 -2.85591 -0.0100456 3.02844 -2.29388 -0.120833 3.49086 -2.2928 -0.01035 3.47103 -2.85591 -0.0100456 3.02844 -2.85584 -0.118396 3.0488 -2.27111 -0.253082 3.50725 -2.29388 -0.120833 3.49086 -2.85584 -0.118396 3.0488 -2.823 -0.245306 3.07107 -2.21415 -0.40377 3.5361 -2.27111 -0.253082 3.50725 -2.823 -0.245306 3.07107 -2.73281 -0.398385 3.11108 -1.78217 -0.405242 3.77976 -1.79523 -0.254547 3.77705 -2.27111 -0.253082 3.50725 -2.21415 -0.40377 3.5361 -1.37364 -0.403768 3.93779 -1.35972 -0.253081 3.95054 -1.79523 -0.254547 3.77705 -1.78217 -0.405242 3.77976 -1.31918 0.123209 3.84241 -1.29583 0.140036 3.77432 -1.72324 0.140036 3.5996 -1.75434 0.12321 3.66451 -1.29583 0.140036 3.77432 -1.27249 0.123209 3.70623 -1.69213 0.123211 3.53468 -1.72324 0.140036 3.5996 -1.75434 0.12321 3.66451 -1.72324 0.140036 3.5996 -2.20053 0.140036 3.32905 -2.24026 0.12321 3.38907 -1.72324 0.140036 3.5996 -1.69213 0.123211 3.53468 -2.1608 0.123211 3.26903 -2.20053 0.140036 3.32905 -0.914487 0.0727339 4.02095 -0.901327 0.12321 3.96278 -1.31918 0.123209 3.84241 -1.33852 0.0727339 3.89883 -0.901327 0.12321 3.96278 -0.885445 0.140036 3.89257 -1.29583 0.140036 3.77432 -1.31918 0.123209 3.84241 -0.885445 0.140036 3.89257 -0.869564 0.123211 3.82237 -1.27249 0.123209 3.70623 -1.29583 0.140036 3.77432 -0.869564 0.123211 3.82237 -0.856404 0.0727339 3.7642 -1.25314 0.0727339 3.64981 -1.27249 0.123209 3.70623 -1.27249 0.123209 3.70623 -1.25314 0.0727339 3.64981 -1.66636 0.0727353 3.4809 -1.69213 0.123211 3.53468 -1.69213 0.123211 3.53468 -1.66636 0.0727353 3.4809 -2.12788 0.0727353 3.2193 -2.1608 0.123211 3.26903 -2.1608 0.123211 3.26903 -2.12788 0.0727353 3.2193 -2.65099 0.0727339 2.80849 -2.69194 0.12321 2.85186 -2.20053 0.140036 3.32905 -2.1608 0.123211 3.26903 -2.69194 0.12321 2.85186 -2.74135 0.140036 2.9042 -2.24026 0.12321 3.38907 -2.20053 0.140036 3.32905 -2.74135 0.140036 2.9042 -2.79076 0.12321 2.95654 -2.27318 0.0727353 3.43881 -2.24026 0.12321 3.38907 -2.79076 0.12321 2.95654 -2.83171 0.0727333 2.9999 -1.78012 0.072736 3.7183 -1.75434 0.12321 3.66451 -2.24026 0.12321 3.38907 -2.27318 0.0727353 3.43881 -1.33852 0.0727339 3.89883 -1.31918 0.123209 3.84241 -1.75434 0.12321 3.66451 -1.78012 0.072736 3.7183 3.52611 -1.31099 1.44732 3.51759 -1.24528 1.47093 3.64381 -1.2462 1.11928 3.64705 -1.31178 1.09396 3.51759 -1.24528 1.47093 3.52589 -1.18971 1.49255 3.65298 -1.19171 1.14824 3.64381 -1.2462 1.11928 3.64705 -1.31178 1.09396 3.64381 -1.2462 1.11928 3.73422 -1.24765 0.849515 3.73471 -1.31212 0.815848 3.64381 -1.2462 1.11928 3.65298 -1.19171 1.14824 3.74236 -1.19611 0.894305 3.73422 -1.24765 0.849515 3.37284 -1.38254 1.84406 3.32598 -1.30759 1.87303 3.52611 -1.31099 1.44732 3.54714 -1.38416 1.40775 3.32598 -1.30759 1.87303 3.31122 -1.2441 1.89197 3.51759 -1.24528 1.47093 3.52611 -1.31099 1.44732 3.31122 -1.2441 1.89197 3.31902 -1.18929 1.91071 3.52589 -1.18971 1.49255 3.51759 -1.24528 1.47093 3.31902 -1.18929 1.91071 3.34866 -1.14714 1.9347 3.55571 -1.14763 1.51673 3.52589 -1.18971 1.49255 3.52589 -1.18971 1.49255 3.55571 -1.14763 1.51673 3.68189 -1.15106 1.17623 3.65298 -1.19171 1.14824 3.65298 -1.19171 1.14824 3.68189 -1.15106 1.17623 3.76741 -1.15952 0.931879 3.74236 -1.19611 0.894305 3.74236 -1.19611 0.894305 3.76741 -1.15952 0.931879 3.81056 -1.17002 0.791817 3.80842 -1.19916 0.725141 3.73422 -1.24765 0.849515 3.74236 -1.19611 0.894305 3.80842 -1.19916 0.725141 3.80907 -1.24849 0.659736 3.73471 -1.31212 0.815848 3.73422 -1.24765 0.849515 3.80907 -1.24849 0.659736 3.8129 -1.31225 0.615439 3.73857 -1.38507 0.793174 3.73471 -1.31212 0.815848 3.8129 -1.31225 0.615439 3.81757 -1.38511 0.588537 3.6566 -1.38483 1.0697 3.64705 -1.31178 1.09396 3.73471 -1.31212 0.815848 3.73857 -1.38507 0.793174 3.54714 -1.38416 1.40775 3.52611 -1.31099 1.44732 3.64705 -1.31178 1.09396 3.6566 -1.38483 1.0697 -3.70367 -0.00911903 -0.976841 -3.6917 -0.106736 -0.974205 -3.54598 -0.106735 -1.43006 -3.55825 -0.0128207 -1.43074 -3.6917 -0.106736 -0.974205 -3.70367 -0.204355 -0.976841 -3.55825 -0.200652 -1.43075 -3.54598 -0.106735 -1.43006 -3.55825 -0.0128207 -1.43074 -3.54598 -0.106735 -1.43006 -3.41956 -0.106737 -1.73717 -3.43466 -0.0210959 -1.73025 -3.54598 -0.106735 -1.43006 -3.55825 -0.200652 -1.43075 -3.43466 -0.192377 -1.73025 -3.41956 -0.106737 -1.73717 -3.8451 0.0727353 -0.341768 -3.80823 -0.00858831 -0.338533 -3.70367 -0.00911903 -0.976841 -3.73939 0.0717747 -0.985708 -3.80823 -0.00858831 -0.338533 -3.79594 -0.106737 -0.337455 -3.6917 -0.106736 -0.974205 -3.70367 -0.00911903 -0.976841 -3.79594 -0.106737 -0.337455 -3.80823 -0.204883 -0.338533 -3.70367 -0.204355 -0.976841 -3.6917 -0.106736 -0.974205 -3.80823 -0.204883 -0.338533 -3.8451 -0.286207 -0.341769 -3.73939 -0.285246 -0.985708 -3.70367 -0.204355 -0.976841 -3.70367 -0.204355 -0.976841 -3.73939 -0.285246 -0.985708 -3.59248 -0.27852 -1.4402 -3.55825 -0.200652 -1.43075 -3.55825 -0.200652 -1.43075 -3.59248 -0.27852 -1.4402 -3.46897 -0.261934 -1.73076 -3.43466 -0.192377 -1.73025 -3.43466 -0.192377 -1.73025 -3.46897 -0.261934 -1.73076 -3.40939 -0.241341 -1.88595 -3.37289 -0.186596 -1.92762 -3.41956 -0.106737 -1.73717 -3.43466 -0.192377 -1.73025 -3.37289 -0.186596 -1.92762 -3.35345 -0.106735 -1.94774 -3.43466 -0.0210959 -1.73025 -3.41956 -0.106737 -1.73717 -3.35345 -0.106735 -1.94774 -3.37289 -0.0268764 -1.92762 -3.46897 0.0484604 -1.73076 -3.43466 -0.0210959 -1.73025 -3.37289 -0.0268764 -1.92762 -3.40939 0.0278664 -1.88595 -3.59248 0.0650495 -1.4402 -3.55825 -0.0128207 -1.43074 -3.43466 -0.0210959 -1.73025 -3.46897 0.0484604 -1.73076 -3.73939 0.0717747 -0.985708 -3.70367 -0.00911903 -0.976841 -3.55825 -0.0128207 -1.43074 -3.59248 0.0650495 -1.4402 0.411487 -0.334926 3.90004 0.418575 -0.351702 3.97182 0.00290882 -0.367076 3.9998 -0.00315714 -0.349738 3.92645 0.418575 -0.351702 3.97182 0.426437 -0.334926 4.04356 -0.0032739 -0.349738 4.07312 0.00290882 -0.367076 3.9998 -0.00315714 -0.349738 3.92645 0.00290882 -0.367076 3.9998 -0.382293 -0.403505 3.97427 -0.396849 -0.385276 3.89701 0.00290882 -0.367076 3.9998 -0.0032739 -0.349738 4.07312 -0.412083 -0.385276 4.04854 -0.382293 -0.403505 3.97427 0.811197 -0.27871 3.77316 0.815456 -0.328341 3.83311 0.411487 -0.334926 3.90004 0.40749 -0.284502 3.84049 0.815456 -0.328341 3.83311 0.827561 -0.344886 3.90409 0.418575 -0.351702 3.97182 0.411487 -0.334926 3.90004 0.827561 -0.344886 3.90409 0.845234 -0.328341 3.97396 0.426437 -0.334926 4.04356 0.418575 -0.351702 3.97182 0.845234 -0.328341 3.97396 0.866199 -0.27871 4.03059 0.434962 -0.284502 4.1028 0.426437 -0.334926 4.04356 0.426437 -0.334926 4.04356 0.434962 -0.284502 4.1028 -0.01314 -0.296928 4.13274 -0.0032739 -0.349738 4.07312 -0.0032739 -0.349738 4.07312 -0.01314 -0.296928 4.13274 -0.461787 -0.32663 4.10753 -0.412083 -0.385276 4.04854 -0.412083 -0.385276 4.04854 -0.461787 -0.32663 4.10753 -0.93177 -0.398385 4.03628 -0.743901 -0.459854 4.00072 -0.382293 -0.403505 3.97427 -0.412083 -0.385276 4.04854 -0.743901 -0.459854 4.00072 -0.684663 -0.476283 3.93252 -0.396849 -0.385276 3.89701 -0.382293 -0.403505 3.97427 -0.684663 -0.476283 3.93252 -0.715416 -0.459854 3.84641 -0.431224 -0.32663 3.83236 -0.396849 -0.385276 3.89701 -0.715416 -0.459854 3.84641 -0.8646 -0.398384 3.7438 -0.0122982 -0.296928 3.86555 -0.00315714 -0.349738 3.92645 -0.396849 -0.385276 3.89701 -0.431224 -0.32663 3.83236 0.40749 -0.284502 3.84049 0.411487 -0.334926 3.90004 -0.00315714 -0.349738 3.92645 -0.0122982 -0.296928 3.86555 0.388389 0.162095 4.05015 0.356722 0.178982 3.97599 -0.0343363 0.151429 3.99769 -0.0277149 0.134467 4.0715 0.356722 0.178982 3.97599 0.374029 0.162095 3.89853 -0.0267259 0.134467 3.92483 -0.0343363 0.151429 3.99769 -0.0277149 0.134467 4.0715 -0.0343363 0.151429 3.99769 -0.459977 0.14146 3.96904 -0.467276 0.124618 4.04078 -0.0343363 0.151429 3.99769 -0.0267259 0.134467 3.92483 -0.4509 0.124619 3.89741 -0.459977 0.14146 3.96904 0.932974 0.168677 4.03604 0.727614 0.221307 4.00395 0.388389 0.162095 4.05015 0.441588 0.106905 4.10892 0.727614 0.221307 4.00395 0.663376 0.235122 3.93675 0.356722 0.178982 3.97599 0.388389 0.162095 4.05015 0.663376 0.235122 3.93675 0.69976 0.221306 3.84953 0.374029 0.162095 3.89853 0.356722 0.178982 3.97599 0.69976 0.221306 3.84953 0.865717 0.168677 3.74358 0.412357 0.106906 3.8336 0.374029 0.162095 3.89853 0.374029 0.162095 3.89853 0.412357 0.106906 3.8336 -0.0153125 0.0825219 3.86534 -0.0267259 0.134467 3.92483 -0.0267259 0.134467 3.92483 -0.0153125 0.0825219 3.86534 -0.442746 0.0739576 3.83817 -0.4509 0.124619 3.89741 -0.4509 0.124619 3.89741 -0.442746 0.0739576 3.83817 -0.856404 0.0727339 3.7642 -0.869564 0.123211 3.82237 -0.459977 0.14146 3.96904 -0.4509 0.124619 3.89741 -0.869564 0.123211 3.82237 -0.885445 0.140036 3.89257 -0.467276 0.124618 4.04078 -0.459977 0.14146 3.96904 -0.885445 0.140036 3.89257 -0.901327 0.12321 3.96278 -0.472584 0.0739576 4.10021 -0.467276 0.124618 4.04078 -0.901327 0.12321 3.96278 -0.914487 0.0727339 4.02095 -0.0163607 0.0825226 4.13253 -0.0277149 0.134467 4.0715 -0.467276 0.124618 4.04078 -0.472584 0.0739576 4.10021 0.441588 0.106905 4.10892 0.388389 0.162095 4.05015 -0.0277149 0.134467 4.0715 -0.0163607 0.0825226 4.13253 0.444283 -0.202424 4.13937 0.453016 -0.0992793 4.1524 -0.0139452 -0.106527 4.18107 -0.0160329 -0.21076 4.16909 0.453016 -0.0992793 4.1524 0.457556 0.0110216 4.1428 -0.0122896 -0.00272632 4.16933 -0.0139452 -0.106527 4.18107 -0.0160329 -0.21076 4.16909 -0.0139452 -0.106527 4.18107 -0.478999 -0.113309 4.1506 -0.478853 -0.226591 4.14133 -0.0139452 -0.106527 4.18107 -0.0122896 -0.00272632 4.16933 -0.476384 -0.0086804 4.13715 -0.478999 -0.113309 4.1506 0.866199 -0.27871 4.03059 0.888052 -0.19749 4.0644 0.444283 -0.202424 4.13937 0.434962 -0.284502 4.1028 0.888052 -0.19749 4.0644 0.908304 -0.0921943 4.07592 0.453016 -0.0992793 4.1524 0.444283 -0.202424 4.13937 0.908304 -0.0921943 4.07592 0.924359 0.0288892 4.06768 0.457556 0.0110216 4.1428 0.453016 -0.0992793 4.1524 0.924359 0.0288892 4.06768 0.932974 0.168677 4.03604 0.441588 0.106905 4.10892 0.457556 0.0110216 4.1428 0.457556 0.0110216 4.1428 0.441588 0.106905 4.10892 -0.0163607 0.0825226 4.13253 -0.0122896 -0.00272632 4.16933 -0.0122896 -0.00272632 4.16933 -0.0163607 0.0825226 4.13253 -0.472584 0.0739576 4.10021 -0.476384 -0.0086804 4.13715 -0.476384 -0.0086804 4.13715 -0.472584 0.0739576 4.10021 -0.914487 0.0727339 4.02095 -0.922925 -0.0100456 4.05743 -0.478999 -0.113309 4.1506 -0.476384 -0.0086804 4.13715 -0.922925 -0.0100456 4.05743 -0.927544 -0.118396 4.07207 -0.478853 -0.226591 4.14133 -0.478999 -0.113309 4.1506 -0.927544 -0.118396 4.07207 -0.929948 -0.245306 4.06656 -0.461787 -0.32663 4.10753 -0.478853 -0.226591 4.14133 -0.929948 -0.245306 4.06656 -0.93177 -0.398385 4.03628 -0.01314 -0.296928 4.13274 -0.0160329 -0.21076 4.16909 -0.478853 -0.226591 4.14133 -0.461787 -0.32663 4.10753 0.434962 -0.284502 4.1028 0.444283 -0.202424 4.13937 -0.0160329 -0.21076 4.16909 -0.01314 -0.296928 4.13274 -0.98019 -1.3553 3.80084 -0.989737 -1.36384 3.87183 -1.24024 -1.35921 3.79319 -1.22879 -1.35096 3.72434 -0.989737 -1.36384 3.87183 -1.0158 -1.3553 3.93953 -1.27188 -1.35096 3.85518 -1.24024 -1.35921 3.79319 -1.22879 -1.35096 3.72434 -1.24024 -1.35921 3.79319 -1.43655 -1.34665 3.72656 -1.42109 -1.33936 3.66554 -1.24024 -1.35921 3.79319 -1.27188 -1.35096 3.85518 -1.46648 -1.33936 3.78267 -1.43655 -1.34665 3.72656 -0.648005 -1.33018 3.80567 -0.644565 -1.35592 3.86714 -0.98019 -1.3553 3.80084 -0.989891 -1.32969 3.73857 -0.644565 -1.35592 3.86714 -0.65176 -1.3645 3.93906 -0.989737 -1.36384 3.87183 -0.98019 -1.3553 3.80084 -0.65176 -1.3645 3.93906 -0.668032 -1.35592 4.00918 -1.0158 -1.3553 3.93953 -0.989737 -1.36384 3.87183 -0.668032 -1.35592 4.00918 -0.691821 -1.33018 4.06524 -1.05665 -1.32969 3.99175 -1.0158 -1.3553 3.93953 -1.0158 -1.3553 3.93953 -1.05665 -1.32969 3.99175 -1.32502 -1.32626 3.89745 -1.27188 -1.35096 3.85518 -1.27188 -1.35096 3.85518 -1.32502 -1.32626 3.89745 -1.51923 -1.3178 3.81854 -1.46648 -1.33936 3.78267 -1.46648 -1.33936 3.78267 -1.51923 -1.3178 3.81854 -1.63159 -1.3073 3.75475 -1.62463 -1.31731 3.71347 -1.43655 -1.34665 3.72656 -1.46648 -1.33936 3.78267 -1.62463 -1.31731 3.71347 -1.60494 -1.32234 3.65795 -1.42109 -1.33936 3.66554 -1.43655 -1.34665 3.72656 -1.60494 -1.32234 3.65795 -1.57765 -1.31731 3.60617 -1.43509 -1.3178 3.60702 -1.42109 -1.33936 3.66554 -1.57765 -1.31731 3.60617 -1.55287 -1.3073 3.57369 -1.24402 -1.32626 3.65886 -1.22879 -1.35096 3.72434 -1.42109 -1.33936 3.66554 -1.43509 -1.3178 3.60702 -0.989891 -1.32969 3.73857 -0.98019 -1.3553 3.80084 -1.22879 -1.35096 3.72434 -1.24402 -1.32626 3.65886 -1.67652 -1.13754 3.43483 -1.43214 -1.13913 3.53248 -1.35801 -1.22337 3.56283 -1.58414 -1.22149 3.48724 -1.43214 -1.13913 3.53248 -1.11848 -1.14322 3.63741 -1.06393 -1.22539 3.65731 -1.35801 -1.22337 3.56283 -1.58414 -1.22149 3.48724 -1.35801 -1.22337 3.56283 -1.29069 -1.28464 3.60461 -1.49713 -1.28018 3.54894 -1.35801 -1.22337 3.56283 -1.06393 -1.22539 3.65731 -1.01941 -1.28678 3.69057 -1.29069 -1.28464 3.60461 -1.9615 -1.02623 3.33067 -1.75577 -1.02651 3.39508 -1.67652 -1.13754 3.43483 -1.86688 -1.13723 3.38292 -1.75577 -1.02651 3.39508 -1.49883 -1.02848 3.50506 -1.43214 -1.13913 3.53248 -1.67652 -1.13754 3.43483 -1.49883 -1.02848 3.50506 -1.18492 -1.03401 3.62253 -1.11848 -1.14322 3.63741 -1.43214 -1.13913 3.53248 -1.18492 -1.03401 3.62253 -0.782336 -1.04727 3.7601 -0.727317 -1.15268 3.74113 -1.11848 -1.14322 3.63741 -1.11848 -1.14322 3.63741 -0.727317 -1.15268 3.74113 -0.689912 -1.22832 3.74356 -1.06393 -1.22539 3.65731 -1.06393 -1.22539 3.65731 -0.689912 -1.22832 3.74356 -0.663339 -1.28742 3.76443 -1.01941 -1.28678 3.69057 -1.01941 -1.28678 3.69057 -0.663339 -1.28742 3.76443 -0.648005 -1.33018 3.80567 -0.989891 -1.32969 3.73857 -1.29069 -1.28464 3.60461 -1.01941 -1.28678 3.69057 -0.989891 -1.32969 3.73857 -1.24402 -1.32626 3.65886 -1.49713 -1.28018 3.54894 -1.29069 -1.28464 3.60461 -1.24402 -1.32626 3.65886 -1.43509 -1.3178 3.60702 -1.63681 -1.27713 3.51535 -1.49713 -1.28018 3.54894 -1.43509 -1.3178 3.60702 -1.55287 -1.3073 3.57369 -1.75098 -1.22058 3.44545 -1.58414 -1.22149 3.48724 -1.49713 -1.28018 3.54894 -1.63681 -1.27713 3.51535 -1.86688 -1.13723 3.38292 -1.67652 -1.13754 3.43483 -1.58414 -1.22149 3.48724 -1.75098 -1.22058 3.44545 -1.228 -1.14322 3.99444 -1.57155 -1.13913 3.87633 -1.48645 -1.22337 3.90001 -1.16728 -1.22539 4.01367 -1.57155 -1.13913 3.87633 -1.8244 -1.13754 3.7375 -1.71854 -1.22149 3.78288 -1.48645 -1.22337 3.90001 -1.16728 -1.22539 4.01367 -1.48645 -1.22337 3.90001 -1.40006 -1.28464 3.9104 -1.1088 -1.28678 4.01536 -1.48645 -1.22337 3.90001 -1.71854 -1.22149 3.78288 -1.61043 -1.28018 3.81743 -1.40006 -1.28464 3.9104 -0.843082 -1.04727 4.05398 -1.29627 -1.03401 3.9636 -1.228 -1.14322 3.99444 -0.795308 -1.15268 4.09341 -1.29627 -1.03401 3.9636 -1.64383 -1.02849 3.84399 -1.57155 -1.13913 3.87633 -1.228 -1.14322 3.99444 -1.64383 -1.02849 3.84399 -1.91123 -1.02651 3.69534 -1.8244 -1.13754 3.7375 -1.57155 -1.13913 3.87633 -1.91123 -1.02651 3.69534 -2.09525 -1.02623 3.5574 -1.99353 -1.13723 3.61209 -1.8244 -1.13754 3.7375 -1.8244 -1.13754 3.7375 -1.99353 -1.13723 3.61209 -1.86523 -1.22058 3.67002 -1.71854 -1.22149 3.78288 -1.71854 -1.22149 3.78288 -1.86523 -1.22058 3.67002 -1.73296 -1.27712 3.72168 -1.61043 -1.28018 3.81743 -1.61043 -1.28018 3.81743 -1.73296 -1.27712 3.72168 -1.63159 -1.3073 3.75475 -1.51923 -1.3178 3.81854 -1.40006 -1.28464 3.9104 -1.61043 -1.28018 3.81743 -1.51923 -1.3178 3.81854 -1.32502 -1.32626 3.89745 -1.1088 -1.28678 4.01536 -1.40006 -1.28464 3.9104 -1.32502 -1.32626 3.89745 -1.05665 -1.32969 3.99175 -0.721543 -1.28742 4.0975 -1.1088 -1.28678 4.01536 -1.05665 -1.32969 3.99175 -0.691821 -1.33018 4.06524 -0.75622 -1.22832 4.10619 -1.16728 -1.22539 4.01367 -1.1088 -1.28678 4.01536 -0.721543 -1.28742 4.0975 -0.795308 -1.15268 4.09341 -1.228 -1.14322 3.99444 -1.16728 -1.22539 4.01367 -0.75622 -1.22832 4.10619 -2.07186 -1.13732 3.50097 -2.06858 -1.13742 3.41719 -1.92775 -1.22206 3.49871 -1.93153 -1.22132 3.5736 -2.06858 -1.13742 3.41719 -1.99885 -1.13732 3.37779 -1.86597 -1.22132 3.45245 -1.92775 -1.22206 3.49871 -1.93153 -1.22132 3.5736 -1.92775 -1.22206 3.49871 -1.76793 -1.28232 3.57755 -1.77732 -1.2799 3.64295 -1.92775 -1.22206 3.49871 -1.86597 -1.22132 3.45245 -1.72219 -1.2799 3.53008 -1.76793 -1.28232 3.57755 -2.09525 -1.02623 3.5574 -2.17806 -1.02623 3.4306 -2.07186 -1.13732 3.50097 -1.99353 -1.13723 3.61209 -2.17806 -1.02623 3.4306 -2.17646 -1.02623 3.34513 -2.06858 -1.13742 3.41719 -2.07186 -1.13732 3.50097 -2.17646 -1.02623 3.34513 -2.10081 -1.02623 3.30912 -1.99885 -1.13732 3.37779 -2.06858 -1.13742 3.41719 -2.10081 -1.02623 3.30912 -1.9615 -1.02623 3.33067 -1.86688 -1.13723 3.38292 -1.99885 -1.13732 3.37779 -1.99885 -1.13732 3.37779 -1.86688 -1.13723 3.38292 -1.75098 -1.22058 3.44545 -1.86597 -1.22132 3.45245 -1.86597 -1.22132 3.45245 -1.75098 -1.22058 3.44545 -1.63681 -1.27713 3.51535 -1.72219 -1.2799 3.53008 -1.72219 -1.2799 3.53008 -1.63681 -1.27713 3.51535 -1.55287 -1.3073 3.57369 -1.57765 -1.31731 3.60617 -1.76793 -1.28232 3.57755 -1.72219 -1.2799 3.53008 -1.57765 -1.31731 3.60617 -1.60494 -1.32234 3.65795 -1.77732 -1.2799 3.64295 -1.76793 -1.28232 3.57755 -1.60494 -1.32234 3.65795 -1.62463 -1.31731 3.71347 -1.73296 -1.27712 3.72168 -1.77732 -1.2799 3.64295 -1.62463 -1.31731 3.71347 -1.63159 -1.3073 3.75475 -1.86523 -1.22058 3.67002 -1.93153 -1.22132 3.5736 -1.77732 -1.2799 3.64295 -1.73296 -1.27712 3.72168 -1.99353 -1.13723 3.61209 -2.07186 -1.13732 3.50097 -1.93153 -1.22132 3.5736 -1.86523 -1.22058 3.67002 -2.53345 -0.586561 3.18725 -2.53588 -0.594572 3.08404 -2.35366 -0.740173 3.22678 -2.35086 -0.737837 3.3168 -2.53588 -0.594572 3.08404 -2.43863 -0.586561 3.06809 -2.26597 -0.737837 3.19719 -2.35366 -0.740173 3.22678 -2.35086 -0.737837 3.3168 -2.35366 -0.740173 3.22678 -2.25392 -0.88968 3.2934 -2.25414 -0.889387 3.38001 -2.35366 -0.740173 3.22678 -2.26597 -0.737837 3.19719 -2.174 -0.889386 3.26001 -2.25392 -0.88968 3.2934 -2.73281 -0.398385 3.11108 -2.87881 -0.459854 2.88793 -2.53345 -0.586561 3.18725 -2.39847 -0.571582 3.36324 -2.87881 -0.459854 2.88793 -2.86869 -0.476284 2.78192 -2.53588 -0.594572 3.08404 -2.53345 -0.586561 3.18725 -2.86869 -0.476284 2.78192 -2.76802 -0.459854 2.7768 -2.43863 -0.586561 3.06809 -2.53588 -0.594572 3.08404 -2.76802 -0.459854 2.7768 -2.53469 -0.398385 2.88567 -2.23759 -0.571582 3.13791 -2.43863 -0.586561 3.06809 -2.43863 -0.586561 3.06809 -2.23759 -0.571582 3.13791 -2.09956 -0.734097 3.23585 -2.26597 -0.737837 3.19719 -2.26597 -0.737837 3.19719 -2.09956 -0.734097 3.23585 -2.02523 -0.888919 3.28767 -2.174 -0.889386 3.26001 -2.174 -0.889386 3.26001 -2.02523 -0.888919 3.28767 -1.9615 -1.02623 3.33067 -2.10081 -1.02623 3.30912 -2.25392 -0.88968 3.2934 -2.174 -0.889386 3.26001 -2.10081 -1.02623 3.30912 -2.17646 -1.02623 3.34513 -2.25414 -0.889387 3.38001 -2.25392 -0.88968 3.2934 -2.17646 -1.02623 3.34513 -2.17806 -1.02623 3.4306 -2.16372 -0.888919 3.51212 -2.25414 -0.889387 3.38001 -2.17806 -1.02623 3.4306 -2.09525 -1.02623 3.5574 -2.24515 -0.734097 3.45989 -2.35086 -0.737837 3.3168 -2.25414 -0.889387 3.38001 -2.16372 -0.888919 3.51212 -2.39847 -0.571582 3.36324 -2.53345 -0.586561 3.18725 -2.35086 -0.737837 3.3168 -2.24515 -0.734097 3.45989 -1.41282 -0.56782 3.91804 -1.76428 -0.568003 3.78471 -1.73798 -0.733259 3.79569 -1.42417 -0.734196 3.91187 -1.76428 -0.568003 3.78471 -2.11731 -0.567641 3.59302 -2.03199 -0.732766 3.6368 -1.73798 -0.733259 3.79569 -1.42417 -0.734196 3.91187 -1.73798 -0.733259 3.79569 -1.69866 -0.890365 3.81527 -1.37862 -0.893448 3.92947 -1.73798 -0.733259 3.79569 -2.03199 -0.732766 3.6368 -1.97186 -0.888947 3.6653 -1.69866 -0.890365 3.81527 -0.93177 -0.398385 4.03628 -1.37364 -0.403768 3.93779 -1.41282 -0.56782 3.91804 -1.114 -0.571745 3.98225 -1.37364 -0.403768 3.93779 -1.78217 -0.405242 3.77976 -1.76428 -0.568003 3.78471 -1.41282 -0.56782 3.91804 -1.78217 -0.405242 3.77976 -2.21415 -0.40377 3.5361 -2.11731 -0.567641 3.59302 -1.76428 -0.568003 3.78471 -2.21415 -0.40377 3.5361 -2.73281 -0.398385 3.11108 -2.39847 -0.571582 3.36324 -2.11731 -0.567641 3.59302 -2.11731 -0.567641 3.59302 -2.39847 -0.571582 3.36324 -2.24515 -0.734097 3.45989 -2.03199 -0.732766 3.6368 -2.03199 -0.732766 3.6368 -2.24515 -0.734097 3.45989 -2.16372 -0.888919 3.51212 -1.97186 -0.888947 3.6653 -1.97186 -0.888947 3.6653 -2.16372 -0.888919 3.51212 -2.09525 -1.02623 3.5574 -1.91123 -1.02651 3.69534 -1.69866 -0.890365 3.81527 -1.97186 -0.888947 3.6653 -1.91123 -1.02651 3.69534 -1.64383 -1.02849 3.84399 -1.37862 -0.893448 3.92947 -1.69866 -0.890365 3.81527 -1.64383 -1.02849 3.84399 -1.29627 -1.03401 3.9636 -1.08267 -0.8938 3.99282 -1.37862 -0.893448 3.92947 -1.29627 -1.03401 3.9636 -0.843082 -1.04727 4.05398 -1.1531 -0.735397 3.96578 -1.42417 -0.734196 3.91187 -1.37862 -0.893448 3.92947 -1.08267 -0.8938 3.99282 -1.114 -0.571745 3.98225 -1.41282 -0.56782 3.91804 -1.42417 -0.734196 3.91187 -1.1531 -0.735397 3.96578 -1.94089 -0.567642 3.29409 -1.60851 -0.568002 3.45082 -1.58597 -0.733259 3.46394 -1.86581 -0.732766 3.33977 -1.60851 -0.568002 3.45082 -1.29507 -0.56782 3.59116 -1.3069 -0.734196 3.58946 -1.58597 -0.733259 3.46394 -1.86581 -0.732766 3.33977 -1.58597 -0.733259 3.46394 -1.54997 -0.890365 3.48151 -1.81156 -0.888947 3.36769 -1.58597 -0.733259 3.46394 -1.3069 -0.734196 3.58946 -1.26384 -0.893448 3.60194 -1.54997 -0.890365 3.48151 -2.53469 -0.398385 2.88567 -2.02309 -0.40377 3.23143 -1.94089 -0.567642 3.29409 -2.23759 -0.571582 3.13791 -2.02309 -0.40377 3.23143 -1.62199 -0.405242 3.44031 -1.60851 -0.568002 3.45082 -1.94089 -0.567642 3.29409 -1.62199 -0.405242 3.44031 -1.25532 -0.403768 3.59819 -1.29507 -0.56782 3.59116 -1.60851 -0.568002 3.45082 -1.25532 -0.403768 3.59819 -0.8646 -0.398384 3.7438 -1.0395 -0.571745 3.71509 -1.29507 -0.56782 3.59116 -1.29507 -0.56782 3.59116 -1.0395 -0.571745 3.71509 -1.07759 -0.735397 3.70537 -1.3069 -0.734196 3.58946 -1.3069 -0.734196 3.58946 -1.07759 -0.735397 3.70537 -1.01033 -0.893799 3.72506 -1.26384 -0.893448 3.60194 -1.26384 -0.893448 3.60194 -1.01033 -0.893799 3.72506 -0.782336 -1.04727 3.7601 -1.18492 -1.03401 3.62253 -1.54997 -0.890365 3.48151 -1.26384 -0.893448 3.60194 -1.18492 -1.03401 3.62253 -1.49883 -1.02848 3.50506 -1.81156 -0.888947 3.36769 -1.54997 -0.890365 3.48151 -1.49883 -1.02848 3.50506 -1.75577 -1.02651 3.39508 -2.02523 -0.888919 3.28767 -1.81156 -0.888947 3.36769 -1.75577 -1.02651 3.39508 -1.9615 -1.02623 3.33067 -2.09956 -0.734097 3.23585 -1.86581 -0.732766 3.33977 -1.81156 -0.888947 3.36769 -2.02523 -0.888919 3.28767 -2.23759 -0.571582 3.13791 -1.94089 -0.567642 3.29409 -1.86581 -0.732766 3.33977 -2.09956 -0.734097 3.23585 -0.895894 -0.58643 3.81273 -0.862187 -0.594237 3.8972 -0.910054 -0.737486 3.88768 -0.943147 -0.736785 3.80502 -0.862187 -0.594237 3.8972 -0.930632 -0.586431 3.96135 -0.978926 -0.736786 3.95006 -0.910054 -0.737486 3.88768 -0.943147 -0.736785 3.80502 -0.910054 -0.737486 3.88768 -0.826358 -0.879335 3.90433 -0.862232 -0.884642 3.81941 -0.910054 -0.737486 3.88768 -0.978926 -0.736786 3.95006 -0.895661 -0.884642 3.96833 -0.826358 -0.879335 3.90433 -0.8646 -0.398384 3.7438 -0.715416 -0.459854 3.84641 -0.895894 -0.58643 3.81273 -1.0395 -0.571745 3.71509 -0.715416 -0.459854 3.84641 -0.684663 -0.476283 3.93252 -0.862187 -0.594237 3.8972 -0.895894 -0.58643 3.81273 -0.684663 -0.476283 3.93252 -0.743901 -0.459854 4.00072 -0.930632 -0.586431 3.96135 -0.862187 -0.594237 3.8972 -0.743901 -0.459854 4.00072 -0.93177 -0.398385 4.03628 -1.114 -0.571745 3.98225 -0.930632 -0.586431 3.96135 -0.930632 -0.586431 3.96135 -1.114 -0.571745 3.98225 -1.1531 -0.735397 3.96578 -0.978926 -0.736786 3.95006 -0.978926 -0.736786 3.95006 -1.1531 -0.735397 3.96578 -1.08267 -0.8938 3.99282 -0.895661 -0.884642 3.96833 -0.895661 -0.884642 3.96833 -1.08267 -0.8938 3.99282 -0.843082 -1.04727 4.05398 -0.653626 -1.00569 4.01863 -0.826358 -0.879335 3.90433 -0.895661 -0.884642 3.96833 -0.653626 -1.00569 4.01863 -0.593885 -0.994513 3.95057 -0.862232 -0.884642 3.81941 -0.826358 -0.879335 3.90433 -0.593885 -0.994513 3.95057 -0.628648 -1.00569 3.86372 -1.01033 -0.893799 3.72506 -0.862232 -0.884642 3.81941 -0.628648 -1.00569 3.86372 -0.782336 -1.04727 3.7601 -1.07759 -0.735397 3.70537 -0.943147 -0.736785 3.80502 -0.862232 -0.884642 3.81941 -1.01033 -0.893799 3.72506 -1.0395 -0.571745 3.71509 -0.895894 -0.58643 3.81273 -0.943147 -0.736785 3.80502 -1.07759 -0.735397 3.70537 3.8786 -1.19639 0.633963 3.9473 -1.19397 0.610362 3.96503 -1.24701 0.519445 3.88916 -1.24775 0.55016 3.9473 -1.19397 0.610362 4.00261 -1.19639 0.654049 4.02559 -1.24775 0.569241 3.96503 -1.24701 0.519445 3.88916 -1.24775 0.55016 3.96503 -1.24701 0.519445 3.96887 -1.31207 0.462527 3.89488 -1.31216 0.497443 3.96503 -1.24701 0.519445 4.02559 -1.24775 0.569241 4.03694 -1.31216 0.51536 3.96887 -1.31207 0.462527 3.81056 -1.17002 0.791817 3.85812 -1.16001 0.758487 3.8786 -1.19639 0.633963 3.80842 -1.19916 0.725141 3.85812 -1.16001 0.758487 3.91977 -1.15498 0.748755 3.9473 -1.19397 0.610362 3.8786 -1.19639 0.633963 3.91977 -1.15498 0.748755 3.97308 -1.16 0.780936 4.00261 -1.19639 0.654049 3.9473 -1.19397 0.610362 3.97308 -1.16 0.780936 4.00391 -1.17002 0.831734 4.0321 -1.19916 0.767416 4.00261 -1.19639 0.654049 4.00261 -1.19639 0.654049 4.0321 -1.19916 0.767416 4.0574 -1.24849 0.702386 4.02559 -1.24775 0.569241 4.02559 -1.24775 0.569241 4.0574 -1.24849 0.702386 4.07145 -1.31225 0.656783 4.03694 -1.31216 0.51536 4.03694 -1.31216 0.51536 4.07145 -1.31225 0.656783 4.0778 -1.38511 0.628254 4.03954 -1.38511 0.483031 3.96887 -1.31207 0.462527 4.03694 -1.31216 0.51536 4.03954 -1.38511 0.483031 3.97109 -1.38511 0.429478 3.89488 -1.31216 0.497443 3.96887 -1.31207 0.462527 3.97109 -1.38511 0.429478 3.89657 -1.38511 0.466147 3.8129 -1.31225 0.615439 3.89488 -1.31216 0.497443 3.89657 -1.38511 0.466147 3.81757 -1.38511 0.588537 3.80907 -1.24849 0.659736 3.88916 -1.24775 0.55016 3.89488 -1.31216 0.497443 3.8129 -1.31225 0.615439 3.80842 -1.19916 0.725141 3.8786 -1.19639 0.633963 3.88916 -1.24775 0.55016 3.80907 -1.24849 0.659736 3.83609 -1.18971 1.62391 3.85989 -1.24528 1.61411 3.98879 -1.2462 1.225 3.96286 -1.19171 1.24543 3.85989 -1.24528 1.61411 3.87158 -1.31099 1.58914 4.00253 -1.31178 1.2003 3.98879 -1.2462 1.225 3.96286 -1.19171 1.24543 3.98879 -1.2462 1.225 4.05097 -1.24765 0.921164 4.02586 -1.19611 0.961696 3.98879 -1.2462 1.225 4.00253 -1.31178 1.2003 4.06391 -1.31212 0.887321 4.05097 -1.24765 0.921164 3.5765 -1.14714 2.06655 3.61192 -1.18929 2.07961 3.83609 -1.18971 1.62391 3.79653 -1.14763 1.6195 3.61192 -1.18929 2.07961 3.63118 -1.24411 2.07508 3.85989 -1.24528 1.61411 3.83609 -1.18971 1.62391 3.63118 -1.24411 2.07508 3.63849 -1.30758 2.04928 3.87158 -1.31099 1.58914 3.85989 -1.24528 1.61411 3.63849 -1.30758 2.04928 3.63607 -1.38254 1.98817 3.88063 -1.38416 1.54007 3.87158 -1.31099 1.58914 3.87158 -1.31099 1.58914 3.88063 -1.38416 1.54007 4.01051 -1.38483 1.17292 4.00253 -1.31178 1.2003 4.00253 -1.31178 1.2003 4.01051 -1.38483 1.17292 4.06942 -1.38507 0.862918 4.06391 -1.31212 0.887321 4.06391 -1.31212 0.887321 4.06942 -1.38507 0.862918 4.0778 -1.38511 0.628254 4.07145 -1.31225 0.656783 4.05097 -1.24765 0.921164 4.06391 -1.31212 0.887321 4.07145 -1.31225 0.656783 4.0574 -1.24849 0.702386 4.02586 -1.19611 0.961696 4.05097 -1.24765 0.921164 4.0574 -1.24849 0.702386 4.0321 -1.19916 0.767416 3.98845 -1.15952 0.986286 4.02586 -1.19611 0.961696 4.0321 -1.19916 0.767416 4.00391 -1.17002 0.831734 3.92196 -1.15106 1.25277 3.96286 -1.19171 1.24543 4.02586 -1.19611 0.961696 3.98845 -1.15952 0.986286 3.79653 -1.14763 1.6195 3.83609 -1.18971 1.62391 3.96286 -1.19171 1.24543 3.92196 -1.15106 1.25277 3.6078 -1.12202 1.545 3.6729 -1.11348 1.57463 3.80033 -1.11811 1.2192 3.73457 -1.12636 1.19866 3.6729 -1.11348 1.57463 3.73942 -1.12202 1.60139 3.86576 -1.12636 1.24069 3.80033 -1.11811 1.2192 3.73457 -1.12636 1.19866 3.80033 -1.11811 1.2192 3.88007 -1.13066 0.948312 3.81751 -1.13796 0.94122 3.80033 -1.11811 1.2192 3.86576 -1.12636 1.24069 3.9395 -1.13796 0.971154 3.88007 -1.13066 0.948312 3.34866 -1.14714 1.9347 3.3985 -1.1214 1.96723 3.6078 -1.12202 1.545 3.55571 -1.14763 1.51673 3.3985 -1.1214 1.96723 3.46017 -1.11282 2.00424 3.6729 -1.11348 1.57463 3.6078 -1.12202 1.545 3.46017 -1.11282 2.00424 3.52304 -1.1214 2.03944 3.73942 -1.12202 1.60139 3.6729 -1.11348 1.57463 3.52304 -1.1214 2.03944 3.5765 -1.14714 2.06655 3.79653 -1.14763 1.6195 3.73942 -1.12202 1.60139 3.73942 -1.12202 1.60139 3.79653 -1.14763 1.6195 3.92196 -1.15106 1.25277 3.86576 -1.12636 1.24069 3.86576 -1.12636 1.24069 3.92196 -1.15106 1.25277 3.98845 -1.15952 0.986286 3.9395 -1.13796 0.971154 3.9395 -1.13796 0.971154 3.98845 -1.15952 0.986286 4.00391 -1.17002 0.831734 3.97308 -1.16 0.780936 3.88007 -1.13066 0.948312 3.9395 -1.13796 0.971154 3.97308 -1.16 0.780936 3.91977 -1.15498 0.748755 3.81751 -1.13796 0.94122 3.88007 -1.13066 0.948312 3.91977 -1.15498 0.748755 3.85812 -1.16001 0.758487 3.76741 -1.15952 0.931879 3.81751 -1.13796 0.94122 3.85812 -1.16001 0.758487 3.81056 -1.17002 0.791817 3.68189 -1.15106 1.17623 3.73457 -1.12636 1.19866 3.81751 -1.13796 0.94122 3.76741 -1.15952 0.931879 3.55571 -1.14763 1.51673 3.6078 -1.12202 1.545 3.73457 -1.12636 1.19866 3.68189 -1.15106 1.17623 2.96264 1.26842 2.9291 2.97364 1.17499 2.93726 3.21392 1.18533 2.65136 3.20137 1.26971 2.64705 2.97364 1.17499 2.93726 2.97018 1.07378 2.92734 3.204 1.09872 2.6461 3.21392 1.18533 2.65136 3.20137 1.26971 2.64705 3.21392 1.18533 2.65136 3.38145 1.1894 2.40171 3.36526 1.26421 2.40693 3.21392 1.18533 2.65136 3.204 1.09872 2.6461 3.36557 1.11432 2.40679 3.38145 1.1894 2.40171 2.62246 1.33896 3.18311 2.64649 1.26055 3.21181 2.96264 1.26842 2.9291 2.93584 1.34221 2.90361 2.64649 1.26055 3.21181 2.65768 1.15844 3.22229 2.97364 1.17499 2.93726 2.96264 1.26842 2.9291 2.65768 1.15844 3.22229 2.65868 1.03969 3.21487 2.97018 1.07378 2.92734 2.97364 1.17499 2.93726 2.65868 1.03969 3.21487 2.64985 0.896496 3.18364 2.95901 0.985085 2.88753 2.97018 1.07378 2.92734 2.97018 1.07378 2.92734 2.95901 0.985085 2.88753 3.17869 1.02633 2.62195 3.204 1.09872 2.6461 3.204 1.09872 2.6461 3.17869 1.02633 2.62195 3.33231 1.05325 2.4009 3.36557 1.11432 2.40679 3.36557 1.11432 2.40679 3.33231 1.05325 2.4009 3.40919 1.07295 2.25829 3.4521 1.12055 2.21994 3.38145 1.1894 2.40171 3.36557 1.11432 2.40679 3.4521 1.12055 2.21994 3.47373 1.18999 2.20055 3.36526 1.26421 2.40693 3.38145 1.1894 2.40171 3.47373 1.18999 2.20055 3.4521 1.25942 2.21994 3.33148 1.32482 2.40169 3.36526 1.26421 2.40693 3.4521 1.25942 2.21994 3.40918 1.30702 2.25829 3.17119 1.33847 2.62753 3.20137 1.26971 2.64705 3.36526 1.26421 2.40693 3.33148 1.32482 2.40169 2.93584 1.34221 2.90361 2.96264 1.26842 2.9291 3.20137 1.26971 2.64705 3.17119 1.33847 2.62753 3.84065 -2.28661 1.29581 3.77693 -2.30442 1.28814 3.87126 -2.33507 0.992602 3.9388 -2.31493 1.00565 3.77693 -2.30442 1.28814 3.72161 -2.28661 1.25571 3.80529 -2.31493 0.971711 3.87126 -2.33507 0.992602 3.9388 -2.31493 1.00565 3.87126 -2.33507 0.992602 3.95269 -2.34639 0.583265 4.02363 -2.32554 0.59311 3.87126 -2.33507 0.992602 3.80529 -2.31493 0.971711 3.88194 -2.32554 0.572437 3.95269 -2.34639 0.583265 3.82662 -2.20833 1.44871 3.77143 -2.23278 1.48638 3.84065 -2.28661 1.29581 3.89394 -2.23398 1.29754 3.77143 -2.23278 1.48638 3.70822 -2.24506 1.4906 3.77693 -2.30442 1.28814 3.84065 -2.28661 1.29581 3.70822 -2.24506 1.4906 3.66245 -2.23278 1.44344 3.72161 -2.28661 1.25571 3.77693 -2.30442 1.28814 3.66245 -2.23278 1.44344 3.64196 -2.20833 1.37884 3.67794 -2.23398 1.22568 3.72161 -2.28661 1.25571 3.72161 -2.28661 1.25571 3.67794 -2.23398 1.22568 3.75069 -2.25463 0.95384 3.80529 -2.31493 0.971711 3.80529 -2.31493 0.971711 3.75069 -2.25463 0.95384 3.82334 -2.26301 0.563396 3.88194 -2.32554 0.572437 3.88194 -2.32554 0.572437 3.82334 -2.26301 0.563396 3.86422 -2.2642 0.0599913 3.92385 -2.32706 0.0609073 3.95269 -2.34639 0.583265 3.88194 -2.32554 0.572437 3.92385 -2.32706 0.0609073 3.99583 -2.34801 0.0620121 4.02363 -2.32554 0.59311 3.95269 -2.34639 0.583265 3.99583 -2.34801 0.0620121 4.0678 -2.32706 0.0631184 4.08243 -2.26301 0.601169 4.02363 -2.32554 0.59311 4.0678 -2.32706 0.0631184 4.12743 -2.2642 0.0640363 3.99495 -2.25463 1.01567 3.9388 -2.31493 1.00565 4.02363 -2.32554 0.59311 4.08243 -2.26301 0.601169 3.89394 -2.23398 1.29754 3.84065 -2.28661 1.29581 3.9388 -2.31493 1.00565 3.99495 -2.25463 1.01567 3.61021 -1.89453 1.2553 3.6888 -1.89388 0.960511 3.69535 -2.03162 0.953647 3.6194 -2.0286 1.24705 3.6888 -1.89388 0.960511 3.76382 -1.89186 0.576688 3.76791 -2.03255 0.562426 3.69535 -2.03162 0.953647 3.6194 -2.0286 1.24705 3.69535 -2.03162 0.953647 3.71453 -2.15653 0.949387 3.64258 -2.14585 1.23066 3.69535 -2.03162 0.953647 3.76791 -2.03255 0.562426 3.78597 -2.16126 0.559206 3.71453 -2.15653 0.949387 3.57301 -1.76231 1.48024 3.60871 -1.7621 1.25781 3.61021 -1.89453 1.2553 3.5745 -1.89443 1.4781 3.60871 -1.7621 1.25781 3.6877 -1.76061 0.97231 3.6888 -1.89388 0.960511 3.61021 -1.89453 1.2553 3.6877 -1.76061 0.97231 3.76374 -1.75643 0.614209 3.76382 -1.89186 0.576688 3.6888 -1.89388 0.960511 3.76374 -1.75643 0.614209 3.84073 -1.74641 0.133215 3.81458 -1.89289 0.0862243 3.76382 -1.89186 0.576688 3.76382 -1.89186 0.576688 3.81458 -1.89289 0.0862243 3.81098 -2.0333 0.0669865 3.76791 -2.03255 0.562426 3.76791 -2.03255 0.562426 3.81098 -2.0333 0.0669865 3.82672 -2.16201 0.0603941 3.78597 -2.16126 0.559206 3.78597 -2.16126 0.559206 3.82672 -2.16201 0.0603941 3.86422 -2.2642 0.0599913 3.82334 -2.26301 0.563396 3.71453 -2.15653 0.949387 3.78597 -2.16126 0.559206 3.82334 -2.26301 0.563396 3.75069 -2.25463 0.95384 3.64258 -2.14585 1.23066 3.71453 -2.15653 0.949387 3.75069 -2.25463 0.95384 3.67794 -2.23398 1.22568 3.61022 -2.1384 1.42562 3.64258 -2.14585 1.23066 3.67794 -2.23398 1.22568 3.64196 -2.20833 1.37884 3.58478 -2.02661 1.46301 3.6194 -2.0286 1.24705 3.64258 -2.14585 1.23066 3.61022 -2.1384 1.42562 3.5745 -1.89443 1.4781 3.61021 -1.89453 1.2553 3.6194 -2.0286 1.24705 3.58478 -2.02661 1.46301 3.69984 -1.89465 1.68178 3.6143 -1.89488 1.69344 3.62536 -2.03024 1.67102 3.7079 -2.02842 1.65926 3.6143 -1.89488 1.69344 3.5695 -1.89465 1.62249 3.58218 -2.02842 1.60297 3.62536 -2.03024 1.67102 3.7079 -2.02842 1.65926 3.62536 -2.03024 1.67102 3.65531 -2.15109 1.6103 3.73043 -2.14517 1.59978 3.62536 -2.03024 1.67102 3.58218 -2.02842 1.60297 3.61499 -2.14517 1.55025 3.65531 -2.15109 1.6103 3.8162 -1.76231 1.58101 3.69868 -1.76232 1.68499 3.69984 -1.89465 1.68178 3.81646 -1.89443 1.57817 3.69868 -1.76232 1.68499 3.61272 -1.76232 1.69664 3.6143 -1.89488 1.69344 3.69984 -1.89465 1.68178 3.61272 -1.76232 1.69664 3.56769 -1.76232 1.62528 3.5695 -1.89465 1.62249 3.6143 -1.89488 1.69344 3.56769 -1.76232 1.62528 3.57301 -1.76231 1.48024 3.5745 -1.89443 1.4781 3.5695 -1.89465 1.62249 3.5695 -1.89465 1.62249 3.5745 -1.89443 1.4781 3.58478 -2.02661 1.46301 3.58218 -2.02842 1.60297 3.58218 -2.02842 1.60297 3.58478 -2.02661 1.46301 3.61022 -2.1384 1.42562 3.61499 -2.14517 1.55025 3.61499 -2.14517 1.55025 3.61022 -2.1384 1.42562 3.64196 -2.20833 1.37884 3.66245 -2.23278 1.44344 3.65531 -2.15109 1.6103 3.61499 -2.14517 1.55025 3.66245 -2.23278 1.44344 3.70822 -2.24506 1.4906 3.73043 -2.14517 1.59978 3.65531 -2.15109 1.6103 3.70822 -2.24506 1.4906 3.77143 -2.23278 1.48638 3.82196 -2.1384 1.50921 3.73043 -2.14517 1.59978 3.77143 -2.23278 1.48638 3.82662 -2.20833 1.44871 3.81807 -2.02661 1.55822 3.7079 -2.02842 1.65926 3.73043 -2.14517 1.59978 3.82196 -2.1384 1.50921 3.81646 -1.89443 1.57817 3.69984 -1.89465 1.68178 3.7079 -2.02842 1.65926 3.81807 -2.02661 1.55822 4.13304 -1.89186 0.632682 4.04797 -1.89388 1.05362 4.04481 -2.03162 1.04343 4.13497 -2.03255 0.616637 4.04797 -1.89388 1.05362 3.92844 -1.89453 1.36581 3.92649 -2.0286 1.35271 4.04481 -2.03162 1.04343 4.13497 -2.03255 0.616637 4.04481 -2.03162 1.04343 4.02926 -2.15653 1.02946 4.1193 -2.16126 0.607909 4.04481 -2.03162 1.04343 3.92649 -2.0286 1.35271 3.9187 -2.14585 1.3238 4.02926 -2.15653 1.02946 4.14065 -1.74641 0.143496 4.11793 -1.75643 0.671473 4.13304 -1.89186 0.632682 4.17328 -1.89289 0.0942428 4.11793 -1.75643 0.671473 4.04427 -1.76061 1.06592 4.04797 -1.89388 1.05362 4.13304 -1.89186 0.632682 4.04427 -1.76061 1.06592 3.92803 -1.7621 1.36896 3.92844 -1.89453 1.36581 4.04797 -1.89388 1.05362 3.92803 -1.7621 1.36896 3.8162 -1.76231 1.58101 3.81646 -1.89443 1.57817 3.92844 -1.89453 1.36581 3.92844 -1.89453 1.36581 3.81646 -1.89443 1.57817 3.81807 -2.02661 1.55822 3.92649 -2.0286 1.35271 3.92649 -2.0286 1.35271 3.81807 -2.02661 1.55822 3.82196 -2.1384 1.50921 3.9187 -2.14585 1.3238 3.9187 -2.14585 1.3238 3.82196 -2.1384 1.50921 3.82662 -2.20833 1.44871 3.89394 -2.23398 1.29754 4.02926 -2.15653 1.02946 3.9187 -2.14585 1.3238 3.89394 -2.23398 1.29754 3.99495 -2.25463 1.01567 4.1193 -2.16126 0.607909 4.02926 -2.15653 1.02946 3.99495 -2.25463 1.01567 4.08243 -2.26301 0.601169 4.16479 -2.16201 0.0656741 4.1193 -2.16126 0.607909 4.08243 -2.26301 0.601169 4.12743 -2.2642 0.0640363 4.17957 -2.0333 0.0733976 4.13497 -2.03255 0.616637 4.1193 -2.16126 0.607909 4.16479 -2.16201 0.0656741 4.17328 -1.89289 0.0942428 4.13304 -1.89186 0.632682 4.13497 -2.03255 0.616637 4.17957 -2.0333 0.0733976 4.07332 -1.46287 0.843139 4.01878 -1.46284 1.14307 4.02813 -1.54847 1.11323 4.08101 -1.54745 0.810168 4.01878 -1.46284 1.14307 3.90134 -1.46273 1.46071 3.91845 -1.54884 1.40044 4.02813 -1.54847 1.11323 4.08101 -1.54745 0.810168 4.02813 -1.54847 1.11323 4.0378 -1.64599 1.08655 4.0967 -1.64286 0.747709 4.02813 -1.54847 1.11323 3.91845 -1.54884 1.40044 3.92605 -1.64706 1.37465 4.0378 -1.64599 1.08655 4.0778 -1.38511 0.628254 4.06942 -1.38507 0.862918 4.07332 -1.46287 0.843139 4.08254 -1.46258 0.605509 4.06942 -1.38507 0.862918 4.01051 -1.38483 1.17292 4.01878 -1.46284 1.14307 4.07332 -1.46287 0.843139 4.01051 -1.38483 1.17292 3.88063 -1.38416 1.54007 3.90134 -1.46273 1.46071 4.01878 -1.46284 1.14307 3.88063 -1.38416 1.54007 3.63607 -1.38254 1.98817 3.75154 -1.46495 1.72802 3.90134 -1.46273 1.46071 3.90134 -1.46273 1.46071 3.75154 -1.46495 1.72802 3.79766 -1.54965 1.62327 3.91845 -1.54884 1.40044 3.91845 -1.54884 1.40044 3.79766 -1.54965 1.62327 3.81388 -1.64731 1.58629 3.92605 -1.64706 1.37465 3.92605 -1.64706 1.37465 3.81388 -1.64731 1.58629 3.8162 -1.76231 1.58101 3.92803 -1.7621 1.36896 4.0378 -1.64599 1.08655 3.92605 -1.64706 1.37465 3.92803 -1.7621 1.36896 4.04427 -1.76061 1.06592 4.0967 -1.64286 0.747709 4.0378 -1.64599 1.08655 4.04427 -1.76061 1.06592 4.11793 -1.75643 0.671473 4.10928 -1.63458 0.436272 4.0967 -1.64286 0.747709 4.11793 -1.75643 0.671473 4.14065 -1.74641 0.143496 4.09401 -1.54494 0.556255 4.08101 -1.54745 0.810168 4.0967 -1.64286 0.747709 4.10928 -1.63458 0.436272 4.08254 -1.46258 0.605509 4.07332 -1.46287 0.843139 4.08101 -1.54745 0.810168 4.09401 -1.54494 0.556255 3.61628 -1.47236 1.86151 3.52432 -1.47628 1.87585 3.58693 -1.55264 1.74892 3.67505 -1.5515 1.73603 3.52432 -1.47628 1.87585 3.48091 -1.47236 1.79175 3.54245 -1.5515 1.67334 3.58693 -1.55264 1.74892 3.67505 -1.5515 1.73603 3.58693 -1.55264 1.74892 3.60949 -1.64768 1.70317 3.69573 -1.64754 1.69137 3.58693 -1.55264 1.74892 3.54245 -1.5515 1.67334 3.56454 -1.64754 1.63129 3.60949 -1.64768 1.70317 3.63607 -1.38254 1.98817 3.47412 -1.41272 2.12449 3.61628 -1.47236 1.86151 3.75154 -1.46495 1.72802 3.47412 -1.41272 2.12449 3.37814 -1.42078 2.12705 3.52432 -1.47628 1.87585 3.61628 -1.47236 1.86151 3.37814 -1.42078 2.12705 3.34031 -1.41273 2.04253 3.48091 -1.47236 1.79175 3.52432 -1.47628 1.87585 3.34031 -1.41273 2.04253 3.37284 -1.38254 1.84406 3.50011 -1.46495 1.61212 3.48091 -1.47236 1.79175 3.48091 -1.47236 1.79175 3.50011 -1.46495 1.61212 3.55198 -1.54965 1.51821 3.54245 -1.5515 1.67334 3.54245 -1.5515 1.67334 3.55198 -1.54965 1.51821 3.57038 -1.64731 1.48499 3.56454 -1.64754 1.63129 3.56454 -1.64754 1.63129 3.57038 -1.64731 1.48499 3.57301 -1.76231 1.48024 3.56769 -1.76232 1.62528 3.60949 -1.64768 1.70317 3.56454 -1.64754 1.63129 3.56769 -1.76232 1.62528 3.61272 -1.76232 1.69664 3.69573 -1.64754 1.69137 3.60949 -1.64768 1.70317 3.61272 -1.76232 1.69664 3.69868 -1.76232 1.68499 3.81388 -1.64731 1.58629 3.69573 -1.64754 1.69137 3.69868 -1.76232 1.68499 3.8162 -1.76231 1.58101 3.79766 -1.54965 1.62327 3.67505 -1.5515 1.73603 3.69573 -1.64754 1.69137 3.81388 -1.64731 1.58629 3.75154 -1.46495 1.72802 3.61628 -1.47236 1.86151 3.67505 -1.5515 1.73603 3.79766 -1.54965 1.62327 3.57662 -1.46273 1.33921 3.66737 -1.46283 1.04342 3.67726 -1.54847 1.01659 3.59802 -1.54884 1.28604 3.66737 -1.46283 1.04342 3.74222 -1.46287 0.775022 3.7472 -1.54745 0.744327 3.67726 -1.54847 1.01659 3.59802 -1.54884 1.28604 3.67726 -1.54847 1.01659 3.685 -1.64599 0.991958 3.60697 -1.64706 1.26307 3.67726 -1.54847 1.01659 3.7472 -1.54745 0.744327 3.75555 -1.64286 0.685899 3.685 -1.64599 0.991958 3.37284 -1.38254 1.84406 3.54714 -1.38416 1.40775 3.57662 -1.46273 1.33921 3.50011 -1.46495 1.61212 3.54714 -1.38416 1.40775 3.6566 -1.38483 1.0697 3.66737 -1.46283 1.04342 3.57662 -1.46273 1.33921 3.6566 -1.38483 1.0697 3.73857 -1.38507 0.793174 3.74222 -1.46287 0.775022 3.66737 -1.46283 1.04342 3.73857 -1.38507 0.793174 3.81757 -1.38511 0.588537 3.8216 -1.46258 0.56719 3.74222 -1.46287 0.775022 3.74222 -1.46287 0.775022 3.8216 -1.46258 0.56719 3.82919 -1.54494 0.520681 3.7472 -1.54745 0.744327 3.7472 -1.54745 0.744327 3.82919 -1.54494 0.520681 3.83393 -1.63458 0.407391 3.75555 -1.64286 0.685899 3.75555 -1.64286 0.685899 3.83393 -1.63458 0.407391 3.84073 -1.74641 0.133215 3.76374 -1.75643 0.614209 3.685 -1.64599 0.991958 3.75555 -1.64286 0.685899 3.76374 -1.75643 0.614209 3.6877 -1.76061 0.97231 3.60697 -1.64706 1.26307 3.685 -1.64599 0.991958 3.6877 -1.76061 0.97231 3.60871 -1.7621 1.25781 3.57038 -1.64731 1.48499 3.60697 -1.64706 1.26307 3.60871 -1.7621 1.25781 3.57301 -1.76231 1.48024 3.55198 -1.54965 1.51821 3.59802 -1.54884 1.28604 3.60697 -1.64706 1.26307 3.57038 -1.64731 1.48499 3.50011 -1.46495 1.61212 3.57662 -1.46273 1.33921 3.59802 -1.54884 1.28604 3.55198 -1.54965 1.51821 3.89809 -1.46209 0.440828 3.9729 -1.46182 0.402671 3.97714 -1.5388 0.33962 3.90082 -1.541 0.382018 3.9729 -1.46182 0.402671 4.04149 -1.46209 0.456841 4.04681 -1.541 0.396133 3.97714 -1.5388 0.33962 3.90082 -1.541 0.382018 3.97714 -1.5388 0.33962 3.98733 -1.6116 0.188289 3.90756 -1.61913 0.239543 3.97714 -1.5388 0.33962 4.04681 -1.541 0.396133 4.05957 -1.61913 0.248748 3.98733 -1.6116 0.188289 3.81757 -1.38511 0.588537 3.89657 -1.38511 0.466147 3.89809 -1.46209 0.440828 3.8216 -1.46258 0.56719 3.89657 -1.38511 0.466147 3.97109 -1.38511 0.429478 3.9729 -1.46182 0.402671 3.89809 -1.46209 0.440828 3.97109 -1.38511 0.429478 4.03954 -1.38511 0.483031 4.04149 -1.46209 0.456841 3.9729 -1.46182 0.402671 4.03954 -1.38511 0.483031 4.0778 -1.38511 0.628254 4.08254 -1.46258 0.605509 4.04149 -1.46209 0.456841 4.04149 -1.46209 0.456841 4.08254 -1.46258 0.605509 4.09401 -1.54494 0.556255 4.04681 -1.541 0.396133 4.04681 -1.541 0.396133 4.09401 -1.54494 0.556255 4.10928 -1.63458 0.436272 4.05957 -1.61913 0.248748 4.05957 -1.61913 0.248748 4.10928 -1.63458 0.436272 4.14065 -1.74641 0.143496 4.07423 -1.68638 -0.0639422 3.98733 -1.6116 0.188289 4.05957 -1.61913 0.248748 4.07423 -1.68638 -0.0639422 3.99215 -1.67044 -0.11667 3.90756 -1.61913 0.239543 3.98733 -1.6116 0.188289 3.99215 -1.67044 -0.11667 3.91733 -1.68638 -0.0615023 3.83393 -1.63458 0.407391 3.90756 -1.61913 0.239543 3.91733 -1.68638 -0.0615023 3.84073 -1.74641 0.133215 3.82919 -1.54494 0.520681 3.90082 -1.541 0.382018 3.90756 -1.61913 0.239543 3.83393 -1.63458 0.407391 3.8216 -1.46258 0.56719 3.89809 -1.46209 0.440828 3.90082 -1.541 0.382018 3.82919 -1.54494 0.520681 -0.669027 -2.06432 -3.87201 -0.71202 -2.0603 -3.92707 -0.747441 -2.13918 -3.92003 -0.700373 -2.13918 -3.86234 -0.71202 -2.0603 -3.92707 -0.690111 -2.06433 -3.99505 -0.723667 -2.13918 -3.99181 -0.747441 -2.13918 -3.92003 -0.700373 -2.13918 -3.86234 -0.747441 -2.13918 -3.92003 -0.712022 -2.21806 -3.92707 -0.669029 -2.21403 -3.87201 -0.747441 -2.13918 -3.92003 -0.723667 -2.13918 -3.99181 -0.690111 -2.21403 -3.99505 -0.712022 -2.21806 -3.92707 -0.525784 -2.0208 -3.86367 -0.575261 -2.00353 -3.89464 -0.669027 -2.06432 -3.87201 -0.567371 -2.06894 -3.84067 -0.575261 -2.00353 -3.89464 -0.606228 -1.99486 -3.94812 -0.71202 -2.0603 -3.92707 -0.669027 -2.06432 -3.87201 -0.606228 -1.99486 -3.94812 -0.592202 -2.00353 -4.01055 -0.690111 -2.06433 -3.99505 -0.71202 -2.0603 -3.92707 -0.592202 -2.00353 -4.01055 -0.552094 -2.0208 -4.05934 -0.600091 -2.06894 -4.06452 -0.690111 -2.06433 -3.99505 -0.690111 -2.06433 -3.99505 -0.600091 -2.06894 -4.06452 -0.62432 -2.13918 -4.0671 -0.723667 -2.13918 -3.99181 -0.723667 -2.13918 -3.99181 -0.62432 -2.13918 -4.0671 -0.600091 -2.20941 -4.06452 -0.690111 -2.21403 -3.99505 -0.690111 -2.21403 -3.99505 -0.600091 -2.20941 -4.06452 -0.552094 -2.25756 -4.05934 -0.5922 -2.27483 -4.01055 -0.712022 -2.21806 -3.92707 -0.690111 -2.21403 -3.99505 -0.5922 -2.27483 -4.01055 -0.606228 -2.2835 -3.94812 -0.669029 -2.21403 -3.87201 -0.712022 -2.21806 -3.92707 -0.606228 -2.2835 -3.94812 -0.575261 -2.27483 -3.89464 -0.56737 -2.20941 -3.84067 -0.669029 -2.21403 -3.87201 -0.575261 -2.27483 -3.89464 -0.525784 -2.25756 -3.86367 -0.588136 -2.13918 -3.82914 -0.700373 -2.13918 -3.86234 -0.669029 -2.21403 -3.87201 -0.56737 -2.20941 -3.84067 -0.567371 -2.06894 -3.84067 -0.669027 -2.06432 -3.87201 -0.700373 -2.13918 -3.86234 -0.588136 -2.13918 -3.82914 0.182877 -2.05332 -4.15577 0.182969 -2.13918 -4.16807 -0.175922 -2.13918 -4.16186 -0.171917 -2.05658 -4.15023 0.182969 -2.13918 -4.16807 0.182877 -2.22503 -4.15577 -0.171915 -2.22178 -4.15023 -0.175922 -2.13918 -4.16186 -0.171917 -2.05658 -4.15023 -0.175922 -2.13918 -4.16186 -0.444122 -2.13918 -4.12565 -0.431585 -2.06386 -4.116 -0.175922 -2.13918 -4.16186 -0.171915 -2.22178 -4.15023 -0.431581 -2.2145 -4.116 -0.444122 -2.13918 -4.12565 0.618677 -1.98134 -4.07969 0.624176 -2.05286 -4.1163 0.182877 -2.05332 -4.15577 0.181711 -1.98218 -4.11895 0.624176 -2.05286 -4.1163 0.626009 -2.13918 -4.1285 0.182969 -2.13918 -4.16807 0.182877 -2.05332 -4.15577 0.626009 -2.13918 -4.1285 0.624176 -2.2255 -4.1163 0.182877 -2.22503 -4.15577 0.182969 -2.13918 -4.16807 0.624176 -2.2255 -4.1163 0.618677 -2.29702 -4.07969 0.181711 -2.29618 -4.11895 0.182877 -2.22503 -4.15577 0.182877 -2.22503 -4.15577 0.181711 -2.29618 -4.11895 -0.16698 -2.29026 -4.11498 -0.171915 -2.22178 -4.15023 -0.171915 -2.22178 -4.15023 -0.16698 -2.29026 -4.11498 -0.415419 -2.27567 -4.08605 -0.431581 -2.2145 -4.116 -0.431581 -2.2145 -4.116 -0.415419 -2.27567 -4.08605 -0.552094 -2.25756 -4.05934 -0.600091 -2.20941 -4.06452 -0.444122 -2.13918 -4.12565 -0.431581 -2.2145 -4.116 -0.600091 -2.20941 -4.06452 -0.62432 -2.13918 -4.0671 -0.431585 -2.06386 -4.116 -0.444122 -2.13918 -4.12565 -0.62432 -2.13918 -4.0671 -0.600091 -2.06894 -4.06452 -0.415419 -2.00269 -4.08605 -0.431585 -2.06386 -4.116 -0.600091 -2.06894 -4.06452 -0.552094 -2.0208 -4.05934 -0.16698 -1.9881 -4.11498 -0.171917 -2.05658 -4.15023 -0.431585 -2.06386 -4.116 -0.415419 -2.00269 -4.08605 0.181711 -1.98218 -4.11895 0.182877 -2.05332 -4.15577 -0.171917 -2.05658 -4.15023 -0.16698 -1.9881 -4.11498 0.17247 -1.93801 -3.91666 0.17516 -1.92329 -3.98821 -0.168679 -1.93128 -3.98865 -0.162486 -1.94551 -3.92005 0.17516 -1.92329 -3.98821 0.178696 -1.93801 -4.05971 -0.168123 -1.94551 -4.05769 -0.168679 -1.93128 -3.98865 -0.162486 -1.94551 -3.92005 -0.168679 -1.93128 -3.98865 -0.427697 -1.95293 -3.97121 -0.410192 -1.96551 -3.90948 -0.168679 -1.93128 -3.98865 -0.168123 -1.94551 -4.05769 -0.423131 -1.96551 -4.03442 -0.427697 -1.95293 -3.97121 0.579578 -1.98134 -3.81937 0.588436 -1.93694 -3.87835 0.17247 -1.93801 -3.91666 0.170298 -1.98218 -3.85736 0.588436 -1.93694 -3.87835 0.599128 -1.92215 -3.94953 0.17516 -1.92329 -3.98821 0.17247 -1.93801 -3.91666 0.599128 -1.92215 -3.94953 0.609819 -1.93694 -4.02071 0.178696 -1.93801 -4.05971 0.17516 -1.92329 -3.98821 0.609819 -1.93694 -4.02071 0.618677 -1.98134 -4.07969 0.181711 -1.98218 -4.11895 0.178696 -1.93801 -4.05971 0.178696 -1.93801 -4.05971 0.181711 -1.98218 -4.11895 -0.16698 -1.9881 -4.11498 -0.168123 -1.94551 -4.05769 -0.168123 -1.94551 -4.05769 -0.16698 -1.9881 -4.11498 -0.415419 -2.00269 -4.08605 -0.423131 -1.96551 -4.03442 -0.423131 -1.96551 -4.03442 -0.415419 -2.00269 -4.08605 -0.552094 -2.0208 -4.05934 -0.592202 -2.00353 -4.01055 -0.427697 -1.95293 -3.97121 -0.423131 -1.96551 -4.03442 -0.592202 -2.00353 -4.01055 -0.606228 -1.99486 -3.94812 -0.410192 -1.96551 -3.90948 -0.427697 -1.95293 -3.97121 -0.606228 -1.99486 -3.94812 -0.575261 -2.00353 -3.89464 -0.392672 -2.00269 -3.85955 -0.410192 -1.96551 -3.90948 -0.575261 -2.00353 -3.89464 -0.525784 -2.0208 -3.86367 -0.156875 -1.9881 -3.86321 -0.162486 -1.94551 -3.92005 -0.410192 -1.96551 -3.90948 -0.392672 -2.00269 -3.85955 0.170298 -1.98218 -3.85736 0.17247 -1.93801 -3.91666 -0.162486 -1.94551 -3.92005 -0.156875 -1.9881 -3.86321 0.178696 -2.34034 -4.05971 0.17516 -2.35507 -3.98821 -0.168679 -2.34708 -3.98865 -0.168125 -2.33285 -4.05769 0.17516 -2.35507 -3.98821 0.17247 -2.34034 -3.91666 -0.162484 -2.33285 -3.92005 -0.168679 -2.34708 -3.98865 -0.168125 -2.33285 -4.05769 -0.168679 -2.34708 -3.98865 -0.427697 -2.32543 -3.97121 -0.423131 -2.31285 -4.03442 -0.168679 -2.34708 -3.98865 -0.162484 -2.33285 -3.92005 -0.410188 -2.31285 -3.90948 -0.427697 -2.32543 -3.97121 0.618677 -2.29702 -4.07969 0.609819 -2.34141 -4.02071 0.178696 -2.34034 -4.05971 0.181711 -2.29618 -4.11895 0.609819 -2.34141 -4.02071 0.599128 -2.35621 -3.94953 0.17516 -2.35507 -3.98821 0.178696 -2.34034 -4.05971 0.599128 -2.35621 -3.94953 0.588436 -2.34141 -3.87835 0.17247 -2.34034 -3.91666 0.17516 -2.35507 -3.98821 0.588436 -2.34141 -3.87835 0.579578 -2.29702 -3.81937 0.170298 -2.29618 -3.85736 0.17247 -2.34034 -3.91666 0.17247 -2.34034 -3.91666 0.170298 -2.29618 -3.85736 -0.156875 -2.29026 -3.86321 -0.162484 -2.33285 -3.92005 -0.162484 -2.33285 -3.92005 -0.156875 -2.29026 -3.86321 -0.392672 -2.27567 -3.85955 -0.410188 -2.31285 -3.90948 -0.410188 -2.31285 -3.90948 -0.392672 -2.27567 -3.85955 -0.525784 -2.25756 -3.86367 -0.575261 -2.27483 -3.89464 -0.427697 -2.32543 -3.97121 -0.410188 -2.31285 -3.90948 -0.575261 -2.27483 -3.89464 -0.606228 -2.2835 -3.94812 -0.423131 -2.31285 -4.03442 -0.427697 -2.32543 -3.97121 -0.606228 -2.2835 -3.94812 -0.5922 -2.27483 -4.01055 -0.415419 -2.27567 -4.08605 -0.423131 -2.31285 -4.03442 -0.5922 -2.27483 -4.01055 -0.552094 -2.25756 -4.05934 -0.16698 -2.29026 -4.11498 -0.168125 -2.33285 -4.05769 -0.423131 -2.31285 -4.03442 -0.415419 -2.27567 -4.08605 0.181711 -2.29618 -4.11895 0.178696 -2.34034 -4.05971 -0.168125 -2.33285 -4.05769 -0.16698 -2.29026 -4.11498 2.93983 -2.17951 -2.44364 2.92193 -2.0456 -2.43816 2.72945 -2.06234 -2.65678 2.7428 -2.19077 -2.66882 2.92193 -2.0456 -2.43816 2.90815 -1.87072 -2.45233 2.72577 -1.89143 -2.6556 2.72945 -2.06234 -2.65678 2.7428 -2.19077 -2.66882 2.72945 -2.06234 -2.65678 2.5297 -2.08246 -2.84174 2.53713 -2.20244 -2.85794 2.72945 -2.06234 -2.65678 2.72577 -1.89143 -2.6556 2.53981 -1.92207 -2.83156 2.5297 -2.08246 -2.84174 3.20059 -2.26967 -2.15589 3.16872 -2.17071 -2.1362 2.93983 -2.17951 -2.44364 2.9695 -2.27463 -2.46696 3.16872 -2.17071 -2.1362 3.15029 -2.03592 -2.13632 2.92193 -2.0456 -2.43816 2.93983 -2.17951 -2.44364 3.15029 -2.03592 -2.13632 3.13816 -1.86743 -2.16338 2.90815 -1.87072 -2.45233 2.92193 -2.0456 -2.43816 3.13816 -1.86743 -2.16338 3.12314 -1.64216 -2.23883 2.88704 -1.64704 -2.48795 2.90815 -1.87072 -2.45233 2.90815 -1.87072 -2.45233 2.88704 -1.64704 -2.48795 2.72635 -1.66984 -2.66001 2.72577 -1.89143 -2.6556 2.72577 -1.89143 -2.6556 2.72635 -1.66984 -2.66001 2.5682 -1.70614 -2.81684 2.53981 -1.92207 -2.83156 2.53981 -1.92207 -2.83156 2.5682 -1.70614 -2.81684 2.36524 -1.76031 -3.03431 2.30644 -1.96141 -3.04298 2.5297 -2.08246 -2.84174 2.53981 -1.92207 -2.83156 2.30644 -1.96141 -3.04298 2.28551 -2.10296 -3.05097 2.53713 -2.20244 -2.85794 2.5297 -2.08246 -2.84174 2.28551 -2.10296 -3.05097 2.28824 -2.21259 -3.06745 2.56159 -2.2866 -2.88662 2.53713 -2.20244 -2.85794 2.28824 -2.21259 -3.06745 2.30972 -2.29155 -3.09806 2.76998 -2.28061 -2.69513 2.7428 -2.19077 -2.66882 2.53713 -2.20244 -2.85794 2.56159 -2.2866 -2.88662 2.9695 -2.27463 -2.46696 2.93983 -2.17951 -2.44364 2.7428 -2.19077 -2.66882 2.76998 -2.28061 -2.69513 3.12605 -2.33162 -2.59714 3.07071 -2.35062 -2.55112 2.86431 -2.35211 -2.78692 2.9159 -2.33424 -2.83712 3.07071 -2.35062 -2.55112 3.01536 -2.33162 -2.5051 2.81272 -2.33424 -2.73672 2.86431 -2.35211 -2.78692 2.9159 -2.33424 -2.83712 2.86431 -2.35211 -2.78692 2.64898 -2.35361 -2.98504 2.69677 -2.33685 -3.03887 2.86431 -2.35211 -2.78692 2.81272 -2.33424 -2.73672 2.60119 -2.33685 -2.93122 2.64898 -2.35361 -2.98504 3.41882 -2.26967 -2.3031 3.36938 -2.32945 -2.26975 3.12605 -2.33162 -2.59714 3.17191 -2.27463 -2.63527 3.36938 -2.32945 -2.26975 3.3097 -2.34938 -2.2295 3.07071 -2.35062 -2.55112 3.12605 -2.33162 -2.59714 3.3097 -2.34938 -2.2295 3.25003 -2.32945 -2.18925 3.01536 -2.33162 -2.5051 3.07071 -2.35062 -2.55112 3.25003 -2.32945 -2.18925 3.20059 -2.26967 -2.15589 2.9695 -2.27463 -2.46696 3.01536 -2.33162 -2.5051 3.01536 -2.33162 -2.5051 2.9695 -2.27463 -2.46696 2.76998 -2.28061 -2.69513 2.81272 -2.33424 -2.73672 2.81272 -2.33424 -2.73672 2.76998 -2.28061 -2.69513 2.56159 -2.2866 -2.88662 2.60119 -2.33685 -2.93122 2.60119 -2.33685 -2.93122 2.56159 -2.2866 -2.88662 2.30972 -2.29155 -3.09806 2.34539 -2.33902 -3.14586 2.64898 -2.35361 -2.98504 2.60119 -2.33685 -2.93122 2.34539 -2.33902 -3.14586 2.38845 -2.35485 -3.20354 2.69677 -2.33685 -3.03887 2.64898 -2.35361 -2.98504 2.38845 -2.35485 -3.20354 2.43151 -2.33902 -3.26122 2.73637 -2.28659 -3.08347 2.69677 -2.33685 -3.03887 2.43151 -2.33902 -3.26122 2.46718 -2.29155 -3.30901 2.95864 -2.28061 -2.87871 2.9159 -2.33424 -2.83712 2.69677 -2.33685 -3.03887 2.73637 -2.28659 -3.08347 3.17191 -2.27463 -2.63527 3.12605 -2.33162 -2.59714 2.9159 -2.33424 -2.83712 2.95864 -2.28061 -2.87871 3.14117 -0.290365 -2.75516 3.00181 -0.284882 -2.91945 2.9989 -0.111633 -2.91737 3.14574 -0.129624 -2.74841 3.00181 -0.284882 -2.91945 2.86992 -0.265185 -3.04054 2.86554 -0.0831401 -3.04305 2.9989 -0.111633 -2.91737 3.14574 -0.129624 -2.74841 2.9989 -0.111633 -2.91737 2.98422 0.0190505 -2.90683 3.13364 -0.00850952 -2.7363 2.9989 -0.111633 -2.91737 2.86554 -0.0831401 -3.04305 2.85016 0.0568524 -3.03383 2.98422 0.0190505 -2.90683 3.27176 -0.477619 -2.54887 3.12072 -0.502327 -2.76697 3.14117 -0.290365 -2.75516 3.31726 -0.280083 -2.54049 3.12072 -0.502327 -2.76697 2.99783 -0.508365 -2.91892 3.00181 -0.284882 -2.91945 3.14117 -0.290365 -2.75516 2.99783 -0.508365 -2.91892 2.87096 -0.499135 -3.02952 2.86992 -0.265185 -3.04054 3.00181 -0.284882 -2.91945 2.87096 -0.499135 -3.02952 2.7277 -0.469916 -3.11555 2.74475 -0.226089 -3.13963 2.86992 -0.265185 -3.04054 2.86992 -0.265185 -3.04054 2.74475 -0.226089 -3.13963 2.74421 -0.0424796 -3.14666 2.86554 -0.0831401 -3.04305 2.86554 -0.0831401 -3.04305 2.74421 -0.0424796 -3.14666 2.73007 0.106121 -3.13874 2.85016 0.0568524 -3.03383 2.85016 0.0568524 -3.03383 2.73007 0.106121 -3.13874 2.70201 0.216166 -3.11355 2.82117 0.156756 -3.00915 2.98422 0.0190505 -2.90683 2.85016 0.0568524 -3.03383 2.82117 0.156756 -3.00915 2.95504 0.110719 -2.88281 3.13364 -0.00850952 -2.7363 2.98422 0.0190505 -2.90683 2.95504 0.110719 -2.88281 3.10416 0.0766853 -2.71275 3.31876 -0.0269525 -2.51975 3.13364 -0.00850952 -2.7363 3.10416 0.0766853 -2.71275 3.28873 0.0532896 -2.49744 3.32872 -0.137938 -2.53225 3.14574 -0.129624 -2.74841 3.13364 -0.00850952 -2.7363 3.31876 -0.0269525 -2.51975 3.31726 -0.280083 -2.54049 3.14117 -0.290365 -2.75516 3.14574 -0.129624 -2.74841 3.32872 -0.137938 -2.53225 3.19459 -1.87072 -2.69408 3.20806 -2.0456 -2.67714 2.99809 -2.06234 -2.91828 2.99939 -1.89143 -2.92219 3.20806 -2.0456 -2.67714 3.20015 -2.17951 -2.66022 2.98568 -2.19077 -2.90517 2.99809 -2.06234 -2.91828 2.99939 -1.89143 -2.92219 2.99809 -2.06234 -2.91828 2.77765 -2.08246 -3.12013 2.79015 -1.92207 -3.11052 2.99809 -2.06234 -2.91828 2.98568 -2.19077 -2.90517 2.76201 -2.20244 -3.11112 2.77765 -2.08246 -3.12013 3.36693 -1.64216 -2.41382 3.43343 -1.86743 -2.36721 3.19459 -1.87072 -2.69408 3.15938 -1.64704 -2.72281 3.43343 -1.86743 -2.36721 3.45527 -2.03592 -2.34343 3.20806 -2.0456 -2.67714 3.19459 -1.87072 -2.69408 3.45527 -2.03592 -2.34343 3.44895 -2.17071 -2.32539 3.20015 -2.17951 -2.66022 3.20806 -2.0456 -2.67714 3.44895 -2.17071 -2.32539 3.41882 -2.26967 -2.3031 3.17191 -2.27463 -2.63527 3.20015 -2.17951 -2.66022 3.20015 -2.17951 -2.66022 3.17191 -2.27463 -2.63527 2.95864 -2.28061 -2.87871 2.98568 -2.19077 -2.90517 2.98568 -2.19077 -2.90517 2.95864 -2.28061 -2.87871 2.73637 -2.28659 -3.08347 2.76201 -2.20244 -3.11112 2.76201 -2.20244 -3.11112 2.73637 -2.28659 -3.08347 2.46718 -2.29155 -3.30901 2.49057 -2.21259 -3.33835 2.77765 -2.08246 -3.12013 2.76201 -2.20244 -3.11112 2.49057 -2.21259 -3.33835 2.50671 -2.10296 -3.34587 2.79015 -1.92207 -3.11052 2.77765 -2.08246 -3.12013 2.50671 -2.10296 -3.34587 2.52334 -1.96141 -3.32877 2.81054 -1.70614 -3.08255 2.79015 -1.92207 -3.11052 2.52334 -1.96141 -3.32877 2.54988 -1.76031 -3.27088 2.995 -1.66985 -2.92214 2.99939 -1.89143 -2.92219 2.79015 -1.92207 -3.11052 2.81054 -1.70614 -3.08255 3.15938 -1.64704 -2.72281 3.19459 -1.87072 -2.69408 2.99939 -1.89143 -2.92219 2.995 -1.66985 -2.92214 3.72864 -2.16578 -1.84331 3.73747 -2.03515 -1.85657 3.98456 -2.03714 -1.24238 3.97226 -2.16354 -1.23753 3.73747 -2.03515 -1.85657 3.72123 -1.88816 -1.86889 3.97375 -1.9043 -1.24161 3.98456 -2.03714 -1.24238 3.97226 -2.16354 -1.23753 3.98456 -2.03714 -1.24238 4.14096 -2.03581 -0.571171 4.12633 -2.16246 -0.574228 3.98456 -2.03714 -1.24238 3.97375 -1.9043 -1.24161 4.13396 -1.90271 -0.559625 4.14096 -2.03581 -0.571171 3.41882 -2.26967 -2.3031 3.44895 -2.17071 -2.32539 3.72864 -2.16578 -1.84331 3.69577 -2.26651 -1.82579 3.44895 -2.17071 -2.32539 3.45527 -2.03592 -2.34343 3.73747 -2.03515 -1.85657 3.72864 -2.16578 -1.84331 3.45527 -2.03592 -2.34343 3.43343 -1.86743 -2.36721 3.72123 -1.88816 -1.86889 3.73747 -2.03515 -1.85657 3.43343 -1.86743 -2.36721 3.36693 -1.64216 -2.41382 3.68573 -1.75322 -1.86209 3.72123 -1.88816 -1.86889 3.72123 -1.88816 -1.86889 3.68573 -1.75322 -1.86209 3.93821 -1.79168 -1.23465 3.97375 -1.9043 -1.24161 3.97375 -1.9043 -1.24161 3.93821 -1.79168 -1.23465 4.09862 -1.78921 -0.559112 4.13396 -1.90271 -0.559625 4.13396 -1.90271 -0.559625 4.09862 -1.78921 -0.559112 4.14065 -1.74641 0.143496 4.17328 -1.89289 0.0942428 4.14096 -2.03581 -0.571171 4.13396 -1.90271 -0.559625 4.17328 -1.89289 0.0942428 4.17957 -2.0333 0.0733976 4.12633 -2.16246 -0.574228 4.14096 -2.03581 -0.571171 4.17957 -2.0333 0.0733976 4.16479 -2.16201 0.0656741 4.08932 -2.26429 -0.569849 4.12633 -2.16246 -0.574228 4.16479 -2.16201 0.0656741 4.12743 -2.2642 0.0640363 3.93684 -2.26489 -1.22638 3.97226 -2.16354 -1.23753 4.12633 -2.16246 -0.574228 4.08932 -2.26429 -0.569849 3.69577 -2.26651 -1.82579 3.72864 -2.16578 -1.84331 3.97226 -2.16354 -1.23753 3.93684 -2.26489 -1.22638 -0.920242 -0.0147166 -3.71409 -0.91617 0.209528 -3.6975 -1.23705 0.213131 -3.60376 -1.23588 -0.0065335 -3.62319 -0.91617 0.209528 -3.6975 -0.915248 0.469136 -3.69646 -1.23863 0.472102 -3.59782 -1.23705 0.213131 -3.60376 -1.23588 -0.0065335 -3.62319 -1.23705 0.213131 -3.60376 -1.51776 0.219349 -3.52013 -1.50237 0.0115243 -3.54634 -1.23705 0.213131 -3.60376 -1.23863 0.472102 -3.59782 -1.52515 0.474608 -3.50971 -1.51776 0.219349 -3.52013 -0.585243 -0.188556 -3.81823 -0.579444 -0.0163288 -3.78126 -0.920242 -0.0147166 -3.71409 -0.928784 -0.186549 -3.75061 -0.579444 -0.0163288 -3.78126 -0.575864 0.205483 -3.76642 -0.91617 0.209528 -3.6975 -0.920242 -0.0147166 -3.71409 -0.575864 0.205483 -3.76642 -0.572988 0.457772 -3.77203 -0.915248 0.469136 -3.69646 -0.91617 0.209528 -3.6975 -0.572988 0.457772 -3.77203 -0.568607 0.744747 -3.8028 -0.926406 0.747687 -3.70172 -0.915248 0.469136 -3.69646 -0.915248 0.469136 -3.69646 -0.926406 0.747687 -3.70172 -1.24261 0.751791 -3.59773 -1.23863 0.472102 -3.59782 -1.23863 0.472102 -3.59782 -1.24261 0.751791 -3.59773 -1.52667 0.756157 -3.50826 -1.52515 0.474608 -3.50971 -1.52515 0.474608 -3.50971 -1.52667 0.756157 -3.50826 -1.75302 0.759882 -3.43815 -1.75088 0.476599 -3.44 -1.51776 0.219349 -3.52013 -1.52515 0.474608 -3.50971 -1.75088 0.476599 -3.44 -1.73581 0.223227 -3.45292 -1.50237 0.0115243 -3.54634 -1.51776 0.219349 -3.52013 -1.73581 0.223227 -3.45292 -1.69848 0.0240806 -3.48489 -1.49938 -0.137867 -3.58334 -1.50237 0.0115243 -3.54634 -1.69848 0.0240806 -3.48489 -1.65176 -0.09486 -3.52481 -1.24321 -0.172504 -3.65914 -1.23588 -0.0065335 -3.62319 -1.50237 0.0115243 -3.54634 -1.49938 -0.137867 -3.58334 -0.928784 -0.186549 -3.75061 -0.920242 -0.0147166 -3.71409 -1.23588 -0.0065335 -3.62319 -1.24321 -0.172504 -3.65914 0.657897 1.98527 -3.76115 1.49712 2.00226 -3.52181 1.4976 2.11904 -3.50885 0.674088 2.11596 -3.74851 1.49712 2.00226 -3.52181 2.23649 2.00927 -3.10215 2.22991 2.1206 -3.09186 1.4976 2.11904 -3.50885 0.674088 2.11596 -3.74851 1.4976 2.11904 -3.50885 1.5052 2.23194 -3.51931 0.684661 2.23344 -3.7604 1.4976 2.11904 -3.50885 2.22991 2.1206 -3.09186 2.23747 2.23145 -3.10171 1.5052 2.23194 -3.51931 -0.21471 1.77397 -3.83517 0.66207 1.86649 -3.79591 0.657897 1.98527 -3.76115 -0.135545 1.96721 -3.81117 0.66207 1.86649 -3.79591 1.51222 1.90367 -3.55495 1.49712 2.00226 -3.52181 0.657897 1.98527 -3.76115 1.51222 1.90367 -3.55495 2.25822 1.91679 -3.13205 2.23649 2.00927 -3.10215 1.49712 2.00226 -3.52181 2.25822 1.91679 -3.13205 2.82056 1.91866 -2.63717 2.79352 2.01027 -2.61188 2.23649 2.00927 -3.10215 2.23649 2.00927 -3.10215 2.79352 2.01027 -2.61188 2.78451 2.12082 -2.60345 2.22991 2.1206 -3.09186 2.22991 2.1206 -3.09186 2.78451 2.12082 -2.60345 2.79352 2.23138 -2.61188 2.23747 2.23145 -3.10171 2.23747 2.23145 -3.10171 2.79352 2.23138 -2.61188 2.82056 2.32298 -2.63717 2.25919 2.32304 -3.1317 1.5052 2.23194 -3.51931 2.23747 2.23145 -3.10171 2.25919 2.32304 -3.1317 1.52017 2.3235 -3.55322 0.684661 2.23344 -3.7604 1.5052 2.23194 -3.51931 1.52017 2.3235 -3.55322 0.692454 2.32473 -3.79679 -0.0919605 2.2371 -3.82453 0.684661 2.23344 -3.7604 0.692454 2.32473 -3.79679 -0.091181 2.32712 -3.86207 -0.103115 2.11591 -3.80847 0.674088 2.11596 -3.74851 0.684661 2.23344 -3.7604 -0.0919605 2.2371 -3.82453 -0.135545 1.96721 -3.81117 0.657897 1.98527 -3.76115 0.674088 2.11596 -3.74851 -0.103115 2.11591 -3.80847 2.61262 -0.265186 -2.768 2.72795 -0.284882 -2.65308 2.73019 -0.111634 -2.65594 2.60994 -0.0831414 -2.77166 2.72795 -0.284882 -2.65308 2.85946 -0.290365 -2.50792 2.86506 -0.129624 -2.50304 2.73019 -0.111634 -2.65594 2.60994 -0.0831414 -2.77166 2.73019 -0.111634 -2.65594 2.74147 0.0190505 -2.67036 2.61827 0.0568524 -2.78705 2.73019 -0.111634 -2.65594 2.86506 -0.129624 -2.50304 2.87863 -0.00851017 -2.51349 2.74147 0.0190505 -2.67036 2.52995 -0.469916 -2.88982 2.62357 -0.499134 -2.76851 2.61262 -0.265186 -2.768 2.50852 -0.226089 -2.86958 2.62357 -0.499134 -2.76851 2.72891 -0.508365 -2.65706 2.72795 -0.284882 -2.65308 2.61262 -0.265186 -2.768 2.72891 -0.508365 -2.65706 2.8517 -0.502327 -2.52833 2.85946 -0.290365 -2.50792 2.72795 -0.284882 -2.65308 2.8517 -0.502327 -2.52833 3.03513 -0.477619 -2.36431 3.03254 -0.280083 -2.32218 2.85946 -0.290365 -2.50792 2.85946 -0.290365 -2.50792 3.03254 -0.280083 -2.32218 3.03545 -0.137939 -2.30889 2.86506 -0.129624 -2.50304 2.86506 -0.129624 -2.50304 3.03545 -0.137939 -2.30889 3.04958 -0.0269505 -2.31514 2.87863 -0.00851017 -2.51349 2.87863 -0.00851017 -2.51349 3.04958 -0.0269505 -2.31514 3.07918 0.0532896 -2.33812 2.90599 0.0766853 -2.53946 2.74147 0.0190505 -2.67036 2.87863 -0.00851017 -2.51349 2.90599 0.0766853 -2.53946 2.76662 0.11072 -2.69898 2.61827 0.0568524 -2.78705 2.74147 0.0190505 -2.67036 2.76662 0.11072 -2.69898 2.6411 0.156756 -2.81713 2.50809 0.106121 -2.88369 2.61827 0.0568524 -2.78705 2.6411 0.156756 -2.81713 2.52941 0.216166 -2.91479 2.50182 -0.0424783 -2.86889 2.60994 -0.0831414 -2.77166 2.61827 0.0568524 -2.78705 2.50809 0.106121 -2.88369 2.50852 -0.226089 -2.86958 2.61262 -0.265186 -2.768 2.60994 -0.0831414 -2.77166 2.50182 -0.0424783 -2.86889 2.68 0.216685 -2.86229 2.80801 0.165468 -2.74211 2.85907 0.183718 -2.79291 2.72856 0.236661 -2.9154 2.80801 0.165468 -2.74211 2.95003 0.127606 -2.5797 3.00391 0.144581 -2.62743 2.85907 0.183718 -2.79291 2.72856 0.236661 -2.9154 2.85907 0.183718 -2.79291 2.911 0.165468 -2.8427 2.7784 0.216685 -2.96737 2.85907 0.183718 -2.79291 3.00391 0.144581 -2.62743 3.05837 0.127606 -2.6745 2.911 0.165468 -2.8427 2.52941 0.216166 -2.91479 2.6411 0.156756 -2.81713 2.68 0.216685 -2.86229 2.56645 0.282779 -2.96163 2.6411 0.156756 -2.81713 2.76662 0.11072 -2.69898 2.80801 0.165468 -2.74211 2.68 0.216685 -2.86229 2.76662 0.11072 -2.69898 2.90599 0.0766853 -2.53946 2.95003 0.127606 -2.5797 2.80801 0.165468 -2.74211 2.90599 0.0766853 -2.53946 3.07918 0.0532896 -2.33812 3.12627 0.101578 -2.37478 2.95003 0.127606 -2.5797 2.95003 0.127606 -2.5797 3.12627 0.101578 -2.37478 3.18343 0.117673 -2.41856 3.00391 0.144581 -2.62743 3.00391 0.144581 -2.62743 3.18343 0.117673 -2.41856 3.24085 0.101578 -2.46193 3.05837 0.127606 -2.6745 3.05837 0.127606 -2.6745 3.24085 0.101578 -2.46193 3.28873 0.0532896 -2.49744 3.10416 0.0766853 -2.71275 2.911 0.165468 -2.8427 3.05837 0.127606 -2.6745 3.10416 0.0766853 -2.71275 2.95504 0.110719 -2.88281 2.7784 0.216685 -2.96737 2.911 0.165468 -2.8427 2.95504 0.110719 -2.88281 2.82117 0.156756 -3.00915 2.66076 0.282779 -3.0704 2.7784 0.216685 -2.96737 2.82117 0.156756 -3.00915 2.70201 0.216166 -3.11355 2.6129 0.304984 -3.01663 2.72856 0.236661 -2.9154 2.7784 0.216685 -2.96737 2.66076 0.282779 -3.0704 2.56645 0.282779 -2.96163 2.68 0.216685 -2.86229 2.72856 0.236661 -2.9154 2.6129 0.304984 -3.01663 2.84994 -1.3723 -2.53957 2.82764 -1.07213 -2.56832 2.72708 -1.08978 -2.66634 2.7267 -1.39486 -2.66476 2.82764 -1.07213 -2.56832 2.83284 -0.772617 -2.55913 2.72835 -0.7844 -2.66286 2.72708 -1.08978 -2.66634 2.7267 -1.39486 -2.66476 2.72708 -1.08978 -2.66634 2.6371 -1.10731 -2.7676 2.61048 -1.42343 -2.788 2.72708 -1.08978 -2.66634 2.72835 -0.7844 -2.66286 2.63791 -0.789648 -2.76407 2.6371 -1.10731 -2.7676 3.12314 -1.64216 -2.23883 2.98305 -1.35058 -2.44081 2.84994 -1.3723 -2.53957 2.88704 -1.64704 -2.48795 2.98305 -1.35058 -2.44081 2.93359 -1.05737 -2.50195 2.82764 -1.07213 -2.56832 2.84994 -1.3723 -2.53957 2.93359 -1.05737 -2.50195 2.94787 -0.7648 -2.48094 2.83284 -0.772617 -2.55913 2.82764 -1.07213 -2.56832 2.94787 -0.7648 -2.48094 3.03513 -0.477619 -2.36431 2.8517 -0.502327 -2.52833 2.83284 -0.772617 -2.55913 2.83284 -0.772617 -2.55913 2.8517 -0.502327 -2.52833 2.72891 -0.508365 -2.65706 2.72835 -0.7844 -2.66286 2.72835 -0.7844 -2.66286 2.72891 -0.508365 -2.65706 2.62357 -0.499134 -2.76851 2.63791 -0.789648 -2.76407 2.63791 -0.789648 -2.76407 2.62357 -0.499134 -2.76851 2.52995 -0.469916 -2.88982 2.57971 -0.797753 -2.8614 2.6371 -1.10731 -2.7676 2.63791 -0.789648 -2.76407 2.57971 -0.797753 -2.8614 2.57874 -1.12196 -2.86637 2.61048 -1.42343 -2.788 2.6371 -1.10731 -2.7676 2.57874 -1.12196 -2.86637 2.52249 -1.44425 -2.91147 2.5682 -1.70614 -2.81684 2.61048 -1.42343 -2.788 2.52249 -1.44425 -2.91147 2.36524 -1.76031 -3.03431 2.72635 -1.66984 -2.66001 2.7267 -1.39486 -2.66476 2.61048 -1.42343 -2.788 2.5682 -1.70614 -2.81684 2.88704 -1.64704 -2.48795 2.84994 -1.3723 -2.53957 2.7267 -1.39486 -2.66476 2.72635 -1.66984 -2.66001 3.92898 -0.209967 0.126282 3.98908 -0.214089 0.162255 3.98658 -0.133231 0.199355 3.92336 -0.133232 0.159612 3.98908 -0.214089 0.162255 4.05375 -0.209967 0.130249 4.0548 -0.133232 0.164897 3.98658 -0.133231 0.199355 3.92336 -0.133232 0.159612 3.98658 -0.133231 0.199355 3.98908 -0.0523757 0.162255 3.92898 -0.0564966 0.126284 3.98658 -0.133231 0.199355 4.0548 -0.133232 0.164897 4.05375 -0.0564952 0.130245 3.98908 -0.0523757 0.162255 3.9 -0.254587 -0.0185737 3.93956 -0.27229 0.0274742 3.92898 -0.209967 0.126282 3.88501 -0.205232 0.0270961 3.93956 -0.27229 0.0274742 3.99654 -0.28118 0.0514435 3.98908 -0.214089 0.162255 3.92898 -0.209967 0.126282 3.99654 -0.28118 0.0514435 4.05669 -0.272288 0.028281 4.05375 -0.209967 0.130249 3.98908 -0.214089 0.162255 4.05669 -0.272288 0.028281 4.09743 -0.254587 -0.0195045 4.11124 -0.205232 0.0286606 4.05375 -0.209967 0.130249 4.05375 -0.209967 0.130249 4.11124 -0.205232 0.0286606 4.11688 -0.133232 0.052978 4.0548 -0.133232 0.164897 4.0548 -0.133232 0.164897 4.11688 -0.133232 0.052978 4.11124 -0.061233 0.0286606 4.05375 -0.0564952 0.130245 4.05375 -0.0564952 0.130245 4.11124 -0.061233 0.0286606 4.09743 -0.0118768 -0.0195026 4.05669 0.00582319 0.0282839 3.98908 -0.0523757 0.162255 4.05375 -0.0564952 0.130245 4.05669 0.00582319 0.0282839 3.99654 0.0147173 0.051447 3.92898 -0.0564966 0.126284 3.98908 -0.0523757 0.162255 3.99654 0.0147173 0.051447 3.93956 0.00582456 0.0274742 3.88501 -0.061233 0.0270994 3.92898 -0.0564966 0.126284 3.93956 0.00582456 0.0274742 3.9 -0.0118768 -0.0185727 3.8762 -0.133231 0.049911 3.92336 -0.133232 0.159612 3.92898 -0.0564966 0.126284 3.88501 -0.061233 0.0270994 3.88501 -0.205232 0.0270961 3.92898 -0.209967 0.126282 3.92336 -0.133232 0.159612 3.8762 -0.133231 0.049911 4.00004 0.0729876 -0.712069 3.92963 0.0880834 -0.699189 3.97408 0.0798896 -0.385028 4.04241 0.0653052 -0.395122 3.92963 0.0880834 -0.699189 3.85904 0.0729876 -0.687164 3.90529 0.0653052 -0.381884 3.97408 0.0798896 -0.385028 4.04241 0.0653052 -0.395122 3.97408 0.0798896 -0.385028 3.99112 0.0576975 -0.131918 4.05313 0.0447981 -0.145506 3.97408 0.0798896 -0.385028 3.90529 0.0653052 -0.381884 3.92759 0.0447981 -0.141051 3.99112 0.0576975 -0.131918 3.98184 0.0285761 -1.09319 3.92431 0.0740838 -1.07745 4.00004 0.0729876 -0.712069 4.05837 0.0277102 -0.722832 3.92431 0.0740838 -1.07745 3.85488 0.0892537 -1.05846 3.92963 0.0880834 -0.699189 4.00004 0.0729876 -0.712069 3.85488 0.0892537 -1.05846 3.78545 0.0740838 -1.03946 3.85904 0.0729876 -0.687164 3.92963 0.0880834 -0.699189 3.78545 0.0740838 -1.03946 3.72793 0.0285761 -1.02373 3.80054 0.0277102 -0.677256 3.85904 0.0729876 -0.687164 3.85904 0.0729876 -0.687164 3.80054 0.0277102 -0.677256 3.84823 0.0216473 -0.379765 3.90529 0.0653052 -0.381884 3.90529 0.0653052 -0.381884 3.84823 0.0216473 -0.379765 3.87575 0.00669038 -0.151859 3.92759 0.0447981 -0.141051 3.92759 0.0447981 -0.141051 3.87575 0.00669038 -0.151859 3.9 -0.0118768 -0.0185727 3.93956 0.00582456 0.0274742 3.99112 0.0576975 -0.131918 3.92759 0.0447981 -0.141051 3.93956 0.00582456 0.0274742 3.99654 0.0147173 0.051447 4.05313 0.0447981 -0.145506 3.99112 0.0576975 -0.131918 3.99654 0.0147173 0.051447 4.05669 0.00582319 0.0282839 4.10322 0.00669038 -0.160668 4.05313 0.0447981 -0.145506 4.05669 0.00582319 0.0282839 4.09743 -0.0118768 -0.0195026 4.09901 0.0216473 -0.404195 4.04241 0.0653052 -0.395122 4.05313 0.0447981 -0.145506 4.10322 0.00669038 -0.160668 4.05837 0.0277102 -0.722832 4.00004 0.0729876 -0.712069 4.04241 0.0653052 -0.395122 4.09901 0.0216473 -0.404195 3.85904 -0.339449 -0.687164 3.92963 -0.354546 -0.699189 3.97408 -0.346352 -0.385028 3.90529 -0.331768 -0.381884 3.92963 -0.354546 -0.699189 4.00004 -0.339449 -0.712069 4.04241 -0.331768 -0.395121 3.97408 -0.346352 -0.385028 3.90529 -0.331768 -0.381884 3.97408 -0.346352 -0.385028 3.99112 -0.32416 -0.131918 3.92759 -0.311263 -0.14105 3.97408 -0.346352 -0.385028 4.04241 -0.331768 -0.395121 4.05312 -0.311263 -0.145507 3.99112 -0.32416 -0.131918 3.72793 -0.295038 -1.02373 3.78545 -0.340546 -1.03946 3.85904 -0.339449 -0.687164 3.80054 -0.294171 -0.677257 3.78545 -0.340546 -1.03946 3.85488 -0.355716 -1.05846 3.92963 -0.354546 -0.699189 3.85904 -0.339449 -0.687164 3.85488 -0.355716 -1.05846 3.92431 -0.340546 -1.07745 4.00004 -0.339449 -0.712069 3.92963 -0.354546 -0.699189 3.92431 -0.340546 -1.07745 3.98184 -0.295038 -1.09319 4.05837 -0.294171 -0.72283 4.00004 -0.339449 -0.712069 4.00004 -0.339449 -0.712069 4.05837 -0.294171 -0.72283 4.09901 -0.288109 -0.404193 4.04241 -0.331768 -0.395121 4.04241 -0.331768 -0.395121 4.09901 -0.288109 -0.404193 4.10322 -0.273155 -0.160668 4.05312 -0.311263 -0.145507 4.05312 -0.311263 -0.145507 4.10322 -0.273155 -0.160668 4.09743 -0.254587 -0.0195045 4.05669 -0.272288 0.028281 3.99112 -0.32416 -0.131918 4.05312 -0.311263 -0.145507 4.05669 -0.272288 0.028281 3.99654 -0.28118 0.0514435 3.92759 -0.311263 -0.14105 3.99112 -0.32416 -0.131918 3.99654 -0.28118 0.0514435 3.93956 -0.27229 0.0274742 3.87575 -0.273155 -0.151857 3.92759 -0.311263 -0.14105 3.93956 -0.27229 0.0274742 3.9 -0.254587 -0.0185737 3.84823 -0.288109 -0.379765 3.90529 -0.331768 -0.381884 3.92759 -0.311263 -0.14105 3.87575 -0.273155 -0.151857 3.80054 -0.294171 -0.677257 3.85904 -0.339449 -0.687164 3.90529 -0.331768 -0.381884 3.84823 -0.288109 -0.379765 3.76435 -0.04522 -0.670436 3.75234 -0.133231 -0.667892 3.80151 -0.133231 -0.368515 3.8131 -0.0485592 -0.372984 3.75234 -0.133231 -0.667892 3.76435 -0.221243 -0.670436 3.8131 -0.217904 -0.372984 3.80151 -0.133231 -0.368515 3.8131 -0.0485592 -0.372984 3.80151 -0.133231 -0.368515 3.83589 -0.133231 -0.126843 3.84563 -0.0560206 -0.138141 3.80151 -0.133231 -0.368515 3.8131 -0.217904 -0.372984 3.84563 -0.210444 -0.138139 3.83589 -0.133231 -0.126843 3.72793 0.0285761 -1.02373 3.69222 -0.0447433 -1.01396 3.76435 -0.04522 -0.670436 3.80054 0.0277102 -0.677256 3.69222 -0.0447433 -1.01396 3.68032 -0.133231 -1.0107 3.75234 -0.133231 -0.667892 3.76435 -0.04522 -0.670436 3.68032 -0.133231 -1.0107 3.69222 -0.221719 -1.01396 3.76435 -0.221243 -0.670436 3.75234 -0.133231 -0.667892 3.69222 -0.221719 -1.01396 3.72793 -0.295038 -1.02373 3.80054 -0.294171 -0.677257 3.76435 -0.221243 -0.670436 3.76435 -0.221243 -0.670436 3.80054 -0.294171 -0.677257 3.84823 -0.288109 -0.379765 3.8131 -0.217904 -0.372984 3.8131 -0.217904 -0.372984 3.84823 -0.288109 -0.379765 3.87575 -0.273155 -0.151857 3.84563 -0.210444 -0.138139 3.84563 -0.210444 -0.138139 3.87575 -0.273155 -0.151857 3.9 -0.254587 -0.0185737 3.88501 -0.205232 0.0270961 3.83589 -0.133231 -0.126843 3.84563 -0.210444 -0.138139 3.88501 -0.205232 0.0270961 3.8762 -0.133231 0.049911 3.84563 -0.0560206 -0.138141 3.83589 -0.133231 -0.126843 3.8762 -0.133231 0.049911 3.88501 -0.061233 0.0270994 3.87575 0.00669038 -0.151859 3.84563 -0.0560206 -0.138141 3.88501 -0.061233 0.0270994 3.9 -0.0118768 -0.0185727 3.84823 0.0216473 -0.379765 3.8131 -0.0485592 -0.372984 3.84563 -0.0560206 -0.138141 3.87575 0.00669038 -0.151859 3.80054 0.0277102 -0.677256 3.76435 -0.04522 -0.670436 3.8131 -0.0485592 -0.372984 3.84823 0.0216473 -0.379765 -1.88997 0.012772 -3.58736 -1.89867 0.00285852 -3.51306 -1.96406 0.217543 -3.4808 -1.95425 0.220482 -3.56237 -1.89867 0.00285852 -3.51306 -1.83137 0.012772 -3.47625 -1.88793 0.220482 -3.44163 -1.96406 0.217543 -3.4808 -1.95425 0.220482 -3.56237 -1.96406 0.217543 -3.4808 -1.9882 0.47715 -3.4689 -1.97859 0.477202 -3.55337 -1.96406 0.217543 -3.4808 -1.88793 0.220482 -3.44163 -1.90886 0.477203 -3.42831 -1.9882 0.47715 -3.4689 -1.73559 -0.09486 -3.70355 -1.77147 -0.13586 -3.64111 -1.88997 0.012772 -3.58736 -1.79829 0.0240806 -3.68949 -1.77147 -0.13586 -3.64111 -1.77203 -0.156456 -3.57553 -1.89867 0.00285852 -3.51306 -1.88997 0.012772 -3.58736 -1.77203 -0.156456 -3.57553 -1.72019 -0.135861 -3.53579 -1.83137 0.012772 -3.47625 -1.89867 0.00285852 -3.51306 -1.72019 -0.135861 -3.53579 -1.65176 -0.09486 -3.52481 -1.69848 0.0240806 -3.48489 -1.83137 0.012772 -3.47625 -1.83137 0.012772 -3.47625 -1.69848 0.0240806 -3.48489 -1.73581 0.223227 -3.45292 -1.88793 0.220482 -3.44163 -1.88793 0.220482 -3.44163 -1.73581 0.223227 -3.45292 -1.75088 0.476599 -3.44 -1.90886 0.477203 -3.42831 -1.90886 0.477203 -3.42831 -1.75088 0.476599 -3.44 -1.75302 0.759882 -3.43815 -1.91184 0.762211 -3.4264 -1.9882 0.47715 -3.4689 -1.90886 0.477203 -3.42831 -1.91184 0.762211 -3.4264 -1.99165 0.762986 -3.4672 -1.97859 0.477202 -3.55337 -1.9882 0.47715 -3.4689 -1.99165 0.762986 -3.4672 -1.98207 0.762211 -3.55208 -1.86975 0.476599 -3.67329 -1.97859 0.477202 -3.55337 -1.98207 0.762211 -3.55208 -1.8727 0.759882 -3.67262 -1.84908 0.223227 -3.67799 -1.95425 0.220482 -3.56237 -1.97859 0.477202 -3.55337 -1.86975 0.476599 -3.67329 -1.79829 0.0240806 -3.68949 -1.88997 0.012772 -3.58736 -1.95425 0.220482 -3.56237 -1.84908 0.223227 -3.67799 -1.00458 0.469135 -4.05905 -1.00499 0.209528 -4.05775 -1.35405 0.213129 -3.94508 -1.35926 0.4721 -3.94871 -1.00499 0.209528 -4.05775 -1.00088 -0.0147166 -4.04117 -1.34058 -0.00653416 -3.93061 -1.35405 0.213129 -3.94508 -1.35926 0.4721 -3.94871 -1.35405 0.213129 -3.94508 -1.64639 0.219349 -3.81833 -1.65947 0.474608 -3.81864 -1.35405 0.213129 -3.94508 -1.34058 -0.00653416 -3.93061 -1.61608 0.0115243 -3.81465 -1.64639 0.219349 -3.81833 -0.612531 0.744749 -4.09967 -0.626328 0.457772 -4.12682 -1.00458 0.469135 -4.05905 -1.01311 0.747687 -4.04987 -0.626328 0.457772 -4.12682 -0.631023 0.205483 -4.13092 -1.00499 0.209528 -4.05775 -1.00458 0.469135 -4.05905 -0.631023 0.205483 -4.13092 -0.630151 -0.0163268 -4.11555 -1.00088 -0.0147166 -4.04117 -1.00499 0.209528 -4.05775 -0.630151 -0.0163268 -4.11555 -0.624734 -0.188556 -4.0785 -0.991432 -0.186549 -4.00483 -1.00088 -0.0147166 -4.04117 -1.00088 -0.0147166 -4.04117 -0.991432 -0.186549 -4.00483 -1.32416 -0.172504 -3.89775 -1.34058 -0.00653416 -3.93061 -1.34058 -0.00653416 -3.93061 -1.32416 -0.172504 -3.89775 -1.58728 -0.137868 -3.79333 -1.61608 0.0115243 -3.81465 -1.61608 0.0115243 -3.81465 -1.58728 -0.137868 -3.79333 -1.73559 -0.09486 -3.70355 -1.79829 0.0240806 -3.68949 -1.64639 0.219349 -3.81833 -1.61608 0.0115243 -3.81465 -1.79829 0.0240806 -3.68949 -1.84908 0.223227 -3.67799 -1.65947 0.474608 -3.81864 -1.64639 0.219349 -3.81833 -1.84908 0.223227 -3.67799 -1.86975 0.476599 -3.67329 -1.66165 0.756157 -3.81827 -1.65947 0.474608 -3.81864 -1.86975 0.476599 -3.67329 -1.8727 0.759882 -3.67262 -1.36281 0.751791 -3.94623 -1.35926 0.4721 -3.94871 -1.65947 0.474608 -3.81864 -1.66165 0.756157 -3.81827 -1.01311 0.747687 -4.04987 -1.00458 0.469135 -4.05905 -1.35926 0.4721 -3.94871 -1.36281 0.751791 -3.94623 -1.55465 2.00814 -3.47393 -1.20383 1.98506 -3.60383 -1.19535 2.13576 -3.61048 -1.54783 2.15096 -3.47843 -1.20383 1.98506 -3.60383 -0.748774 1.9693 -3.72868 -0.72582 2.12308 -3.73428 -1.19535 2.13576 -3.61048 -1.54783 2.15096 -3.47843 -1.19535 2.13576 -3.61048 -1.1972 2.25225 -3.62886 -1.55157 2.26108 -3.49563 -1.19535 2.13576 -3.61048 -0.72582 2.12308 -3.73428 -0.720754 2.24374 -3.75271 -1.1972 2.25225 -3.62886 -1.86342 1.86334 -3.36333 -1.56094 1.8234 -3.47929 -1.55465 2.00814 -3.47393 -1.82223 2.03829 -3.3509 -1.56094 1.8234 -3.47929 -1.22025 1.79623 -3.60179 -1.20383 1.98506 -3.60383 -1.55465 2.00814 -3.47393 -1.22025 1.79623 -3.60179 -0.803749 1.77869 -3.72551 -0.748774 1.9693 -3.72868 -1.20383 1.98506 -3.60383 -0.803749 1.77869 -3.72551 -0.21471 1.77397 -3.83517 -0.135545 1.96721 -3.81117 -0.748774 1.9693 -3.72868 -0.748774 1.9693 -3.72868 -0.135545 1.96721 -3.81117 -0.103115 2.11591 -3.80847 -0.72582 2.12308 -3.73428 -0.72582 2.12308 -3.73428 -0.103115 2.11591 -3.80847 -0.0919605 2.2371 -3.82453 -0.720754 2.24374 -3.75271 -0.720754 2.24374 -3.75271 -0.0919605 2.2371 -3.82453 -0.091181 2.32712 -3.86207 -0.72662 2.33087 -3.78997 -1.1972 2.25225 -3.62886 -0.720754 2.24374 -3.75271 -0.72662 2.33087 -3.78997 -1.20849 2.33539 -3.66497 -1.55157 2.26108 -3.49563 -1.1972 2.25225 -3.62886 -1.20849 2.33539 -3.66497 -1.56641 2.33992 -3.53031 -1.8119 2.26878 -3.36748 -1.55157 2.26108 -3.49563 -1.56641 2.33992 -3.53031 -1.82907 2.34367 -3.40072 -1.80866 2.16661 -3.35207 -1.54783 2.15096 -3.47843 -1.55157 2.26108 -3.49563 -1.8119 2.26878 -3.36748 -1.82223 2.03829 -3.3509 -1.55465 2.00814 -3.47393 -1.54783 2.15096 -3.47843 -1.80866 2.16661 -3.35207 -0.977774 -0.291419 -3.94713 -0.961165 -0.326385 -3.87751 -1.29184 -0.307407 -3.77567 -1.30996 -0.273626 -3.84226 -0.961165 -0.326385 -3.87751 -0.943495 -0.291419 -3.8081 -1.26557 -0.273627 -3.71185 -1.29184 -0.307407 -3.77567 -1.30996 -0.273626 -3.84226 -1.29184 -0.307407 -3.77567 -1.57039 -0.256006 -3.67499 -1.58225 -0.226132 -3.73906 -1.29184 -0.307407 -3.77567 -1.26557 -0.273627 -3.71185 -1.53328 -0.226132 -3.62338 -1.57039 -0.256006 -3.67499 -0.624734 -0.188556 -4.0785 -0.61579 -0.293961 -4.01953 -0.977774 -0.291419 -3.94713 -0.991432 -0.186549 -4.00483 -0.61579 -0.293961 -4.01953 -0.604988 -0.329096 -3.94836 -0.961165 -0.326385 -3.87751 -0.977774 -0.291419 -3.94713 -0.604988 -0.329096 -3.94836 -0.594193 -0.293961 -3.8772 -0.943495 -0.291419 -3.8081 -0.961165 -0.326385 -3.87751 -0.594193 -0.293961 -3.8772 -0.585243 -0.188556 -3.81823 -0.928784 -0.186549 -3.75061 -0.943495 -0.291419 -3.8081 -0.943495 -0.291419 -3.8081 -0.928784 -0.186549 -3.75061 -1.24321 -0.172504 -3.65914 -1.26557 -0.273627 -3.71185 -1.26557 -0.273627 -3.71185 -1.24321 -0.172504 -3.65914 -1.49938 -0.137867 -3.58334 -1.53328 -0.226132 -3.62338 -1.53328 -0.226132 -3.62338 -1.49938 -0.137867 -3.58334 -1.65176 -0.09486 -3.52481 -1.72019 -0.135861 -3.53579 -1.57039 -0.256006 -3.67499 -1.53328 -0.226132 -3.62338 -1.72019 -0.135861 -3.53579 -1.77203 -0.156456 -3.57553 -1.58225 -0.226132 -3.73906 -1.57039 -0.256006 -3.67499 -1.77203 -0.156456 -3.57553 -1.77147 -0.13586 -3.64111 -1.58728 -0.137868 -3.79333 -1.58225 -0.226132 -3.73906 -1.77147 -0.13586 -3.64111 -1.73559 -0.09486 -3.70355 -1.32416 -0.172504 -3.89775 -1.30996 -0.273626 -3.84226 -1.58225 -0.226132 -3.73906 -1.58728 -0.137868 -3.79333 -0.991432 -0.186549 -4.00483 -0.977774 -0.291419 -3.94713 -1.30996 -0.273626 -3.84226 -1.32416 -0.172504 -3.89775 0.433298 -0.293961 -4.04292 0.425719 -0.329096 -3.97134 0.0847995 -0.329096 -3.99429 0.0863094 -0.293961 -4.06626 0.425719 -0.329096 -3.97134 0.418142 -0.293961 -3.89976 0.0832856 -0.293961 -3.92233 0.0847995 -0.329096 -3.99429 0.0863094 -0.293961 -4.06626 0.0847995 -0.329096 -3.99429 -0.255957 -0.329096 -3.98277 -0.260516 -0.293961 -4.05461 0.0847995 -0.329096 -3.99429 0.0832856 -0.293961 -3.92233 -0.251395 -0.293961 -3.91093 -0.255957 -0.329096 -3.98277 0.797617 -0.188556 -4.04424 0.786151 -0.293959 -3.98572 0.433298 -0.293961 -4.04292 0.439577 -0.188556 -4.10223 0.786151 -0.293959 -3.98572 0.772311 -0.329095 -3.91508 0.425719 -0.329096 -3.97134 0.433298 -0.293961 -4.04292 0.772311 -0.329095 -3.91508 0.758471 -0.293961 -3.84444 0.418142 -0.293961 -3.89976 0.425719 -0.329096 -3.97134 0.758471 -0.293961 -3.84444 0.747004 -0.188554 -3.78591 0.411866 -0.188556 -3.84045 0.418142 -0.293961 -3.89976 0.418142 -0.293961 -3.89976 0.411866 -0.188556 -3.84045 0.0820308 -0.188556 -3.8627 0.0832856 -0.293961 -3.92233 0.0832856 -0.293961 -3.92233 0.0820308 -0.188556 -3.8627 -0.247615 -0.188554 -3.85141 -0.251395 -0.293961 -3.91093 -0.251395 -0.293961 -3.91093 -0.247615 -0.188554 -3.85141 -0.585243 -0.188556 -3.81823 -0.594193 -0.293961 -3.8772 -0.255957 -0.329096 -3.98277 -0.251395 -0.293961 -3.91093 -0.594193 -0.293961 -3.8772 -0.604988 -0.329096 -3.94836 -0.260516 -0.293961 -4.05461 -0.255957 -0.329096 -3.98277 -0.604988 -0.329096 -3.94836 -0.61579 -0.293961 -4.01953 -0.264295 -0.188554 -4.11413 -0.260516 -0.293961 -4.05461 -0.61579 -0.293961 -4.01953 -0.624734 -0.188556 -4.0785 0.0875601 -0.188556 -4.12588 0.0863094 -0.293961 -4.06626 -0.260516 -0.293961 -4.05461 -0.264295 -0.188554 -4.11413 0.439577 -0.188556 -4.10223 0.433298 -0.293961 -4.04292 0.0863094 -0.293961 -4.06626 0.0875601 -0.188556 -4.12588 0.420222 0.669171 -3.89945 0.428582 0.704349 -3.97115 0.107693 0.724033 -3.99275 0.100016 0.688544 -3.91983 0.428582 0.704349 -3.97115 0.435488 0.669171 -4.04294 0.103717 0.688544 -4.06646 0.107693 0.724033 -3.99275 0.100016 0.688544 -3.91983 0.107693 0.724033 -3.99275 -0.174929 0.77839 -3.98822 -0.191249 0.742798 -3.91082 0.107693 0.724033 -3.99275 0.103717 0.688544 -4.06646 -0.1986 0.742798 -4.06294 -0.174929 0.77839 -3.98822 0.747004 0.560997 -3.78591 0.758472 0.666402 -3.84444 0.420222 0.669171 -3.89945 0.412697 0.563372 -3.84015 0.758472 0.666402 -3.84444 0.772311 0.701537 -3.91508 0.428582 0.704349 -3.97115 0.420222 0.669171 -3.89945 0.772311 0.701537 -3.91508 0.786151 0.666402 -3.98572 0.435488 0.669171 -4.04294 0.428582 0.704349 -3.97115 0.786151 0.666402 -3.98572 0.797617 0.560997 -4.04424 0.440517 0.563372 -4.10242 0.435488 0.669171 -4.04294 0.435488 0.669171 -4.04294 0.440517 0.563372 -4.10242 0.0949367 0.58 -4.12737 0.103717 0.688544 -4.06646 0.103717 0.688544 -4.06646 0.0949367 0.58 -4.12737 -0.242396 0.627139 -4.12242 -0.1986 0.742798 -4.06294 -0.1986 0.742798 -4.06294 -0.242396 0.627139 -4.12242 -0.612531 0.744749 -4.09967 -0.443443 0.858735 -4.04872 -0.174929 0.77839 -3.98822 -0.1986 0.742798 -4.06294 -0.443443 0.858735 -4.04872 -0.393264 0.888945 -3.97353 -0.191249 0.742798 -3.91082 -0.174929 0.77839 -3.98822 -0.393264 0.888945 -3.97353 -0.426565 0.858735 -3.89271 -0.226331 0.627139 -3.84602 -0.191249 0.742798 -3.91082 -0.426565 0.858735 -3.89271 -0.568607 0.744747 -3.8028 0.0888546 0.58 -3.86026 0.100016 0.688544 -3.91983 -0.191249 0.742798 -3.91082 -0.226331 0.627139 -3.84602 0.412697 0.563372 -3.84015 0.420222 0.669171 -3.89945 0.100016 0.688544 -3.91983 0.0888546 0.58 -3.86026 0.443729 0.392609 -4.13921 0.444827 0.186701 -4.15137 0.0890183 0.190042 -4.1757 0.0902666 0.40263 -4.16419 0.444827 0.186701 -4.15137 0.443479 -0.0186753 -4.13905 0.0883898 -0.0182567 -4.16295 0.0890183 0.190042 -4.1757 0.0902666 0.40263 -4.16419 0.0890183 0.190042 -4.1757 -0.266347 0.197706 -4.16505 -0.261801 0.427448 -4.15611 0.0890183 0.190042 -4.1757 0.0883898 -0.0182567 -4.16295 -0.266507 -0.0172994 -4.15128 -0.266347 0.197706 -4.16505 0.797617 0.560997 -4.04424 0.804736 0.391176 -4.08057 0.443729 0.392609 -4.13921 0.440517 0.563372 -4.10242 0.804736 0.391176 -4.08057 0.807108 0.18622 -4.09268 0.444827 0.186701 -4.15137 0.443729 0.392609 -4.13921 0.807108 0.18622 -4.09268 0.804736 -0.018734 -4.08057 0.443479 -0.0186753 -4.13905 0.444827 0.186701 -4.15137 0.804736 -0.018734 -4.08057 0.797617 -0.188556 -4.04424 0.439577 -0.188556 -4.10223 0.443479 -0.0186753 -4.13905 0.443479 -0.0186753 -4.13905 0.439577 -0.188556 -4.10223 0.0875601 -0.188556 -4.12588 0.0883898 -0.0182567 -4.16295 0.0883898 -0.0182567 -4.16295 0.0875601 -0.188556 -4.12588 -0.264295 -0.188554 -4.11413 -0.266507 -0.0172994 -4.15128 -0.266507 -0.0172994 -4.15128 -0.264295 -0.188554 -4.11413 -0.624734 -0.188556 -4.0785 -0.630151 -0.0163268 -4.11555 -0.266347 0.197706 -4.16505 -0.266507 -0.0172994 -4.15128 -0.630151 -0.0163268 -4.11555 -0.631023 0.205483 -4.13092 -0.261801 0.427448 -4.15611 -0.266347 0.197706 -4.16505 -0.631023 0.205483 -4.13092 -0.626328 0.457772 -4.12682 -0.242396 0.627139 -4.12242 -0.261801 0.427448 -4.15611 -0.626328 0.457772 -4.12682 -0.612531 0.744749 -4.09967 0.0949367 0.58 -4.12737 0.0902666 0.40263 -4.16419 -0.261801 0.427448 -4.15611 -0.242396 0.627139 -4.12242 0.440517 0.563372 -4.10242 0.443729 0.392609 -4.13921 0.0902666 0.40263 -4.16419 0.0949367 0.58 -4.12737 -0.737771 2.38329 -3.84856 -0.751225 2.40076 -3.91927 -1.24964 2.40189 -3.79 -1.22713 2.38527 -3.72162 -0.751225 2.40076 -3.91927 -0.764684 2.38329 -3.98998 -1.27214 2.38527 -3.85837 -1.24964 2.40189 -3.79 -1.22713 2.38527 -3.72162 -1.24964 2.40189 -3.79 -1.61982 2.40302 -3.65061 -1.59061 2.38724 -3.58482 -1.24964 2.40189 -3.79 -1.27214 2.38527 -3.85837 -1.64903 2.38724 -3.7164 -1.61982 2.40302 -3.65061 -0.091181 2.32712 -3.86207 -0.0925736 2.38164 -3.9217 -0.737771 2.38329 -3.84856 -0.72662 2.33087 -3.78997 -0.0925736 2.38164 -3.9217 -0.0942541 2.39982 -3.99365 -0.751225 2.40076 -3.91927 -0.737771 2.38329 -3.84856 -0.0942541 2.39982 -3.99365 -0.0959346 2.38164 -4.06561 -0.764684 2.38329 -3.98998 -0.751225 2.40076 -3.91927 -0.0959346 2.38164 -4.06561 -0.0973272 2.32712 -4.12524 -0.775835 2.33087 -4.04857 -0.764684 2.38329 -3.98998 -0.764684 2.38329 -3.98998 -0.775835 2.33087 -4.04857 -1.29079 2.33539 -3.91502 -1.27214 2.38527 -3.85837 -1.27214 2.38527 -3.85837 -1.29079 2.33539 -3.91502 -1.67323 2.33992 -3.7709 -1.64903 2.38724 -3.7164 -1.64903 2.38724 -3.7164 -1.67323 2.33992 -3.7709 -1.95389 2.34367 -3.63249 -1.92561 2.38889 -3.57998 -1.61982 2.40302 -3.65061 -1.64903 2.38724 -3.7164 -1.92561 2.38889 -3.57998 -1.89148 2.40396 -3.5166 -1.59061 2.38724 -3.58482 -1.61982 2.40302 -3.65061 -1.89148 2.40396 -3.5166 -1.85735 2.38889 -3.45323 -1.56641 2.33992 -3.53031 -1.59061 2.38724 -3.58482 -1.85735 2.38889 -3.45323 -1.82907 2.34367 -3.40072 -1.20849 2.33539 -3.66497 -1.22713 2.38527 -3.72162 -1.59061 2.38724 -3.58482 -1.56641 2.33992 -3.53031 -0.72662 2.33087 -3.78997 -0.737771 2.38329 -3.84856 -1.22713 2.38527 -3.72162 -1.20849 2.33539 -3.66497 3.34687 2.37847 -2.30274 3.28814 2.39733 -2.26179 3.51137 2.38709 -1.9021 3.57049 2.36887 -1.93783 3.28814 2.39733 -2.26179 3.22896 2.37847 -2.2215 3.44945 2.36887 -1.87206 3.51137 2.38709 -1.9021 3.57049 2.36887 -1.93783 3.51137 2.38709 -1.9021 3.63542 2.35936 -1.6506 3.68795 2.34325 -1.68603 3.51137 2.38709 -1.9021 3.44945 2.36887 -1.87206 3.57373 2.34325 -1.63377 3.63542 2.35936 -1.6506 3.01283 2.32298 -2.81697 2.96927 2.37984 -2.77624 3.34687 2.37847 -2.30274 3.3955 2.3219 -2.33673 2.96927 2.37984 -2.77624 2.9167 2.39879 -2.72707 3.28814 2.39733 -2.26179 3.34687 2.37847 -2.30274 2.9167 2.39879 -2.72707 2.86412 2.37984 -2.67791 3.22896 2.37847 -2.2215 3.28814 2.39733 -2.26179 2.86412 2.37984 -2.67791 2.82056 2.32298 -2.63717 3.17989 2.3219 -2.18816 3.22896 2.37847 -2.2215 3.22896 2.37847 -2.2215 3.17989 2.3219 -2.18816 3.39792 2.31432 -1.84754 3.44945 2.36887 -1.87206 3.44945 2.36887 -1.87206 3.39792 2.31432 -1.84754 3.52224 2.29564 -1.62285 3.57373 2.34325 -1.63377 3.57373 2.34325 -1.63377 3.52224 2.29564 -1.62285 3.59313 2.27244 -1.5136 3.64654 2.29456 -1.49046 3.63542 2.35936 -1.6506 3.57373 2.34325 -1.63377 3.64654 2.29456 -1.49046 3.70766 2.30566 -1.49227 3.68795 2.34325 -1.68603 3.63542 2.35936 -1.6506 3.70766 2.30566 -1.49227 3.75496 2.29456 -1.53478 3.72896 2.29564 -1.71817 3.68795 2.34325 -1.68603 3.75496 2.29456 -1.53478 3.77506 2.27244 -1.59027 3.61922 2.31432 -1.96802 3.57049 2.36887 -1.93783 3.68795 2.34325 -1.68603 3.72896 2.29564 -1.71817 3.3955 2.3219 -2.33673 3.34687 2.37847 -2.30274 3.57049 2.36887 -1.93783 3.61922 2.31432 -1.96802 -0.822075 1.9693 -4.09626 -1.32468 1.98506 -3.96624 -1.313 2.13576 -3.96644 -0.79645 2.12308 -4.10033 -1.32468 1.98506 -3.96624 -1.70784 2.00814 -3.81601 -1.69947 2.15096 -3.819 -1.313 2.13576 -3.96644 -0.79645 2.12308 -4.10033 -1.313 2.13576 -3.96644 -1.30321 2.25225 -3.95075 -0.784173 2.24374 -4.08535 -1.313 2.13576 -3.96644 -1.69947 2.15096 -3.819 -1.68903 2.26108 -3.80511 -1.30321 2.25225 -3.95075 -0.23128 1.77397 -4.13481 -0.879136 1.77869 -4.07714 -0.822075 1.9693 -4.09626 -0.148151 1.96721 -4.16973 -0.879136 1.77869 -4.07714 -1.34052 1.79623 -3.95734 -1.32468 1.98506 -3.96624 -0.822075 1.9693 -4.09626 -1.34052 1.79623 -3.95734 -1.70823 1.8234 -3.80736 -1.70784 2.00814 -3.81601 -1.32468 1.98506 -3.96624 -1.70823 1.8234 -3.80736 -2.00901 1.86334 -3.62575 -1.99381 2.03829 -3.666 -1.70784 2.00814 -3.81601 -1.70784 2.00814 -3.81601 -1.99381 2.03829 -3.666 -1.98389 2.16661 -3.67641 -1.69947 2.15096 -3.819 -1.69947 2.15096 -3.819 -1.98389 2.16661 -3.67641 -1.97227 2.26878 -3.66514 -1.68903 2.26108 -3.80511 -1.68903 2.26108 -3.80511 -1.97227 2.26878 -3.66514 -1.95389 2.34367 -3.63249 -1.67323 2.33992 -3.7709 -1.30321 2.25225 -3.95075 -1.68903 2.26108 -3.80511 -1.67323 2.33992 -3.7709 -1.29079 2.33539 -3.91502 -0.784173 2.24374 -4.08535 -1.30321 2.25225 -3.95075 -1.29079 2.33539 -3.91502 -0.775835 2.33087 -4.04857 -0.1 2.2371 -4.16255 -0.784173 2.24374 -4.08535 -0.775835 2.33087 -4.04857 -0.0973272 2.32712 -4.12524 -0.112981 2.11591 -4.17698 -0.79645 2.12308 -4.10033 -0.784173 2.24374 -4.08535 -0.1 2.2371 -4.16255 -0.148151 1.96721 -4.16973 -0.822075 1.9693 -4.09626 -0.79645 2.12308 -4.10033 -0.112981 2.11591 -4.17698 -1.66365 1.04302 -3.81725 -1.67168 1.32389 -3.81459 -1.37255 1.30945 -3.94096 -1.37047 1.03439 -3.94191 -1.67168 1.32389 -3.81459 -1.68925 1.58911 -3.80972 -1.35985 1.56758 -3.94713 -1.37255 1.30945 -3.94096 -1.37047 1.03439 -3.94191 -1.37255 1.30945 -3.94096 -1.04472 1.29662 -4.03552 -1.04475 1.02709 -4.03754 -1.37255 1.30945 -3.94096 -1.35985 1.56758 -3.94713 -0.979525 1.55035 -4.05084 -1.04472 1.29662 -4.03552 -1.8727 0.759882 -3.67262 -1.8745 1.05006 -3.67201 -1.66365 1.04302 -3.81725 -1.66165 0.756157 -3.81827 -1.8745 1.05006 -3.67201 -1.88702 1.33444 -3.66775 -1.67168 1.32389 -3.81459 -1.66365 1.04302 -3.81725 -1.88702 1.33444 -3.66775 -1.92235 1.60372 -3.65568 -1.68925 1.58911 -3.80972 -1.67168 1.32389 -3.81459 -1.92235 1.60372 -3.65568 -2.00901 1.86334 -3.62575 -1.70823 1.8234 -3.80736 -1.68925 1.58911 -3.80972 -1.68925 1.58911 -3.80972 -1.70823 1.8234 -3.80736 -1.34052 1.79623 -3.95734 -1.35985 1.56758 -3.94713 -1.35985 1.56758 -3.94713 -1.34052 1.79623 -3.95734 -0.879136 1.77869 -4.07714 -0.979525 1.55035 -4.05084 -0.979525 1.55035 -4.05084 -0.879136 1.77869 -4.07714 -0.23128 1.77397 -4.13481 -0.62077 1.53314 -4.08647 -1.04472 1.29662 -4.03552 -0.979525 1.55035 -4.05084 -0.62077 1.53314 -4.08647 -0.754829 1.28783 -4.05677 -1.04475 1.02709 -4.03754 -1.04472 1.29662 -4.03552 -0.754829 1.28783 -4.05677 -0.75059 1.03044 -4.06078 -1.01311 0.747687 -4.04987 -1.04475 1.02709 -4.03754 -0.75059 1.03044 -4.06078 -0.612531 0.744749 -4.09967 -1.36281 0.751791 -3.94623 -1.37047 1.03439 -3.94191 -1.04475 1.02709 -4.03754 -1.01311 0.747687 -4.04987 -1.66165 0.756157 -3.81827 -1.66365 1.04302 -3.81725 -1.37047 1.03439 -3.94191 -1.36281 0.751791 -3.94623 -2.46353 2.12297 -3.2283 -2.43694 2.11908 -3.17065 -2.44835 2.1953 -3.16066 -2.47705 2.19529 -3.22277 -2.43694 2.11908 -3.17065 -2.38774 2.12297 -3.1291 -2.39682 2.19529 -3.11853 -2.44835 2.1953 -3.16066 -2.47705 2.19529 -3.22277 -2.44835 2.1953 -3.16066 -2.43693 2.2715 -3.17065 -2.46353 2.26762 -3.2283 -2.44835 2.1953 -3.16066 -2.39682 2.19529 -3.11853 -2.38774 2.26762 -3.1291 -2.43693 2.2715 -3.17065 -2.43429 2.08091 -3.29149 -2.42658 2.06423 -3.2484 -2.46353 2.12297 -3.2283 -2.45925 2.12743 -3.29208 -2.42658 2.06423 -3.2484 -2.39951 2.05585 -3.19615 -2.43694 2.11908 -3.17065 -2.46353 2.12297 -3.2283 -2.39951 2.05585 -3.19615 -2.35642 2.06423 -3.1546 -2.38774 2.12297 -3.1291 -2.43694 2.11908 -3.17065 -2.35642 2.06423 -3.1546 -2.31681 2.08091 -3.13282 -2.32375 2.12743 -3.11092 -2.38774 2.12297 -3.1291 -2.38774 2.12297 -3.1291 -2.32375 2.12743 -3.11092 -2.3272 2.19529 -3.09995 -2.39682 2.19529 -3.11853 -2.39682 2.19529 -3.11853 -2.3272 2.19529 -3.09995 -2.32375 2.26316 -3.11092 -2.38774 2.26762 -3.1291 -2.38774 2.26762 -3.1291 -2.32375 2.26316 -3.11092 -2.3168 2.30967 -3.13282 -2.35642 2.32636 -3.1546 -2.43693 2.2715 -3.17065 -2.38774 2.26762 -3.1291 -2.35642 2.32636 -3.1546 -2.39951 2.33474 -3.19615 -2.46353 2.26762 -3.2283 -2.43693 2.2715 -3.17065 -2.39951 2.33474 -3.19615 -2.42658 2.32636 -3.2484 -2.45925 2.26316 -3.29208 -2.46353 2.26762 -3.2283 -2.42658 2.32636 -3.2484 -2.43429 2.30967 -3.29149 -2.47182 2.19529 -3.29235 -2.47705 2.19529 -3.22277 -2.46353 2.26762 -3.2283 -2.45925 2.26316 -3.29208 -2.45925 2.12743 -3.29208 -2.46353 2.12297 -3.2283 -2.47705 2.19529 -3.22277 -2.47182 2.19529 -3.29235 -2.19165 1.92221 -3.42607 -2.16492 1.90462 -3.35284 -2.25684 1.97045 -3.29144 -2.29126 1.98539 -3.35291 -2.16492 1.90462 -3.35284 -2.10992 1.92221 -3.29849 -2.21193 1.98539 -3.23698 -2.25684 1.97045 -3.29144 -2.29126 1.98539 -3.35291 -2.25684 1.97045 -3.29144 -2.33789 2.01234 -3.23731 -2.37035 2.02465 -3.29131 -2.25684 1.97045 -3.29144 -2.21193 1.98539 -3.23698 -2.29668 2.02465 -3.18914 -2.33789 2.01234 -3.23731 -2.00901 1.86334 -3.62575 -2.09376 1.8012 -3.49461 -2.19165 1.92221 -3.42607 -2.19454 1.97889 -3.49861 -2.09376 1.8012 -3.49461 -2.08323 1.78449 -3.4074 -2.16492 1.90462 -3.35284 -2.19165 1.92221 -3.42607 -2.08323 1.78449 -3.4074 -2.01301 1.8012 -3.36006 -2.10992 1.92221 -3.29849 -2.16492 1.90462 -3.35284 -2.01301 1.8012 -3.36006 -1.86342 1.86334 -3.36333 -2.04802 1.97889 -3.26536 -2.10992 1.92221 -3.29849 -2.10992 1.92221 -3.29849 -2.04802 1.97889 -3.26536 -2.17091 2.03072 -3.19497 -2.21193 1.98539 -3.23698 -2.21193 1.98539 -3.23698 -2.17091 2.03072 -3.19497 -2.2616 2.06108 -3.15118 -2.29668 2.02465 -3.18914 -2.29668 2.02465 -3.18914 -2.2616 2.06108 -3.15118 -2.31681 2.08091 -3.13282 -2.35642 2.06423 -3.1546 -2.33789 2.01234 -3.23731 -2.29668 2.02465 -3.18914 -2.35642 2.06423 -3.1546 -2.39951 2.05585 -3.19615 -2.37035 2.02465 -3.29131 -2.33789 2.01234 -3.23731 -2.39951 2.05585 -3.19615 -2.42658 2.06423 -3.2484 -2.39473 2.06109 -3.33643 -2.37035 2.02465 -3.29131 -2.42658 2.06423 -3.2484 -2.43429 2.08091 -3.29149 -2.31487 2.03072 -3.40655 -2.29126 1.98539 -3.35291 -2.37035 2.02465 -3.29131 -2.39473 2.06109 -3.33643 -2.19454 1.97889 -3.49861 -2.19165 1.92221 -3.42607 -2.29126 1.98539 -3.35291 -2.31487 2.03072 -3.40655 -2.05519 2.3889 -3.34009 -2.09291 2.40346 -3.40094 -2.2362 2.39604 -3.30523 -2.19641 2.3822 -3.24898 -2.09291 2.40346 -3.40094 -2.13032 2.3889 -3.46199 -2.27363 2.3822 -3.36305 -2.2362 2.39604 -3.30523 -2.19641 2.3822 -3.24898 -2.2362 2.39604 -3.30523 -2.33531 2.37524 -3.23903 -2.29474 2.36307 -3.19065 -2.2362 2.39604 -3.30523 -2.27363 2.3822 -3.36305 -2.36815 2.36307 -3.29258 -2.33531 2.37524 -3.23903 -1.82907 2.34367 -3.40072 -1.85735 2.38889 -3.45323 -2.05519 2.3889 -3.34009 -2.02393 2.34524 -3.28968 -1.85735 2.38889 -3.45323 -1.89148 2.40396 -3.5166 -2.09291 2.40346 -3.40094 -2.05519 2.3889 -3.34009 -1.89148 2.40396 -3.5166 -1.92561 2.38889 -3.57998 -2.13032 2.3889 -3.46199 -2.09291 2.40346 -3.40094 -1.92561 2.38889 -3.57998 -1.95389 2.34367 -3.63249 -2.16129 2.34524 -3.51259 -2.13032 2.3889 -3.46199 -2.13032 2.3889 -3.46199 -2.16129 2.34524 -3.51259 -2.30443 2.34075 -3.41116 -2.27363 2.3822 -3.36305 -2.27363 2.3822 -3.36305 -2.30443 2.34075 -3.41116 -2.39342 2.32711 -3.33701 -2.36815 2.36307 -3.29258 -2.36815 2.36307 -3.29258 -2.39342 2.32711 -3.33701 -2.43429 2.30967 -3.29149 -2.42658 2.32636 -3.2484 -2.33531 2.37524 -3.23903 -2.36815 2.36307 -3.29258 -2.42658 2.32636 -3.2484 -2.39951 2.33474 -3.19615 -2.29474 2.36307 -3.19065 -2.33531 2.37524 -3.23903 -2.39951 2.33474 -3.19615 -2.35642 2.32636 -3.1546 -2.26064 2.32711 -3.15211 -2.29474 2.36307 -3.19065 -2.35642 2.32636 -3.1546 -2.3168 2.30967 -3.13282 -2.16325 2.34075 -3.20246 -2.19641 2.3822 -3.24898 -2.29474 2.36307 -3.19065 -2.26064 2.32711 -3.15211 -2.02393 2.34524 -3.28968 -2.05519 2.3889 -3.34009 -2.19641 2.3822 -3.24898 -2.16325 2.34075 -3.20246 -2.18129 2.27375 -3.54373 -2.19154 2.18072 -3.55332 -2.33488 2.19067 -3.44839 -2.32573 2.27373 -3.43971 -2.19154 2.18072 -3.55332 -2.19472 2.07546 -3.5402 -2.33027 2.10406 -3.43831 -2.33488 2.19067 -3.44839 -2.32573 2.27373 -3.43971 -2.33488 2.19067 -3.44839 -2.42639 2.19472 -3.36491 -2.4161 2.2679 -3.35912 -2.33488 2.19067 -3.44839 -2.33027 2.10406 -3.43831 -2.41667 2.12109 -3.35895 -2.42639 2.19472 -3.36491 -1.95389 2.34367 -3.63249 -1.97227 2.26878 -3.66514 -2.18129 2.27375 -3.54373 -2.16129 2.34524 -3.51259 -1.97227 2.26878 -3.66514 -1.98389 2.16661 -3.67641 -2.19154 2.18072 -3.55332 -2.18129 2.27375 -3.54373 -1.98389 2.16661 -3.67641 -1.99381 2.03829 -3.666 -2.19472 2.07546 -3.5402 -2.19154 2.18072 -3.55332 -1.99381 2.03829 -3.666 -2.00901 1.86334 -3.62575 -2.19454 1.97889 -3.49861 -2.19472 2.07546 -3.5402 -2.19472 2.07546 -3.5402 -2.19454 1.97889 -3.49861 -2.31487 2.03072 -3.40655 -2.33027 2.10406 -3.43831 -2.33027 2.10406 -3.43831 -2.31487 2.03072 -3.40655 -2.39473 2.06109 -3.33643 -2.41667 2.12109 -3.35895 -2.41667 2.12109 -3.35895 -2.39473 2.06109 -3.33643 -2.43429 2.08091 -3.29149 -2.45925 2.12743 -3.29208 -2.42639 2.19472 -3.36491 -2.41667 2.12109 -3.35895 -2.45925 2.12743 -3.29208 -2.47182 2.19529 -3.29235 -2.4161 2.2679 -3.35912 -2.42639 2.19472 -3.36491 -2.47182 2.19529 -3.29235 -2.45925 2.26316 -3.29208 -2.39342 2.32711 -3.33701 -2.4161 2.2679 -3.35912 -2.45925 2.26316 -3.29208 -2.43429 2.30967 -3.29149 -2.30443 2.34075 -3.41116 -2.32573 2.27373 -3.43971 -2.4161 2.2679 -3.35912 -2.39342 2.32711 -3.33701 -2.16129 2.34524 -3.51259 -2.18129 2.27375 -3.54373 -2.32573 2.27373 -3.43971 -2.30443 2.34075 -3.41116 3.67186 2.02495 -1.40365 3.74013 2.0198 -1.39658 3.751 2.12082 -1.36454 3.67851 2.12082 -1.37359 3.74013 2.0198 -1.39658 3.78848 2.02495 -1.44821 3.80175 2.12082 -1.41957 3.751 2.12082 -1.36454 3.67851 2.12082 -1.37359 3.751 2.12082 -1.36454 3.74013 2.22184 -1.39658 3.67186 2.21669 -1.40365 3.751 2.12082 -1.36454 3.80175 2.12082 -1.41957 3.78848 2.21669 -1.44821 3.74013 2.22184 -1.39658 3.59313 1.9692 -1.5136 3.64654 1.94709 -1.49046 3.67186 2.02495 -1.40365 3.59605 2.03087 -1.46982 3.64654 1.94709 -1.49046 3.70766 1.93598 -1.49227 3.74013 2.0198 -1.39658 3.67186 2.02495 -1.40365 3.70766 1.93598 -1.49227 3.75496 1.94709 -1.53478 3.78848 2.02495 -1.44821 3.74013 2.0198 -1.39658 3.75496 1.94709 -1.53478 3.77506 1.9692 -1.59027 3.80546 2.03087 -1.55542 3.78848 2.02495 -1.44821 3.78848 2.02495 -1.44821 3.80546 2.03087 -1.55542 3.8193 2.12082 -1.5372 3.80175 2.12082 -1.41957 3.80175 2.12082 -1.41957 3.8193 2.12082 -1.5372 3.80545 2.21078 -1.55542 3.78848 2.21669 -1.44821 3.78848 2.21669 -1.44821 3.80545 2.21078 -1.55542 3.77506 2.27244 -1.59027 3.75496 2.29456 -1.53478 3.74013 2.22184 -1.39658 3.78848 2.21669 -1.44821 3.75496 2.29456 -1.53478 3.70766 2.30566 -1.49227 3.67186 2.21669 -1.40365 3.74013 2.22184 -1.39658 3.70766 2.30566 -1.49227 3.64654 2.29456 -1.49046 3.59604 2.21078 -1.46982 3.67186 2.21669 -1.40365 3.64654 2.29456 -1.49046 3.59313 2.27244 -1.5136 3.59601 2.12082 -1.44734 3.67851 2.12082 -1.37359 3.67186 2.21669 -1.40365 3.59604 2.21078 -1.46982 3.59605 2.03087 -1.46982 3.67186 2.02495 -1.40365 3.67851 2.12082 -1.37359 3.59601 2.12082 -1.44734 3.22896 1.86318 -2.22151 3.28814 1.84432 -2.26179 3.51137 1.85455 -1.9021 3.44945 1.87277 -1.87205 3.28814 1.84432 -2.26179 3.34688 1.86318 -2.30274 3.57049 1.87277 -1.93783 3.51137 1.85455 -1.9021 3.44945 1.87277 -1.87205 3.51137 1.85455 -1.9021 3.63542 1.88228 -1.6506 3.57373 1.89839 -1.63377 3.51137 1.85455 -1.9021 3.57049 1.87277 -1.93783 3.68795 1.89839 -1.68603 3.63542 1.88228 -1.6506 2.82056 1.91866 -2.63717 2.86412 1.86181 -2.67791 3.22896 1.86318 -2.22151 3.17989 1.91974 -2.18817 2.86412 1.86181 -2.67791 2.9167 1.84285 -2.72707 3.28814 1.84432 -2.26179 3.22896 1.86318 -2.22151 2.9167 1.84285 -2.72707 2.96927 1.86181 -2.77624 3.34688 1.86318 -2.30274 3.28814 1.84432 -2.26179 2.96927 1.86181 -2.77624 3.01283 1.91866 -2.81697 3.3955 1.91974 -2.33673 3.34688 1.86318 -2.30274 3.34688 1.86318 -2.30274 3.3955 1.91974 -2.33673 3.61921 1.92732 -1.96802 3.57049 1.87277 -1.93783 3.57049 1.87277 -1.93783 3.61921 1.92732 -1.96802 3.72896 1.946 -1.71817 3.68795 1.89839 -1.68603 3.68795 1.89839 -1.68603 3.72896 1.946 -1.71817 3.77506 1.9692 -1.59027 3.75496 1.94709 -1.53478 3.63542 1.88228 -1.6506 3.68795 1.89839 -1.68603 3.75496 1.94709 -1.53478 3.70766 1.93598 -1.49227 3.57373 1.89839 -1.63377 3.63542 1.88228 -1.6506 3.70766 1.93598 -1.49227 3.64654 1.94709 -1.49046 3.52224 1.946 -1.62285 3.57373 1.89839 -1.63377 3.64654 1.94709 -1.49046 3.59313 1.9692 -1.5136 3.39792 1.92732 -1.84754 3.44945 1.87277 -1.87205 3.57373 1.89839 -1.63377 3.52224 1.946 -1.62285 3.17989 1.91974 -2.18817 3.22896 1.86318 -2.22151 3.44945 1.87277 -1.87205 3.39792 1.92732 -1.84754 3.42606 2.01086 -2.35729 3.4364 2.12082 -2.36391 3.66376 2.12082 -1.98476 3.65187 2.01503 -1.98205 3.4364 2.12082 -2.36391 3.42606 2.23078 -2.35729 3.65187 2.22661 -1.98205 3.66376 2.12082 -1.98476 3.65187 2.01503 -1.98205 3.66376 2.12082 -1.98476 3.77682 2.12082 -1.71485 3.76253 2.02435 -1.72014 3.66376 2.12082 -1.98476 3.65187 2.22661 -1.98205 3.76253 2.21729 -1.72015 3.77682 2.12082 -1.71485 3.01283 1.91866 -2.81697 3.03987 2.01027 -2.84226 3.42606 2.01086 -2.35729 3.3955 1.91974 -2.33673 3.03987 2.01027 -2.84226 3.04888 2.12082 -2.85069 3.4364 2.12082 -2.36391 3.42606 2.01086 -2.35729 3.04888 2.12082 -2.85069 3.03987 2.23138 -2.84226 3.42606 2.23078 -2.35729 3.4364 2.12082 -2.36391 3.03987 2.23138 -2.84226 3.01283 2.32298 -2.81697 3.3955 2.3219 -2.33673 3.42606 2.23078 -2.35729 3.42606 2.23078 -2.35729 3.3955 2.3219 -2.33673 3.61922 2.31432 -1.96802 3.65187 2.22661 -1.98205 3.65187 2.22661 -1.98205 3.61922 2.31432 -1.96802 3.72896 2.29564 -1.71817 3.76253 2.21729 -1.72015 3.76253 2.21729 -1.72015 3.72896 2.29564 -1.71817 3.77506 2.27244 -1.59027 3.80545 2.21078 -1.55542 3.77682 2.12082 -1.71485 3.76253 2.21729 -1.72015 3.80545 2.21078 -1.55542 3.8193 2.12082 -1.5372 3.76253 2.02435 -1.72014 3.77682 2.12082 -1.71485 3.8193 2.12082 -1.5372 3.80546 2.03087 -1.55542 3.72896 1.946 -1.71817 3.76253 2.02435 -1.72014 3.80546 2.03087 -1.55542 3.77506 1.9692 -1.59027 3.61921 1.92732 -1.96802 3.65187 2.01503 -1.98205 3.76253 2.02435 -1.72014 3.72896 1.946 -1.71817 3.3955 1.91974 -2.33673 3.42606 2.01086 -2.35729 3.65187 2.01503 -1.98205 3.61921 1.92732 -1.96802 3.14978 2.23078 -2.16695 3.13987 2.12082 -2.15967 3.35898 2.12082 -1.81945 3.36807 2.22661 -1.82783 3.13987 2.12082 -2.15967 3.14978 2.01086 -2.16695 3.36807 2.01503 -1.82783 3.35898 2.12082 -1.81945 3.36807 2.22661 -1.82783 3.35898 2.12082 -1.81945 3.49402 2.12082 -1.58636 3.49915 2.21729 -1.59965 3.35898 2.12082 -1.81945 3.36807 2.01503 -1.82783 3.49915 2.02435 -1.59965 3.49402 2.12082 -1.58636 2.82056 2.32298 -2.63717 2.79352 2.23138 -2.61188 3.14978 2.23078 -2.16695 3.17989 2.3219 -2.18816 2.79352 2.23138 -2.61188 2.78451 2.12082 -2.60345 3.13987 2.12082 -2.15967 3.14978 2.23078 -2.16695 2.78451 2.12082 -2.60345 2.79352 2.01027 -2.61188 3.14978 2.01086 -2.16695 3.13987 2.12082 -2.15967 2.79352 2.01027 -2.61188 2.82056 1.91866 -2.63717 3.17989 1.91974 -2.18817 3.14978 2.01086 -2.16695 3.14978 2.01086 -2.16695 3.17989 1.91974 -2.18817 3.39792 1.92732 -1.84754 3.36807 2.01503 -1.82783 3.36807 2.01503 -1.82783 3.39792 1.92732 -1.84754 3.52224 1.946 -1.62285 3.49915 2.02435 -1.59965 3.49915 2.02435 -1.59965 3.52224 1.946 -1.62285 3.59313 1.9692 -1.5136 3.59605 2.03087 -1.46982 3.49402 2.12082 -1.58636 3.49915 2.02435 -1.59965 3.59605 2.03087 -1.46982 3.59601 2.12082 -1.44734 3.49915 2.21729 -1.59965 3.49402 2.12082 -1.58636 3.59601 2.12082 -1.44734 3.59604 2.21078 -1.46982 3.52224 2.29564 -1.62285 3.49915 2.21729 -1.59965 3.59604 2.21078 -1.46982 3.59313 2.27244 -1.5136 3.39792 2.31432 -1.84754 3.36807 2.22661 -1.82783 3.49915 2.21729 -1.59965 3.52224 2.29564 -1.62285 3.17989 2.3219 -2.18816 3.14978 2.23078 -2.16695 3.36807 2.22661 -1.82783 3.39792 2.31432 -1.84754 0.744683 2.23344 -4.09269 1.63794 2.23194 -3.82951 1.64012 2.11904 -3.84264 0.738205 2.11596 -4.10798 1.63794 2.23194 -3.82951 2.43497 2.23145 -3.37514 2.4419 2.1206 -3.3854 1.64012 2.11904 -3.84264 0.738205 2.11596 -4.10798 1.64012 2.11904 -3.84264 1.63022 2.00226 -3.8348 0.717146 1.98527 -4.10274 1.64012 2.11904 -3.84264 2.4419 2.1206 -3.3854 2.43411 2.00927 -3.37591 1.63022 2.00226 -3.8348 -0.0973272 2.32712 -4.12524 0.739326 2.32473 -4.05582 0.744683 2.23344 -4.09269 -0.1 2.2371 -4.16255 0.739326 2.32473 -4.05582 1.62375 2.3235 -3.79522 1.63794 2.23194 -3.82951 0.744683 2.23344 -4.09269 1.62375 2.3235 -3.79522 2.41334 2.32304 -3.34509 2.43497 2.23145 -3.37514 1.63794 2.23194 -3.82951 2.41334 2.32304 -3.34509 3.01283 2.32298 -2.81697 3.03987 2.23138 -2.84226 2.43497 2.23145 -3.37514 2.43497 2.23145 -3.37514 3.03987 2.23138 -2.84226 3.04888 2.12082 -2.85069 2.4419 2.1206 -3.3854 2.4419 2.1206 -3.3854 3.04888 2.12082 -2.85069 3.03987 2.01027 -2.84226 2.43411 2.00927 -3.37591 2.43411 2.00927 -3.37591 3.03987 2.01027 -2.84226 3.01283 1.91866 -2.81697 2.41259 1.91679 -3.34589 1.63022 2.00226 -3.8348 2.43411 2.00927 -3.37591 2.41259 1.91679 -3.34589 1.61685 1.90367 -3.80081 0.717146 1.98527 -4.10274 1.63022 2.00226 -3.8348 1.61685 1.90367 -3.80081 0.709258 1.86649 -4.06873 -0.148151 1.96721 -4.16973 0.717146 1.98527 -4.10274 0.709258 1.86649 -4.06873 -0.23128 1.77397 -4.13481 -0.112981 2.11591 -4.17698 0.738205 2.11596 -4.10798 0.717146 1.98527 -4.10274 -0.148151 1.96721 -4.16973 -0.1 2.2371 -4.16255 0.744683 2.23344 -4.09269 0.738205 2.11596 -4.10798 -0.112981 2.11591 -4.17698 0.755345 1.79477 -3.99609 1.60589 1.84251 -3.73914 1.58563 1.82223 -3.66747 0.773807 1.77197 -3.91478 1.60589 1.84251 -3.73914 2.3791 1.85939 -3.29649 2.33785 1.84028 -3.23733 1.58563 1.82223 -3.66747 0.773807 1.77197 -3.91478 1.58563 1.82223 -3.66747 1.54799 1.84251 -3.60438 0.727252 1.79477 -3.84641 1.58563 1.82223 -3.66747 2.33785 1.84028 -3.23733 2.29458 1.85939 -3.17953 1.54799 1.84251 -3.60438 -0.23128 1.77397 -4.13481 0.709258 1.86649 -4.06873 0.755345 1.79477 -3.99609 0.0226858 1.69006 -4.07696 0.709258 1.86649 -4.06873 1.61685 1.90367 -3.80081 1.60589 1.84251 -3.73914 0.755345 1.79477 -3.99609 1.61685 1.90367 -3.80081 2.41259 1.91679 -3.34589 2.3791 1.85939 -3.29649 1.60589 1.84251 -3.73914 2.41259 1.91679 -3.34589 3.01283 1.91866 -2.81697 2.96927 1.86181 -2.77624 2.3791 1.85939 -3.29649 2.3791 1.85939 -3.29649 2.96927 1.86181 -2.77624 2.9167 1.84285 -2.72707 2.33785 1.84028 -3.23733 2.33785 1.84028 -3.23733 2.9167 1.84285 -2.72707 2.86412 1.86181 -2.67791 2.29458 1.85939 -3.17953 2.29458 1.85939 -3.17953 2.86412 1.86181 -2.67791 2.82056 1.91866 -2.63717 2.25822 1.91679 -3.13205 1.54799 1.84251 -3.60438 2.29458 1.85939 -3.17953 2.25822 1.91679 -3.13205 1.51222 1.90367 -3.55495 0.727252 1.79477 -3.84641 1.54799 1.84251 -3.60438 1.51222 1.90367 -3.55495 0.66207 1.86649 -3.79591 0.0218188 1.69006 -3.92004 0.727252 1.79477 -3.84641 0.66207 1.86649 -3.79591 -0.21471 1.77397 -3.83517 0.0882012 1.66757 -3.99406 0.773807 1.77197 -3.91478 0.727252 1.79477 -3.84641 0.0218188 1.69006 -3.92004 0.0226858 1.69006 -4.07696 0.755345 1.79477 -3.99609 0.773807 1.77197 -3.91478 0.0882012 1.66757 -3.99406 0.703072 2.3806 -3.85548 1.54363 2.38006 -3.60805 1.57196 2.39892 -3.67422 0.715888 2.39923 -3.92631 1.54363 2.38006 -3.60805 2.29412 2.37986 -3.18004 2.33627 2.39881 -3.23839 1.57196 2.39892 -3.67422 0.715888 2.39923 -3.92631 1.57196 2.39892 -3.67422 1.60028 2.38006 -3.74039 0.728705 2.3806 -3.99713 1.57196 2.39892 -3.67422 2.33627 2.39881 -3.23839 2.37841 2.37986 -3.29674 1.60028 2.38006 -3.74039 -0.091181 2.32712 -3.86207 0.692454 2.32473 -3.79679 0.703072 2.3806 -3.85548 -0.0925736 2.38164 -3.9217 0.692454 2.32473 -3.79679 1.52017 2.3235 -3.55322 1.54363 2.38006 -3.60805 0.703072 2.3806 -3.85548 1.52017 2.3235 -3.55322 2.25919 2.32304 -3.1317 2.29412 2.37986 -3.18004 1.54363 2.38006 -3.60805 2.25919 2.32304 -3.1317 2.82056 2.32298 -2.63717 2.86412 2.37984 -2.67791 2.29412 2.37986 -3.18004 2.29412 2.37986 -3.18004 2.86412 2.37984 -2.67791 2.9167 2.39879 -2.72707 2.33627 2.39881 -3.23839 2.33627 2.39881 -3.23839 2.9167 2.39879 -2.72707 2.96927 2.37984 -2.77624 2.37841 2.37986 -3.29674 2.37841 2.37986 -3.29674 2.96927 2.37984 -2.77624 3.01283 2.32298 -2.81697 2.41334 2.32304 -3.34509 1.60028 2.38006 -3.74039 2.37841 2.37986 -3.29674 2.41334 2.32304 -3.34509 1.62375 2.3235 -3.79522 0.728705 2.3806 -3.99713 1.60028 2.38006 -3.74039 1.62375 2.3235 -3.79522 0.739326 2.32473 -4.05582 -0.0959346 2.38164 -4.06561 0.728705 2.3806 -3.99713 0.739326 2.32473 -4.05582 -0.0973272 2.32712 -4.12524 -0.0942541 2.39982 -3.99365 0.715888 2.39923 -3.92631 0.728705 2.3806 -3.99713 -0.0959346 2.38164 -4.06561 -0.0925736 2.38164 -3.9217 0.703072 2.3806 -3.85548 0.715888 2.39923 -3.92631 -0.0942541 2.39982 -3.99365 0.407973 -0.0186753 -3.80363 0.406708 0.1867 -3.79131 0.0813613 0.190042 -3.81283 0.0812988 -0.0182567 -3.82563 0.406708 0.1867 -3.79131 0.408168 0.392609 -3.80345 0.0829691 0.40263 -3.82415 0.0813613 0.190042 -3.81283 0.0812988 -0.0182567 -3.82563 0.0813613 0.190042 -3.81283 -0.243308 0.197706 -3.80064 -0.245121 -0.0172994 -3.81428 0.0813613 0.190042 -3.81283 0.0829691 0.40263 -3.82415 -0.240258 0.427448 -3.81009 -0.243308 0.197706 -3.80064 0.747004 -0.188554 -3.78591 0.739887 -0.018734 -3.74959 0.407973 -0.0186753 -3.80363 0.411866 -0.188556 -3.84045 0.739887 -0.018734 -3.74959 0.737514 0.18622 -3.73748 0.406708 0.1867 -3.79131 0.407973 -0.0186753 -3.80363 0.737514 0.18622 -3.73748 0.739887 0.391176 -3.74959 0.408168 0.392609 -3.80345 0.406708 0.1867 -3.79131 0.739887 0.391176 -3.74959 0.747004 0.560997 -3.78591 0.412697 0.563372 -3.84015 0.408168 0.392609 -3.80345 0.408168 0.392609 -3.80345 0.412697 0.563372 -3.84015 0.0888546 0.58 -3.86026 0.0829691 0.40263 -3.82415 0.0829691 0.40263 -3.82415 0.0888546 0.58 -3.86026 -0.226331 0.627139 -3.84602 -0.240258 0.427448 -3.81009 -0.240258 0.427448 -3.81009 -0.226331 0.627139 -3.84602 -0.568607 0.744747 -3.8028 -0.572988 0.457772 -3.77203 -0.243308 0.197706 -3.80064 -0.240258 0.427448 -3.81009 -0.572988 0.457772 -3.77203 -0.575864 0.205483 -3.76642 -0.245121 -0.0172994 -3.81428 -0.243308 0.197706 -3.80064 -0.575864 0.205483 -3.76642 -0.579444 -0.0163288 -3.78126 -0.247615 -0.188554 -3.85141 -0.245121 -0.0172994 -3.81428 -0.579444 -0.0163288 -3.78126 -0.585243 -0.188556 -3.81823 0.0820308 -0.188556 -3.8627 0.0812988 -0.0182567 -3.82563 -0.245121 -0.0172994 -3.81428 -0.247615 -0.188554 -3.85141 0.411866 -0.188556 -3.84045 0.407973 -0.0186753 -3.80363 0.0812988 -0.0182567 -3.82563 0.0820308 -0.188556 -3.8627 -1.91339 1.05395 -3.42546 -1.92416 1.33706 -3.41883 -2.00356 1.33642 -3.46062 -1.99318 1.05506 -3.46644 -1.92416 1.33706 -3.41883 -1.95407 1.59565 -3.401 -2.03052 1.58865 -3.44261 -2.00356 1.33642 -3.46062 -1.99318 1.05506 -3.46644 -2.00356 1.33642 -3.46062 -1.99618 1.33706 -3.54661 -1.98383 1.05395 -3.5514 -2.00356 1.33642 -3.46062 -2.03052 1.58865 -3.44261 -2.03004 1.59565 -3.53299 -1.99618 1.33706 -3.54661 -1.75302 0.759882 -3.43815 -1.75448 1.05006 -3.43716 -1.91339 1.05395 -3.42546 -1.91184 0.762211 -3.4264 -1.75448 1.05006 -3.43716 -1.76468 1.33444 -3.43021 -1.92416 1.33706 -3.41883 -1.91339 1.05395 -3.42546 -1.76468 1.33444 -3.43021 -1.79337 1.60372 -3.4107 -1.95407 1.59565 -3.401 -1.92416 1.33706 -3.41883 -1.79337 1.60372 -3.4107 -1.86342 1.86334 -3.36333 -2.01301 1.8012 -3.36006 -1.95407 1.59565 -3.401 -1.95407 1.59565 -3.401 -2.01301 1.8012 -3.36006 -2.08323 1.78449 -3.4074 -2.03052 1.58865 -3.44261 -2.03052 1.58865 -3.44261 -2.08323 1.78449 -3.4074 -2.09376 1.8012 -3.49461 -2.03004 1.59565 -3.53299 -2.03004 1.59565 -3.53299 -2.09376 1.8012 -3.49461 -2.00901 1.86334 -3.62575 -1.92235 1.60372 -3.65568 -1.99618 1.33706 -3.54661 -2.03004 1.59565 -3.53299 -1.92235 1.60372 -3.65568 -1.88702 1.33444 -3.66775 -1.98383 1.05395 -3.5514 -1.99618 1.33706 -3.54661 -1.88702 1.33444 -3.66775 -1.8745 1.05006 -3.67201 -1.98207 0.762211 -3.55208 -1.98383 1.05395 -3.5514 -1.8745 1.05006 -3.67201 -1.8727 0.759882 -3.67262 -1.99165 0.762986 -3.4672 -1.99318 1.05506 -3.46644 -1.98383 1.05395 -3.5514 -1.98207 0.762211 -3.55208 -1.91184 0.762211 -3.4264 -1.91339 1.05395 -3.42546 -1.99318 1.05506 -3.46644 -1.99165 0.762986 -3.4672 -0.402296 1.50775 -4.04937 -0.32949 1.49582 -3.97782 -0.50923 1.28333 -3.96572 -0.574164 1.28402 -4.03054 -0.32949 1.49582 -3.97782 -0.387391 1.50775 -3.89747 -0.553315 1.28402 -3.88261 -0.50923 1.28333 -3.96572 -0.574164 1.28402 -4.03054 -0.50923 1.28333 -3.96572 -0.516439 1.06751 -3.96523 -0.576439 1.05441 -4.03173 -0.50923 1.28333 -3.96572 -0.553315 1.28402 -3.88261 -0.555061 1.05441 -3.88061 -0.516439 1.06751 -3.96523 -0.23128 1.77397 -4.13481 0.0226858 1.69006 -4.07696 -0.402296 1.50775 -4.04937 -0.62077 1.53314 -4.08647 0.0226858 1.69006 -4.07696 0.0882012 1.66757 -3.99406 -0.32949 1.49582 -3.97782 -0.402296 1.50775 -4.04937 0.0882012 1.66757 -3.99406 0.0218188 1.69006 -3.92004 -0.387391 1.50775 -3.89747 -0.32949 1.49582 -3.97782 0.0218188 1.69006 -3.92004 -0.21471 1.77397 -3.83517 -0.579499 1.53314 -3.8122 -0.387391 1.50775 -3.89747 -0.387391 1.50775 -3.89747 -0.579499 1.53314 -3.8122 -0.705572 1.28782 -3.79014 -0.553315 1.28402 -3.88261 -0.553315 1.28402 -3.88261 -0.705572 1.28782 -3.79014 -0.700529 1.03044 -3.78798 -0.555061 1.05441 -3.88061 -0.555061 1.05441 -3.88061 -0.700529 1.03044 -3.78798 -0.568607 0.744747 -3.8028 -0.426565 0.858735 -3.89271 -0.516439 1.06751 -3.96523 -0.555061 1.05441 -3.88061 -0.426565 0.858735 -3.89271 -0.393264 0.888945 -3.97353 -0.576439 1.05441 -4.03173 -0.516439 1.06751 -3.96523 -0.393264 0.888945 -3.97353 -0.443443 0.858735 -4.04872 -0.75059 1.03044 -4.06078 -0.576439 1.05441 -4.03173 -0.443443 0.858735 -4.04872 -0.612531 0.744749 -4.09967 -0.754829 1.28783 -4.05677 -0.574164 1.28402 -4.03054 -0.576439 1.05441 -4.03173 -0.75059 1.03044 -4.06078 -0.62077 1.53314 -4.08647 -0.402296 1.50775 -4.04937 -0.574164 1.28402 -4.03054 -0.754829 1.28783 -4.05677 -0.898228 1.55035 -3.71305 -1.23998 1.56758 -3.59874 -1.25266 1.30946 -3.5963 -0.959068 1.29662 -3.7033 -1.23998 1.56758 -3.59874 -1.54848 1.58911 -3.49244 -1.535 1.32389 -3.50288 -1.25266 1.30946 -3.5963 -0.959068 1.29662 -3.7033 -1.25266 1.30946 -3.5963 -1.25062 1.03439 -3.59674 -0.958143 1.02709 -3.70145 -1.25266 1.30946 -3.5963 -1.535 1.32389 -3.50288 -1.52853 1.04302 -3.50738 -1.25062 1.03439 -3.59674 -0.21471 1.77397 -3.83517 -0.803749 1.77869 -3.72551 -0.898228 1.55035 -3.71305 -0.579499 1.53314 -3.8122 -0.803749 1.77869 -3.72551 -1.22025 1.79623 -3.60179 -1.23998 1.56758 -3.59874 -0.898228 1.55035 -3.71305 -1.22025 1.79623 -3.60179 -1.56094 1.8234 -3.47929 -1.54848 1.58911 -3.49244 -1.23998 1.56758 -3.59874 -1.56094 1.8234 -3.47929 -1.86342 1.86334 -3.36333 -1.79337 1.60372 -3.4107 -1.54848 1.58911 -3.49244 -1.54848 1.58911 -3.49244 -1.79337 1.60372 -3.4107 -1.76468 1.33444 -3.43021 -1.535 1.32389 -3.50288 -1.535 1.32389 -3.50288 -1.76468 1.33444 -3.43021 -1.75448 1.05006 -3.43716 -1.52853 1.04302 -3.50738 -1.52853 1.04302 -3.50738 -1.75448 1.05006 -3.43716 -1.75302 0.759882 -3.43815 -1.52667 0.756157 -3.50826 -1.25062 1.03439 -3.59674 -1.52853 1.04302 -3.50738 -1.52667 0.756157 -3.50826 -1.24261 0.751791 -3.59773 -0.958143 1.02709 -3.70145 -1.25062 1.03439 -3.59674 -1.24261 0.751791 -3.59773 -0.926406 0.747687 -3.70172 -0.700529 1.03044 -3.78798 -0.958143 1.02709 -3.70145 -0.926406 0.747687 -3.70172 -0.568607 0.744747 -3.8028 -0.705572 1.28782 -3.79014 -0.959068 1.29662 -3.7033 -0.958143 1.02709 -3.70145 -0.700529 1.03044 -3.78798 -0.579499 1.53314 -3.8122 -0.898228 1.55035 -3.71305 -0.959068 1.29662 -3.7033 -0.705572 1.28782 -3.79014 2.55326 -0.4142 -3.16995 2.49996 -0.4442 -3.11548 2.39356 -0.368476 -3.20012 2.43897 -0.338908 -3.25785 2.49996 -0.4442 -3.11548 2.45767 -0.4142 -3.05139 2.351 -0.338908 -3.14049 2.39356 -0.368476 -3.20012 2.43897 -0.338908 -3.25785 2.39356 -0.368476 -3.20012 2.24272 -0.338922 -3.30087 2.28319 -0.308157 -3.36061 2.39356 -0.368476 -3.20012 2.351 -0.338908 -3.14049 2.20202 -0.308157 -3.2413 2.24272 -0.338922 -3.30087 2.7277 -0.469916 -3.11555 2.6341 -0.567969 -3.10233 2.55326 -0.4142 -3.16995 2.60272 -0.31999 -3.20938 2.6341 -0.567969 -3.10233 2.57118 -0.59534 -3.05315 2.49996 -0.4442 -3.11548 2.55326 -0.4142 -3.16995 2.57118 -0.59534 -3.05315 2.53249 -0.567969 -2.98275 2.45767 -0.4142 -3.05139 2.49996 -0.4442 -3.11548 2.53249 -0.567969 -2.98275 2.52995 -0.469916 -2.88982 2.42823 -0.31999 -2.99443 2.45767 -0.4142 -3.05139 2.45767 -0.4142 -3.05139 2.42823 -0.31999 -2.99443 2.31646 -0.249729 -3.0912 2.351 -0.338908 -3.14049 2.351 -0.338908 -3.14049 2.31646 -0.249729 -3.0912 2.16777 -0.215809 -3.19236 2.20202 -0.308157 -3.2413 2.20202 -0.308157 -3.2413 2.16777 -0.215809 -3.19236 1.97796 -0.20136 -3.31964 2.00909 -0.299562 -3.37047 2.24272 -0.338922 -3.30087 2.20202 -0.308157 -3.2413 2.00909 -0.299562 -3.37047 2.04619 -0.332297 -3.43214 2.28319 -0.308157 -3.36061 2.24272 -0.338922 -3.30087 2.04619 -0.332297 -3.43214 2.0829 -0.299562 -3.49407 2.31607 -0.215809 -3.41045 2.28319 -0.308157 -3.36061 2.0829 -0.299562 -3.49407 2.11287 -0.201358 -3.54568 2.47682 -0.249729 -3.30492 2.43897 -0.338908 -3.25785 2.28319 -0.308157 -3.36061 2.31607 -0.215809 -3.41045 2.60272 -0.31999 -3.20938 2.55326 -0.4142 -3.16995 2.43897 -0.338908 -3.25785 2.47682 -0.249729 -3.30492 2.46005 0.363223 -3.05484 2.50459 0.388138 -3.11144 2.38452 0.477104 -3.20616 2.34208 0.449287 -3.14806 2.50459 0.388138 -3.11144 2.55041 0.363223 -3.16691 2.42808 0.449287 -3.26351 2.38452 0.477104 -3.20616 2.34208 0.449287 -3.14806 2.38452 0.477104 -3.20616 2.23288 0.560744 -3.30745 2.19292 0.530197 -3.24757 2.38452 0.477104 -3.20616 2.42808 0.449287 -3.26351 2.27357 0.530197 -3.36683 2.23288 0.560744 -3.30745 2.52941 0.216166 -2.91479 2.56645 0.282779 -2.96163 2.46005 0.363223 -3.05484 2.42449 0.288475 -3.00677 2.56645 0.282779 -2.96163 2.6129 0.304984 -3.01663 2.50459 0.388138 -3.11144 2.46005 0.363223 -3.05484 2.6129 0.304984 -3.01663 2.66076 0.282779 -3.0704 2.55041 0.363223 -3.16691 2.50459 0.388138 -3.11144 2.66076 0.282779 -3.0704 2.70201 0.216166 -3.11355 2.58984 0.288475 -3.2116 2.55041 0.363223 -3.16691 2.55041 0.363223 -3.16691 2.58984 0.288475 -3.2116 2.46544 0.365838 -3.31018 2.42808 0.449287 -3.26351 2.42808 0.449287 -3.26351 2.46544 0.365838 -3.31018 2.30811 0.438566 -3.41548 2.27357 0.530197 -3.36683 2.27357 0.530197 -3.36683 2.30811 0.438566 -3.41548 2.10859 0.496973 -3.54853 2.0775 0.595177 -3.49767 2.23288 0.560744 -3.30745 2.27357 0.530197 -3.36683 2.0775 0.595177 -3.49767 2.0405 0.62791 -3.43594 2.19292 0.530197 -3.24757 2.23288 0.560744 -3.30745 2.0405 0.62791 -3.43594 2.00389 0.595177 -3.37395 2.16058 0.438566 -3.19746 2.19292 0.530197 -3.24757 2.00389 0.595177 -3.37395 1.97396 0.496973 -3.32232 2.30807 0.365838 -3.09915 2.34208 0.449287 -3.14806 2.19292 0.530197 -3.24757 2.16058 0.438566 -3.19746 2.42449 0.288475 -3.00677 2.46005 0.363223 -3.05484 2.34208 0.449287 -3.14806 2.30807 0.365838 -3.09915 2.61645 0.166458 -3.23774 2.6289 0.00998217 -3.24508 2.50139 0.064914 -3.34602 2.4904 0.230864 -3.33803 2.6289 0.00998217 -3.24508 2.62627 -0.163211 -3.23514 2.4976 -0.105909 -3.33483 2.50139 0.064914 -3.34602 2.4904 0.230864 -3.33803 2.50139 0.064914 -3.34602 2.33989 0.112236 -3.45368 2.33071 0.290871 -3.44491 2.50139 0.064914 -3.34602 2.4976 -0.105909 -3.33483 2.33521 -0.0670089 -3.4421 2.33989 0.112236 -3.45368 2.70201 0.216166 -3.11355 2.73007 0.106121 -3.13874 2.61645 0.166458 -3.23774 2.58984 0.288475 -3.2116 2.73007 0.106121 -3.13874 2.74421 -0.0424796 -3.14666 2.6289 0.00998217 -3.24508 2.61645 0.166458 -3.23774 2.74421 -0.0424796 -3.14666 2.74475 -0.226089 -3.13963 2.62627 -0.163211 -3.23514 2.6289 0.00998217 -3.24508 2.74475 -0.226089 -3.13963 2.7277 -0.469916 -3.11555 2.60272 -0.31999 -3.20938 2.62627 -0.163211 -3.23514 2.62627 -0.163211 -3.23514 2.60272 -0.31999 -3.20938 2.47682 -0.249729 -3.30492 2.4976 -0.105909 -3.33483 2.4976 -0.105909 -3.33483 2.47682 -0.249729 -3.30492 2.31607 -0.215809 -3.41045 2.33521 -0.0670089 -3.4421 2.33521 -0.0670089 -3.4421 2.31607 -0.215809 -3.41045 2.11287 -0.201358 -3.54568 2.13086 -0.0431438 -3.57812 2.33989 0.112236 -3.45368 2.33521 -0.0670089 -3.4421 2.13086 -0.0431438 -3.57812 2.136 0.147806 -3.5895 2.33071 0.290871 -3.44491 2.33989 0.112236 -3.45368 2.136 0.147806 -3.5895 2.1285 0.338757 -3.57969 2.30811 0.438566 -3.41548 2.33071 0.290871 -3.44491 2.1285 0.338757 -3.57969 2.10859 0.496973 -3.54853 2.46544 0.365838 -3.31018 2.4904 0.230864 -3.33803 2.33071 0.290871 -3.44491 2.30811 0.438566 -3.41548 2.58984 0.288475 -3.2116 2.61645 0.166458 -3.23774 2.4904 0.230864 -3.33803 2.46544 0.365838 -3.31018 2.40763 -0.163213 -2.96608 2.39891 0.00998151 -2.96147 2.28391 0.064914 -3.05544 2.29356 -0.105908 -3.06271 2.39891 0.00998151 -2.96147 2.40408 0.166458 -2.9752 2.28849 0.230864 -3.06771 2.28391 0.064914 -3.05544 2.29356 -0.105908 -3.06271 2.28391 0.064914 -3.05544 2.13661 0.112236 -3.15404 2.14549 -0.0670068 -3.16281 2.28391 0.064914 -3.05544 2.28849 0.230864 -3.06771 2.14153 0.290871 -3.16566 2.13661 0.112236 -3.15404 2.52995 -0.469916 -2.88982 2.50852 -0.226089 -2.86958 2.40763 -0.163213 -2.96608 2.42823 -0.31999 -2.99443 2.50852 -0.226089 -2.86958 2.50182 -0.0424783 -2.86889 2.39891 0.00998151 -2.96147 2.40763 -0.163213 -2.96608 2.50182 -0.0424783 -2.86889 2.50809 0.106121 -2.88369 2.40408 0.166458 -2.9752 2.39891 0.00998151 -2.96147 2.50809 0.106121 -2.88369 2.52941 0.216166 -2.91479 2.42449 0.288475 -3.00677 2.40408 0.166458 -2.9752 2.40408 0.166458 -2.9752 2.42449 0.288475 -3.00677 2.30807 0.365838 -3.09915 2.28849 0.230864 -3.06771 2.28849 0.230864 -3.06771 2.30807 0.365838 -3.09915 2.16058 0.438566 -3.19746 2.14153 0.290871 -3.16566 2.14153 0.290871 -3.16566 2.16058 0.438566 -3.19746 1.97396 0.496973 -3.32232 1.95593 0.338757 -3.28991 2.13661 0.112236 -3.15404 2.14153 0.290871 -3.16566 1.95593 0.338757 -3.28991 1.95069 0.147806 -3.27858 2.14549 -0.0670068 -3.16281 2.13661 0.112236 -3.15404 1.95069 0.147806 -3.27858 1.95809 -0.0431431 -3.28845 2.16777 -0.215809 -3.19236 2.14549 -0.0670068 -3.16281 1.95809 -0.0431431 -3.28845 1.97796 -0.20136 -3.31964 2.31646 -0.249729 -3.0912 2.29356 -0.105908 -3.06271 2.14549 -0.0670068 -3.16281 2.16777 -0.215809 -3.19236 2.42823 -0.31999 -2.99443 2.40763 -0.163213 -2.96608 2.29356 -0.105908 -3.06271 2.31646 -0.249729 -3.0912 3.21834 -1.31952 -2.49812 3.14598 -1.04808 -2.57848 3.10554 -1.04495 -2.51132 3.17886 -1.30496 -2.4254 3.14598 -1.04808 -2.57848 3.16877 -0.776894 -2.55487 3.127 -0.785041 -2.4868 3.10554 -1.04495 -2.51132 3.17886 -1.30496 -2.4254 3.10554 -1.04495 -2.51132 3.03048 -1.04808 -2.48372 3.09783 -1.31951 -2.40446 3.10554 -1.04495 -2.51132 3.127 -0.785041 -2.4868 3.04999 -0.776894 -2.459 3.03048 -1.04808 -2.48372 3.36693 -1.64216 -2.41382 3.19762 -1.35058 -2.61656 3.21834 -1.31952 -2.49812 3.38636 -1.54354 -2.25599 3.19762 -1.35058 -2.61656 3.13982 -1.05737 -2.67798 3.14598 -1.04808 -2.57848 3.21834 -1.31952 -2.49812 3.13982 -1.05737 -2.67798 3.16 -0.7648 -2.65963 3.16877 -0.776894 -2.55487 3.14598 -1.04808 -2.57848 3.16 -0.7648 -2.65963 3.27176 -0.477619 -2.54887 3.27484 -0.553158 -2.42279 3.16877 -0.776894 -2.55487 3.16877 -0.776894 -2.55487 3.27484 -0.553158 -2.42279 3.22664 -0.572966 -2.35387 3.127 -0.785041 -2.4868 3.127 -0.785041 -2.4868 3.22664 -0.572966 -2.35387 3.14875 -0.553158 -2.32938 3.04999 -0.776894 -2.459 3.04999 -0.776894 -2.459 3.14875 -0.553158 -2.32938 3.03513 -0.477619 -2.36431 2.94787 -0.7648 -2.48094 3.03048 -1.04808 -2.48372 3.04999 -0.776894 -2.459 2.94787 -0.7648 -2.48094 2.93359 -1.05737 -2.50195 3.09783 -1.31951 -2.40446 3.03048 -1.04808 -2.48372 2.93359 -1.05737 -2.50195 2.98305 -1.35058 -2.44081 3.25583 -1.54354 -2.1689 3.09783 -1.31951 -2.40446 2.98305 -1.35058 -2.44081 3.12314 -1.64216 -2.23883 3.34166 -1.51709 -2.18166 3.17886 -1.30496 -2.4254 3.09783 -1.31951 -2.40446 3.25583 -1.54354 -2.1689 3.38636 -1.54354 -2.25599 3.21834 -1.31952 -2.49812 3.17886 -1.30496 -2.4254 3.34166 -1.51709 -2.18166 2.574 -0.824391 -2.94925 2.60934 -0.838617 -3.01974 2.59963 -1.13468 -3.02825 2.56791 -1.1314 -2.95674 2.60934 -0.838617 -3.01974 2.6744 -0.824391 -3.06421 2.6659 -1.1314 -3.0695 2.59963 -1.13468 -3.02825 2.56791 -1.1314 -2.95674 2.59963 -1.13468 -3.02825 2.52148 -1.43015 -3.09665 2.4951 -1.43737 -3.01836 2.59963 -1.13468 -3.02825 2.6659 -1.1314 -3.0695 2.59241 -1.43737 -3.13595 2.52148 -1.43015 -3.09665 2.52995 -0.469916 -2.88982 2.53249 -0.567969 -2.98275 2.574 -0.824391 -2.94925 2.57971 -0.797753 -2.8614 2.53249 -0.567969 -2.98275 2.57118 -0.59534 -3.05315 2.60934 -0.838617 -3.01974 2.574 -0.824391 -2.94925 2.57118 -0.59534 -3.05315 2.6341 -0.567969 -3.10233 2.6744 -0.824391 -3.06421 2.60934 -0.838617 -3.01974 2.6341 -0.567969 -3.10233 2.7277 -0.469916 -3.11555 2.76548 -0.797753 -3.06736 2.6744 -0.824391 -3.06421 2.6744 -0.824391 -3.06421 2.76548 -0.797753 -3.06736 2.76013 -1.12196 -3.06791 2.6659 -1.1314 -3.0695 2.6659 -1.1314 -3.0695 2.76013 -1.12196 -3.06791 2.70418 -1.44425 -3.12103 2.59241 -1.43737 -3.13595 2.59241 -1.43737 -3.13595 2.70418 -1.44425 -3.12103 2.54988 -1.76031 -3.27088 2.40813 -1.69047 -3.28465 2.52148 -1.43015 -3.09665 2.59241 -1.43737 -3.13595 2.40813 -1.69047 -3.28465 2.33519 -1.67166 -3.23911 2.4951 -1.43737 -3.01836 2.52148 -1.43015 -3.09665 2.33519 -1.67166 -3.23911 2.31528 -1.69047 -3.15815 2.52249 -1.44425 -2.91147 2.4951 -1.43737 -3.01836 2.31528 -1.69047 -3.15815 2.36524 -1.76031 -3.03431 2.57874 -1.12196 -2.86637 2.56791 -1.1314 -2.95674 2.4951 -1.43737 -3.01836 2.52249 -1.44425 -2.91147 2.57971 -0.797753 -2.8614 2.574 -0.824391 -2.94925 2.56791 -1.1314 -2.95674 2.57874 -1.12196 -2.86637 2.87782 -0.789648 -3.01541 2.99211 -0.7844 -2.9203 2.98871 -1.08978 -2.92215 2.87387 -1.10731 -3.01605 2.99211 -0.7844 -2.9203 3.09062 -0.772617 -2.79211 3.08164 -1.07213 -2.79912 2.98871 -1.08978 -2.92215 2.87387 -1.10731 -3.01605 2.98871 -1.08978 -2.92215 2.99028 -1.39486 -2.92237 2.84799 -1.42343 -3.0416 2.98871 -1.08978 -2.92215 3.08164 -1.07213 -2.79912 3.10929 -1.3723 -2.7708 2.99028 -1.39486 -2.92237 2.7277 -0.469916 -3.11555 2.87096 -0.499135 -3.02952 2.87782 -0.789648 -3.01541 2.76548 -0.797753 -3.06736 2.87096 -0.499135 -3.02952 2.99783 -0.508365 -2.91892 2.99211 -0.7844 -2.9203 2.87782 -0.789648 -3.01541 2.99783 -0.508365 -2.91892 3.12072 -0.502327 -2.76697 3.09062 -0.772617 -2.79211 2.99211 -0.7844 -2.9203 3.12072 -0.502327 -2.76697 3.27176 -0.477619 -2.54887 3.16 -0.7648 -2.65963 3.09062 -0.772617 -2.79211 3.09062 -0.772617 -2.79211 3.16 -0.7648 -2.65963 3.13982 -1.05737 -2.67798 3.08164 -1.07213 -2.79912 3.08164 -1.07213 -2.79912 3.13982 -1.05737 -2.67798 3.19762 -1.35058 -2.61656 3.10929 -1.3723 -2.7708 3.10929 -1.3723 -2.7708 3.19762 -1.35058 -2.61656 3.36693 -1.64216 -2.41382 3.15938 -1.64704 -2.72281 2.99028 -1.39486 -2.92237 3.10929 -1.3723 -2.7708 3.15938 -1.64704 -2.72281 2.995 -1.66985 -2.92214 2.84799 -1.42343 -3.0416 2.99028 -1.39486 -2.92237 2.995 -1.66985 -2.92214 2.81054 -1.70614 -3.08255 2.70418 -1.44425 -3.12103 2.84799 -1.42343 -3.0416 2.81054 -1.70614 -3.08255 2.54988 -1.76031 -3.27088 2.76013 -1.12196 -3.06791 2.87387 -1.10731 -3.01605 2.84799 -1.42343 -3.0416 2.70418 -1.44425 -3.12103 2.76548 -0.797753 -3.06736 2.87782 -0.789648 -3.01541 2.87387 -1.10731 -3.01605 2.76013 -1.12196 -3.06791 4.0276 -1.72401 -0.597354 3.87864 -1.72276 -1.22082 3.80664 -1.70032 -1.20059 3.94699 -1.70406 -0.611898 3.87864 -1.72276 -1.22082 3.643 -1.67125 -1.80775 3.58263 -1.64511 -1.75764 3.80664 -1.70032 -1.20059 3.94699 -1.70406 -0.611898 3.80664 -1.70032 -1.20059 3.73611 -1.72276 -1.17605 3.87658 -1.72401 -0.575181 3.80664 -1.70032 -1.20059 3.58263 -1.64511 -1.75764 3.5063 -1.67125 -1.73985 3.73611 -1.72276 -1.17605 4.14065 -1.74641 0.143496 4.09862 -1.78921 -0.559112 4.0276 -1.72401 -0.597354 4.07423 -1.68638 -0.0639422 4.09862 -1.78921 -0.559112 3.93821 -1.79168 -1.23465 3.87864 -1.72276 -1.22082 4.0276 -1.72401 -0.597354 3.93821 -1.79168 -1.23465 3.68573 -1.75322 -1.86209 3.643 -1.67125 -1.80775 3.87864 -1.72276 -1.22082 3.68573 -1.75322 -1.86209 3.36693 -1.64216 -2.41382 3.38636 -1.54354 -2.25599 3.643 -1.67125 -1.80775 3.643 -1.67125 -1.80775 3.38636 -1.54354 -2.25599 3.34166 -1.51709 -2.18166 3.58263 -1.64511 -1.75764 3.58263 -1.64511 -1.75764 3.34166 -1.51709 -2.18166 3.25583 -1.54354 -2.1689 3.5063 -1.67125 -1.73985 3.5063 -1.67125 -1.73985 3.25583 -1.54354 -2.1689 3.12314 -1.64216 -2.23883 3.43823 -1.75322 -1.73691 3.73611 -1.72276 -1.17605 3.5063 -1.67125 -1.73985 3.43823 -1.75322 -1.73691 3.67944 -1.79168 -1.1537 3.87658 -1.72401 -0.575181 3.73611 -1.72276 -1.17605 3.67944 -1.79168 -1.1537 3.82375 -1.78921 -0.522036 3.91733 -1.68638 -0.0615023 3.87658 -1.72401 -0.575181 3.82375 -1.78921 -0.522036 3.84073 -1.74641 0.133215 3.99215 -1.67044 -0.11667 3.94699 -1.70406 -0.611898 3.87658 -1.72401 -0.575181 3.91733 -1.68638 -0.0615023 4.07423 -1.68638 -0.0639422 4.0276 -1.72401 -0.597354 3.94699 -1.70406 -0.611898 3.99215 -1.67044 -0.11667 3.51327 -2.32807 -1.73554 3.57779 -2.34858 -1.76745 3.81115 -2.34818 -1.18731 3.74241 -2.32736 -1.16594 3.57779 -2.34858 -1.76745 3.64231 -2.32807 -1.79935 3.87989 -2.32736 -1.20867 3.81115 -2.34818 -1.18731 3.74241 -2.32736 -1.16594 3.81115 -2.34818 -1.18731 3.95893 -2.34803 -0.551879 3.88762 -2.3271 -0.542051 3.81115 -2.34818 -1.18731 3.87989 -2.32736 -1.20867 4.03024 -2.3271 -0.561706 3.95893 -2.34803 -0.551879 3.20059 -2.26967 -2.15589 3.25003 -2.32945 -2.18925 3.51327 -2.32807 -1.73554 3.45981 -2.26651 -1.7091 3.25003 -2.32945 -2.18925 3.3097 -2.34938 -2.2295 3.57779 -2.34858 -1.76745 3.51327 -2.32807 -1.73554 3.3097 -2.34938 -2.2295 3.36938 -2.32945 -2.26975 3.64231 -2.32807 -1.79935 3.57779 -2.34858 -1.76745 3.36938 -2.32945 -2.26975 3.41882 -2.26967 -2.3031 3.69577 -2.26651 -1.82579 3.64231 -2.32807 -1.79935 3.64231 -2.32807 -1.79935 3.69577 -2.26651 -1.82579 3.93684 -2.26489 -1.22638 3.87989 -2.32736 -1.20867 3.87989 -2.32736 -1.20867 3.93684 -2.26489 -1.22638 4.08932 -2.26429 -0.569849 4.03024 -2.3271 -0.561706 4.03024 -2.3271 -0.561706 4.08932 -2.26429 -0.569849 4.12743 -2.2642 0.0640363 4.0678 -2.32706 0.0631184 3.95893 -2.34803 -0.551879 4.03024 -2.3271 -0.561706 4.0678 -2.32706 0.0631184 3.99583 -2.34801 0.0620121 3.88762 -2.3271 -0.542051 3.95893 -2.34803 -0.551879 3.99583 -2.34801 0.0620121 3.92385 -2.32706 0.0609073 3.82854 -2.26429 -0.533904 3.88762 -2.3271 -0.542051 3.92385 -2.32706 0.0609073 3.86422 -2.2642 0.0599913 3.68547 -2.26489 -1.14824 3.74241 -2.32736 -1.16594 3.88762 -2.3271 -0.542051 3.82854 -2.26429 -0.533904 3.45981 -2.26651 -1.7091 3.51327 -2.32807 -1.73554 3.74241 -2.32736 -1.16594 3.68547 -2.26489 -1.14824 3.78998 -1.90271 -0.513586 3.64634 -1.9043 -1.13953 3.63706 -2.03714 -1.13426 3.77905 -2.03581 -0.521795 3.64634 -1.9043 -1.13953 3.41116 -1.88816 -1.71301 3.4104 -2.03515 -1.69395 3.63706 -2.03714 -1.13426 3.77905 -2.03581 -0.521795 3.63706 -2.03714 -1.13426 3.64995 -2.16354 -1.13733 3.7918 -2.16246 -0.528178 3.63706 -2.03714 -1.13426 3.4104 -2.03515 -1.69395 3.42598 -2.16578 -1.69354 3.64995 -2.16354 -1.13733 3.84073 -1.74641 0.133215 3.82375 -1.78921 -0.522036 3.78998 -1.90271 -0.513586 3.81458 -1.89289 0.0862243 3.82375 -1.78921 -0.522036 3.67944 -1.79168 -1.1537 3.64634 -1.9043 -1.13953 3.78998 -1.90271 -0.513586 3.67944 -1.79168 -1.1537 3.43823 -1.75322 -1.73691 3.41116 -1.88816 -1.71301 3.64634 -1.9043 -1.13953 3.43823 -1.75322 -1.73691 3.12314 -1.64216 -2.23883 3.13816 -1.86743 -2.16338 3.41116 -1.88816 -1.71301 3.41116 -1.88816 -1.71301 3.13816 -1.86743 -2.16338 3.15029 -2.03592 -2.13632 3.4104 -2.03515 -1.69395 3.4104 -2.03515 -1.69395 3.15029 -2.03592 -2.13632 3.16872 -2.17071 -2.1362 3.42598 -2.16578 -1.69354 3.42598 -2.16578 -1.69354 3.16872 -2.17071 -2.1362 3.20059 -2.26967 -2.15589 3.45981 -2.26651 -1.7091 3.64995 -2.16354 -1.13733 3.42598 -2.16578 -1.69354 3.45981 -2.26651 -1.7091 3.68547 -2.26489 -1.14824 3.7918 -2.16246 -0.528178 3.64995 -2.16354 -1.13733 3.68547 -2.26489 -1.14824 3.82854 -2.26429 -0.533904 3.82672 -2.16201 0.0603941 3.7918 -2.16246 -0.528178 3.82854 -2.26429 -0.533904 3.86422 -2.2642 0.0599913 3.81098 -2.0333 0.0669865 3.77905 -2.03581 -0.521795 3.7918 -2.16246 -0.528178 3.82672 -2.16201 0.0603941 3.81458 -1.89289 0.0862243 3.78998 -1.90271 -0.513586 3.77905 -2.03581 -0.521795 3.81098 -2.0333 0.0669865 2.23534 -1.28911 3.50877 2.80753 -1.29194 3.07221 2.81233 -1.23974 3.08319 2.24151 -1.23879 3.51934 2.80753 -1.29194 3.07221 3.28523 -1.29896 2.56883 3.28388 -1.24189 2.58441 2.81233 -1.23974 3.08319 2.24151 -1.23879 3.51934 2.81233 -1.23974 3.08319 2.8018 -1.18874 3.07544 2.23458 -1.18862 3.50907 2.81233 -1.23974 3.08319 3.28388 -1.24189 2.58441 3.268 -1.18901 2.58175 2.8018 -1.18874 3.07544 1.59037 -1.33018 3.81161 2.21528 -1.33086 3.47774 2.23534 -1.28911 3.50877 1.60463 -1.28871 3.84577 2.21528 -1.33086 3.47774 2.7816 -1.33563 3.04646 2.80753 -1.29194 3.07221 2.23534 -1.28911 3.50877 2.7816 -1.33563 3.04646 3.25616 -1.34912 2.54912 3.28523 -1.29896 2.56883 2.80753 -1.29194 3.07221 3.25616 -1.34912 2.54912 3.63607 -1.38254 1.98817 3.63849 -1.30758 2.04928 3.28523 -1.29896 2.56883 3.28523 -1.29896 2.56883 3.63849 -1.30758 2.04928 3.63118 -1.24411 2.07508 3.28388 -1.24189 2.58441 3.28388 -1.24189 2.58441 3.63118 -1.24411 2.07508 3.61192 -1.18929 2.07961 3.268 -1.18901 2.58175 3.268 -1.18901 2.58175 3.61192 -1.18929 2.07961 3.5765 -1.14714 2.06655 3.23684 -1.14714 2.56092 2.8018 -1.18874 3.07544 3.268 -1.18901 2.58175 3.23684 -1.14714 2.56092 2.77613 -1.14714 3.04864 2.23458 -1.18862 3.50907 2.8018 -1.18874 3.07544 2.77613 -1.14714 3.04864 2.21458 -1.14714 3.47792 1.60463 -1.18861 3.84577 2.23458 -1.18862 3.50907 2.21458 -1.14714 3.47792 1.59037 -1.14714 3.81161 1.60938 -1.23866 3.85716 2.24151 -1.23879 3.51934 2.23458 -1.18862 3.50907 1.60463 -1.18861 3.84577 1.60463 -1.28871 3.84577 2.23534 -1.28911 3.50877 2.24151 -1.23879 3.51934 1.60938 -1.23866 3.85716 2.10442 -1.35674 3.3065 2.63382 -1.36244 2.90087 2.67745 -1.37123 2.96013 2.14242 -1.36534 3.36787 2.63382 -1.36244 2.90087 3.05791 -1.37843 2.45023 3.10027 -1.38752 2.51734 2.67745 -1.37123 2.96013 2.14242 -1.36534 3.36787 2.67745 -1.37123 2.96013 2.73244 -1.36244 3.00944 2.18199 -1.35674 3.42818 2.67745 -1.37123 2.96013 3.10027 -1.38752 2.51734 3.17671 -1.37843 2.54552 2.73244 -1.36244 3.00944 1.48898 -1.33018 3.56867 2.07344 -1.33086 3.2554 2.10442 -1.35674 3.3065 1.51195 -1.35592 3.62371 2.07344 -1.33086 3.2554 2.60141 -1.33563 2.84918 2.63382 -1.36244 2.90087 2.10442 -1.35674 3.3065 2.60141 -1.33563 2.84918 3.03825 -1.34912 2.37833 3.05791 -1.37843 2.45023 2.63382 -1.36244 2.90087 3.03825 -1.34912 2.37833 3.37284 -1.38254 1.84406 3.34031 -1.41273 2.04253 3.05791 -1.37843 2.45023 3.05791 -1.37843 2.45023 3.34031 -1.41273 2.04253 3.37814 -1.42078 2.12705 3.10027 -1.38752 2.51734 3.10027 -1.38752 2.51734 3.37814 -1.42078 2.12705 3.47412 -1.41272 2.12449 3.17671 -1.37843 2.54552 3.17671 -1.37843 2.54552 3.47412 -1.41272 2.12449 3.63607 -1.38254 1.98817 3.25616 -1.34912 2.54912 2.73244 -1.36244 3.00944 3.17671 -1.37843 2.54552 3.25616 -1.34912 2.54912 2.7816 -1.33563 3.04646 2.18199 -1.35674 3.42818 2.73244 -1.36244 3.00944 2.7816 -1.33563 3.04646 2.21528 -1.33086 3.47774 1.5674 -1.35592 3.75657 2.18199 -1.35674 3.42818 2.21528 -1.33086 3.47774 1.59037 -1.33018 3.81161 1.53967 -1.3645 3.69014 2.14242 -1.36534 3.36787 2.18199 -1.35674 3.42818 1.5674 -1.35592 3.75657 1.51195 -1.35592 3.62371 2.10442 -1.35674 3.3065 2.14242 -1.36534 3.36787 1.53967 -1.3645 3.69014 0.87553 -1.18787 3.72252 0.873328 -1.23842 3.7105 0.297235 -1.2367 3.79812 0.293371 -1.18267 3.80982 0.873328 -1.23842 3.7105 0.876671 -1.28868 3.72246 0.302458 -1.28847 3.81057 0.297235 -1.2367 3.79812 0.293371 -1.18267 3.80982 0.297235 -1.2367 3.79812 -0.231834 -1.23272 3.80142 -0.248766 -1.16968 3.80952 0.297235 -1.2367 3.79812 0.302458 -1.28847 3.81057 -0.218859 -1.28797 3.81606 -0.231834 -1.23272 3.80142 1.48898 -1.14714 3.56868 1.47472 -1.18861 3.53451 0.87553 -1.18787 3.72252 0.884019 -1.14585 3.75848 1.47472 -1.18861 3.53451 1.46997 -1.23866 3.52312 0.873328 -1.23842 3.7105 0.87553 -1.18787 3.72252 1.46997 -1.23866 3.52312 1.47472 -1.28871 3.53451 0.876671 -1.28868 3.72246 0.873328 -1.23842 3.7105 1.47472 -1.28871 3.53451 1.48898 -1.33018 3.56867 0.885465 -1.33018 3.75845 0.876671 -1.28868 3.72246 0.876671 -1.28868 3.72246 0.885465 -1.33018 3.75845 0.308199 -1.33018 3.84734 0.302458 -1.28847 3.81057 0.302458 -1.28847 3.81057 0.308199 -1.33018 3.84734 -0.211434 -1.33018 3.85386 -0.218859 -1.28797 3.81606 -0.218859 -1.28797 3.81606 -0.211434 -1.33018 3.85386 -0.648005 -1.33018 3.80567 -0.663339 -1.28742 3.76443 -0.231834 -1.23272 3.80142 -0.218859 -1.28797 3.81606 -0.663339 -1.28742 3.76443 -0.689912 -1.22832 3.74356 -0.248766 -1.16968 3.80952 -0.231834 -1.23272 3.80142 -0.689912 -1.22832 3.74356 -0.727317 -1.15268 3.74113 -0.251893 -1.11115 3.8443 -0.248766 -1.16968 3.80952 -0.727317 -1.15268 3.74113 -0.782336 -1.04727 3.7601 0.296737 -1.1368 3.84613 0.293371 -1.18267 3.80982 -0.248766 -1.16968 3.80952 -0.251893 -1.11115 3.8443 0.884019 -1.14585 3.75848 0.87553 -1.18787 3.72252 0.293371 -1.18267 3.80982 0.296737 -1.1368 3.84613 0.419946 0.0110216 3.79814 0.41387 -0.0992793 3.78924 -0.0127423 -0.106527 3.81714 -0.0112957 -0.00272632 3.82909 0.41387 -0.0992793 3.78924 0.408637 -0.202424 3.80322 -0.0147363 -0.21076 3.82884 -0.0127423 -0.106527 3.81714 -0.0112957 -0.00272632 3.82909 -0.0127423 -0.106527 3.81714 -0.437617 -0.113309 3.7877 -0.438173 -0.0086804 3.80129 -0.0127423 -0.106527 3.81714 -0.0147363 -0.21076 3.82884 -0.439499 -0.226591 3.79686 -0.437617 -0.113309 3.7877 0.865717 0.168677 3.74358 0.845254 0.0288872 3.71772 0.419946 0.0110216 3.79814 0.412357 0.106906 3.8336 0.845254 0.0288872 3.71772 0.828535 -0.0921943 3.716 0.41387 -0.0992793 3.78924 0.419946 0.0110216 3.79814 0.828535 -0.0921943 3.716 0.816265 -0.19749 3.73399 0.408637 -0.202424 3.80322 0.41387 -0.0992793 3.78924 0.816265 -0.19749 3.73399 0.811197 -0.27871 3.77316 0.40749 -0.284502 3.84049 0.408637 -0.202424 3.80322 0.408637 -0.202424 3.80322 0.40749 -0.284502 3.84049 -0.0122982 -0.296928 3.86555 -0.0147363 -0.21076 3.82884 -0.0147363 -0.21076 3.82884 -0.0122982 -0.296928 3.86555 -0.431224 -0.32663 3.83236 -0.439499 -0.226591 3.79686 -0.439499 -0.226591 3.79686 -0.431224 -0.32663 3.83236 -0.8646 -0.398384 3.7438 -0.850362 -0.245306 3.71671 -0.437617 -0.113309 3.7877 -0.439499 -0.226591 3.79686 -0.850362 -0.245306 3.71671 -0.846078 -0.118396 3.71254 -0.438173 -0.0086804 3.80129 -0.437617 -0.113309 3.7877 -0.846078 -0.118396 3.71254 -0.848307 -0.0100456 3.72765 -0.442746 0.0739576 3.83817 -0.438173 -0.0086804 3.80129 -0.848307 -0.0100456 3.72765 -0.856404 0.0727339 3.7642 -0.0153125 0.0825219 3.86534 -0.0112957 -0.00272632 3.82909 -0.438173 -0.0086804 3.80129 -0.442746 0.0739576 3.83817 0.412357 0.106906 3.8336 0.419946 0.0110216 3.79814 -0.0112957 -0.00272632 3.82909 -0.0153125 0.0825219 3.86534 0.448048 1.19983 3.80064 0.446316 1.0646 3.78713 0.0164388 1.06577 3.81687 0.0151935 1.20117 3.82881 0.446316 1.0646 3.78713 0.445172 0.920098 3.79649 0.017517 0.929218 3.82865 0.0164388 1.06577 3.81687 0.0151935 1.20117 3.82881 0.0164388 1.06577 3.81687 -0.402029 1.07197 3.79002 -0.408666 1.21163 3.79888 0.0164388 1.06577 3.81687 0.017517 0.929218 3.82865 -0.396621 0.937568 3.80401 -0.402029 1.07197 3.79002 0.890531 1.31065 3.75744 0.881878 1.20636 3.72102 0.448048 1.19983 3.80064 0.452828 1.30751 3.83751 0.881878 1.20636 3.72102 0.877919 1.07172 3.70625 0.446316 1.0646 3.78713 0.448048 1.19983 3.80064 0.877919 1.07172 3.70625 0.877772 0.918107 3.7113 0.445172 0.920098 3.79649 0.446316 1.0646 3.78713 0.877772 0.918107 3.7113 0.881404 0.743639 3.74048 0.431627 0.793693 3.83233 0.445172 0.920098 3.79649 0.445172 0.920098 3.79649 0.431627 0.793693 3.83233 0.0135977 0.815911 3.86546 0.017517 0.929218 3.82865 0.017517 0.929218 3.82865 0.0135977 0.815911 3.86546 -0.395478 0.828749 3.84129 -0.396621 0.937568 3.80401 -0.396621 0.937568 3.80401 -0.395478 0.828749 3.84129 -0.78215 0.840909 3.77892 -0.787644 0.947468 3.73967 -0.402029 1.07197 3.79002 -0.396621 0.937568 3.80401 -0.787644 0.947468 3.73967 -0.800432 1.08109 3.72157 -0.408666 1.21163 3.79888 -0.402029 1.07197 3.79002 -0.800432 1.08109 3.72157 -0.818024 1.22562 3.72311 -0.402447 1.3298 3.83425 -0.408666 1.21163 3.79888 -0.818024 1.22562 3.72311 -0.840291 1.3738 3.74861 0.0188607 1.31203 3.8651 0.0151935 1.20117 3.82881 -0.408666 1.21163 3.79888 -0.402447 1.3298 3.83425 0.452828 1.30751 3.83751 0.448048 1.19983 3.80064 0.0151935 1.20117 3.82881 0.0188607 1.31203 3.8651 0.477794 1.37362 4.04006 0.470266 1.39559 3.96834 0.0369637 1.40144 3.99751 0.0307649 1.37945 4.0713 0.470266 1.39559 3.96834 0.461051 1.37362 3.89674 0.0296669 1.37945 3.92463 0.0369637 1.40144 3.99751 0.0307649 1.37945 4.0713 0.0369637 1.40144 3.99751 -0.350359 1.41857 3.97642 -0.380619 1.39772 4.05067 0.0369637 1.40144 3.99751 0.0296669 1.37945 3.92463 -0.366545 1.39772 3.89904 -0.350359 1.41857 3.97642 0.950934 1.31065 4.01366 0.937249 1.37444 3.95562 0.477794 1.37362 4.04006 0.483343 1.30751 4.09948 0.937249 1.37444 3.95562 0.920733 1.39571 3.88555 0.470266 1.39559 3.96834 0.477794 1.37362 4.04006 0.920733 1.39571 3.88555 0.904217 1.37444 3.8155 0.461051 1.37362 3.89674 0.470266 1.39559 3.96834 0.904217 1.37444 3.8155 0.890531 1.31065 3.75744 0.452828 1.30751 3.83751 0.461051 1.37362 3.89674 0.461051 1.37362 3.89674 0.452828 1.30751 3.83751 0.0188607 1.31203 3.8651 0.0296669 1.37945 3.92463 0.0296669 1.37945 3.92463 0.0188607 1.31203 3.8651 -0.402447 1.3298 3.83425 -0.366545 1.39772 3.89904 -0.366545 1.39772 3.89904 -0.402447 1.3298 3.83425 -0.840291 1.3738 3.74861 -0.683627 1.43574 3.85274 -0.350359 1.41857 3.97642 -0.366545 1.39772 3.89904 -0.683627 1.43574 3.85274 -0.64955 1.4525 3.9395 -0.380619 1.39772 4.05067 -0.350359 1.41857 3.97642 -0.64955 1.4525 3.9395 -0.710829 1.43574 4.00729 -0.430978 1.3298 4.10965 -0.380619 1.39772 4.05067 -0.710829 1.43574 4.00729 -0.905566 1.3738 4.04152 0.0201519 1.31203 4.13228 0.0307649 1.37945 4.0713 -0.380619 1.39772 4.05067 -0.430978 1.3298 4.10965 0.483343 1.30751 4.09948 0.477794 1.37362 4.04006 0.0307649 1.37945 4.0713 0.0201519 1.31203 4.13228 -0.431222 0.937568 4.14027 0.0190586 0.929218 4.16889 0.0179911 1.06577 4.18081 -0.440058 1.07197 4.1533 0.0190586 0.929218 4.16889 0.485032 0.920096 4.1409 0.488516 1.0646 4.14994 0.0179911 1.06577 4.18081 -0.440058 1.07197 4.1533 0.0179911 1.06577 4.18081 0.0165306 1.20117 4.16905 -0.44527 1.21163 4.14364 0.0179911 1.06577 4.18081 0.488516 1.0646 4.14994 0.487116 1.19983 4.13641 0.0165306 1.20117 4.16905 -0.835169 0.840909 4.03677 -0.422142 0.82875 4.10367 -0.431222 0.937568 4.14027 -0.856897 0.947469 4.07061 -0.422142 0.82875 4.10367 0.0145287 0.815911 4.13265 0.0190586 0.929218 4.16889 -0.431222 0.937568 4.14027 0.0145287 0.815911 4.13265 0.462218 0.793692 4.1075 0.485032 0.920096 4.1409 0.0190586 0.929218 4.16889 0.462218 0.793692 4.1075 0.949881 0.743639 4.03266 0.95993 0.918106 4.06055 0.485032 0.920096 4.1409 0.485032 0.920096 4.1409 0.95993 0.918106 4.06055 0.962457 1.07172 4.06507 0.488516 1.0646 4.14994 0.488516 1.0646 4.14994 0.962457 1.07172 4.06507 0.959455 1.20636 4.05012 0.487116 1.19983 4.13641 0.487116 1.19983 4.13641 0.959455 1.20636 4.05012 0.950934 1.31065 4.01366 0.483343 1.30751 4.09948 0.0165306 1.20117 4.16905 0.487116 1.19983 4.13641 0.483343 1.30751 4.09948 0.0201519 1.31203 4.13228 -0.44527 1.21163 4.14364 0.0165306 1.20117 4.16905 0.0201519 1.31203 4.13228 -0.430978 1.3298 4.10965 -0.894572 1.22562 4.07364 -0.44527 1.21163 4.14364 -0.430978 1.3298 4.10965 -0.905566 1.3738 4.04152 -0.877482 1.08109 4.08208 -0.440058 1.07197 4.1533 -0.44527 1.21163 4.14364 -0.894572 1.22562 4.07364 -0.856897 0.947469 4.07061 -0.431222 0.937568 4.14027 -0.440058 1.07197 4.1533 -0.877482 1.08109 4.08208 -0.294792 1.85522 4.14936 -0.295803 1.93272 4.16154 -0.542401 1.9298 4.14503 -0.539698 1.85061 4.1338 -0.295803 1.93272 4.16154 -0.294827 2.01007 4.14918 -0.539903 2.00786 4.13242 -0.542401 1.9298 4.14503 -0.539698 1.85061 4.1338 -0.542401 1.9298 4.14503 -0.785829 1.92229 4.09853 -0.781524 1.83877 4.08998 -0.542401 1.9298 4.14503 -0.539903 2.00786 4.13242 -0.779849 2.00192 4.08572 -0.785829 1.92229 4.09853 -0.0246503 1.79186 4.13001 -0.0248692 1.85587 4.16703 -0.294792 1.85522 4.14936 -0.291524 1.79099 4.11254 -0.0248692 1.85587 4.16703 -0.0249422 1.93313 4.17937 -0.295803 1.93272 4.16154 -0.294792 1.85522 4.14936 -0.0249422 1.93313 4.17937 -0.0248692 2.01039 4.16703 -0.294827 2.01007 4.14918 -0.295803 1.93272 4.16154 -0.0248692 2.01039 4.16703 -0.0246503 2.0744 4.13001 -0.292049 2.07409 4.11226 -0.294827 2.01007 4.14918 -0.294827 2.01007 4.14918 -0.292049 2.07409 4.11226 -0.533681 2.07192 4.09575 -0.539903 2.00786 4.13242 -0.539903 2.00786 4.13242 -0.533681 2.07192 4.09575 -0.767948 2.06604 4.05014 -0.779849 2.00192 4.08572 -0.779849 2.00192 4.08572 -0.767948 2.06604 4.05014 -1.02041 2.05457 3.99974 -1.04195 1.99059 4.03355 -0.785829 1.92229 4.09853 -0.779849 2.00192 4.08572 -1.04195 1.99059 4.03355 -1.057 1.90974 4.04607 -0.781524 1.83877 4.08998 -0.785829 1.92229 4.09853 -1.057 1.90974 4.04607 -1.05907 1.82091 4.04063 -0.757557 1.76777 4.05915 -0.781524 1.83877 4.08998 -1.05907 1.82091 4.04063 -1.0358 1.72618 4.01542 -0.529594 1.7849 4.09801 -0.539698 1.85061 4.1338 -0.781524 1.83877 4.08998 -0.757557 1.76777 4.05915 -0.291524 1.79099 4.11254 -0.294792 1.85522 4.14936 -0.539698 1.85061 4.1338 -0.529594 1.7849 4.09801 4.09473 -0.221242 -0.728797 4.10691 -0.13323 -0.730487 4.14666 -0.133231 -0.40154 4.1346 -0.217904 -0.404021 4.10691 -0.13323 -0.730487 4.09473 -0.0452193 -0.728795 4.1346 -0.0485592 -0.40402 4.14666 -0.133231 -0.40154 4.1346 -0.217904 -0.404021 4.14666 -0.133231 -0.40154 4.14635 -0.133232 -0.13699 4.13509 -0.210444 -0.148416 4.14666 -0.133231 -0.40154 4.1346 -0.0485592 -0.40402 4.13508 -0.0560206 -0.148414 4.14635 -0.133232 -0.13699 3.98184 -0.295038 -1.09319 4.01754 -0.221719 -1.10296 4.09473 -0.221242 -0.728797 4.05837 -0.294171 -0.72283 4.01754 -0.221719 -1.10296 4.02944 -0.133232 -1.10622 4.10691 -0.13323 -0.730487 4.09473 -0.221242 -0.728797 4.02944 -0.133232 -1.10622 4.01754 -0.0447433 -1.10296 4.09473 -0.0452193 -0.728795 4.10691 -0.13323 -0.730487 4.01754 -0.0447433 -1.10296 3.98184 0.0285761 -1.09319 4.05837 0.0277102 -0.722832 4.09473 -0.0452193 -0.728795 4.09473 -0.0452193 -0.728795 4.05837 0.0277102 -0.722832 4.09901 0.0216473 -0.404195 4.1346 -0.0485592 -0.40402 4.1346 -0.0485592 -0.40402 4.09901 0.0216473 -0.404195 4.10322 0.00669038 -0.160668 4.13508 -0.0560206 -0.148414 4.13508 -0.0560206 -0.148414 4.10322 0.00669038 -0.160668 4.09743 -0.0118768 -0.0195026 4.11124 -0.061233 0.0286606 4.14635 -0.133232 -0.13699 4.13508 -0.0560206 -0.148414 4.11124 -0.061233 0.0286606 4.11688 -0.133232 0.052978 4.13509 -0.210444 -0.148416 4.14635 -0.133232 -0.13699 4.11688 -0.133232 0.052978 4.11124 -0.205232 0.0286606 4.10322 -0.273155 -0.160668 4.13509 -0.210444 -0.148416 4.11124 -0.205232 0.0286606 4.09743 -0.254587 -0.0195045 4.09901 -0.288109 -0.404193 4.1346 -0.217904 -0.404021 4.13509 -0.210444 -0.148416 4.10322 -0.273155 -0.160668 4.05837 -0.294171 -0.72283 4.09473 -0.221242 -0.728797 4.1346 -0.217904 -0.404021 4.09901 -0.288109 -0.404193 0.168289 -2.22503 -3.82059 0.167351 -2.13918 -3.80835 -0.161437 -2.13918 -3.81544 -0.158694 -2.22178 -3.82751 0.167351 -2.13918 -3.80835 0.168289 -2.05332 -3.82059 -0.158692 -2.05658 -3.82751 -0.161437 -2.13918 -3.81544 -0.158694 -2.22178 -3.82751 -0.161437 -2.13918 -3.81544 -0.411272 -2.13918 -3.81677 -0.401738 -2.2145 -3.8279 -0.161437 -2.13918 -3.81544 -0.158692 -2.05658 -3.82751 -0.401738 -2.06386 -3.8279 -0.411272 -2.13918 -3.81677 0.579578 -2.29702 -3.81937 0.574079 -2.2255 -3.78276 0.168289 -2.22503 -3.82059 0.170298 -2.29618 -3.85736 0.574079 -2.2255 -3.78276 0.572246 -2.13918 -3.77056 0.167351 -2.13918 -3.80835 0.168289 -2.22503 -3.82059 0.572246 -2.13918 -3.77056 0.574079 -2.05286 -3.78276 0.168289 -2.05332 -3.82059 0.167351 -2.13918 -3.80835 0.574079 -2.05286 -3.78276 0.579578 -1.98134 -3.81937 0.170298 -1.98218 -3.85736 0.168289 -2.05332 -3.82059 0.168289 -2.05332 -3.82059 0.170298 -1.98218 -3.85736 -0.156875 -1.9881 -3.86321 -0.158692 -2.05658 -3.82751 -0.158692 -2.05658 -3.82751 -0.156875 -1.9881 -3.86321 -0.392672 -2.00269 -3.85955 -0.401738 -2.06386 -3.8279 -0.401738 -2.06386 -3.8279 -0.392672 -2.00269 -3.85955 -0.525784 -2.0208 -3.86367 -0.567371 -2.06894 -3.84067 -0.411272 -2.13918 -3.81677 -0.401738 -2.06386 -3.8279 -0.567371 -2.06894 -3.84067 -0.588136 -2.13918 -3.82914 -0.401738 -2.2145 -3.8279 -0.411272 -2.13918 -3.81677 -0.588136 -2.13918 -3.82914 -0.56737 -2.20941 -3.84067 -0.392672 -2.27567 -3.85955 -0.401738 -2.2145 -3.8279 -0.56737 -2.20941 -3.84067 -0.525784 -2.25756 -3.86367 -0.156875 -2.29026 -3.86321 -0.158694 -2.22178 -3.82751 -0.401738 -2.2145 -3.8279 -0.392672 -2.27567 -3.85955 0.170298 -2.29618 -3.85736 0.168289 -2.22503 -3.82059 -0.158694 -2.22178 -3.82751 -0.156875 -2.29026 -3.86321 3.00314 -1.18901 2.37228 2.99706 -1.24189 2.35843 2.56769 -1.23974 2.81508 2.57453 -1.18874 2.82606 2.99706 -1.24189 2.35843 3.01223 -1.29896 2.35512 2.57805 -1.29194 2.82118 2.56769 -1.23974 2.81508 2.57453 -1.18874 2.82606 2.56769 -1.23974 2.81508 2.0468 -1.23879 3.21407 2.05322 -1.18862 3.22469 2.56769 -1.23974 2.81508 2.57805 -1.29194 2.82118 2.05374 -1.28911 3.22413 2.0468 -1.23879 3.21407 3.34866 -1.14714 1.9347 3.31902 -1.18929 1.91071 3.00314 -1.18901 2.37228 3.03049 -1.14714 2.39748 3.31902 -1.18929 1.91071 3.31122 -1.2441 1.89197 2.99706 -1.24189 2.35843 3.00314 -1.18901 2.37228 3.31122 -1.2441 1.89197 3.32598 -1.30759 1.87303 3.01223 -1.29896 2.35512 2.99706 -1.24189 2.35843 3.32598 -1.30759 1.87303 3.37284 -1.38254 1.84406 3.03825 -1.34912 2.37833 3.01223 -1.29896 2.35512 3.01223 -1.29896 2.35512 3.03825 -1.34912 2.37833 2.60141 -1.33563 2.84918 2.57805 -1.29194 2.82118 2.57805 -1.29194 2.82118 2.60141 -1.33563 2.84918 2.07344 -1.33086 3.2554 2.05374 -1.28911 3.22413 2.05374 -1.28911 3.22413 2.07344 -1.33086 3.2554 1.48898 -1.33018 3.56867 1.47472 -1.28871 3.53451 2.0468 -1.23879 3.21407 2.05374 -1.28911 3.22413 1.47472 -1.28871 3.53451 1.46997 -1.23866 3.52312 2.05322 -1.18862 3.22469 2.0468 -1.23879 3.21407 1.46997 -1.23866 3.52312 1.47472 -1.18861 3.53451 2.07304 -1.14714 3.25596 2.05322 -1.18862 3.22469 1.47472 -1.18861 3.53451 1.48898 -1.14714 3.56868 2.59886 -1.14714 2.85404 2.57453 -1.18874 2.82606 2.05322 -1.18862 3.22469 2.07304 -1.14714 3.25596 3.03049 -1.14714 2.39748 3.00314 -1.18901 2.37228 2.57453 -1.18874 2.82606 2.59886 -1.14714 2.85404 -0.20892 -1.35592 3.9138 0.314602 -1.35592 3.90669 0.320885 -1.3645 3.9784 -0.210763 -1.3645 3.98581 0.314602 -1.35592 3.90669 0.899281 -1.35592 3.81647 0.915778 -1.3645 3.88654 0.320885 -1.3645 3.9784 -0.210763 -1.3645 3.98581 0.320885 -1.3645 3.9784 0.326013 -1.35592 4.05019 -0.216503 -1.35592 4.05756 0.320885 -1.3645 3.9784 0.915778 -1.3645 3.88654 0.932133 -1.35592 3.95663 0.326013 -1.35592 4.05019 -0.648005 -1.33018 3.80567 -0.211434 -1.33018 3.85386 -0.20892 -1.35592 3.9138 -0.644565 -1.35592 3.86714 -0.211434 -1.33018 3.85386 0.308199 -1.33018 3.84734 0.314602 -1.35592 3.90669 -0.20892 -1.35592 3.9138 0.308199 -1.33018 3.84734 0.885465 -1.33018 3.75845 0.899281 -1.35592 3.81647 0.314602 -1.35592 3.90669 0.885465 -1.33018 3.75845 1.48898 -1.33018 3.56867 1.51195 -1.35592 3.62371 0.899281 -1.35592 3.81647 0.899281 -1.35592 3.81647 1.51195 -1.35592 3.62371 1.53967 -1.3645 3.69014 0.915778 -1.3645 3.88654 0.915778 -1.3645 3.88654 1.53967 -1.3645 3.69014 1.5674 -1.35592 3.75657 0.932133 -1.35592 3.95663 0.932133 -1.35592 3.95663 1.5674 -1.35592 3.75657 1.59037 -1.33018 3.81161 0.945524 -1.33018 4.01475 0.326013 -1.35592 4.05019 0.932133 -1.35592 3.95663 0.945524 -1.33018 4.01475 0.328953 -1.33018 4.10977 -0.216503 -1.35592 4.05756 0.326013 -1.35592 4.05019 0.328953 -1.33018 4.10977 -0.225679 -1.33018 4.11672 -0.668032 -1.35592 4.00918 -0.216503 -1.35592 4.05756 -0.225679 -1.33018 4.11672 -0.691821 -1.33018 4.06524 -0.65176 -1.3645 3.93906 -0.210763 -1.3645 3.98581 -0.216503 -1.35592 4.05756 -0.668032 -1.35592 4.00918 -0.644565 -1.35592 3.86714 -0.20892 -1.35592 3.9138 -0.210763 -1.3645 3.98581 -0.65176 -1.3645 3.93906 -0.237956 -1.28797 4.15319 0.328814 -1.28847 4.14694 0.325188 -1.2367 4.15999 -0.253785 -1.23272 4.16589 0.328814 -1.28847 4.14694 0.953595 -1.28868 4.05087 0.955855 -1.23842 4.06305 0.325188 -1.2367 4.15999 -0.253785 -1.23272 4.16589 0.325188 -1.2367 4.15999 0.319151 -1.18267 4.14895 -0.271074 -1.16968 4.15549 0.325188 -1.2367 4.15999 0.955855 -1.23842 4.06305 0.952434 -1.18787 4.05128 0.319151 -1.18267 4.14895 -0.691821 -1.33018 4.06524 -0.225679 -1.33018 4.11672 -0.237956 -1.28797 4.15319 -0.721543 -1.28742 4.0975 -0.225679 -1.33018 4.11672 0.328953 -1.33018 4.10977 0.328814 -1.28847 4.14694 -0.237956 -1.28797 4.15319 0.328953 -1.33018 4.10977 0.945524 -1.33018 4.01475 0.953595 -1.28868 4.05087 0.328814 -1.28847 4.14694 0.945524 -1.33018 4.01475 1.59037 -1.33018 3.81161 1.60463 -1.28871 3.84577 0.953595 -1.28868 4.05087 0.953595 -1.28868 4.05087 1.60463 -1.28871 3.84577 1.60938 -1.23866 3.85716 0.955855 -1.23842 4.06305 0.955855 -1.23842 4.06305 1.60938 -1.23866 3.85716 1.60463 -1.18861 3.84577 0.952434 -1.18787 4.05128 0.952434 -1.18787 4.05128 1.60463 -1.18861 3.84577 1.59037 -1.14714 3.81161 0.944097 -1.14584 4.01528 0.319151 -1.18267 4.14895 0.952434 -1.18787 4.05128 0.944097 -1.14584 4.01528 0.317031 -1.1368 4.11256 -0.271074 -1.16968 4.15549 0.319151 -1.18267 4.14895 0.317031 -1.1368 4.11256 -0.269771 -1.11115 4.12059 -0.795308 -1.15268 4.09341 -0.271074 -1.16968 4.15549 -0.269771 -1.11115 4.12059 -0.843082 -1.04727 4.05398 -0.75622 -1.22832 4.10619 -0.253785 -1.23272 4.16589 -0.271074 -1.16968 4.15549 -0.795308 -1.15268 4.09341 -0.721543 -1.28742 4.0975 -0.237956 -1.28797 4.15319 -0.253785 -1.23272 4.16589 -0.75622 -1.22832 4.10619 -0.225031 -1.07595 4.06116 0.322321 -1.10829 4.0518 0.323338 -1.09883 3.97824 -0.197578 -1.06481 3.9867 0.322321 -1.10829 4.0518 0.931705 -1.11976 3.95689 0.916079 -1.11107 3.88648 0.323338 -1.09883 3.97824 -0.197578 -1.06481 3.9867 0.323338 -1.09883 3.97824 0.31083 -1.10829 3.90558 -0.216703 -1.07595 3.9091 0.323338 -1.09883 3.97824 0.916079 -1.11107 3.88648 0.898792 -1.11976 3.8164 0.31083 -1.10829 3.90558 -0.843082 -1.04727 4.05398 -0.269771 -1.11115 4.12059 -0.225031 -1.07595 4.06116 -0.653626 -1.00569 4.01863 -0.269771 -1.11115 4.12059 0.317031 -1.1368 4.11256 0.322321 -1.10829 4.0518 -0.225031 -1.07595 4.06116 0.317031 -1.1368 4.11256 0.944097 -1.14584 4.01528 0.931705 -1.11976 3.95689 0.322321 -1.10829 4.0518 0.944097 -1.14584 4.01528 1.59037 -1.14714 3.81161 1.5674 -1.1214 3.75657 0.931705 -1.11976 3.95689 0.931705 -1.11976 3.95689 1.5674 -1.1214 3.75657 1.53967 -1.11282 3.69014 0.916079 -1.11107 3.88648 0.916079 -1.11107 3.88648 1.53967 -1.11282 3.69014 1.51195 -1.1214 3.62371 0.898792 -1.11976 3.8164 0.898792 -1.11976 3.8164 1.51195 -1.1214 3.62371 1.48898 -1.14714 3.56868 0.884019 -1.14585 3.75848 0.31083 -1.10829 3.90558 0.898792 -1.11976 3.8164 0.884019 -1.14585 3.75848 0.296737 -1.1368 3.84613 -0.216703 -1.07595 3.9091 0.31083 -1.10829 3.90558 0.296737 -1.1368 3.84613 -0.251893 -1.11115 3.8443 -0.628648 -1.00569 3.86372 -0.216703 -1.07595 3.9091 -0.251893 -1.11115 3.8443 -0.782336 -1.04727 3.7601 -0.593885 -0.994513 3.95057 -0.197578 -1.06481 3.9867 -0.216703 -1.07595 3.9091 -0.628648 -1.00569 3.86372 -0.653626 -1.00569 4.01863 -0.225031 -1.07595 4.06116 -0.197578 -1.06481 3.9867 -0.593885 -0.994513 3.95057 -3.15346 -0.0094468 2.15947 -3.13703 -0.113619 2.15935 -3.56301 -0.109022 1.35415 -3.57598 -0.00887269 1.35564 -3.13703 -0.113619 2.15935 -3.13336 -0.226717 2.18148 -3.57169 -0.211769 1.36409 -3.56301 -0.109022 1.35415 -3.57598 -0.00887269 1.35564 -3.56301 -0.109022 1.35415 -3.78685 -0.107022 0.475098 -3.79918 -0.00862366 0.476218 -3.56301 -0.109022 1.35415 -3.57169 -0.211769 1.36409 -3.79893 -0.205744 0.477374 -3.78685 -0.107022 0.475098 -2.65099 0.0727339 2.80849 -2.62391 -0.0100456 2.78247 -3.15346 -0.0094468 2.15947 -3.18489 0.0727339 2.17941 -2.62391 -0.0100456 2.78247 -2.6038 -0.118396 2.77978 -3.13703 -0.113619 2.15935 -3.15346 -0.0094468 2.15947 -2.6038 -0.118396 2.77978 -2.58015 -0.245306 2.80696 -3.13336 -0.226717 2.18148 -3.13703 -0.113619 2.15935 -2.58015 -0.245306 2.80696 -2.53469 -0.398385 2.88567 -3.1599 -0.326746 2.20459 -3.13336 -0.226717 2.18148 -3.13336 -0.226717 2.18148 -3.1599 -0.326746 2.20459 -3.60591 -0.297866 1.37666 -3.57169 -0.211769 1.36409 -3.57169 -0.211769 1.36409 -3.60591 -0.297866 1.37666 -3.83561 -0.287663 0.481865 -3.79893 -0.205744 0.477374 -3.79893 -0.205744 0.477374 -3.83561 -0.287663 0.481865 -3.8451 -0.286207 -0.341769 -3.80823 -0.204883 -0.338533 -3.78685 -0.107022 0.475098 -3.79893 -0.205744 0.477374 -3.80823 -0.204883 -0.338533 -3.79594 -0.106737 -0.337455 -3.79918 -0.00862366 0.476218 -3.78685 -0.107022 0.475098 -3.79594 -0.106737 -0.337455 -3.80823 -0.00858831 -0.338533 -3.83593 0.0727353 0.480706 -3.79918 -0.00862366 0.476218 -3.80823 -0.00858831 -0.338533 -3.8451 0.0727353 -0.341768 -3.6108 0.072736 1.36834 -3.57598 -0.00887269 1.35564 -3.79918 -0.00862366 0.476218 -3.83593 0.0727353 0.480706 -3.18489 0.0727339 2.17941 -3.15346 -0.0094468 2.15947 -3.57598 -0.00887269 1.35564 -3.6108 0.072736 1.36834 -3.41776 -0.226717 2.37976 -3.43767 -0.113619 2.36658 -3.90231 -0.109022 1.48302 -3.88945 -0.211769 1.48538 -3.43767 -0.113619 2.36658 -3.43195 -0.00944811 2.35044 -3.8915 -0.00887269 1.47518 -3.90231 -0.109022 1.48302 -3.88945 -0.211769 1.48538 -3.90231 -0.109022 1.48302 -4.14619 -0.107022 0.519595 -4.134 -0.205744 0.518936 -3.90231 -0.109022 1.48302 -3.8915 -0.00887269 1.47518 -4.13392 -0.00862366 0.517639 -4.14619 -0.107022 0.519595 -2.73281 -0.398385 3.11108 -2.823 -0.245306 3.07107 -3.41776 -0.226717 2.37976 -3.38687 -0.326745 2.36315 -2.823 -0.245306 3.07107 -2.85584 -0.118396 3.0488 -3.43767 -0.113619 2.36658 -3.41776 -0.226717 2.37976 -2.85584 -0.118396 3.0488 -2.85591 -0.0100456 3.02844 -3.43195 -0.00944811 2.35044 -3.43767 -0.113619 2.36658 -2.85591 -0.0100456 3.02844 -2.83171 0.0727333 2.9999 -3.40204 0.0727339 2.32821 -3.43195 -0.00944811 2.35044 -3.43195 -0.00944811 2.35044 -3.40204 0.0727339 2.32821 -3.85698 0.072736 1.46157 -3.8915 -0.00887269 1.47518 -3.8915 -0.00887269 1.47518 -3.85698 0.072736 1.46157 -4.09718 0.072736 0.513028 -4.13392 -0.00862366 0.517639 -4.13392 -0.00862366 0.517639 -4.09718 0.072736 0.513028 -4.10734 0.0727339 -0.364778 -4.14422 -0.0085876 -0.368009 -4.14619 -0.107022 0.519595 -4.13392 -0.00862366 0.517639 -4.14422 -0.0085876 -0.368009 -4.15651 -0.106737 -0.369092 -4.134 -0.205744 0.518936 -4.14619 -0.107022 0.519595 -4.15651 -0.106737 -0.369092 -4.14422 -0.204884 -0.36801 -4.09734 -0.287663 0.514327 -4.134 -0.205744 0.518936 -4.14422 -0.204884 -0.36801 -4.10734 -0.286206 -0.364776 -3.85554 -0.297865 1.47192 -3.88945 -0.211769 1.48538 -4.134 -0.205744 0.518936 -4.09734 -0.287663 0.514327 -3.38687 -0.326745 2.36315 -3.41776 -0.226717 2.37976 -3.88945 -0.211769 1.48538 -3.85554 -0.297865 1.47192 -3.35284 0.123211 2.2945 -3.29347 0.140038 2.25381 -3.73389 0.140038 1.41496 -3.80121 0.123212 1.44045 -3.29347 0.140038 2.25381 -3.23409 0.123211 2.21312 -3.66658 0.123212 1.38946 -3.73389 0.140038 1.41496 -3.80121 0.123212 1.44045 -3.73389 0.140038 1.41496 -3.96655 0.140036 0.496867 -4.03799 0.123212 0.505705 -3.73389 0.140038 1.41496 -3.66658 0.123212 1.38946 -3.89512 0.123211 0.488032 -3.96655 0.140036 0.496867 -2.83171 0.0727333 2.9999 -2.79076 0.12321 2.95654 -3.35284 0.123211 2.2945 -3.40204 0.0727339 2.32821 -2.79076 0.12321 2.95654 -2.74135 0.140036 2.9042 -3.29347 0.140038 2.25381 -3.35284 0.123211 2.2945 -2.74135 0.140036 2.9042 -2.69194 0.12321 2.85186 -3.23409 0.123211 2.21312 -3.29347 0.140038 2.25381 -2.69194 0.12321 2.85186 -2.65099 0.0727339 2.80849 -3.18489 0.0727339 2.17941 -3.23409 0.123211 2.21312 -3.23409 0.123211 2.21312 -3.18489 0.0727339 2.17941 -3.6108 0.072736 1.36834 -3.66658 0.123212 1.38946 -3.66658 0.123212 1.38946 -3.6108 0.072736 1.36834 -3.83593 0.0727353 0.480706 -3.89512 0.123211 0.488032 -3.89512 0.123211 0.488032 -3.83593 0.0727353 0.480706 -3.8451 0.0727353 -0.341768 -3.90451 0.123211 -0.346978 -3.96655 0.140036 0.496867 -3.89512 0.123211 0.488032 -3.90451 0.123211 -0.346978 -3.97622 0.140036 -0.353272 -4.03799 0.123212 0.505705 -3.96655 0.140036 0.496867 -3.97622 0.140036 -0.353272 -4.04793 0.123211 -0.359564 -4.09718 0.072736 0.513028 -4.03799 0.123212 0.505705 -4.04793 0.123211 -0.359564 -4.10734 0.0727339 -0.364778 -3.85698 0.072736 1.46157 -3.80121 0.123212 1.44045 -4.03799 0.123212 0.505705 -4.09718 0.072736 0.513028 -3.40204 0.0727339 2.32821 -3.35284 0.123211 2.2945 -3.80121 0.123212 1.44045 -3.85698 0.072736 1.46157 -3.24246 -0.385407 2.19309 -3.32446 -0.403637 2.20742 -3.73845 -0.368153 1.40153 -3.66663 -0.35078 1.38507 -3.32446 -0.403637 2.20742 -3.36855 -0.385407 2.27849 -3.80386 -0.35078 1.43687 -3.73845 -0.368153 1.40153 -3.66663 -0.35078 1.38507 -3.73845 -0.368153 1.40153 -3.96667 -0.355341 0.495099 -3.89498 -0.338446 0.487495 -3.73845 -0.368153 1.40153 -3.80386 -0.35078 1.43687 -4.0382 -0.338444 0.505193 -3.96667 -0.355341 0.495099 -2.53469 -0.398385 2.88567 -2.76802 -0.459854 2.7768 -3.24246 -0.385407 2.19309 -3.1599 -0.326746 2.20459 -2.76802 -0.459854 2.7768 -2.86869 -0.476284 2.78192 -3.32446 -0.403637 2.20742 -3.24246 -0.385407 2.19309 -2.86869 -0.476284 2.78192 -2.87881 -0.459854 2.88793 -3.36855 -0.385407 2.27849 -3.32446 -0.403637 2.20742 -2.87881 -0.459854 2.88793 -2.73281 -0.398385 3.11108 -3.38687 -0.326745 2.36315 -3.36855 -0.385407 2.27849 -3.36855 -0.385407 2.27849 -3.38687 -0.326745 2.36315 -3.85554 -0.297865 1.47192 -3.80386 -0.35078 1.43687 -3.80386 -0.35078 1.43687 -3.85554 -0.297865 1.47192 -4.09734 -0.287663 0.514327 -4.0382 -0.338444 0.505193 -4.0382 -0.338444 0.505193 -4.09734 -0.287663 0.514327 -4.10734 -0.286206 -0.364776 -4.04793 -0.336683 -0.359563 -3.96667 -0.355341 0.495099 -4.0382 -0.338444 0.505193 -4.04793 -0.336683 -0.359563 -3.97622 -0.353508 -0.353272 -3.89498 -0.338446 0.487495 -3.96667 -0.355341 0.495099 -3.97622 -0.353508 -0.353272 -3.90452 -0.336682 -0.346979 -3.83561 -0.287663 0.481865 -3.89498 -0.338446 0.487495 -3.90452 -0.336682 -0.346979 -3.8451 -0.286207 -0.341769 -3.60591 -0.297866 1.37666 -3.66663 -0.35078 1.38507 -3.89498 -0.338446 0.487495 -3.83561 -0.287663 0.481865 -3.1599 -0.326746 2.20459 -3.24246 -0.385407 2.19309 -3.66663 -0.35078 1.38507 -3.60591 -0.297866 1.37666 1.70724 -0.0290313 -3.41945 1.70123 0.170015 -3.40865 1.40677 0.181419 -3.54579 1.41148 -0.0217855 -3.55721 1.70123 0.170015 -3.40865 1.70625 0.36906 -3.41994 1.41117 0.384625 -3.55732 1.40677 0.181419 -3.54579 1.41148 -0.0217855 -3.55721 1.40677 0.181419 -3.54579 1.07734 0.185622 -3.65752 1.08083 -0.0191152 -3.66936 1.40677 0.181419 -3.54579 1.41117 0.384625 -3.55732 1.08079 0.390358 -3.66937 1.07734 0.185622 -3.65752 1.97796 -0.20136 -3.31964 1.95809 -0.0431431 -3.28845 1.70724 -0.0290313 -3.41945 1.7242 -0.193957 -3.45236 1.95809 -0.0431431 -3.28845 1.95069 0.147806 -3.27858 1.70123 0.170015 -3.40865 1.70724 -0.0290313 -3.41945 1.95069 0.147806 -3.27858 1.95593 0.338757 -3.28991 1.70625 0.36906 -3.41994 1.70123 0.170015 -3.40865 1.95593 0.338757 -3.28991 1.97396 0.496973 -3.32232 1.72238 0.533988 -3.45326 1.70625 0.36906 -3.41994 1.70625 0.36906 -3.41994 1.72238 0.533988 -3.45326 1.42469 0.552996 -3.59177 1.41117 0.384625 -3.55732 1.41117 0.384625 -3.55732 1.42469 0.552996 -3.59177 1.09121 0.559997 -3.70489 1.08079 0.390358 -3.66937 1.08079 0.390358 -3.66937 1.09121 0.559997 -3.70489 0.747004 0.560997 -3.78591 0.739887 0.391176 -3.74959 1.07734 0.185622 -3.65752 1.08079 0.390358 -3.66937 0.739887 0.391176 -3.74959 0.737514 0.18622 -3.73748 1.08083 -0.0191152 -3.66936 1.07734 0.185622 -3.65752 0.737514 0.18622 -3.73748 0.739887 -0.018734 -3.74959 1.09128 -0.188755 -3.70487 1.08083 -0.0191152 -3.66936 0.739887 -0.018734 -3.74959 0.747004 -0.188554 -3.78591 1.42526 -0.190156 -3.59158 1.41148 -0.0217855 -3.55721 1.08083 -0.0191152 -3.66936 1.09128 -0.188755 -3.70487 1.7242 -0.193957 -3.45236 1.70724 -0.0290313 -3.41945 1.41148 -0.0217855 -3.55721 1.42526 -0.190156 -3.59158 1.85695 0.36906 -3.72168 1.863 0.170015 -3.73245 1.54023 0.181419 -3.88225 1.53551 0.384623 -3.87084 1.863 0.170015 -3.73245 1.85802 -0.0290327 -3.72115 1.53585 -0.0217855 -3.87072 1.54023 0.181419 -3.88225 1.53551 0.384623 -3.87084 1.54023 0.181419 -3.88225 1.17934 0.185622 -4.00481 1.17584 0.390358 -3.99298 1.54023 0.181419 -3.88225 1.53585 -0.0217855 -3.87072 1.17588 -0.0191159 -3.99296 1.17934 0.185622 -4.00481 2.10859 0.496973 -3.54853 2.1285 0.338757 -3.57969 1.85695 0.36906 -3.72168 1.83997 0.533988 -3.68878 2.1285 0.338757 -3.57969 2.136 0.147806 -3.5895 1.863 0.170015 -3.73245 1.85695 0.36906 -3.72168 2.136 0.147806 -3.5895 2.13086 -0.0431438 -3.57812 1.85802 -0.0290327 -3.72115 1.863 0.170015 -3.73245 2.13086 -0.0431438 -3.57812 2.11287 -0.201358 -3.54568 1.84191 -0.193957 -3.68782 1.85802 -0.0290327 -3.72115 1.85802 -0.0290327 -3.72115 1.84191 -0.193957 -3.68782 1.52234 -0.190154 -3.83627 1.53585 -0.0217855 -3.87072 1.53585 -0.0217855 -3.87072 1.52234 -0.190154 -3.83627 1.16546 -0.188755 -3.95744 1.17588 -0.0191159 -3.99296 1.17588 -0.0191159 -3.99296 1.16546 -0.188755 -3.95744 0.797617 -0.188556 -4.04424 0.804736 -0.018734 -4.08057 1.17934 0.185622 -4.00481 1.17588 -0.0191159 -3.99296 0.804736 -0.018734 -4.08057 0.807108 0.18622 -4.09268 1.17584 0.390358 -3.99298 1.17934 0.185622 -4.00481 0.807108 0.18622 -4.09268 0.804736 0.391176 -4.08057 1.16539 0.559997 -3.95747 1.17584 0.390358 -3.99298 0.804736 0.391176 -4.08057 0.797617 0.560997 -4.04424 1.52173 0.552996 -3.83647 1.53551 0.384623 -3.87084 1.17584 0.390358 -3.99298 1.16539 0.559997 -3.95747 1.83997 0.533988 -3.68878 1.85695 0.36906 -3.72168 1.53551 0.384623 -3.87084 1.52173 0.552996 -3.83647 1.74876 0.636353 -3.50675 1.78082 0.670475 -3.57119 1.4731 0.692334 -3.71416 1.44659 0.6575 -3.64724 1.78082 0.670475 -3.57119 1.81306 0.636353 -3.63555 1.49966 0.6575 -3.78106 1.4731 0.692334 -3.71416 1.44659 0.6575 -3.64724 1.4731 0.692334 -3.71416 1.12828 0.700387 -3.83118 1.108 0.665289 -3.76212 1.4731 0.692334 -3.71416 1.49966 0.6575 -3.78106 1.14857 0.665289 -3.90025 1.12828 0.700387 -3.83118 1.97396 0.496973 -3.32232 2.00389 0.595177 -3.37395 1.74876 0.636353 -3.50675 1.72238 0.533988 -3.45326 2.00389 0.595177 -3.37395 2.0405 0.62791 -3.43594 1.78082 0.670475 -3.57119 1.74876 0.636353 -3.50675 2.0405 0.62791 -3.43594 2.0775 0.595177 -3.49767 1.81306 0.636353 -3.63555 1.78082 0.670475 -3.57119 2.0775 0.595177 -3.49767 2.10859 0.496973 -3.54853 1.83997 0.533988 -3.68878 1.81306 0.636353 -3.63555 1.81306 0.636353 -3.63555 1.83997 0.533988 -3.68878 1.52173 0.552996 -3.83647 1.49966 0.6575 -3.78106 1.49966 0.6575 -3.78106 1.52173 0.552996 -3.83647 1.16539 0.559997 -3.95747 1.14857 0.665289 -3.90025 1.14857 0.665289 -3.90025 1.16539 0.559997 -3.95747 0.797617 0.560997 -4.04424 0.786151 0.666402 -3.98572 1.12828 0.700387 -3.83118 1.14857 0.665289 -3.90025 0.786151 0.666402 -3.98572 0.772311 0.701537 -3.91508 1.108 0.665289 -3.76212 1.12828 0.700387 -3.83118 0.772311 0.701537 -3.91508 0.758472 0.666402 -3.84444 1.09121 0.559997 -3.70489 1.108 0.665289 -3.76212 0.758472 0.666402 -3.84444 0.747004 0.560997 -3.78591 1.42469 0.552996 -3.59177 1.44659 0.6575 -3.64724 1.108 0.665289 -3.76212 1.09121 0.559997 -3.70489 1.72238 0.533988 -3.45326 1.74876 0.636353 -3.50675 1.44659 0.6575 -3.64724 1.42469 0.552996 -3.59177 1.81551 -0.296322 -3.63434 1.78341 -0.330446 -3.56992 1.47391 -0.329497 -3.71388 1.50042 -0.294662 -3.7808 1.78341 -0.330446 -3.56992 1.75113 -0.296324 -3.50558 1.44733 -0.29466 -3.64699 1.47391 -0.329497 -3.71388 1.50042 -0.294662 -3.7808 1.47391 -0.329497 -3.71388 1.12839 -0.329146 -3.83115 1.14867 -0.294048 -3.90021 1.47391 -0.329497 -3.71388 1.44733 -0.29466 -3.64699 1.1081 -0.294048 -3.76209 1.12839 -0.329146 -3.83115 2.11287 -0.201358 -3.54568 2.0829 -0.299562 -3.49407 1.81551 -0.296322 -3.63434 1.84191 -0.193957 -3.68782 2.0829 -0.299562 -3.49407 2.04619 -0.332297 -3.43214 1.78341 -0.330446 -3.56992 1.81551 -0.296322 -3.63434 2.04619 -0.332297 -3.43214 2.00909 -0.299562 -3.37047 1.75113 -0.296324 -3.50558 1.78341 -0.330446 -3.56992 2.00909 -0.299562 -3.37047 1.97796 -0.20136 -3.31964 1.7242 -0.193957 -3.45236 1.75113 -0.296324 -3.50558 1.75113 -0.296324 -3.50558 1.7242 -0.193957 -3.45236 1.42526 -0.190156 -3.59158 1.44733 -0.29466 -3.64699 1.44733 -0.29466 -3.64699 1.42526 -0.190156 -3.59158 1.09128 -0.188755 -3.70487 1.1081 -0.294048 -3.76209 1.1081 -0.294048 -3.76209 1.09128 -0.188755 -3.70487 0.747004 -0.188554 -3.78591 0.758471 -0.293961 -3.84444 1.12839 -0.329146 -3.83115 1.1081 -0.294048 -3.76209 0.758471 -0.293961 -3.84444 0.772311 -0.329095 -3.91508 1.14867 -0.294048 -3.90021 1.12839 -0.329146 -3.83115 0.772311 -0.329095 -3.91508 0.786151 -0.293959 -3.98572 1.16546 -0.188755 -3.95744 1.14867 -0.294048 -3.90021 0.786151 -0.293959 -3.98572 0.797617 -0.188556 -4.04424 1.52234 -0.190154 -3.83627 1.50042 -0.294662 -3.7808 1.14867 -0.294048 -3.90021 1.16546 -0.188755 -3.95744 1.84191 -0.193957 -3.68782 1.81551 -0.296322 -3.63434 1.50042 -0.294662 -3.7808 1.52234 -0.190154 -3.83627 1.94062 -2.21969 -3.29995 1.93824 -2.12096 -3.28503 1.50634 -2.13341 -3.50451 1.50965 -2.22373 -3.5171 1.93824 -2.12096 -3.28503 1.95331 -2.00739 -3.286 1.51432 -2.03881 -3.51327 1.50634 -2.13341 -3.50451 1.50965 -2.22373 -3.5171 1.50634 -2.13341 -3.50451 1.03435 -2.13846 -3.67215 1.03747 -2.22528 -3.68416 1.50634 -2.13341 -3.50451 1.51432 -2.03881 -3.51327 1.03811 -2.0511 -3.68376 1.03435 -2.13846 -3.67215 2.30972 -2.29155 -3.09806 2.28824 -2.21259 -3.06745 1.94062 -2.21969 -3.29995 1.95884 -2.29471 -3.33246 2.28824 -2.21259 -3.06745 2.28551 -2.10296 -3.05097 1.93824 -2.12096 -3.28503 1.94062 -2.21969 -3.29995 2.28551 -2.10296 -3.05097 2.30644 -1.96141 -3.04298 1.95331 -2.00739 -3.286 1.93824 -2.12096 -3.28503 2.30644 -1.96141 -3.04298 2.36524 -1.76031 -3.03431 1.97545 -1.90167 -3.31313 1.95331 -2.00739 -3.286 1.95331 -2.00739 -3.286 1.97545 -1.90167 -3.31313 1.52936 -1.95844 -3.54646 1.51432 -2.03881 -3.51327 1.51432 -2.03881 -3.51327 1.52936 -1.95844 -3.54646 1.04819 -1.97847 -3.71931 1.03811 -2.0511 -3.68376 1.03811 -2.0511 -3.68376 1.04819 -1.97847 -3.71931 0.579578 -1.98134 -3.81937 0.574079 -2.05286 -3.78276 1.03435 -2.13846 -3.67215 1.03811 -2.0511 -3.68376 0.574079 -2.05286 -3.78276 0.572246 -2.13918 -3.77056 1.03747 -2.22528 -3.68416 1.03435 -2.13846 -3.67215 0.572246 -2.13918 -3.77056 0.574079 -2.2255 -3.78276 1.04745 -2.29694 -3.71982 1.03747 -2.22528 -3.68416 0.574079 -2.2255 -3.78276 0.579578 -2.29702 -3.81937 1.52404 -2.29634 -3.5513 1.50965 -2.22373 -3.5171 1.03747 -2.22528 -3.68416 1.04745 -2.29694 -3.71982 1.95884 -2.29471 -3.33246 1.94062 -2.21969 -3.29995 1.50965 -2.22373 -3.5171 1.52404 -2.29634 -3.5513 2.06214 -2.3404 -3.50791 2.02562 -2.35564 -3.44588 1.57596 -2.35604 -3.67224 1.60436 -2.34112 -3.73838 2.02562 -2.35564 -3.44588 1.9891 -2.3404 -3.38386 1.54756 -2.34112 -3.6061 1.57596 -2.35604 -3.67224 1.60436 -2.34112 -3.73838 1.57596 -2.35604 -3.67224 1.08301 -2.35619 -3.84655 1.10246 -2.34138 -3.91585 1.57596 -2.35604 -3.67224 1.54756 -2.34112 -3.6061 1.06356 -2.34138 -3.77725 1.08301 -2.35619 -3.84655 2.46718 -2.29155 -3.30901 2.43151 -2.33902 -3.26122 2.06214 -2.3404 -3.50791 2.0924 -2.29471 -3.5593 2.43151 -2.33902 -3.26122 2.38845 -2.35485 -3.20354 2.02562 -2.35564 -3.44588 2.06214 -2.3404 -3.50791 2.38845 -2.35485 -3.20354 2.34539 -2.33902 -3.14586 1.9891 -2.3404 -3.38386 2.02562 -2.35564 -3.44588 2.34539 -2.33902 -3.14586 2.30972 -2.29155 -3.09806 1.95884 -2.29471 -3.33246 1.9891 -2.3404 -3.38386 1.9891 -2.3404 -3.38386 1.95884 -2.29471 -3.33246 1.52404 -2.29634 -3.5513 1.54756 -2.34112 -3.6061 1.54756 -2.34112 -3.6061 1.52404 -2.29634 -3.5513 1.04745 -2.29694 -3.71982 1.06356 -2.34138 -3.77725 1.06356 -2.34138 -3.77725 1.04745 -2.29694 -3.71982 0.579578 -2.29702 -3.81937 0.588436 -2.34141 -3.87835 1.08301 -2.35619 -3.84655 1.06356 -2.34138 -3.77725 0.588436 -2.34141 -3.87835 0.599128 -2.35621 -3.94953 1.10246 -2.34138 -3.91585 1.08301 -2.35619 -3.84655 0.599128 -2.35621 -3.94953 0.609819 -2.34141 -4.02071 1.11857 -2.29694 -3.97328 1.10246 -2.34138 -3.91585 0.609819 -2.34141 -4.02071 0.618677 -2.29702 -4.07969 1.62789 -2.29634 -3.79319 1.60436 -2.34112 -3.73838 1.10246 -2.34138 -3.91585 1.11857 -2.29694 -3.97328 2.0924 -2.29471 -3.5593 2.06214 -2.3404 -3.50791 1.60436 -2.34112 -3.73838 1.62789 -2.29634 -3.79319 1.9858 -1.83937 -3.38106 2.01092 -1.82 -3.4557 1.57231 -1.89232 -3.67404 1.54762 -1.90873 -3.60456 2.01092 -1.82 -3.4557 2.06302 -1.83937 -3.51232 1.60551 -1.90873 -3.73933 1.57231 -1.89232 -3.67404 1.54762 -1.90873 -3.60456 1.57231 -1.89232 -3.67404 1.08253 -1.91842 -3.84671 1.06359 -1.93342 -3.77706 1.57231 -1.89232 -3.67404 1.60551 -1.90873 -3.73933 1.10258 -1.93342 -3.91599 1.08253 -1.91842 -3.84671 2.36524 -1.76031 -3.03431 2.31528 -1.69047 -3.15815 1.9858 -1.83937 -3.38106 1.97545 -1.90167 -3.31313 2.31528 -1.69047 -3.15815 2.33519 -1.67166 -3.23911 2.01092 -1.82 -3.4557 1.9858 -1.83937 -3.38106 2.33519 -1.67166 -3.23911 2.40813 -1.69047 -3.28465 2.06302 -1.83937 -3.51232 2.01092 -1.82 -3.4557 2.40813 -1.69047 -3.28465 2.54988 -1.76031 -3.27088 2.11741 -1.90166 -3.55083 2.06302 -1.83937 -3.51232 2.06302 -1.83937 -3.51232 2.11741 -1.90166 -3.55083 1.63521 -1.95844 -3.79179 1.60551 -1.90873 -3.73933 1.60551 -1.90873 -3.73933 1.63521 -1.95844 -3.79179 1.1195 -1.97847 -3.97322 1.10258 -1.93342 -3.91599 1.10258 -1.93342 -3.91599 1.1195 -1.97847 -3.97322 0.618677 -1.98134 -4.07969 0.609819 -1.93694 -4.02071 1.08253 -1.91842 -3.84671 1.10258 -1.93342 -3.91599 0.609819 -1.93694 -4.02071 0.599128 -1.92215 -3.94953 1.06359 -1.93342 -3.77706 1.08253 -1.91842 -3.84671 0.599128 -1.92215 -3.94953 0.588436 -1.93694 -3.87835 1.04819 -1.97847 -3.71931 1.06359 -1.93342 -3.77706 0.588436 -1.93694 -3.87835 0.579578 -1.98134 -3.81937 1.52936 -1.95844 -3.54646 1.54762 -1.90873 -3.60456 1.06359 -1.93342 -3.77706 1.04819 -1.97847 -3.71931 1.97545 -1.90167 -3.31313 1.9858 -1.83937 -3.38106 1.54762 -1.90873 -3.60456 1.52936 -1.95844 -3.54646 2.13068 -2.00739 -3.58388 2.12402 -2.12096 -3.59937 1.64972 -2.13341 -3.83794 1.649 -2.03881 -3.82559 2.12402 -2.12096 -3.59937 2.11201 -2.21969 -3.59089 1.64279 -2.22373 -3.82713 1.64972 -2.13341 -3.83794 1.649 -2.03881 -3.82559 1.64972 -2.13341 -3.83794 1.13221 -2.13846 -4.02076 1.12941 -2.0511 -4.00882 1.64972 -2.13341 -3.83794 1.64279 -2.22373 -3.82713 1.12861 -2.22528 -4.00891 1.13221 -2.13846 -4.02076 2.54988 -1.76031 -3.27088 2.52334 -1.96141 -3.32877 2.13068 -2.00739 -3.58388 2.11741 -1.90166 -3.55083 2.52334 -1.96141 -3.32877 2.50671 -2.10296 -3.34587 2.12402 -2.12096 -3.59937 2.13068 -2.00739 -3.58388 2.50671 -2.10296 -3.34587 2.49057 -2.21259 -3.33835 2.11201 -2.21969 -3.59089 2.12402 -2.12096 -3.59937 2.49057 -2.21259 -3.33835 2.46718 -2.29155 -3.30901 2.0924 -2.29471 -3.5593 2.11201 -2.21969 -3.59089 2.11201 -2.21969 -3.59089 2.0924 -2.29471 -3.5593 1.62789 -2.29634 -3.79319 1.64279 -2.22373 -3.82713 1.64279 -2.22373 -3.82713 1.62789 -2.29634 -3.79319 1.11857 -2.29694 -3.97328 1.12861 -2.22528 -4.00891 1.12861 -2.22528 -4.00891 1.11857 -2.29694 -3.97328 0.618677 -2.29702 -4.07969 0.624176 -2.2255 -4.1163 1.13221 -2.13846 -4.02076 1.12861 -2.22528 -4.00891 0.624176 -2.2255 -4.1163 0.626009 -2.13918 -4.1285 1.12941 -2.0511 -4.00882 1.13221 -2.13846 -4.02076 0.626009 -2.13918 -4.1285 0.624176 -2.05286 -4.1163 1.1195 -1.97847 -3.97322 1.12941 -2.0511 -4.00882 0.624176 -2.05286 -4.1163 0.618677 -1.98134 -4.07969 1.63521 -1.95844 -3.79179 1.649 -2.03881 -3.82559 1.12941 -2.0511 -4.00882 1.1195 -1.97847 -3.97322 2.11741 -1.90166 -3.55083 2.13068 -2.00739 -3.58388 1.649 -2.03881 -3.82559 1.63521 -1.95844 -3.79179 3.5124 -0.253102 -2.23806 3.52452 -0.138073 -2.2365 3.72204 -0.135023 -1.88521 3.7108 -0.231596 -1.88219 3.52452 -0.138073 -2.2365 3.51473 -0.0375936 -2.22644 3.71116 -0.0426692 -1.8784 3.72204 -0.135023 -1.88521 3.7108 -0.231596 -1.88219 3.72204 -0.135023 -1.88521 3.89601 -0.133456 -1.50012 3.88451 -0.222954 -1.49602 3.72204 -0.135023 -1.88521 3.71116 -0.0426692 -1.8784 3.8845 -0.0444837 -1.49554 3.89601 -0.133456 -1.50012 3.27176 -0.477619 -2.54887 3.31726 -0.280083 -2.54049 3.5124 -0.253102 -2.23806 3.48253 -0.359947 -2.21993 3.31726 -0.280083 -2.54049 3.32872 -0.137938 -2.53225 3.52452 -0.138073 -2.2365 3.5124 -0.253102 -2.23806 3.32872 -0.137938 -2.53225 3.31876 -0.0269525 -2.51975 3.51473 -0.0375936 -2.22644 3.52452 -0.138073 -2.2365 3.31876 -0.0269525 -2.51975 3.28873 0.0532896 -2.49744 3.48333 0.0390015 -2.20646 3.51473 -0.0375936 -2.22644 3.51473 -0.0375936 -2.22644 3.48333 0.0390015 -2.20646 3.6781 0.0316642 -1.8616 3.71116 -0.0426692 -1.8784 3.71116 -0.0426692 -1.8784 3.6781 0.0316642 -1.8616 3.84994 0.0289626 -1.48223 3.8845 -0.0444837 -1.49554 3.8845 -0.0444837 -1.49554 3.84994 0.0289626 -1.48223 3.98184 0.0285761 -1.09319 4.01754 -0.0447433 -1.10296 3.89601 -0.133456 -1.50012 3.8845 -0.0444837 -1.49554 4.01754 -0.0447433 -1.10296 4.02944 -0.133232 -1.10622 3.88451 -0.222954 -1.49602 3.89601 -0.133456 -1.50012 4.02944 -0.133232 -1.10622 4.01754 -0.221719 -1.10296 3.85005 -0.297361 -1.4827 3.88451 -0.222954 -1.49602 4.01754 -0.221719 -1.10296 3.98184 -0.295038 -1.09319 3.67847 -0.313613 -1.86532 3.7108 -0.231596 -1.88219 3.88451 -0.222954 -1.49602 3.85005 -0.297361 -1.4827 3.48253 -0.359947 -2.21993 3.5124 -0.253102 -2.23806 3.7108 -0.231596 -1.88219 3.67847 -0.313613 -1.86532 3.22959 -0.0375936 -2.04555 3.21635 -0.138073 -2.04065 3.39832 -0.135023 -1.72108 3.41018 -0.0426692 -1.7259 3.21635 -0.138073 -2.04065 3.22014 -0.253103 -2.05156 3.40753 -0.231596 -1.72821 3.39832 -0.135023 -1.72108 3.41018 -0.0426692 -1.7259 3.39832 -0.135023 -1.72108 3.5581 -0.133457 -1.37007 3.56971 -0.044485 -1.3744 3.39832 -0.135023 -1.72108 3.40753 -0.231596 -1.72821 3.56942 -0.222954 -1.37472 3.5581 -0.133457 -1.37007 3.07918 0.0532896 -2.33812 3.04958 -0.0269505 -2.31514 3.22959 -0.0375936 -2.04555 3.26104 0.0390015 -2.06545 3.04958 -0.0269505 -2.31514 3.03545 -0.137939 -2.30889 3.21635 -0.138073 -2.04065 3.22959 -0.0375936 -2.04555 3.03545 -0.137939 -2.30889 3.03254 -0.280083 -2.32218 3.22014 -0.253103 -2.05156 3.21635 -0.138073 -2.04065 3.03254 -0.280083 -2.32218 3.03513 -0.477619 -2.36431 3.24916 -0.359947 -2.07096 3.22014 -0.253103 -2.05156 3.22014 -0.253103 -2.05156 3.24916 -0.359947 -2.07096 3.44021 -0.313614 -1.74438 3.40753 -0.231596 -1.72821 3.40753 -0.231596 -1.72821 3.44021 -0.313614 -1.74438 3.60392 -0.297361 -1.38795 3.56942 -0.222954 -1.37472 3.56942 -0.222954 -1.37472 3.60392 -0.297361 -1.38795 3.72793 -0.295038 -1.02373 3.69222 -0.221719 -1.01396 3.5581 -0.133457 -1.37007 3.56942 -0.222954 -1.37472 3.69222 -0.221719 -1.01396 3.68032 -0.133231 -1.0107 3.56971 -0.044485 -1.3744 3.5581 -0.133457 -1.37007 3.68032 -0.133231 -1.0107 3.69222 -0.0447433 -1.01396 3.60426 0.0289612 -1.38769 3.56971 -0.044485 -1.3744 3.69222 -0.0447433 -1.01396 3.72793 0.0285761 -1.02373 3.44328 0.0316642 -1.74263 3.41018 -0.0426692 -1.7259 3.56971 -0.044485 -1.3744 3.60426 0.0289612 -1.38769 3.26104 0.0390015 -2.06545 3.22959 -0.0375936 -2.04555 3.41018 -0.0426692 -1.7259 3.44328 0.0316642 -1.74263 3.31421 -0.423683 -2.08571 3.3861 -0.443671 -2.11513 3.56357 -0.381315 -1.79628 3.49638 -0.364481 -1.76671 3.3861 -0.443671 -2.11513 3.44304 -0.423682 -2.16691 3.62727 -0.364481 -1.83291 3.56357 -0.381315 -1.79628 3.49638 -0.364481 -1.76671 3.56357 -0.381315 -1.79628 3.72736 -0.358916 -1.43419 3.65987 -0.343538 -1.40875 3.56357 -0.381315 -1.79628 3.62727 -0.364481 -1.83291 3.79454 -0.343538 -1.46056 3.72736 -0.358916 -1.43419 3.03513 -0.477619 -2.36431 3.14875 -0.553158 -2.32938 3.31421 -0.423683 -2.08571 3.24916 -0.359947 -2.07096 3.14875 -0.553158 -2.32938 3.22664 -0.572966 -2.35387 3.3861 -0.443671 -2.11513 3.31421 -0.423683 -2.08571 3.22664 -0.572966 -2.35387 3.27484 -0.553158 -2.42279 3.44304 -0.423682 -2.16691 3.3861 -0.443671 -2.11513 3.27484 -0.553158 -2.42279 3.27176 -0.477619 -2.54887 3.48253 -0.359947 -2.21993 3.44304 -0.423682 -2.16691 3.44304 -0.423682 -2.16691 3.48253 -0.359947 -2.21993 3.67847 -0.313613 -1.86532 3.62727 -0.364481 -1.83291 3.62727 -0.364481 -1.83291 3.67847 -0.313613 -1.86532 3.85005 -0.297361 -1.4827 3.79454 -0.343538 -1.46056 3.79454 -0.343538 -1.46056 3.85005 -0.297361 -1.4827 3.98184 -0.295038 -1.09319 3.92431 -0.340546 -1.07745 3.72736 -0.358916 -1.43419 3.79454 -0.343538 -1.46056 3.92431 -0.340546 -1.07745 3.85488 -0.355716 -1.05846 3.65987 -0.343538 -1.40875 3.72736 -0.358916 -1.43419 3.85488 -0.355716 -1.05846 3.78545 -0.340546 -1.03946 3.60392 -0.297361 -1.38795 3.65987 -0.343538 -1.40875 3.78545 -0.340546 -1.03946 3.72793 -0.295038 -1.02373 3.44021 -0.313614 -1.74438 3.49638 -0.364481 -1.76671 3.65987 -0.343538 -1.40875 3.60392 -0.297361 -1.38795 3.24916 -0.359947 -2.07096 3.31421 -0.423683 -2.08571 3.49638 -0.364481 -1.76671 3.44021 -0.313614 -1.74438 3.4328 0.0856808 -2.17477 3.37196 0.101242 -2.13628 3.56064 0.0928038 -1.80222 3.62486 0.0775204 -1.83472 3.37196 0.101242 -2.13628 3.31124 0.0856822 -2.09764 3.49644 0.0775218 -1.76966 3.56064 0.0928038 -1.80222 3.62486 0.0775204 -1.83472 3.56064 0.0928038 -1.80222 3.7271 0.0896983 -1.43498 3.79428 0.0745137 -1.46082 3.56064 0.0928038 -1.80222 3.49644 0.0775218 -1.76966 3.65992 0.0745137 -1.40912 3.7271 0.0896983 -1.43498 3.28873 0.0532896 -2.49744 3.24085 0.101578 -2.46193 3.4328 0.0856808 -2.17477 3.48333 0.0390015 -2.20646 3.24085 0.101578 -2.46193 3.18343 0.117673 -2.41856 3.37196 0.101242 -2.13628 3.4328 0.0856808 -2.17477 3.18343 0.117673 -2.41856 3.12627 0.101578 -2.37478 3.31124 0.0856822 -2.09764 3.37196 0.101242 -2.13628 3.12627 0.101578 -2.37478 3.07918 0.0532896 -2.33812 3.26104 0.0390015 -2.06545 3.31124 0.0856822 -2.09764 3.31124 0.0856822 -2.09764 3.26104 0.0390015 -2.06545 3.44328 0.0316642 -1.74263 3.49644 0.0775218 -1.76966 3.49644 0.0775218 -1.76966 3.44328 0.0316642 -1.74263 3.60426 0.0289612 -1.38769 3.65992 0.0745137 -1.40912 3.65992 0.0745137 -1.40912 3.60426 0.0289612 -1.38769 3.72793 0.0285761 -1.02373 3.78545 0.0740838 -1.03946 3.7271 0.0896983 -1.43498 3.65992 0.0745137 -1.40912 3.78545 0.0740838 -1.03946 3.85488 0.0892537 -1.05846 3.79428 0.0745137 -1.46082 3.7271 0.0896983 -1.43498 3.85488 0.0892537 -1.05846 3.92431 0.0740838 -1.07745 3.84994 0.0289626 -1.48223 3.79428 0.0745137 -1.46082 3.92431 0.0740838 -1.07745 3.98184 0.0285761 -1.09319 3.6781 0.0316642 -1.8616 3.62486 0.0775204 -1.83472 3.79428 0.0745137 -1.46082 3.84994 0.0289626 -1.48223 3.48333 0.0390015 -2.20646 3.4328 0.0856808 -2.17477 3.62486 0.0775204 -1.83472 3.6781 0.0316642 -1.8616 0.851012 1.86572 4.04707 0.866553 1.93313 4.05467 0.595369 1.93313 4.12677 0.589588 1.85921 4.11585 0.866553 1.93313 4.05467 0.851012 2.00055 4.04707 0.589588 2.00706 4.11584 0.595369 1.93313 4.12677 0.589588 1.85921 4.11585 0.595369 1.93313 4.12677 0.283212 1.93313 4.16137 0.281868 1.85629 4.14916 0.595369 1.93313 4.12677 0.589588 2.00706 4.11584 0.281868 2.00997 4.14916 0.283212 1.93313 4.16137 0.982566 1.82718 3.9738 1.04075 1.87027 3.97681 0.851012 1.86572 4.04707 0.829515 1.81097 4.01975 1.04075 1.87027 3.97681 1.06998 1.93313 3.97779 0.866553 1.93313 4.05467 0.851012 1.86572 4.04707 1.06998 1.93313 3.97779 1.04075 1.99599 3.97681 0.851012 2.00055 4.04707 0.866553 1.93313 4.05467 1.04075 1.99599 3.97681 0.982568 2.03909 3.9738 0.829515 2.0553 4.01975 0.851012 2.00055 4.04707 0.851012 2.00055 4.04707 0.829515 2.0553 4.01975 0.580533 2.06836 4.08148 0.589588 2.00706 4.11584 0.589588 2.00706 4.11584 0.580533 2.06836 4.08148 0.278881 2.07365 4.11244 0.281868 2.00997 4.14916 0.281868 2.00997 4.14916 0.278881 2.07365 4.11244 -0.0246503 2.0744 4.13001 -0.0248692 2.01039 4.16703 0.283212 1.93313 4.16137 0.281868 2.00997 4.14916 -0.0248692 2.01039 4.16703 -0.0249422 1.93313 4.17937 0.281868 1.85629 4.14916 0.283212 1.93313 4.16137 -0.0249422 1.93313 4.17937 -0.0248692 1.85587 4.16703 0.278881 1.79262 4.11244 0.281868 1.85629 4.14916 -0.0248692 1.85587 4.16703 -0.0246503 1.79186 4.13001 0.580533 1.79791 4.08148 0.589588 1.85921 4.11585 0.281868 1.85629 4.14916 0.278881 1.79262 4.11244 0.829515 1.81097 4.01975 0.851012 1.86572 4.04707 0.589588 1.85921 4.11585 0.580533 1.79791 4.08148 0.834232 1.7777 3.9668 0.576586 1.75979 4.02414 0.570864 1.74706 3.95516 0.834276 1.76643 3.90276 0.576586 1.75979 4.02414 0.275424 1.75309 4.05321 0.271129 1.73991 3.98175 0.570864 1.74706 3.95516 0.834276 1.76643 3.90276 0.570864 1.74706 3.95516 0.557251 1.75979 3.88775 0.808532 1.7777 3.84384 0.570864 1.74706 3.95516 0.271129 1.73991 3.98175 0.265832 1.75309 3.91035 0.557251 1.75979 3.88775 0.982566 1.82718 3.9738 0.829515 1.81097 4.01975 0.834232 1.7777 3.9668 1.02699 1.81172 3.92403 0.829515 1.81097 4.01975 0.580533 1.79791 4.08148 0.576586 1.75979 4.02414 0.834232 1.7777 3.9668 0.580533 1.79791 4.08148 0.278881 1.79262 4.11244 0.275424 1.75309 4.05321 0.576586 1.75979 4.02414 0.278881 1.79262 4.11244 -0.0246503 1.79186 4.13001 -0.0242976 1.75213 4.07037 0.275424 1.75309 4.05321 0.275424 1.75309 4.05321 -0.0242976 1.75213 4.07037 -0.023872 1.73889 3.99839 0.271129 1.73991 3.98175 0.271129 1.73991 3.98175 -0.023872 1.73889 3.99839 -0.0234463 1.75213 3.92641 0.265832 1.75309 3.91035 0.265832 1.75309 3.91035 -0.0234463 1.75213 3.92641 -0.0230936 1.79186 3.86678 0.261372 1.79262 3.85119 0.557251 1.75979 3.88775 0.265832 1.75309 3.91035 0.261372 1.79262 3.85119 0.545418 1.79791 3.83197 0.808532 1.7777 3.84384 0.557251 1.75979 3.88775 0.545418 1.79791 3.83197 0.783782 1.81097 3.79675 0.997446 1.81172 3.81068 0.808532 1.7777 3.84384 0.783782 1.81097 3.79675 0.935382 1.82718 3.78209 1.03883 1.80396 3.86154 0.834276 1.76643 3.90276 0.808532 1.7777 3.84384 0.997446 1.81172 3.81068 1.02699 1.81172 3.92403 0.834232 1.7777 3.9668 0.834276 1.76643 3.90276 1.03883 1.80396 3.86154 -0.753597 2.1056 3.99219 -0.525066 2.11161 4.03667 -0.515565 2.12483 3.9653 -0.739251 2.11878 3.92166 -0.525066 2.11161 4.03667 -0.287749 2.11382 4.05277 -0.282671 2.12706 3.98097 -0.515565 2.12483 3.9653 -0.739251 2.11878 3.92166 -0.515565 2.12483 3.9653 -0.506718 2.11161 3.89388 -0.727076 2.1056 3.85069 -0.515565 2.12483 3.9653 -0.282671 2.12706 3.98097 -0.277675 2.11382 3.90917 -0.506718 2.11161 3.89388 -1.02041 2.05457 3.99974 -0.767948 2.06604 4.05014 -0.753597 2.1056 3.99219 -0.997868 2.0939 3.94351 -0.767948 2.06604 4.05014 -0.533681 2.07192 4.09575 -0.525066 2.11161 4.03667 -0.753597 2.1056 3.99219 -0.533681 2.07192 4.09575 -0.292049 2.07409 4.11226 -0.287749 2.11382 4.05277 -0.525066 2.11161 4.03667 -0.292049 2.07409 4.11226 -0.0246503 2.0744 4.13001 -0.0242976 2.11414 4.07037 -0.287749 2.11382 4.05277 -0.287749 2.11382 4.05277 -0.0242976 2.11414 4.07037 -0.023872 2.12738 3.99839 -0.282671 2.12706 3.98097 -0.282671 2.12706 3.98097 -0.023872 2.12738 3.99839 -0.0234463 2.11414 3.92642 -0.277675 2.11382 3.90917 -0.277675 2.11382 3.90917 -0.0234463 2.11414 3.92642 -0.0230936 2.07441 3.86678 -0.27362 2.07409 3.84966 -0.506718 2.11161 3.89388 -0.277675 2.11382 3.90917 -0.27362 2.07409 3.84966 -0.500066 2.07192 3.83466 -0.727076 2.1056 3.85069 -0.506718 2.11161 3.89388 -0.500066 2.07192 3.83466 -0.719237 2.06604 3.79145 -0.9627 2.0939 3.80391 -0.727076 2.1056 3.85069 -0.719237 2.06604 3.79145 -0.955597 2.05457 3.7446 -0.977711 2.107 3.87422 -0.739251 2.11878 3.92166 -0.727076 2.1056 3.85069 -0.9627 2.0939 3.80391 -0.997868 2.0939 3.94351 -0.753597 2.1056 3.99219 -0.739251 2.11878 3.92166 -0.977711 2.107 3.87422 -0.716882 1.83877 3.74937 -0.717521 1.92229 3.73984 -0.495854 1.9298 3.78508 -0.496178 1.85061 3.79648 -0.717521 1.92229 3.73984 -0.716955 2.00191 3.75395 -0.4967 2.00786 3.7978 -0.495854 1.9298 3.78508 -0.496178 1.85061 3.79648 -0.495854 1.9298 3.78508 -0.270429 1.93272 3.80034 -0.271143 1.85522 3.81255 -0.495854 1.9298 3.78508 -0.4967 2.00786 3.7978 -0.271199 2.01008 3.81272 -0.270429 1.93272 3.80034 -0.961131 1.72618 3.72476 -0.968445 1.82091 3.69347 -0.716882 1.83877 3.74937 -0.707111 1.76777 3.78692 -0.968445 1.82091 3.69347 -0.964169 1.90974 3.6893 -0.717521 1.92229 3.73984 -0.716882 1.83877 3.74937 -0.964169 1.90974 3.6893 -0.957712 1.99059 3.70609 -0.716955 2.00191 3.75395 -0.717521 1.92229 3.73984 -0.957712 1.99059 3.70609 -0.955597 2.05457 3.7446 -0.719237 2.06604 3.79145 -0.716955 2.00191 3.75395 -0.716955 2.00191 3.75395 -0.719237 2.06604 3.79145 -0.500066 2.07192 3.83466 -0.4967 2.00786 3.7978 -0.4967 2.00786 3.7978 -0.500066 2.07192 3.83466 -0.27362 2.07409 3.84966 -0.271199 2.01008 3.81272 -0.271199 2.01008 3.81272 -0.27362 2.07409 3.84966 -0.0230936 2.07441 3.86678 -0.0228748 2.01039 3.82976 -0.270429 1.93272 3.80034 -0.271199 2.01008 3.81272 -0.0228748 2.01039 3.82976 -0.0228017 1.93313 3.81741 -0.271143 1.85522 3.81255 -0.270429 1.93272 3.80034 -0.0228017 1.93313 3.81741 -0.0228748 1.85588 3.82976 -0.273094 1.79099 3.84945 -0.271143 1.85522 3.81255 -0.0228748 1.85588 3.82976 -0.0230936 1.79186 3.86678 -0.495751 1.7849 3.83297 -0.496178 1.85061 3.79648 -0.271143 1.85522 3.81255 -0.273094 1.79099 3.84945 -0.707111 1.76777 3.78692 -0.716882 1.83877 3.74937 -0.496178 1.85061 3.79648 -0.495751 1.7849 3.83297 -2.01279 2.07546 -3.24718 -2.00065 2.18072 -3.24429 -2.13975 2.19067 -3.16058 -2.14731 2.10406 -3.16869 -2.00065 2.18072 -3.24429 -2.00502 2.27375 -3.25781 -2.14458 2.27373 -3.17214 -2.13975 2.19067 -3.16058 -2.14731 2.10406 -3.16869 -2.13975 2.19067 -3.16058 -2.2445 2.19472 -3.11297 -2.24717 2.12109 -3.12365 -2.13975 2.19067 -3.16058 -2.14458 2.27373 -3.17214 -2.24683 2.2679 -3.12408 -2.2445 2.19472 -3.11297 -1.86342 1.86334 -3.36333 -1.82223 2.03829 -3.3509 -2.01279 2.07546 -3.24718 -2.04802 1.97889 -3.26536 -1.82223 2.03829 -3.3509 -1.80866 2.16661 -3.35207 -2.00065 2.18072 -3.24429 -2.01279 2.07546 -3.24718 -1.80866 2.16661 -3.35207 -1.8119 2.26878 -3.36748 -2.00502 2.27375 -3.25781 -2.00065 2.18072 -3.24429 -1.8119 2.26878 -3.36748 -1.82907 2.34367 -3.40072 -2.02393 2.34524 -3.28968 -2.00502 2.27375 -3.25781 -2.00502 2.27375 -3.25781 -2.02393 2.34524 -3.28968 -2.16325 2.34075 -3.20246 -2.14458 2.27373 -3.17214 -2.14458 2.27373 -3.17214 -2.16325 2.34075 -3.20246 -2.26064 2.32711 -3.15211 -2.24683 2.2679 -3.12408 -2.24683 2.2679 -3.12408 -2.26064 2.32711 -3.15211 -2.3168 2.30967 -3.13282 -2.32375 2.26316 -3.11092 -2.2445 2.19472 -3.11297 -2.24683 2.2679 -3.12408 -2.32375 2.26316 -3.11092 -2.3272 2.19529 -3.09995 -2.24717 2.12109 -3.12365 -2.2445 2.19472 -3.11297 -2.3272 2.19529 -3.09995 -2.32375 2.12743 -3.11092 -2.2616 2.06108 -3.15118 -2.24717 2.12109 -3.12365 -2.32375 2.12743 -3.11092 -2.31681 2.08091 -3.13282 -2.17091 2.03072 -3.19497 -2.14731 2.10406 -3.16869 -2.24717 2.12109 -3.12365 -2.2616 2.06108 -3.15118 -2.04802 1.97889 -3.26536 -2.01279 2.07546 -3.24718 -2.14731 2.10406 -3.16869 -2.17091 2.03072 -3.19497 </float_array>
     <technique_common>
      <accessor source="#ID9-array" count="9856" stride="3">
       <param name="X" type="float"/>
       <param name="Y" type="float"/>
       <param name="Z" type="float"/>
      </accessor>
     </technique_common>
    </source>
    <source id="geometrySource10">
     <float_array id="ID11-array" count="29568">0.563664 -0.45965 -0.686297 0.563664 -0.45965 -0.686297 0.563664 -0.45965 -0.686297 0.563664 -0.45965 -0.686297 0.563671 0.459651 -0.686292 0.563671 0.459651 -0.686292 0.563671 0.459651 -0.686292 0.563671 0.459651 -0.686292 0.856603 -0.452486 0.247969 0.856603 -0.452486 0.247969 0.856603 -0.452486 0.247969 0.856603 -0.452486 0.247969 0.856602 0.452489 0.247964 0.856602 0.452489 0.247964 0.856602 0.452489 0.247964 0.856602 0.452489 0.247964 0.109328 -0.651305 -0.750899 0.109328 -0.651305 -0.750899 0.109328 -0.651305 -0.750899 0.109328 -0.651305 -0.750899 0.0986441 -0.254774 -0.961956 0.0986441 -0.254774 -0.961956 0.0986441 -0.254774 -0.961956 0.0986441 -0.254774 -0.961956 0.0986407 0.254756 -0.961961 0.0986407 0.254756 -0.961961 0.0986407 0.254756 -0.961961 0.0986407 0.254756 -0.961961 0.109322 0.651318 -0.750889 0.109322 0.651318 -0.750889 0.109322 0.651318 -0.750889 0.109322 0.651318 -0.750889 0.295347 0.87204 -0.390278 0.295347 0.87204 -0.390278 0.295347 0.87204 -0.390278 0.295347 0.87204 -0.390278 0.471288 0.862826 0.182811 0.471288 0.862826 0.182811 0.471288 0.862826 0.182811 0.471288 0.862826 0.182811 0.46734 0.650036 0.599205 0.46734 0.650036 0.599205 0.46734 0.650036 0.599205 0.46734 0.650036 0.599205 0.620688 0.276463 0.7337 0.620688 0.276463 0.7337 0.620688 0.276463 0.7337 0.620688 0.276463 0.7337 0.620696 -0.27646 0.733693 0.620696 -0.27646 0.733693 0.620696 -0.27646 0.733693 0.620696 -0.27646 0.733693 0.467333 -0.650034 0.599212 0.467333 -0.650034 0.599212 0.467333 -0.650034 0.599212 0.467333 -0.650034 0.599212 0.471302 -0.862821 0.182797 0.471302 -0.862821 0.182797 0.471302 -0.862821 0.182797 0.471302 -0.862821 0.182797 0.295362 -0.872034 -0.390279 0.295362 -0.872034 -0.390279 0.295362 -0.872034 -0.390279 0.295362 -0.872034 -0.390279 -0.368712 0.0211812 0.929303 -0.368712 0.0211812 0.929303 -0.368712 0.0211812 0.929303 -0.368712 0.0211812 0.929303 -0.364907 0.203013 0.908641 -0.364907 0.203013 0.908641 -0.364907 0.203013 0.908641 -0.364907 0.203013 0.908641 -0.494192 0.108207 0.862592 -0.494192 0.108207 0.862592 -0.494192 0.108207 0.862592 -0.494192 0.108207 0.862592 -0.493549 0.286746 0.821089 -0.493549 0.286746 0.821089 -0.493549 0.286746 0.821089 -0.493549 0.286746 0.821089 -0.247474 -0.21007 0.945847 -0.247474 -0.21007 0.945847 -0.247474 -0.21007 0.945847 -0.247474 -0.21007 0.945847 -0.297808 -0.0223722 0.954364 -0.297808 -0.0223722 0.954364 -0.297808 -0.0223722 0.954364 -0.297808 -0.0223722 0.954364 -0.311344 0.204229 0.928093 -0.311344 0.204229 0.928093 -0.311344 0.204229 0.928093 -0.311344 0.204229 0.928093 -0.290473 0.518445 0.804264 -0.290473 0.518445 0.804264 -0.290473 0.518445 0.804264 -0.290473 0.518445 0.804264 -0.3347 0.517084 0.787782 -0.3347 0.517084 0.787782 -0.3347 0.517084 0.787782 -0.3347 0.517084 0.787782 -0.450924 0.574711 0.682917 -0.450924 0.574711 0.682917 -0.450924 0.574711 0.682917 -0.450924 0.574711 0.682917 -0.495412 0.619913 0.608502 -0.495412 0.619913 0.608502 -0.495412 0.619913 0.608502 -0.495412 0.619913 0.608502 -0.575343 0.368649 0.730122 -0.575343 0.368649 0.730122 -0.575343 0.368649 0.730122 -0.575343 0.368649 0.730122 -0.618828 0.211535 0.756508 -0.618828 0.211535 0.756508 -0.618828 0.211535 0.756508 -0.618828 0.211535 0.756508 -0.64262 0.136022 0.754015 -0.64262 0.136022 0.754015 -0.64262 0.136022 0.754015 -0.64262 0.136022 0.754015 -0.486354 0.0245678 0.873417 -0.486354 0.0245678 0.873417 -0.486354 0.0245678 0.873417 -0.486354 0.0245678 0.873417 -0.363836 -0.0613612 0.92944 -0.363836 -0.0613612 0.92944 -0.363836 -0.0613612 0.92944 -0.363836 -0.0613612 0.92944 -0.675424 0.737293 -0.0141968 -0.675424 0.737293 -0.0141968 -0.675424 0.737293 -0.0141968 -0.675424 0.737293 -0.0141968 -0.538414 0.842492 -0.0178167 -0.538414 0.842492 -0.0178167 -0.538414 0.842492 -0.0178167 -0.538414 0.842492 -0.0178167 -0.27245 0.730789 -0.625874 -0.27245 0.730789 -0.625874 -0.27245 0.730789 -0.625874 -0.27245 0.730789 -0.625874 -0.240461 0.84438 -0.47875 -0.240461 0.84438 -0.47875 -0.240461 0.84438 -0.47875 -0.240461 0.84438 -0.47875 -0.779145 0.308452 0.545702 -0.779145 0.308452 0.545702 -0.779145 0.308452 0.545702 -0.779145 0.308452 0.545702 -0.744202 0.450009 0.493614 -0.744202 0.450009 0.493614 -0.744202 0.450009 0.493614 -0.744202 0.450009 0.493614 -0.655487 0.630582 0.415576 -0.655487 0.630582 0.415576 -0.655487 0.630582 0.415576 -0.655487 0.630582 0.415576 -0.503849 0.805763 0.311258 -0.503849 0.805763 0.311258 -0.503849 0.805763 0.311258 -0.503849 0.805763 0.311258 -0.38805 0.921638 -0.00102603 -0.38805 0.921638 -0.00102603 -0.38805 0.921638 -0.00102603 -0.38805 0.921638 -0.00102603 -0.193417 0.920379 -0.339841 -0.193417 0.920379 -0.339841 -0.193417 0.920379 -0.339841 -0.193417 0.920379 -0.339841 0.00816983 0.780972 -0.624512 0.00816983 0.780972 -0.624512 0.00816983 0.780972 -0.624512 0.00816983 0.780972 -0.624512 0.0866039 0.634862 -0.767756 0.0866039 0.634862 -0.767756 0.0866039 0.634862 -0.767756 0.0866039 0.634862 -0.767756 0.150364 0.451957 -0.879276 0.150364 0.451957 -0.879276 0.150364 0.451957 -0.879276 0.150364 0.451957 -0.879276 0.190643 0.305972 -0.932757 0.190643 0.305972 -0.932757 0.190643 0.305972 -0.932757 0.190643 0.305972 -0.932757 -0.282346 0.600078 -0.748456 -0.282346 0.600078 -0.748456 -0.282346 0.600078 -0.748456 -0.282346 0.600078 -0.748456 -0.788151 0.615482 -0.00025336 -0.788151 0.615482 -0.00025336 -0.788151 0.615482 -0.00025336 -0.788151 0.615482 -0.00025336 -0.3533 -0.00844294 0.935472 -0.3533 -0.00844294 0.935472 -0.3533 -0.00844294 0.935472 -0.3533 -0.00844294 0.935472 -0.489595 -0.0722534 0.868951 -0.489595 -0.0722534 0.868951 -0.489595 -0.0722534 0.868951 -0.489595 -0.0722534 0.868951 -0.346765 -0.125186 0.92956 -0.346765 -0.125186 0.92956 -0.346765 -0.125186 0.92956 -0.346765 -0.125186 0.92956 -0.491704 -0.189719 0.849844 -0.491704 -0.189719 0.849844 -0.491704 -0.189719 0.849844 -0.491704 -0.189719 0.849844 -0.230427 0.142379 0.962617 -0.230427 0.142379 0.962617 -0.230427 0.142379 0.962617 -0.230427 0.142379 0.962617 -0.355938 0.0447567 0.933438 -0.355938 0.0447567 0.933438 -0.355938 0.0447567 0.933438 -0.355938 0.0447567 0.933438 -0.483864 -0.018978 0.874937 -0.483864 -0.018978 0.874937 -0.483864 -0.018978 0.874937 -0.483864 -0.018978 0.874937 -0.637191 -0.100889 0.764074 -0.637191 -0.100889 0.764074 -0.637191 -0.100889 0.764074 -0.637191 -0.100889 0.764074 -0.613736 -0.143366 0.776386 -0.613736 -0.143366 0.776386 -0.613736 -0.143366 0.776386 -0.613736 -0.143366 0.776386 -0.582771 -0.260157 0.769868 -0.582771 -0.260157 0.769868 -0.582771 -0.260157 0.769868 -0.582771 -0.260157 0.769868 -0.543737 -0.451768 0.707288 -0.543737 -0.451768 0.707288 -0.543737 -0.451768 0.707288 -0.543737 -0.451768 0.707288 -0.471015 -0.414318 0.778772 -0.471015 -0.414318 0.778772 -0.471015 -0.414318 0.778772 -0.471015 -0.414318 0.778772 -0.337351 -0.359644 0.869971 -0.337351 -0.359644 0.869971 -0.337351 -0.359644 0.869971 -0.337351 -0.359644 0.869971 -0.24873 -0.333951 0.909181 -0.24873 -0.333951 0.909181 -0.24873 -0.333951 0.909181 -0.24873 -0.333951 0.909181 -0.256476 -0.117948 0.959327 -0.256476 -0.117948 0.959327 -0.256476 -0.117948 0.959327 -0.256476 -0.117948 0.959327 -0.253316 0.0181998 0.967212 -0.253316 0.0181998 0.967212 -0.253316 0.0181998 0.967212 -0.253316 0.0181998 0.967212 -0.0628093 -0.161249 -0.984913 -0.0628093 -0.161249 -0.984913 -0.0628093 -0.161249 -0.984913 -0.0628093 -0.161249 -0.984913 -0.0628081 0.161248 -0.984913 -0.0628081 0.161248 -0.984913 -0.0628081 0.161248 -0.984913 -0.0628081 0.161248 -0.984913 -0.12465 -0.163844 -0.978579 -0.12465 -0.163844 -0.978579 -0.12465 -0.163844 -0.978579 -0.12465 -0.163844 -0.978579 -0.12465 0.163851 -0.978578 -0.12465 0.163851 -0.978578 -0.12465 0.163851 -0.978578 -0.12465 0.163851 -0.978578 -0.0461441 -0.50034 -0.864599 -0.0461441 -0.50034 -0.864599 -0.0461441 -0.50034 -0.864599 -0.0461441 -0.50034 -0.864599 -0.0534209 -0.15769 -0.986043 -0.0534209 -0.15769 -0.986043 -0.0534209 -0.15769 -0.986043 -0.0534209 -0.15769 -0.986043 -0.0534198 0.157689 -0.986043 -0.0534198 0.157689 -0.986043 -0.0534198 0.157689 -0.986043 -0.0534198 0.157689 -0.986043 -0.0461396 0.500338 -0.8646 -0.0461396 0.500338 -0.8646 -0.0461396 0.500338 -0.8646 -0.0461396 0.500338 -0.8646 -0.049748 0.503197 -0.862739 -0.049748 0.503197 -0.862739 -0.049748 0.503197 -0.862739 -0.049748 0.503197 -0.862739 -0.0991523 0.504862 -0.857486 -0.0991523 0.504862 -0.857486 -0.0991523 0.504862 -0.857486 -0.0991523 0.504862 -0.857486 -0.0213338 0.496611 -0.867711 -0.0213338 0.496611 -0.867711 -0.0213338 0.496611 -0.867711 -0.0213338 0.496611 -0.867711 -0.025594 0.184314 -0.982534 -0.025594 0.184314 -0.982534 -0.025594 0.184314 -0.982534 -0.025594 0.184314 -0.982534 -0.0255921 -0.184327 -0.982532 -0.0255921 -0.184327 -0.982532 -0.0255921 -0.184327 -0.982532 -0.0255921 -0.184327 -0.982532 -0.0213307 -0.496606 -0.867714 -0.0213307 -0.496606 -0.867714 -0.0213307 -0.496606 -0.867714 -0.0213307 -0.496606 -0.867714 -0.0991481 -0.504874 -0.85748 -0.0991481 -0.504874 -0.85748 -0.0991481 -0.504874 -0.85748 -0.0991481 -0.504874 -0.85748 -0.049753 -0.503191 -0.862742 -0.049753 -0.503191 -0.862742 -0.049753 -0.503191 -0.862742 -0.049753 -0.503191 -0.862742 -0.201492 0.975609 0.0871068 -0.201492 0.975609 0.0871068 -0.201492 0.975609 0.0871068 -0.201492 0.975609 0.0871068 -0.146885 0.981129 0.125738 -0.146885 0.981129 0.125738 -0.146885 0.981129 0.125738 -0.146885 0.981129 0.125738 -0.06507 0.976322 -0.206304 -0.06507 0.976322 -0.206304 -0.06507 0.976322 -0.206304 -0.06507 0.976322 -0.206304 -0.0402241 0.980228 -0.193738 -0.0402241 0.980228 -0.193738 -0.0402241 0.980228 -0.193738 -0.0402241 0.980228 -0.193738 -0.374347 0.870449 0.319662 -0.374347 0.870449 0.319662 -0.374347 0.870449 0.319662 -0.374347 0.870449 0.319662 -0.33255 0.858911 0.389464 -0.33255 0.858911 0.389464 -0.33255 0.858911 0.389464 -0.33255 0.858911 0.389464 -0.249375 0.847946 0.467761 -0.249375 0.847946 0.467761 -0.249375 0.847946 0.467761 -0.249375 0.847946 0.467761 -0.214934 0.839992 0.498213 -0.214934 0.839992 0.498213 -0.214934 0.839992 0.498213 -0.214934 0.839992 0.498213 -0.117835 0.982032 0.147405 -0.117835 0.982032 0.147405 -0.117835 0.982032 0.147405 -0.117835 0.982032 0.147405 -0.016044 0.982339 -0.186419 -0.016044 0.982339 -0.186419 -0.016044 0.982339 -0.186419 -0.016044 0.982339 -0.186419 0.104265 0.838916 -0.53418 0.104265 0.838916 -0.53418 0.104265 0.838916 -0.53418 0.104265 0.838916 -0.53418 0.0838349 0.84569 -0.527048 0.0838349 0.84569 -0.527048 0.0838349 0.84569 -0.527048 0.0838349 0.84569 -0.527048 0.0943437 0.853528 -0.512434 0.0943437 0.853528 -0.512434 0.0943437 0.853528 -0.512434 0.0943437 0.853528 -0.512434 0.020983 0.866918 -0.49801 0.020983 0.866918 -0.49801 0.020983 0.866918 -0.49801 0.020983 0.866918 -0.49801 -0.126144 0.961162 -0.245469 -0.126144 0.961162 -0.245469 -0.126144 0.961162 -0.245469 -0.126144 0.961162 -0.245469 -0.265575 0.963107 0.0435417 -0.265575 0.963107 0.0435417 -0.265575 0.963107 0.0435417 -0.265575 0.963107 0.0435417 0.0392218 0.98314 0.178602 0.0392218 0.98314 0.178602 0.0392218 0.98314 0.178602 0.0392218 0.98314 0.178602 0.106316 0.979323 0.172112 0.106316 0.979323 0.172112 0.106316 0.979323 0.172112 0.106316 0.979323 0.172112 0.00768697 0.982797 -0.18453 0.00768697 0.982797 -0.18453 0.00768697 0.982797 -0.18453 0.00768697 0.982797 -0.18453 0.0341483 0.979854 -0.196776 0.0341483 0.979854 -0.196776 0.0341483 0.979854 -0.196776 0.0341483 0.979854 -0.196776 0.0342517 0.831906 0.553859 0.0342517 0.831906 0.553859 0.0342517 0.831906 0.553859 0.0342517 0.831906 0.553859 0.0713211 0.832235 0.549817 0.0713211 0.832235 0.549817 0.0713211 0.832235 0.549817 0.0713211 0.832235 0.549817 0.176376 0.825773 0.535716 0.176376 0.825773 0.535716 0.176376 0.825773 0.535716 0.176376 0.825773 0.535716 0.250399 0.822855 0.510109 0.250399 0.822855 0.510109 0.250399 0.822855 0.510109 0.250399 0.822855 0.510109 0.208406 0.964106 0.164519 0.208406 0.964106 0.164519 0.208406 0.964106 0.164519 0.208406 0.964106 0.164519 0.128431 0.960961 -0.245072 0.128431 0.960961 -0.245072 0.128431 0.960961 -0.245072 0.128431 0.960961 -0.245072 0.040268 0.818462 -0.573148 0.040268 0.818462 -0.573148 0.040268 0.818462 -0.573148 0.040268 0.818462 -0.573148 -0.0382747 0.827265 -0.560507 -0.0382747 0.827265 -0.560507 -0.0382747 0.827265 -0.560507 -0.0382747 0.827265 -0.560507 -0.0232074 0.829921 -0.557397 -0.0232074 0.829921 -0.557397 -0.0232074 0.829921 -0.557397 -0.0232074 0.829921 -0.557397 -0.028074 0.831959 -0.554127 -0.028074 0.831959 -0.554127 -0.028074 0.831959 -0.554127 -0.028074 0.831959 -0.554127 -0.00679839 0.983459 -0.181003 -0.00679839 0.983459 -0.181003 -0.00679839 0.983459 -0.181003 -0.00679839 0.983459 -0.181003 0.0135497 0.983429 0.180785 0.0135497 0.983429 0.180785 0.0135497 0.983429 0.180785 0.0135497 0.983429 0.180785 0.378445 0.108251 -0.919272 0.378445 0.108251 -0.919272 0.378445 0.108251 -0.919272 0.378445 0.108251 -0.919272 0.344507 0.287457 -0.893691 0.344507 0.287457 -0.893691 0.344507 0.287457 -0.893691 0.344507 0.287457 -0.893691 0.344988 0.0592663 -0.936734 0.344988 0.0592663 -0.936734 0.344988 0.0592663 -0.936734 0.344988 0.0592663 -0.936734 0.294776 0.259189 -0.919743 0.294776 0.259189 -0.919743 0.294776 0.259189 -0.919743 0.294776 0.259189 -0.919743 0.389688 0.0953147 -0.916001 0.389688 0.0953147 -0.916001 0.389688 0.0953147 -0.916001 0.389688 0.0953147 -0.916001 0.332552 0.226428 -0.915499 0.332552 0.226428 -0.915499 0.332552 0.226428 -0.915499 0.332552 0.226428 -0.915499 0.246264 0.431075 -0.86806 0.246264 0.431075 -0.86806 0.246264 0.431075 -0.86806 0.246264 0.431075 -0.86806 0.173626 0.615907 -0.768448 0.173626 0.615907 -0.768448 0.173626 0.615907 -0.768448 0.173626 0.615907 -0.768448 0.259228 0.565981 -0.782603 0.259228 0.565981 -0.782603 0.259228 0.565981 -0.782603 0.259228 0.565981 -0.782603 0.211342 0.549378 -0.808405 0.211342 0.549378 -0.808405 0.211342 0.549378 -0.808405 0.211342 0.549378 -0.808405 0.226988 0.510149 -0.829593 0.226988 0.510149 -0.829593 0.226988 0.510149 -0.829593 0.226988 0.510149 -0.829593 0.293525 0.193272 -0.93621 0.293525 0.193272 -0.93621 0.293525 0.193272 -0.93621 0.293525 0.193272 -0.93621 0.327848 -0.0242226 -0.94442 0.327848 -0.0242226 -0.94442 0.327848 -0.0242226 -0.94442 0.327848 -0.0242226 -0.94442 0.364782 -0.186926 -0.912136 0.364782 -0.186926 -0.912136 0.364782 -0.186926 -0.912136 0.364782 -0.186926 -0.912136 0.378336 -0.0418863 -0.92472 0.378336 -0.0418863 -0.92472 0.378336 -0.0418863 -0.92472 0.378336 -0.0418863 -0.92472 0.392847 0.0245109 -0.919277 0.392847 0.0245109 -0.919277 0.392847 0.0245109 -0.919277 0.392847 0.0245109 -0.919277 0.0155924 -0.983437 0.180577 0.0155924 -0.983437 0.180577 0.0155924 -0.983437 0.180577 0.0155924 -0.983437 0.180577 0.0549086 -0.980478 0.188805 0.0549086 -0.980478 0.188805 0.0549086 -0.980478 0.188805 0.0549086 -0.980478 0.188805 0.0400624 -0.983713 -0.175225 0.0400624 -0.983713 -0.175225 0.0400624 -0.983713 -0.175225 0.0400624 -0.983713 -0.175225 0.121171 -0.979135 -0.163132 0.121171 -0.979135 -0.163132 0.121171 -0.979135 -0.163132 0.121171 -0.979135 -0.163132 -0.0336429 -0.832091 0.553618 -0.0336429 -0.832091 0.553618 -0.0336429 -0.832091 0.553618 -0.0336429 -0.832091 0.553618 -0.0122294 -0.831007 0.556127 -0.0122294 -0.831007 0.556127 -0.0122294 -0.831007 0.556127 -0.0122294 -0.831007 0.556127 -0.0298279 -0.823535 0.566481 -0.0298279 -0.823535 0.566481 -0.0298279 -0.823535 0.566481 -0.0298279 -0.823535 0.566481 0.0235029 -0.756503 0.653568 0.0235029 -0.756503 0.653568 0.0235029 -0.756503 0.653568 0.0235029 -0.756503 0.653568 0.16998 -0.952859 0.251331 0.16998 -0.952859 0.251331 0.16998 -0.952859 0.251331 0.16998 -0.952859 0.251331 0.257822 -0.951358 -0.168656 0.257822 -0.951358 -0.168656 0.257822 -0.951358 -0.168656 0.257822 -0.951358 -0.168656 0.280618 -0.756659 -0.590526 0.280618 -0.756659 -0.590526 0.280618 -0.756659 -0.590526 0.280618 -0.756659 -0.590526 0.185217 -0.817185 -0.545806 0.185217 -0.817185 -0.545806 0.185217 -0.817185 -0.545806 0.185217 -0.817185 -0.545806 0.0636764 -0.83172 -0.551531 0.0636764 -0.83172 -0.551531 0.0636764 -0.83172 -0.551531 0.0636764 -0.83172 -0.551531 0.0410519 -0.831993 -0.553266 0.0410519 -0.831993 -0.553266 0.0410519 -0.831993 -0.553266 0.0410519 -0.831993 -0.553266 0.0156322 -0.983511 -0.180173 0.0156322 -0.983511 -0.180173 0.0156322 -0.983511 -0.180173 0.0156322 -0.983511 -0.180173 -0.00870109 -0.983549 0.180433 -0.00870109 -0.983549 0.180433 -0.00870109 -0.983549 0.180433 -0.00870109 -0.983549 0.180433 -0.17837 -0.958162 0.223852 -0.17837 -0.958162 0.223852 -0.17837 -0.958162 0.223852 -0.17837 -0.958162 0.223852 -0.258982 -0.952138 0.162364 -0.258982 -0.952138 0.162364 -0.258982 -0.952138 0.162364 -0.258982 -0.952138 0.162364 -0.00655514 -0.957714 -0.287648 -0.00655514 -0.957714 -0.287648 -0.00655514 -0.957714 -0.287648 -0.00655514 -0.957714 -0.287648 -0.0540559 -0.952536 -0.299587 -0.0540559 -0.952536 -0.299587 -0.0540559 -0.952536 -0.299587 -0.0540559 -0.952536 -0.299587 -0.212388 -0.678369 0.703354 -0.212388 -0.678369 0.703354 -0.212388 -0.678369 0.703354 -0.212388 -0.678369 0.703354 -0.294994 -0.6995 0.650906 -0.294994 -0.6995 0.650906 -0.294994 -0.6995 0.650906 -0.294994 -0.6995 0.650906 -0.400609 -0.727108 0.557518 -0.400609 -0.727108 0.557518 -0.400609 -0.727108 0.557518 -0.400609 -0.727108 0.557518 -0.474497 -0.754584 0.453272 -0.474497 -0.754584 0.453272 -0.474497 -0.754584 0.453272 -0.474497 -0.754584 0.453272 -0.360051 -0.928791 0.0878072 -0.360051 -0.928791 0.0878072 -0.360051 -0.928791 0.0878072 -0.360051 -0.928791 0.0878072 -0.149951 -0.926225 -0.345866 -0.149951 -0.926225 -0.345866 -0.149951 -0.926225 -0.345866 -0.149951 -0.926225 -0.345866 0.0637864 -0.751449 -0.656701 0.0637864 -0.751449 -0.656701 0.0637864 -0.751449 -0.656701 0.0637864 -0.751449 -0.656701 0.157107 -0.719087 -0.676928 0.157107 -0.719087 -0.676928 0.157107 -0.719087 -0.676928 0.157107 -0.719087 -0.676928 0.158915 -0.698715 -0.697527 0.158915 -0.698715 -0.697527 0.158915 -0.698715 -0.697527 0.158915 -0.698715 -0.697527 0.139514 -0.683576 -0.716421 0.139514 -0.683576 -0.716421 0.139514 -0.683576 -0.716421 0.139514 -0.683576 -0.716421 0.0138156 -0.957374 -0.288522 0.0138156 -0.957374 -0.288522 0.0138156 -0.957374 -0.288522 0.0138156 -0.957374 -0.288522 -0.12086 -0.957261 0.262764 -0.12086 -0.957261 0.262764 -0.12086 -0.957261 0.262764 -0.12086 -0.957261 0.262764 0.386871 -0.0722932 -0.919296 0.386871 -0.0722932 -0.919296 0.386871 -0.0722932 -0.919296 0.386871 -0.0722932 -0.919296 0.334999 -0.0434679 -0.941215 0.334999 -0.0434679 -0.941215 0.334999 -0.0434679 -0.941215 0.334999 -0.0434679 -0.941215 0.367173 -0.183273 -0.911919 0.367173 -0.183273 -0.911919 0.367173 -0.183273 -0.911919 0.367173 -0.183273 -0.911919 0.300931 -0.16608 -0.939073 0.300931 -0.16608 -0.939073 0.300931 -0.16608 -0.939073 0.300931 -0.16608 -0.939073 0.390115 -0.074461 -0.91775 0.390115 -0.074461 -0.91775 0.390115 -0.074461 -0.91775 0.390115 -0.074461 -0.91775 0.395798 -0.0189428 -0.918142 0.395798 -0.0189428 -0.918142 0.395798 -0.0189428 -0.918142 0.395798 -0.0189428 -0.918142 0.364719 0.0257007 -0.930763 0.364719 0.0257007 -0.930763 0.364719 0.0257007 -0.930763 0.364719 0.0257007 -0.930763 0.30999 0.135295 -0.941064 0.30999 0.135295 -0.941064 0.30999 0.135295 -0.941064 0.30999 0.135295 -0.941064 0.274097 0.0122355 -0.961624 0.274097 0.0122355 -0.961624 0.274097 0.0122355 -0.961624 0.274097 0.0122355 -0.961624 0.249929 -0.126812 -0.959924 0.249929 -0.126812 -0.959924 0.249929 -0.126812 -0.959924 0.249929 -0.126812 -0.959924 0.215829 -0.34418 -0.91376 0.215829 -0.34418 -0.91376 0.215829 -0.34418 -0.91376 0.215829 -0.34418 -0.91376 0.259006 -0.359179 -0.896608 0.259006 -0.359179 -0.896608 0.259006 -0.359179 -0.896608 0.259006 -0.359179 -0.896608 0.310415 -0.379143 -0.871719 0.310415 -0.379143 -0.871719 0.310415 -0.379143 -0.871719 0.310415 -0.379143 -0.871719 0.221642 -0.44937 -0.865414 0.221642 -0.44937 -0.865414 0.221642 -0.44937 -0.865414 0.221642 -0.44937 -0.865414 0.27353 -0.293684 -0.915932 0.27353 -0.293684 -0.915932 0.27353 -0.293684 -0.915932 0.27353 -0.293684 -0.915932 0.338178 -0.16482 -0.926537 0.338178 -0.16482 -0.926537 0.338178 -0.16482 -0.926537 0.338178 -0.16482 -0.926537 -0.777305 -0.629121 0.00188965 -0.777305 -0.629121 0.00188965 -0.777305 -0.629121 0.00188965 -0.777305 -0.629121 0.00188965 -0.299733 -0.623354 -0.722212 -0.299733 -0.623354 -0.722212 -0.299733 -0.623354 -0.722212 -0.299733 -0.623354 -0.722212 -0.668328 -0.743863 -0.00239885 -0.668328 -0.743863 -0.00239885 -0.668328 -0.743863 -0.00239885 -0.668328 -0.743863 -0.00239885 -0.284522 -0.748432 -0.59908 -0.284522 -0.748432 -0.59908 -0.284522 -0.748432 -0.59908 -0.284522 -0.748432 -0.59908 -0.788374 -0.241558 0.565789 -0.788374 -0.241558 0.565789 -0.788374 -0.241558 0.565789 -0.788374 -0.241558 0.565789 -0.851972 -0.52334 0.0161437 -0.851972 -0.52334 0.0161437 -0.851972 -0.52334 0.0161437 -0.851972 -0.52334 0.0161437 -0.291875 -0.509046 -0.809742 -0.291875 -0.509046 -0.809742 -0.291875 -0.509046 -0.809742 -0.291875 -0.509046 -0.809742 0.205082 -0.240008 -0.948861 0.205082 -0.240008 -0.948861 0.205082 -0.240008 -0.948861 0.205082 -0.240008 -0.948861 0.172834 -0.342677 -0.923418 0.172834 -0.342677 -0.923418 0.172834 -0.342677 -0.923418 0.172834 -0.342677 -0.923418 0.108573 -0.490424 -0.864694 0.108573 -0.490424 -0.864694 0.108573 -0.490424 -0.864694 0.108573 -0.490424 -0.864694 0.0235416 -0.642518 -0.765909 0.0235416 -0.642518 -0.765909 0.0235416 -0.642518 -0.765909 0.0235416 -0.642518 -0.765909 -0.244322 -0.852873 -0.461427 -0.244322 -0.852873 -0.461427 -0.244322 -0.852873 -0.461427 -0.244322 -0.852873 -0.461427 -0.512041 -0.85871 0.0207733 -0.512041 -0.85871 0.0207733 -0.512041 -0.85871 0.0207733 -0.512041 -0.85871 0.0207733 -0.609895 -0.670106 0.423068 -0.609895 -0.670106 0.423068 -0.609895 -0.670106 0.423068 -0.609895 -0.670106 0.423068 -0.721823 -0.486755 0.491978 -0.721823 -0.486755 0.491978 -0.721823 -0.486755 0.491978 -0.721823 -0.486755 0.491978 -0.775308 -0.340159 0.532156 -0.775308 -0.340159 0.532156 -0.775308 -0.340159 0.532156 -0.775308 -0.340159 0.532156 -0.985413 0.166843 0.0335451 -0.985413 0.166843 0.0335451 -0.985413 0.166843 0.0335451 -0.985413 0.166843 0.0335451 -0.293134 0.157091 -0.943077 -0.293134 0.157091 -0.943077 -0.293134 0.157091 -0.943077 -0.293134 0.157091 -0.943077 -0.982188 -0.183863 0.0387546 -0.982188 -0.183863 0.0387546 -0.982188 -0.183863 0.0387546 -0.982188 -0.183863 0.0387546 -0.288166 -0.173228 -0.941782 -0.288166 -0.173228 -0.941782 -0.288166 -0.173228 -0.941782 -0.288166 -0.173228 -0.941782 -0.792591 0.199568 0.57617 -0.792591 0.199568 0.57617 -0.792591 0.199568 0.57617 -0.792591 0.199568 0.57617 -0.888011 0.459507 0.0170261 -0.888011 0.459507 0.0170261 -0.888011 0.459507 0.0170261 -0.888011 0.459507 0.0170261 -0.28569 0.439962 -0.85136 -0.28569 0.439962 -0.85136 -0.28569 0.439962 -0.85136 -0.28569 0.439962 -0.85136 0.217047 0.196281 -0.956224 0.217047 0.196281 -0.956224 0.217047 0.196281 -0.956224 0.217047 0.196281 -0.956224 0.233402 0.0634789 -0.970306 0.233402 0.0634789 -0.970306 0.233402 0.0634789 -0.970306 0.233402 0.0634789 -0.970306 0.236134 -0.069778 -0.969212 0.236134 -0.069778 -0.969212 0.236134 -0.069778 -0.969212 0.236134 -0.069778 -0.969212 0.225854 -0.168122 -0.959544 0.225854 -0.168122 -0.959544 0.225854 -0.168122 -0.959544 0.225854 -0.168122 -0.959544 -0.282757 -0.390518 -0.876096 -0.282757 -0.390518 -0.876096 -0.282757 -0.390518 -0.876096 -0.282757 -0.390518 -0.876096 -0.912269 -0.408446 0.0306286 -0.912269 -0.408446 0.0306286 -0.912269 -0.408446 0.0306286 -0.912269 -0.408446 0.0306286 -0.79226 -0.170787 0.585795 -0.79226 -0.170787 0.585795 -0.79226 -0.170787 0.585795 -0.79226 -0.170787 0.585795 -0.798483 -0.0712373 0.597788 -0.798483 -0.0712373 0.597788 -0.798483 -0.0712373 0.597788 -0.798483 -0.0712373 0.597788 -0.800602 0.0648467 0.595677 -0.800602 0.0648467 0.595677 -0.800602 0.0648467 0.595677 -0.800602 0.0648467 0.595677 0.911211 -0.165648 -0.377167 0.911211 -0.165648 -0.377167 0.911211 -0.165648 -0.377167 0.911211 -0.165648 -0.377167 0.657249 -0.162603 0.735924 0.657249 -0.162603 0.735924 0.657249 -0.162603 0.735924 0.657249 -0.162603 0.735924 0.670313 0.659457 -0.34029 0.670313 0.659457 -0.34029 0.670313 0.659457 -0.34029 0.670313 0.659457 -0.34029 0.467514 0.653335 0.59547 0.467514 0.653335 0.59547 0.467514 0.653335 0.59547 0.467514 0.653335 0.59547 0.481137 -0.473995 -0.737452 0.481137 -0.473995 -0.737452 0.481137 -0.473995 -0.737452 0.481137 -0.473995 -0.737452 0.554965 -0.796334 -0.240553 0.554965 -0.796334 -0.240553 0.554965 -0.796334 -0.240553 0.554965 -0.796334 -0.240553 0.405109 -0.793937 0.453377 0.405109 -0.793937 0.453377 0.405109 -0.793937 0.453377 0.405109 -0.793937 0.453377 0.0854388 -0.498597 0.862613 0.0854388 -0.498597 0.862613 0.0854388 -0.498597 0.862613 0.0854388 -0.498597 0.862613 0.0779287 -0.112445 0.990597 0.0779287 -0.112445 0.990597 0.0779287 -0.112445 0.990597 0.0779287 -0.112445 0.990597 0.0593799 0.305468 0.950349 0.0593799 0.305468 0.950349 0.0593799 0.305468 0.950349 0.0593799 0.305468 0.950349 0.0131416 0.514531 0.857371 0.0131416 0.514531 0.857371 0.0131416 0.514531 0.857371 0.0131416 0.514531 0.857371 0.203196 0.902403 0.379975 0.203196 0.902403 0.379975 0.203196 0.902403 0.379975 0.203196 0.902403 0.379975 0.338236 0.900174 -0.274377 0.338236 0.900174 -0.274377 0.338236 0.900174 -0.274377 0.338236 0.900174 -0.274377 0.36656 0.516982 -0.77354 0.36656 0.516982 -0.77354 0.36656 0.516982 -0.77354 0.36656 0.516982 -0.77354 0.51337 0.284459 -0.809651 0.51337 0.284459 -0.809651 0.51337 0.284459 -0.809651 0.51337 0.284459 -0.809651 0.574991 -0.10725 -0.8111 0.574991 -0.10725 -0.8111 0.574991 -0.10725 -0.8111 0.574991 -0.10725 -0.8111 0.404824 0.00911981 -0.914349 0.404824 0.00911981 -0.914349 0.404824 0.00911981 -0.914349 0.404824 0.00911981 -0.914349 0.419053 -0.0239716 -0.907646 0.419053 -0.0239716 -0.907646 0.419053 -0.0239716 -0.907646 0.419053 -0.0239716 -0.907646 0.405521 -0.0115228 -0.914013 0.405521 -0.0115228 -0.914013 0.405521 -0.0115228 -0.914013 0.405521 -0.0115228 -0.914013 0.414015 0.0329889 -0.909672 0.414015 0.0329889 -0.909672 0.414015 0.0329889 -0.909672 0.414015 0.0329889 -0.909672 0.420037 0.0431857 -0.906479 0.420037 0.0431857 -0.906479 0.420037 0.0431857 -0.906479 0.420037 0.0431857 -0.906479 0.399742 0.00598961 -0.916608 0.399742 0.00598961 -0.916608 0.399742 0.00598961 -0.916608 0.399742 0.00598961 -0.916608 0.403986 -0.0603155 -0.912775 0.403986 -0.0603155 -0.912775 0.403986 -0.0603155 -0.912775 0.403986 -0.0603155 -0.912775 0.405143 -0.208813 -0.890088 0.405143 -0.208813 -0.890088 0.405143 -0.208813 -0.890088 0.405143 -0.208813 -0.890088 0.438522 -0.0573155 -0.896891 0.438522 -0.0573155 -0.896891 0.438522 -0.0573155 -0.896891 0.438522 -0.0573155 -0.896891 0.428923 0.0968079 -0.898139 0.428923 0.0968079 -0.898139 0.428923 0.0968079 -0.898139 0.428923 0.0968079 -0.898139 0.359636 0.235249 -0.902951 0.359636 0.235249 -0.902951 0.359636 0.235249 -0.902951 0.359636 0.235249 -0.902951 0.392222 0.0495706 -0.918534 0.392222 0.0495706 -0.918534 0.392222 0.0495706 -0.918534 0.392222 0.0495706 -0.918534 0.40096 -0.00652987 -0.916072 0.40096 -0.00652987 -0.916072 0.40096 -0.00652987 -0.916072 0.40096 -0.00652987 -0.916072 0.420229 -0.0369295 -0.906667 0.420229 -0.0369295 -0.906667 0.420229 -0.0369295 -0.906667 0.420229 -0.0369295 -0.906667 0.431904 -0.0224625 -0.90164 0.431904 -0.0224625 -0.90164 0.431904 -0.0224625 -0.90164 0.431904 -0.0224625 -0.90164 0.431282 0.021364 -0.901965 0.431282 0.021364 -0.901965 0.431282 0.021364 -0.901965 0.431282 0.021364 -0.901965 -0.365279 -0.0188102 0.930708 -0.365279 -0.0188102 0.930708 -0.365279 -0.0188102 0.930708 -0.365279 -0.0188102 0.930708 -0.479579 -0.00833684 0.877459 -0.479579 -0.00833684 0.877459 -0.479579 -0.00833684 0.877459 -0.479579 -0.00833684 0.877459 -0.3638 0.015602 0.931346 -0.3638 0.015602 0.931346 -0.3638 0.015602 0.931346 -0.3638 0.015602 0.931346 -0.479463 0.00516748 0.877547 -0.479463 0.00516748 0.877547 -0.479463 0.00516748 0.877547 -0.479463 0.00516748 0.877547 -0.216853 -0.166264 0.961941 -0.216853 -0.166264 0.961941 -0.216853 -0.166264 0.961941 -0.216853 -0.166264 0.961941 -0.363217 -0.0520743 0.930248 -0.363217 -0.0520743 0.930248 -0.363217 -0.0520743 0.930248 -0.363217 -0.0520743 0.930248 -0.480803 0.00494772 0.876815 -0.480803 0.00494772 0.876815 -0.480803 0.00494772 0.876815 -0.480803 0.00494772 0.876815 -0.655445 0.091649 0.749662 -0.655445 0.091649 0.749662 -0.655445 0.091649 0.749662 -0.655445 0.091649 0.749662 -0.659564 0.0212139 0.751349 -0.659564 0.0212139 0.751349 -0.659564 0.0212139 0.751349 -0.659564 0.0212139 0.751349 -0.658171 -0.0258127 0.752426 -0.658171 -0.0258127 0.752426 -0.658171 -0.0258127 0.752426 -0.658171 -0.0258127 0.752426 -0.651269 -0.0780424 0.754823 -0.651269 -0.0780424 0.754823 -0.651269 -0.0780424 0.754823 -0.651269 -0.0780424 0.754823 -0.479523 -0.00657695 0.877505 -0.479523 -0.00657695 0.877505 -0.479523 -0.00657695 0.877505 -0.479523 -0.00657695 0.877505 -0.359017 0.0410786 0.932427 -0.359017 0.0410786 0.932427 -0.359017 0.0410786 0.932427 -0.359017 0.0410786 0.932427 -0.217803 0.110986 0.969662 -0.217803 0.110986 0.969662 -0.217803 0.110986 0.969662 -0.217803 0.110986 0.969662 -0.214604 0.0970936 0.971863 -0.214604 0.0970936 0.971863 -0.214604 0.0970936 0.971863 -0.214604 0.0970936 0.971863 -0.206995 -0.0575396 0.976649 -0.206995 -0.0575396 0.976649 -0.206995 -0.0575396 0.976649 -0.206995 -0.0575396 0.976649 -0.0279066 0.411022 -0.911198 -0.0279066 0.411022 -0.911198 -0.0279066 0.411022 -0.911198 -0.0279066 0.411022 -0.911198 0.817522 0.428994 -0.384216 0.817522 0.428994 -0.384216 0.817522 0.428994 -0.384216 0.817522 0.428994 -0.384216 -0.0278809 -0.411044 -0.911189 -0.0278809 -0.411044 -0.911189 -0.0278809 -0.411044 -0.911189 -0.0278809 -0.411044 -0.911189 0.817513 -0.428998 -0.38423 0.817513 -0.428998 -0.38423 0.817513 -0.428998 -0.38423 0.817513 -0.428998 -0.38423 -0.430501 0.609359 -0.665846 -0.430501 0.609359 -0.665846 -0.430501 0.609359 -0.665846 -0.430501 0.609359 -0.665846 -0.0415164 0.839252 -0.542156 -0.0415164 0.839252 -0.542156 -0.0415164 0.839252 -0.542156 -0.0415164 0.839252 -0.542156 0.494331 0.849727 -0.183306 0.494331 0.849727 -0.183306 0.494331 0.849727 -0.183306 0.494331 0.849727 -0.183306 0.773582 0.61616 0.148045 0.773582 0.61616 0.148045 0.773582 0.61616 0.148045 0.773582 0.61616 0.148045 0.952382 0.245409 0.180949 0.952382 0.245409 0.180949 0.952382 0.245409 0.180949 0.952382 0.245409 0.180949 0.952383 -0.245405 0.180952 0.952383 -0.245405 0.180952 0.952383 -0.245405 0.180952 0.952383 -0.245405 0.180952 0.773579 -0.616165 0.148046 0.773579 -0.616165 0.148046 0.773579 -0.616165 0.148046 0.773579 -0.616165 0.148046 0.494328 -0.84973 -0.183301 0.494328 -0.84973 -0.183301 0.494328 -0.84973 -0.183301 0.494328 -0.84973 -0.183301 -0.0415212 -0.839252 -0.542156 -0.0415212 -0.839252 -0.542156 -0.0415212 -0.839252 -0.542156 -0.0415212 -0.839252 -0.542156 -0.430497 -0.609371 -0.665837 -0.430497 -0.609371 -0.665837 -0.430497 -0.609371 -0.665837 -0.430497 -0.609371 -0.665837 -0.528463 -0.23863 -0.814728 -0.528463 -0.23863 -0.814728 -0.528463 -0.23863 -0.814728 -0.528463 -0.23863 -0.814728 -0.528458 0.238642 -0.814728 -0.528458 0.238642 -0.814728 -0.528458 0.238642 -0.814728 -0.528458 0.238642 -0.814728 0.276369 -0.960385 0.035785 0.276369 -0.960385 0.035785 0.276369 -0.960385 0.035785 0.276369 -0.960385 0.035785 -0.0692043 -0.960222 -0.270528 -0.0692043 -0.960222 -0.270528 -0.0692043 -0.960222 -0.270528 -0.0692043 -0.960222 -0.270528 0.254113 -0.966749 0.0287 0.254113 -0.966749 0.0287 0.254113 -0.966749 0.0287 0.254113 -0.966749 0.0287 -0.0942303 -0.966767 -0.237659 -0.0942303 -0.966767 -0.237659 -0.0942303 -0.966767 -0.237659 -0.0942303 -0.966767 -0.237659 0.639784 -0.629807 0.440476 0.639784 -0.629807 0.440476 0.639784 -0.629807 0.440476 0.639784 -0.629807 0.440476 0.414581 -0.909912 0.0134908 0.414581 -0.909912 0.0134908 0.414581 -0.909912 0.0134908 0.414581 -0.909912 0.0134908 0.000134948 -0.908449 -0.417995 0.000134948 -0.908449 -0.417995 0.000134948 -0.908449 -0.417995 0.000134948 -0.908449 -0.417995 -0.382497 -0.62806 -0.67767 -0.382497 -0.62806 -0.67767 -0.382497 -0.62806 -0.67767 -0.382497 -0.62806 -0.67767 -0.409293 -0.748646 -0.521545 -0.409293 -0.748646 -0.521545 -0.409293 -0.748646 -0.521545 -0.409293 -0.748646 -0.521545 -0.415986 -0.779095 -0.469006 -0.415986 -0.779095 -0.469006 -0.415986 -0.779095 -0.469006 -0.415986 -0.779095 -0.469006 -0.398854 -0.787186 -0.470377 -0.398854 -0.787186 -0.470377 -0.398854 -0.787186 -0.470377 -0.398854 -0.787186 -0.470377 -0.0807877 -0.951961 -0.295371 -0.0807877 -0.951961 -0.295371 -0.0807877 -0.951961 -0.295371 -0.0807877 -0.951961 -0.295371 0.304147 -0.951991 -0.0347481 0.304147 -0.951991 -0.0347481 0.304147 -0.951991 -0.0347481 0.304147 -0.951991 -0.0347481 0.58654 -0.785793 0.196218 0.58654 -0.785793 0.196218 0.58654 -0.785793 0.196218 0.58654 -0.785793 0.196218 0.55739 -0.779678 0.285339 0.55739 -0.779678 0.285339 0.55739 -0.779678 0.285339 0.55739 -0.779678 0.285339 0.568404 -0.748008 0.342639 0.568404 -0.748008 0.342639 0.568404 -0.748008 0.342639 0.568404 -0.748008 0.342639 -0.728023 -0.105879 -0.677327 -0.728023 -0.105879 -0.677327 -0.728023 -0.105879 -0.677327 -0.728023 -0.105879 -0.677327 -0.732987 0.144953 -0.664619 -0.732987 0.144953 -0.664619 -0.732987 0.144953 -0.664619 -0.732987 0.144953 -0.664619 -0.740313 -0.140663 -0.657381 -0.740313 -0.140663 -0.657381 -0.740313 -0.140663 -0.657381 -0.740313 -0.140663 -0.657381 -0.743558 0.151801 -0.651212 -0.743558 0.151801 -0.651212 -0.743558 0.151801 -0.651212 -0.743558 0.151801 -0.651212 -0.598903 -0.248797 -0.761194 -0.598903 -0.248797 -0.761194 -0.598903 -0.248797 -0.761194 -0.598903 -0.248797 -0.761194 -0.651191 -0.0608335 -0.756472 -0.651191 -0.0608335 -0.756472 -0.651191 -0.0608335 -0.756472 -0.651191 -0.0608335 -0.756472 -0.656541 0.14728 -0.739772 -0.656541 0.14728 -0.739772 -0.656541 0.14728 -0.739772 -0.656541 0.14728 -0.739772 -0.599319 0.439382 -0.669149 -0.599319 0.439382 -0.669149 -0.599319 0.439382 -0.669149 -0.599319 0.439382 -0.669149 -0.659924 0.453882 -0.598742 -0.659924 0.453882 -0.598742 -0.659924 0.453882 -0.598742 -0.659924 0.453882 -0.598742 -0.657083 0.467955 -0.590982 -0.657083 0.467955 -0.590982 -0.657083 0.467955 -0.590982 -0.657083 0.467955 -0.590982 -0.64484 0.460772 -0.609811 -0.64484 0.460772 -0.609811 -0.64484 0.460772 -0.609811 -0.64484 0.460772 -0.609811 -0.716233 0.164979 -0.67808 -0.716233 0.164979 -0.67808 -0.716233 0.164979 -0.67808 -0.716233 0.164979 -0.67808 -0.715308 -0.163613 -0.679386 -0.715308 -0.163613 -0.679386 -0.715308 -0.163613 -0.679386 -0.715308 -0.163613 -0.679386 -0.640761 -0.4605 -0.6143 -0.640761 -0.4605 -0.6143 -0.640761 -0.4605 -0.6143 -0.640761 -0.4605 -0.6143 -0.646295 -0.452785 -0.614238 -0.646295 -0.452785 -0.614238 -0.646295 -0.452785 -0.614238 -0.646295 -0.452785 -0.614238 -0.648432 -0.388618 -0.654609 -0.648432 -0.388618 -0.654609 -0.648432 -0.388618 -0.654609 -0.648432 -0.388618 -0.654609 -0.141103 0.978564 -0.150009 -0.141103 0.978564 -0.150009 -0.141103 0.978564 -0.150009 -0.141103 0.978564 -0.150009 0.167633 0.978435 0.120686 0.167633 0.978435 0.120686 0.167633 0.978435 0.120686 0.167633 0.978435 0.120686 -0.120796 0.975442 -0.184178 -0.120796 0.975442 -0.184178 -0.120796 0.975442 -0.184178 -0.120796 0.975442 -0.184178 0.207303 0.975837 0.069048 0.207303 0.975837 0.069048 0.207303 0.975837 0.069048 0.207303 0.975837 0.069048 -0.4122 0.786604 -0.459724 -0.4122 0.786604 -0.459724 -0.4122 0.786604 -0.459724 -0.4122 0.786604 -0.459724 -0.141218 0.97729 -0.157991 -0.141218 0.97729 -0.157991 -0.141218 0.97729 -0.157991 -0.141218 0.97729 -0.157991 0.140174 0.977328 0.158688 0.140174 0.977328 0.158688 0.140174 0.977328 0.158688 0.140174 0.977328 0.158688 0.407763 0.786877 0.4632 0.407763 0.786877 0.4632 0.407763 0.786877 0.4632 0.407763 0.786877 0.4632 0.465714 0.797028 0.384522 0.465714 0.797028 0.384522 0.465714 0.797028 0.384522 0.465714 0.797028 0.384522 0.511828 0.80041 0.312051 0.511828 0.80041 0.312051 0.511828 0.80041 0.312051 0.511828 0.80041 0.312051 0.574702 0.793387 0.200639 0.574702 0.793387 0.200639 0.574702 0.793387 0.200639 0.574702 0.793387 0.200639 0.293601 0.955539 -0.0272749 0.293601 0.955539 -0.0272749 0.293601 0.955539 -0.0272749 0.293601 0.955539 -0.0272749 -0.083757 0.955564 -0.282635 -0.083757 0.955564 -0.282635 -0.083757 0.955564 -0.282635 -0.083757 0.955564 -0.282635 -0.398826 0.794749 -0.457505 -0.398826 0.794749 -0.457505 -0.398826 0.794749 -0.457505 -0.398826 0.794749 -0.457505 -0.432843 0.795961 -0.423193 -0.432843 0.795961 -0.423193 -0.432843 0.795961 -0.423193 -0.432843 0.795961 -0.423193 -0.441914 0.797314 -0.4111 -0.441914 0.797314 -0.4111 -0.441914 0.797314 -0.4111 -0.441914 0.797314 -0.4111 0.388154 0.138676 0.911101 0.388154 0.138676 0.911101 0.388154 0.138676 0.911101 0.388154 0.138676 0.911101 0.392968 0.0157325 0.919418 0.392968 0.0157325 0.919418 0.392968 0.0157325 0.919418 0.392968 0.0157325 0.919418 0.48953 0.14911 0.859143 0.48953 0.14911 0.859143 0.48953 0.14911 0.859143 0.48953 0.14911 0.859143 0.502918 0.0165162 0.864176 0.502918 0.0165162 0.864176 0.502918 0.0165162 0.864176 0.502918 0.0165162 0.864176 0.265598 0.346568 0.899638 0.265598 0.346568 0.899638 0.265598 0.346568 0.899638 0.265598 0.346568 0.899638 0.282117 0.121328 0.951677 0.282117 0.121328 0.951677 0.282117 0.121328 0.951677 0.282117 0.121328 0.951677 0.280484 -0.0134501 0.959764 0.280484 -0.0134501 0.959764 0.280484 -0.0134501 0.959764 0.280484 -0.0134501 0.959764 0.258289 -0.113641 0.95936 0.258289 -0.113641 0.95936 0.258289 -0.113641 0.95936 0.258289 -0.113641 0.95936 0.390619 -0.0313142 0.92002 0.390619 -0.0313142 0.92002 0.390619 -0.0313142 0.92002 0.390619 -0.0313142 0.92002 0.511682 -0.0337536 0.858512 0.511682 -0.0337536 0.858512 0.511682 -0.0337536 0.858512 0.511682 -0.0337536 0.858512 0.625841 -0.130154 0.769014 0.625841 -0.130154 0.769014 0.625841 -0.130154 0.769014 0.625841 -0.130154 0.769014 0.599908 -0.0169006 0.79989 0.599908 -0.0169006 0.79989 0.599908 -0.0169006 0.79989 0.599908 -0.0169006 0.79989 0.580573 0.149171 0.800426 0.580573 0.149171 0.800426 0.580573 0.149171 0.800426 0.580573 0.149171 0.800426 0.528521 0.418093 0.738826 0.528521 0.418093 0.738826 0.528521 0.418093 0.738826 0.528521 0.418093 0.738826 0.45091 0.393375 0.801209 0.45091 0.393375 0.801209 0.45091 0.393375 0.801209 0.45091 0.393375 0.801209 0.362145 0.368193 0.85632 0.362145 0.368193 0.85632 0.362145 0.368193 0.85632 0.362145 0.368193 0.85632 -0.10861 0.965627 -0.236154 -0.10861 0.965627 -0.236154 -0.10861 0.965627 -0.236154 -0.10861 0.965627 -0.236154 0.0984346 0.965637 0.240533 0.0984346 0.965637 0.240533 0.0984346 0.965637 0.240533 0.0984346 0.965637 0.240533 -0.125535 0.97038 -0.206405 -0.125535 0.97038 -0.206405 -0.125535 0.97038 -0.206405 -0.125535 0.97038 -0.206405 0.115689 0.970379 0.212085 0.115689 0.970379 0.212085 0.115689 0.970379 0.212085 0.115689 0.970379 0.212085 -0.216157 0.692692 -0.68808 -0.216157 0.692692 -0.68808 -0.216157 0.692692 -0.68808 -0.216157 0.692692 -0.68808 -0.084631 0.961036 -0.263149 -0.084631 0.961036 -0.263149 -0.084631 0.961036 -0.263149 -0.084631 0.961036 -0.263149 0.0758937 0.961053 0.265739 0.0758937 0.961053 0.265739 0.0758937 0.961053 0.265739 0.0758937 0.961053 0.265739 0.202893 0.692694 0.692106 0.202893 0.692694 0.692106 0.202893 0.692694 0.692106 0.202893 0.692694 0.692106 0.27017 0.716232 0.643443 0.27017 0.716232 0.643443 0.27017 0.716232 0.643443 0.27017 0.716232 0.643443 0.326484 0.742866 0.58443 0.326484 0.742866 0.58443 0.326484 0.742866 0.58443 0.326484 0.742866 0.58443 0.371087 0.76788 0.522163 0.371087 0.76788 0.522163 0.371087 0.76788 0.522163 0.371087 0.76788 0.522163 0.128359 0.974455 0.184284 0.128359 0.974455 0.184284 0.128359 0.974455 0.184284 0.128359 0.974455 0.184284 -0.136276 0.974464 -0.178461 -0.136276 0.974464 -0.178461 -0.136276 0.974464 -0.178461 -0.136276 0.974464 -0.178461 -0.384049 0.767916 -0.512651 -0.384049 0.767916 -0.512651 -0.384049 0.767916 -0.512651 -0.384049 0.767916 -0.512651 -0.342244 0.742857 -0.575355 -0.342244 0.742857 -0.575355 -0.342244 0.742857 -0.575355 -0.342244 0.742857 -0.575355 -0.285981 0.716222 -0.636586 -0.285981 0.716222 -0.636586 -0.285981 0.716222 -0.636586 -0.285981 0.716222 -0.636586 -0.404041 0.0155266 -0.914609 -0.404041 0.0155266 -0.914609 -0.404041 0.0155266 -0.914609 -0.404041 0.0155266 -0.914609 -0.401098 0.138991 -0.905429 -0.401098 0.138991 -0.905429 -0.401098 0.138991 -0.905429 -0.401098 0.138991 -0.905429 -0.495869 0.0170165 -0.868231 -0.495869 0.0170165 -0.868231 -0.495869 0.0170165 -0.868231 -0.495869 0.0170165 -0.868231 -0.498354 0.149644 -0.853961 -0.498354 0.149644 -0.853961 -0.498354 0.149644 -0.853961 -0.498354 0.149644 -0.853961 -0.321134 -0.10846 -0.940803 -0.321134 -0.10846 -0.940803 -0.321134 -0.10846 -0.940803 -0.321134 -0.10846 -0.940803 -0.300499 -0.0123588 -0.953702 -0.300499 -0.0123588 -0.953702 -0.300499 -0.0123588 -0.953702 -0.300499 -0.0123588 -0.953702 -0.294571 0.121638 -0.947857 -0.294571 0.121638 -0.947857 -0.294571 0.121638 -0.947857 -0.294571 0.121638 -0.947857 -0.2795 0.346555 -0.895421 -0.2795 0.346555 -0.895421 -0.2795 0.346555 -0.895421 -0.2795 0.346555 -0.895421 -0.378903 0.368243 -0.849017 -0.378903 0.368243 -0.849017 -0.378903 0.368243 -0.849017 -0.378903 0.368243 -0.849017 -0.4676 0.39349 -0.791527 -0.4676 0.39349 -0.791527 -0.4676 0.39349 -0.791527 -0.4676 0.39349 -0.791527 -0.542446 0.418289 -0.728551 -0.542446 0.418289 -0.728551 -0.542446 0.418289 -0.728551 -0.542446 0.418289 -0.728551 -0.585342 0.150166 -0.796759 -0.585342 0.150166 -0.796759 -0.585342 0.150166 -0.796759 -0.585342 0.150166 -0.796759 -0.579433 -0.0138095 -0.814903 -0.579433 -0.0138095 -0.814903 -0.579433 -0.0138095 -0.814903 -0.579433 -0.0138095 -0.814903 -0.542867 -0.119299 -0.831303 -0.542867 -0.119299 -0.831303 -0.542867 -0.119299 -0.831303 -0.542867 -0.119299 -0.831303 -0.484332 -0.0389259 -0.874018 -0.484332 -0.0389259 -0.874018 -0.484332 -0.0389259 -0.874018 -0.484332 -0.0389259 -0.874018 -0.408683 -0.0391633 -0.911836 -0.408683 -0.0391633 -0.911836 -0.408683 -0.0391633 -0.911836 -0.408683 -0.0391633 -0.911836 0.487072 -0.0712945 0.870447 0.487072 -0.0712945 0.870447 0.487072 -0.0712945 0.870447 0.487072 -0.0712945 0.870447 0.37452 -0.0171068 0.927061 0.37452 -0.0171068 0.927061 0.37452 -0.0171068 0.927061 0.37452 -0.0171068 0.927061 0.484394 -0.210453 0.84916 0.484394 -0.210453 0.84916 0.484394 -0.210453 0.84916 0.484394 -0.210453 0.84916 0.364686 -0.153339 0.918418 0.364686 -0.153339 0.918418 0.364686 -0.153339 0.918418 0.364686 -0.153339 0.918418 0.658392 -0.0649027 0.749872 0.658392 -0.0649027 0.749872 0.658392 -0.0649027 0.749872 0.658392 -0.0649027 0.749872 0.491167 0.00778073 0.871031 0.491167 0.00778073 0.871031 0.491167 0.00778073 0.871031 0.491167 0.00778073 0.871031 0.375797 0.0336847 0.92609 0.375797 0.0336847 0.92609 0.375797 0.0336847 0.92609 0.375797 0.0336847 0.92609 0.239088 0.141214 0.960675 0.239088 0.141214 0.960675 0.239088 0.141214 0.960675 0.239088 0.141214 0.960675 0.265394 0.0184688 0.963963 0.265394 0.0184688 0.963963 0.265394 0.0184688 0.963963 0.265394 0.0184688 0.963963 0.266542 -0.14906 0.952227 0.266542 -0.14906 0.952227 0.266542 -0.14906 0.952227 0.266542 -0.14906 0.952227 0.245448 -0.419603 0.873893 0.245448 -0.419603 0.873893 0.245448 -0.419603 0.873893 0.245448 -0.419603 0.873893 0.332313 -0.416528 0.846211 0.332313 -0.416528 0.846211 0.332313 -0.416528 0.846211 0.332313 -0.416528 0.846211 0.452114 -0.467972 0.759338 0.452114 -0.467972 0.759338 0.452114 -0.467972 0.759338 0.452114 -0.467972 0.759338 0.522359 -0.488761 0.698752 0.522359 -0.488761 0.698752 0.522359 -0.488761 0.698752 0.522359 -0.488761 0.698752 0.599842 -0.287573 0.746653 0.599842 -0.287573 0.746653 0.599842 -0.287573 0.746653 0.599842 -0.287573 0.746653 0.643232 -0.167349 0.747159 0.643232 -0.167349 0.747159 0.643232 -0.167349 0.747159 0.643232 -0.167349 0.747159 0.0721458 0.992918 0.0943878 0.0721458 0.992918 0.0943878 0.0721458 0.992918 0.0943878 0.0721458 0.992918 0.0943878 0.0863091 0.992923 0.0815772 0.0863091 0.992923 0.0815772 0.0863091 0.992923 0.0815772 0.0863091 0.992923 0.0815772 -0.072134 0.99292 -0.0943756 -0.072134 0.99292 -0.0943756 -0.072134 0.99292 -0.0943756 -0.072134 0.99292 -0.0943756 -0.0862855 0.992925 -0.081574 -0.0862855 0.992925 -0.081574 -0.0862855 0.992925 -0.081574 -0.0862855 0.992925 -0.081574 0.187436 0.91759 0.350566 0.187436 0.91759 0.350566 0.187436 0.91759 0.350566 0.187436 0.91759 0.350566 0.241437 0.917577 0.31585 0.241437 0.917577 0.31585 0.241437 0.917577 0.31585 0.241437 0.917577 0.31585 0.288856 0.917647 0.272923 0.288856 0.917647 0.272923 0.288856 0.917647 0.272923 0.288856 0.917647 0.272923 0.327021 0.917894 0.224784 0.327021 0.917894 0.224784 0.327021 0.917894 0.224784 0.327021 0.917894 0.224784 0.09776 0.992936 0.0672419 0.09776 0.992936 0.0672419 0.09776 0.992936 0.0672419 0.09776 0.992936 0.0672419 -0.0977961 0.99293 -0.067279 -0.0977961 0.99293 -0.067279 -0.0977961 0.99293 -0.067279 -0.0977961 0.99293 -0.067279 -0.327514 0.917606 -0.225243 -0.327514 0.917606 -0.225243 -0.327514 0.917606 -0.225243 -0.327514 0.917606 -0.225243 -0.288736 0.917668 -0.272978 -0.288736 0.917668 -0.272978 -0.288736 0.917668 -0.272978 -0.288736 0.917668 -0.272978 -0.241347 0.917634 -0.315753 -0.241347 0.917634 -0.315753 -0.241347 0.917634 -0.315753 -0.241347 0.917634 -0.315753 -0.187602 0.917598 -0.350457 -0.187602 0.917598 -0.350457 -0.187602 0.917598 -0.350457 -0.187602 0.917598 -0.350457 -0.0560512 0.992918 -0.104751 -0.0560512 0.992918 -0.104751 -0.0560512 0.992918 -0.104751 -0.0560512 0.992918 -0.104751 0.05604 0.992916 0.104776 0.05604 0.992916 0.104776 0.05604 0.992916 0.104776 0.05604 0.992916 0.104776 0.114981 -0.97532 0.188498 0.114981 -0.97532 0.188498 0.114981 -0.97532 0.188498 0.114981 -0.97532 0.188498 -0.0234941 -0.975187 -0.220132 -0.0234941 -0.975187 -0.220132 -0.0234941 -0.975187 -0.220132 -0.0234941 -0.975187 -0.220132 0.184001 -0.972136 0.145242 0.184001 -0.972136 0.145242 0.184001 -0.972136 0.145242 0.184001 -0.972136 0.145242 0.000855827 -0.973182 -0.230035 0.000855827 -0.973182 -0.230035 0.000855827 -0.973182 -0.230035 0.000855827 -0.973182 -0.230035 0.179094 -0.770825 0.611354 0.179094 -0.770825 0.611354 0.179094 -0.770825 0.611354 0.179094 -0.770825 0.611354 0.0774612 -0.974872 0.208865 0.0774612 -0.974872 0.208865 0.0774612 -0.974872 0.208865 0.0774612 -0.974872 0.208865 -0.034574 -0.974973 -0.219618 -0.034574 -0.974973 -0.219618 -0.034574 -0.974973 -0.219618 -0.034574 -0.974973 -0.219618 -0.145804 -0.773519 -0.616773 -0.145804 -0.773519 -0.616773 -0.145804 -0.773519 -0.616773 -0.145804 -0.773519 -0.616773 -0.161478 -0.786669 -0.595883 -0.161478 -0.786669 -0.595883 -0.161478 -0.786669 -0.595883 -0.161478 -0.786669 -0.595883 -0.182279 -0.795923 -0.577305 -0.182279 -0.795923 -0.577305 -0.182279 -0.795923 -0.577305 -0.182279 -0.795923 -0.577305 -0.0948987 -0.813348 -0.573985 -0.0948987 -0.813348 -0.573985 -0.0948987 -0.813348 -0.573985 -0.0948987 -0.813348 -0.573985 0.0792449 -0.955976 -0.282541 0.0792449 -0.955976 -0.282541 0.0792449 -0.955976 -0.282541 0.0792449 -0.955976 -0.282541 0.262826 -0.960732 0.0889787 0.262826 -0.960732 0.0889787 0.262826 -0.960732 0.0889787 0.262826 -0.960732 0.0889787 0.389636 -0.819242 0.420744 0.389636 -0.819242 0.420744 0.389636 -0.819242 0.420744 0.389636 -0.819242 0.420744 0.344706 -0.793857 0.500967 0.344706 -0.793857 0.500967 0.344706 -0.793857 0.500967 0.344706 -0.793857 0.500967 0.243797 -0.775234 0.582731 0.243797 -0.775234 0.582731 0.243797 -0.775234 0.582731 0.243797 -0.775234 0.582731 -0.3582 -0.0387435 -0.932841 -0.3582 -0.0387435 -0.932841 -0.3582 -0.0387435 -0.932841 -0.3582 -0.0387435 -0.932841 -0.390332 -0.0721116 -0.917846 -0.390332 -0.0721116 -0.917846 -0.390332 -0.0721116 -0.917846 -0.390332 -0.0721116 -0.917846 -0.326728 -0.192437 -0.92532 -0.326728 -0.192437 -0.92532 -0.326728 -0.192437 -0.92532 -0.326728 -0.192437 -0.92532 -0.374335 -0.210516 -0.903082 -0.374335 -0.210516 -0.903082 -0.374335 -0.210516 -0.903082 -0.374335 -0.210516 -0.903082 -0.321686 0.137309 -0.936837 -0.321686 0.137309 -0.936837 -0.321686 0.137309 -0.936837 -0.321686 0.137309 -0.936837 -0.385508 0.0305404 -0.922199 -0.385508 0.0305404 -0.922199 -0.385508 0.0305404 -0.922199 -0.385508 0.0305404 -0.922199 -0.407445 -0.0372172 -0.912471 -0.407445 -0.0372172 -0.912471 -0.407445 -0.0372172 -0.912471 -0.407445 -0.0372172 -0.912471 -0.430614 -0.065273 -0.900173 -0.430614 -0.065273 -0.900173 -0.430614 -0.065273 -0.900173 -0.430614 -0.065273 -0.900173 -0.404246 -0.117704 -0.907045 -0.404246 -0.117704 -0.907045 -0.404246 -0.117704 -0.907045 -0.404246 -0.117704 -0.907045 -0.335114 -0.306058 -0.891082 -0.335114 -0.306058 -0.891082 -0.335114 -0.306058 -0.891082 -0.335114 -0.306058 -0.891082 -0.248042 -0.537194 -0.806162 -0.248042 -0.537194 -0.806162 -0.248042 -0.537194 -0.806162 -0.248042 -0.537194 -0.806162 -0.322339 -0.469006 -0.822272 -0.322339 -0.469006 -0.822272 -0.322339 -0.469006 -0.822272 -0.322339 -0.469006 -0.822272 -0.271252 -0.457336 -0.846916 -0.271252 -0.457336 -0.846916 -0.271252 -0.457336 -0.846916 -0.271252 -0.457336 -0.846916 -0.22773 -0.42619 -0.875501 -0.22773 -0.42619 -0.875501 -0.22773 -0.42619 -0.875501 -0.22773 -0.42619 -0.875501 -0.263284 -0.154076 -0.952335 -0.263284 -0.154076 -0.952335 -0.263284 -0.154076 -0.952335 -0.263284 -0.154076 -0.952335 -0.285284 0.0163164 -0.958304 -0.285284 0.0163164 -0.958304 -0.285284 0.0163164 -0.958304 -0.285284 0.0163164 -0.958304 0.266623 -0.584589 -0.766268 0.266623 -0.584589 -0.766268 0.266623 -0.584589 -0.766268 0.266623 -0.584589 -0.766268 0.798404 -0.601921 0.0155781 0.798404 -0.601921 0.0155781 0.798404 -0.601921 0.0155781 0.798404 -0.601921 0.0155781 0.229884 -0.77751 -0.585348 0.229884 -0.77751 -0.585348 0.229884 -0.77751 -0.585348 0.229884 -0.77751 -0.585348 0.623446 -0.781753 0.0133009 0.623446 -0.781753 0.0133009 0.623446 -0.781753 0.0133009 0.623446 -0.781753 0.0133009 -0.231577 -0.17096 -0.957677 -0.231577 -0.17096 -0.957677 -0.231577 -0.17096 -0.957677 -0.231577 -0.17096 -0.957677 0.253148 -0.388393 -0.88604 0.253148 -0.388393 -0.88604 0.253148 -0.388393 -0.88604 0.253148 -0.388393 -0.88604 0.915135 -0.403039 0.00941318 0.915135 -0.403039 0.00941318 0.915135 -0.403039 0.00941318 0.915135 -0.403039 0.00941318 0.790189 -0.175219 0.587282 0.790189 -0.175219 0.587282 0.790189 -0.175219 0.587282 0.790189 -0.175219 0.587282 0.771119 -0.310104 0.556067 0.771119 -0.310104 0.556067 0.771119 -0.310104 0.556067 0.771119 -0.310104 0.556067 0.706592 -0.508052 0.492556 0.706592 -0.508052 0.492556 0.706592 -0.508052 0.492556 0.706592 -0.508052 0.492556 0.576567 -0.710084 0.404167 0.576567 -0.710084 0.404167 0.576567 -0.710084 0.404167 0.576567 -0.710084 0.404167 0.430529 -0.902071 0.0301943 0.430529 -0.902071 0.0301943 0.430529 -0.902071 0.0301943 0.430529 -0.902071 0.0301943 0.156452 -0.906519 -0.392105 0.156452 -0.906519 -0.392105 0.156452 -0.906519 -0.392105 0.156452 -0.906519 -0.392105 -0.0927755 -0.729424 -0.677741 -0.0927755 -0.729424 -0.677741 -0.0927755 -0.729424 -0.677741 -0.0927755 -0.729424 -0.677741 -0.166075 -0.511168 -0.843283 -0.166075 -0.511168 -0.843283 -0.166075 -0.511168 -0.843283 -0.166075 -0.511168 -0.843283 -0.205567 -0.306853 -0.929292 -0.205567 -0.306853 -0.929292 -0.205567 -0.306853 -0.929292 -0.205567 -0.306853 -0.929292 -0.0921135 -0.946551 -0.309122 -0.0921135 -0.946551 -0.309122 -0.0921135 -0.946551 -0.309122 -0.0921135 -0.946551 -0.309122 -0.0493617 -0.948051 0.314265 -0.0493617 -0.948051 0.314265 -0.0493617 -0.948051 0.314265 -0.0493617 -0.948051 0.314265 -0.0176774 -0.953842 -0.299789 -0.0176774 -0.953842 -0.299789 -0.0176774 -0.953842 -0.299789 -0.0176774 -0.953842 -0.299789 -0.0568879 -0.953066 0.29737 -0.0568879 -0.953066 0.29737 -0.0568879 -0.953066 0.29737 -0.0568879 -0.953066 0.29737 -0.22522 -0.56269 -0.795397 -0.22522 -0.56269 -0.795397 -0.22522 -0.56269 -0.795397 -0.22522 -0.56269 -0.795397 -0.215511 -0.919869 -0.327713 -0.215511 -0.919869 -0.327713 -0.215511 -0.919869 -0.327713 -0.215511 -0.919869 -0.327713 -0.112397 -0.919289 0.377193 -0.112397 -0.919289 0.377193 -0.112397 -0.919289 0.377193 -0.112397 -0.919289 0.377193 0.0508376 -0.5546 0.830563 0.0508376 -0.5546 0.830563 0.0508376 -0.5546 0.830563 0.0508376 -0.5546 0.830563 0.00753295 -0.632833 0.774252 0.00753295 -0.632833 0.774252 0.00753295 -0.632833 0.774252 0.00753295 -0.632833 0.774252 -0.0726011 -0.652655 0.754169 -0.0726011 -0.652655 0.754169 -0.0726011 -0.652655 0.754169 -0.0726011 -0.652655 0.754169 -0.139095 -0.668482 0.730606 -0.139095 -0.668482 0.730606 -0.139095 -0.668482 0.730606 -0.139095 -0.668482 0.730606 -0.0791969 -0.955473 0.284252 -0.0791969 -0.955473 0.284252 -0.0791969 -0.955473 0.284252 -0.0791969 -0.955473 0.284252 0.0128083 -0.955704 -0.294052 0.0128083 -0.955704 -0.294052 0.0128083 -0.955704 -0.294052 0.0128083 -0.955704 -0.294052 0.0959766 -0.669407 -0.73667 0.0959766 -0.669407 -0.73667 0.0959766 -0.669407 -0.73667 0.0959766 -0.669407 -0.73667 0.0229152 -0.662241 -0.748941 0.0229152 -0.662241 -0.748941 0.0229152 -0.662241 -0.748941 0.0229152 -0.662241 -0.748941 -0.098688 -0.632164 -0.768524 -0.098688 -0.632164 -0.768524 -0.098688 -0.632164 -0.768524 -0.098688 -0.632164 -0.768524 -0.558932 -0.35241 0.750602 -0.558932 -0.35241 0.750602 -0.558932 -0.35241 0.750602 -0.558932 -0.35241 0.750602 -0.822543 -0.358801 -0.441232 -0.822543 -0.358801 -0.441232 -0.822543 -0.358801 -0.441232 -0.822543 -0.358801 -0.441232 -0.5763 0.383 0.721934 -0.5763 0.383 0.721934 -0.5763 0.383 0.721934 -0.5763 0.383 0.721934 -0.826472 0.38923 -0.406749 -0.826472 0.38923 -0.406749 -0.826472 0.38923 -0.406749 -0.826472 0.38923 -0.406749 0.0032742 -0.36012 0.9329 0.0032742 -0.36012 0.9329 0.0032742 -0.36012 0.9329 0.0032742 -0.36012 0.9329 -0.298765 -0.786849 0.540007 -0.298765 -0.786849 0.540007 -0.298765 -0.786849 0.540007 -0.298765 -0.786849 0.540007 -0.488959 -0.784566 -0.381282 -0.488959 -0.784566 -0.381282 -0.488959 -0.784566 -0.381282 -0.488959 -0.784566 -0.381282 -0.404399 -0.35926 -0.841067 -0.404399 -0.35926 -0.841067 -0.404399 -0.35926 -0.841067 -0.404399 -0.35926 -0.841067 -0.527345 -0.136445 -0.838624 -0.527345 -0.136445 -0.838624 -0.527345 -0.136445 -0.838624 -0.527345 -0.136445 -0.838624 -0.540615 0.155557 -0.826763 -0.540615 0.155557 -0.826763 -0.540615 0.155557 -0.826763 -0.540615 0.155557 -0.826763 -0.426877 0.429274 -0.795927 -0.426877 0.429274 -0.795927 -0.426877 0.429274 -0.795927 -0.426877 0.429274 -0.795927 -0.483235 0.820677 -0.304914 -0.483235 0.820677 -0.304914 -0.483235 0.820677 -0.304914 -0.483235 0.820677 -0.304914 -0.323092 0.823681 0.466006 -0.323092 0.823681 0.466006 -0.323092 0.823681 0.466006 -0.323092 0.823681 0.466006 -0.0382272 0.427929 0.903004 -0.0382272 0.427929 0.903004 -0.0382272 0.427929 0.903004 -0.0382272 0.427929 0.903004 -0.047156 0.156782 0.986507 -0.047156 0.156782 0.986507 -0.047156 0.156782 0.986507 -0.047156 0.156782 0.986507 -0.0272331 -0.134689 0.990514 -0.0272331 -0.134689 0.990514 -0.0272331 -0.134689 0.990514 -0.0272331 -0.134689 0.990514 0.17765 -0.388797 -0.904034 0.17765 -0.388797 -0.904034 0.17765 -0.388797 -0.904034 0.17765 -0.388797 -0.904034 0.922543 -0.385222 -0.0227777 0.922543 -0.385222 -0.0227777 0.922543 -0.385222 -0.0227777 0.922543 -0.385222 -0.0227777 0.195744 -0.240964 -0.95059 0.195744 -0.240964 -0.95059 0.195744 -0.240964 -0.95059 0.195744 -0.240964 -0.95059 0.972028 -0.234543 -0.0122725 0.972028 -0.234543 -0.0122725 0.972028 -0.234543 -0.0122725 0.972028 -0.234543 -0.0122725 -0.37265 -0.332746 -0.866264 -0.37265 -0.332746 -0.866264 -0.37265 -0.332746 -0.866264 -0.37265 -0.332746 -0.866264 0.116211 -0.680923 -0.723076 0.116211 -0.680923 -0.723076 0.116211 -0.680923 -0.723076 0.116211 -0.680923 -0.723076 0.725182 -0.688276 -0.0197152 0.725182 -0.688276 -0.0197152 0.725182 -0.688276 -0.0197152 0.725182 -0.688276 -0.0197152 0.795919 -0.332016 0.50624 0.795919 -0.332016 0.50624 0.795919 -0.332016 0.50624 0.795919 -0.332016 0.50624 0.824023 -0.181142 0.536818 0.824023 -0.181142 0.536818 0.824023 -0.181142 0.536818 0.824023 -0.181142 0.536818 0.813861 -0.0954679 0.573163 0.813861 -0.0954679 0.573163 0.813861 -0.0954679 0.573163 0.813861 -0.0954679 0.573163 0.800578 -0.0914799 0.592204 0.800578 -0.0914799 0.592204 0.800578 -0.0914799 0.592204 0.800578 -0.0914799 0.592204 0.970014 -0.242992 -0.00532555 0.970014 -0.242992 -0.00532555 0.970014 -0.242992 -0.00532555 0.970014 -0.242992 -0.00532555 0.215834 -0.248624 -0.944247 0.215834 -0.248624 -0.944247 0.215834 -0.248624 -0.944247 0.215834 -0.248624 -0.944247 -0.258964 -0.109609 -0.959647 -0.258964 -0.109609 -0.959647 -0.258964 -0.109609 -0.959647 -0.258964 -0.109609 -0.959647 -0.295601 -0.106082 -0.949404 -0.295601 -0.106082 -0.949404 -0.295601 -0.106082 -0.949404 -0.295601 -0.106082 -0.949404 -0.342102 -0.159936 -0.925952 -0.342102 -0.159936 -0.925952 -0.342102 -0.159936 -0.925952 -0.342102 -0.159936 -0.925952 -0.436482 -0.0205214 -0.899479 -0.436482 -0.0205214 -0.899479 -0.436482 -0.0205214 -0.899479 -0.436482 -0.0205214 -0.899479 -0.458678 -0.0289223 -0.888132 -0.458678 -0.0289223 -0.888132 -0.458678 -0.0289223 -0.888132 -0.458678 -0.0289223 -0.888132 -0.434918 0.0197496 -0.900254 -0.434918 0.0197496 -0.900254 -0.434918 0.0197496 -0.900254 -0.434918 0.0197496 -0.900254 -0.444881 -0.0156482 -0.895453 -0.444881 -0.0156482 -0.895453 -0.444881 -0.0156482 -0.895453 -0.444881 -0.0156482 -0.895453 -0.364377 -0.142067 -0.920351 -0.364377 -0.142067 -0.920351 -0.364377 -0.142067 -0.920351 -0.364377 -0.142067 -0.920351 -0.421899 -0.0453652 -0.905507 -0.421899 -0.0453652 -0.905507 -0.421899 -0.0453652 -0.905507 -0.421899 -0.0453652 -0.905507 -0.47196 -0.0419748 -0.88062 -0.47196 -0.0419748 -0.88062 -0.47196 -0.0419748 -0.88062 -0.47196 -0.0419748 -0.88062 -0.489291 -0.148564 -0.859374 -0.489291 -0.148564 -0.859374 -0.489291 -0.148564 -0.859374 -0.489291 -0.148564 -0.859374 -0.449698 -0.0638707 -0.890894 -0.449698 -0.0638707 -0.890894 -0.449698 -0.0638707 -0.890894 -0.449698 -0.0638707 -0.890894 -0.440991 -0.0388201 -0.896671 -0.440991 -0.0388201 -0.896671 -0.440991 -0.0388201 -0.896671 -0.440991 -0.0388201 -0.896671 -0.43637 -0.0363612 -0.899032 -0.43637 -0.0363612 -0.899032 -0.43637 -0.0363612 -0.899032 -0.43637 -0.0363612 -0.899032 -0.429224 -0.0143285 -0.903085 -0.429224 -0.0143285 -0.903085 -0.429224 -0.0143285 -0.903085 -0.429224 -0.0143285 -0.903085 -0.413344 0.041904 -0.90961 -0.413344 0.041904 -0.90961 -0.413344 0.041904 -0.90961 -0.413344 0.041904 -0.90961 -0.376122 0.17139 -0.910581 -0.376122 0.17139 -0.910581 -0.376122 0.17139 -0.910581 -0.376122 0.17139 -0.910581 -0.42766 0.052214 -0.90243 -0.42766 0.052214 -0.90243 -0.42766 0.052214 -0.90243 -0.42766 0.052214 -0.90243 -0.421666 -0.0428368 -0.905739 -0.421666 -0.0428368 -0.905739 -0.421666 -0.0428368 -0.905739 -0.421666 -0.0428368 -0.905739 0.513851 -0.0114096 0.857804 0.513851 -0.0114096 0.857804 0.513851 -0.0114096 0.857804 0.513851 -0.0114096 0.857804 0.38789 -0.00614285 0.921685 0.38789 -0.00614285 0.921685 0.38789 -0.00614285 0.921685 0.38789 -0.00614285 0.921685 0.509028 -0.003272 0.860744 0.509028 -0.003272 0.860744 0.509028 -0.003272 0.860744 0.509028 -0.003272 0.860744 0.38508 0.0050754 0.922869 0.38508 0.0050754 0.922869 0.38508 0.0050754 0.922869 0.38508 0.0050754 0.922869 0.641189 -0.059684 0.765059 0.641189 -0.059684 0.765059 0.641189 -0.059684 0.765059 0.641189 -0.059684 0.765059 0.515329 -0.0234092 0.856673 0.515329 -0.0234092 0.856673 0.515329 -0.0234092 0.856673 0.515329 -0.0234092 0.856673 0.387735 -0.0197898 0.921559 0.387735 -0.0197898 0.921559 0.387735 -0.0197898 0.921559 0.387735 -0.0197898 0.921559 0.236023 -0.0735897 0.968957 0.236023 -0.0735897 0.968957 0.236023 -0.0735897 0.968957 0.236023 -0.0735897 0.968957 0.224585 -0.0428208 0.973513 0.224585 -0.0428208 0.973513 0.224585 -0.0428208 0.973513 0.224585 -0.0428208 0.973513 0.218285 0.052249 0.974486 0.218285 0.052249 0.974486 0.218285 0.052249 0.974486 0.218285 0.052249 0.974486 0.223559 0.0893722 0.970585 0.223559 0.0893722 0.970585 0.223559 0.0893722 0.970585 0.223559 0.0893722 0.970585 0.37892 0.0209616 0.925192 0.37892 0.0209616 0.925192 0.37892 0.0209616 0.925192 0.37892 0.0209616 0.925192 0.501602 0.00466985 0.865086 0.501602 0.00466985 0.865086 0.501602 0.00466985 0.865086 0.501602 0.00466985 0.865086 0.655728 -0.0363044 0.754124 0.655728 -0.0363044 0.754124 0.655728 -0.0363044 0.754124 0.655728 -0.0363044 0.754124 0.652247 -0.0388455 0.757011 0.652247 -0.0388455 0.757011 0.652247 -0.0388455 0.757011 0.652247 -0.0388455 0.757011 0.644198 -0.0640648 0.762172 0.644198 -0.0640648 0.762172 0.644198 -0.0640648 0.762172 0.644198 -0.0640648 0.762172 -0.0274307 0.377567 -0.925576 -0.0274307 0.377567 -0.925576 -0.0274307 0.377567 -0.925576 -0.0274307 0.377567 -0.925576 0.847158 0.382983 -0.368304 0.847158 0.382983 -0.368304 0.847158 0.382983 -0.368304 0.847158 0.382983 -0.368304 -0.0274321 -0.37757 -0.925574 -0.0274321 -0.37757 -0.925574 -0.0274321 -0.37757 -0.925574 -0.0274321 -0.37757 -0.925574 0.847163 -0.382976 -0.3683 0.847163 -0.382976 -0.3683 0.847163 -0.382976 -0.3683 0.847163 -0.382976 -0.3683 -0.502514 0.559875 -0.658802 -0.502514 0.559875 -0.658802 -0.502514 0.559875 -0.658802 -0.502514 0.559875 -0.658802 -0.0679367 0.807524 -0.585909 -0.0679367 0.807524 -0.585909 -0.0679367 0.807524 -0.585909 -0.0679367 0.807524 -0.585909 0.536166 0.818633 -0.205829 0.536166 0.818633 -0.205829 0.536166 0.818633 -0.205829 0.536166 0.818633 -0.205829 0.820175 0.561669 0.108818 0.820175 0.561669 0.108818 0.820175 0.561669 0.108818 0.820175 0.561669 0.108818 0.96372 0.206751 0.168814 0.96372 0.206751 0.168814 0.96372 0.206751 0.168814 0.96372 0.206751 0.168814 0.963721 -0.206741 0.16882 0.963721 -0.206741 0.16882 0.963721 -0.206741 0.16882 0.963721 -0.206741 0.16882 0.820179 -0.561663 0.108819 0.820179 -0.561663 0.108819 0.820179 -0.561663 0.108819 0.820179 -0.561663 0.108819 0.536152 -0.818643 -0.205827 0.536152 -0.818643 -0.205827 0.536152 -0.818643 -0.205827 0.536152 -0.818643 -0.205827 -0.0679364 -0.807531 -0.585899 -0.0679364 -0.807531 -0.585899 -0.0679364 -0.807531 -0.585899 -0.0679364 -0.807531 -0.585899 -0.502516 -0.559874 -0.658801 -0.502516 -0.559874 -0.658801 -0.502516 -0.559874 -0.658801 -0.502516 -0.559874 -0.658801 -0.561248 -0.218899 -0.798176 -0.561248 -0.218899 -0.798176 -0.561248 -0.218899 -0.798176 -0.561248 -0.218899 -0.798176 -0.561242 0.218906 -0.798178 -0.561242 0.218906 -0.798178 -0.561242 0.218906 -0.798178 -0.561242 0.218906 -0.798178 0.222833 -0.973265 0.0556837 0.222833 -0.973265 0.0556837 0.222833 -0.973265 0.0556837 0.222833 -0.973265 0.0556837 -0.211822 -0.973201 -0.0895052 -0.211822 -0.973201 -0.0895052 -0.211822 -0.973201 -0.0895052 -0.211822 -0.973201 -0.0895052 0.239783 -0.970142 0.0364627 0.239783 -0.970142 0.0364627 0.239783 -0.970142 0.0364627 0.239783 -0.970142 0.0364627 -0.183506 -0.96939 -0.163122 -0.183506 -0.96939 -0.163122 -0.183506 -0.96939 -0.163122 -0.183506 -0.96939 -0.163122 0.639111 -0.762071 0.103854 0.639111 -0.762071 0.103854 0.639111 -0.762071 0.103854 0.639111 -0.762071 0.103854 0.225756 -0.973539 0.0354451 0.225756 -0.973539 0.0354451 0.225756 -0.973539 0.0354451 0.225756 -0.973539 0.0354451 -0.225049 -0.97356 -0.0391705 -0.225049 -0.97356 -0.0391705 -0.225049 -0.97356 -0.0391705 -0.225049 -0.97356 -0.0391705 -0.638363 -0.762185 -0.107555 -0.638363 -0.762185 -0.107555 -0.638363 -0.762185 -0.107555 -0.638363 -0.762185 -0.107555 -0.609017 -0.761773 -0.22091 -0.609017 -0.761773 -0.22091 -0.609017 -0.761773 -0.22091 -0.609017 -0.761773 -0.22091 -0.561612 -0.75757 -0.332685 -0.561612 -0.75757 -0.332685 -0.561612 -0.75757 -0.332685 -0.561612 -0.75757 -0.332685 -0.49969 -0.756756 -0.421461 -0.49969 -0.756756 -0.421461 -0.49969 -0.756756 -0.421461 -0.49969 -0.756756 -0.421461 -0.133558 -0.947939 -0.289093 -0.133558 -0.947939 -0.289093 -0.133558 -0.947939 -0.289093 -0.133558 -0.947939 -0.289093 0.327512 -0.94281 -0.0620029 0.327512 -0.94281 -0.0620029 0.327512 -0.94281 -0.0620029 0.327512 -0.94281 -0.0620029 0.645103 -0.75168 0.137182 0.645103 -0.75168 0.137182 0.645103 -0.75168 0.137182 0.645103 -0.75168 0.137182 0.612401 -0.759865 0.218108 0.612401 -0.759865 0.218108 0.612401 -0.759865 0.218108 0.612401 -0.759865 0.218108 0.619211 -0.762092 0.189188 0.619211 -0.762092 0.189188 0.619211 -0.762092 0.189188 0.619211 -0.762092 0.189188 -0.211851 0.973194 -0.0895166 -0.211851 0.973194 -0.0895166 -0.211851 0.973194 -0.0895166 -0.211851 0.973194 -0.0895166 0.222854 0.97326 0.0556903 0.222854 0.97326 0.0556903 0.222854 0.97326 0.0556903 0.222854 0.97326 0.0556903 -0.183536 0.969382 -0.163138 -0.183536 0.969382 -0.163138 -0.183536 0.969382 -0.163138 -0.183536 0.969382 -0.163138 0.239809 0.970135 0.0364709 0.239809 0.970135 0.0364709 0.239809 0.970135 0.0364709 0.239809 0.970135 0.0364709 -0.638369 0.762179 -0.107555 -0.638369 0.762179 -0.107555 -0.638369 0.762179 -0.107555 -0.638369 0.762179 -0.107555 -0.225053 0.973559 -0.0391704 -0.225053 0.973559 -0.0391704 -0.225053 0.973559 -0.0391704 -0.225053 0.973559 -0.0391704 0.225747 0.973541 0.0354439 0.225747 0.973541 0.0354439 0.225747 0.973541 0.0354439 0.225747 0.973541 0.0354439 0.639119 0.762064 0.103854 0.639119 0.762064 0.103854 0.639119 0.762064 0.103854 0.639119 0.762064 0.103854 0.6192 0.762103 0.189184 0.6192 0.762103 0.189184 0.6192 0.762103 0.189184 0.6192 0.762103 0.189184 0.6124 0.759866 0.218105 0.6124 0.759866 0.218105 0.6124 0.759866 0.218105 0.6124 0.759866 0.218105 0.645115 0.751669 0.137186 0.645115 0.751669 0.137186 0.645115 0.751669 0.137186 0.645115 0.751669 0.137186 0.327524 0.942807 -0.0619903 0.327524 0.942807 -0.0619903 0.327524 0.942807 -0.0619903 0.327524 0.942807 -0.0619903 -0.133564 0.947939 -0.289091 -0.133564 0.947939 -0.289091 -0.133564 0.947939 -0.289091 -0.133564 0.947939 -0.289091 -0.499707 0.756742 -0.421467 -0.499707 0.756742 -0.421467 -0.499707 0.756742 -0.421467 -0.499707 0.756742 -0.421467 -0.561603 0.757577 -0.332684 -0.561603 0.757577 -0.332684 -0.561603 0.757577 -0.332684 -0.561603 0.757577 -0.332684 -0.609003 0.761785 -0.220906 -0.609003 0.761785 -0.220906 -0.609003 0.761785 -0.220906 -0.609003 0.761785 -0.220906 -0.936715 -0.125334 -0.32689 -0.936715 -0.125334 -0.32689 -0.936715 -0.125334 -0.32689 -0.936715 -0.125334 -0.32689 -0.936717 0.125324 -0.326887 -0.936717 0.125324 -0.326887 -0.936717 0.125324 -0.326887 -0.936717 0.125324 -0.326887 -0.87362 -0.129573 -0.469041 -0.87362 -0.129573 -0.469041 -0.87362 -0.129573 -0.469041 -0.87362 -0.129573 -0.469041 -0.87362 0.129556 -0.469045 -0.87362 0.129556 -0.469045 -0.87362 0.129556 -0.469045 -0.87362 0.129556 -0.469045 -0.898206 -0.413016 -0.150476 -0.898206 -0.413016 -0.150476 -0.898206 -0.413016 -0.150476 -0.898206 -0.413016 -0.150476 -0.978644 -0.124259 -0.163756 -0.978644 -0.124259 -0.163756 -0.978644 -0.124259 -0.163756 -0.978644 -0.124259 -0.163756 -0.978643 0.124265 -0.163755 -0.978643 0.124265 -0.163755 -0.978643 0.124265 -0.163755 -0.978643 0.124265 -0.163755 -0.89821 0.413009 -0.150475 -0.89821 0.413009 -0.150475 -0.89821 0.413009 -0.150475 -0.89821 0.413009 -0.150475 -0.858503 0.414453 -0.301996 -0.858503 0.414453 -0.301996 -0.858503 0.414453 -0.301996 -0.858503 0.414453 -0.301996 -0.798088 0.416916 -0.435013 -0.798088 0.416916 -0.435013 -0.798088 0.416916 -0.435013 -0.798088 0.416916 -0.435013 -0.748076 0.410253 -0.521607 -0.748076 0.410253 -0.521607 -0.748076 0.410253 -0.521607 -0.748076 0.410253 -0.521607 -0.810735 0.136109 -0.569371 -0.810735 0.136109 -0.569371 -0.810735 0.136109 -0.569371 -0.810735 0.136109 -0.569371 -0.810734 -0.136118 -0.56937 -0.810734 -0.136118 -0.56937 -0.810734 -0.136118 -0.56937 -0.810734 -0.136118 -0.56937 -0.748081 -0.410235 -0.521615 -0.748081 -0.410235 -0.521615 -0.748081 -0.410235 -0.521615 -0.748081 -0.410235 -0.521615 -0.798096 -0.416906 -0.435009 -0.798096 -0.416906 -0.435009 -0.798096 -0.416906 -0.435009 -0.798096 -0.416906 -0.435009 -0.858501 -0.414455 -0.301999 -0.858501 -0.414455 -0.301999 -0.858501 -0.414455 -0.301999 -0.858501 -0.414455 -0.301999 0.374684 0.155224 -0.914066 0.374684 0.155224 -0.914066 0.374684 0.155224 -0.914066 0.374684 0.155224 -0.914066 0.382464 0.0147363 -0.923853 0.382464 0.0147363 -0.923853 0.382464 0.0147363 -0.923853 0.382464 0.0147363 -0.923853 0.48546 0.153823 -0.86062 0.48546 0.153823 -0.86062 0.48546 0.153823 -0.86062 0.48546 0.153823 -0.86062 0.485481 0.0105922 -0.874183 0.485481 0.0105922 -0.874183 0.485481 0.0105922 -0.874183 0.485481 0.0105922 -0.874183 0.252578 0.412068 -0.875445 0.252578 0.412068 -0.875445 0.252578 0.412068 -0.875445 0.252578 0.412068 -0.875445 0.276552 0.145637 -0.9499 0.276552 0.145637 -0.9499 0.276552 0.145637 -0.9499 0.276552 0.145637 -0.9499 0.289926 -0.0160121 -0.956915 0.289926 -0.0160121 -0.956915 0.289926 -0.0160121 -0.956915 0.289926 -0.0160121 -0.956915 0.323067 -0.123847 -0.938238 0.323067 -0.123847 -0.938238 0.323067 -0.123847 -0.938238 0.323067 -0.123847 -0.938238 0.38984 -0.0423338 -0.919909 0.38984 -0.0423338 -0.919909 0.38984 -0.0423338 -0.919909 0.38984 -0.0423338 -0.919909 0.471139 -0.0537909 -0.880418 0.471139 -0.0537909 -0.880418 0.471139 -0.0537909 -0.880418 0.471139 -0.0537909 -0.880418 0.573968 -0.142369 -0.806407 0.573968 -0.142369 -0.806407 0.573968 -0.142369 -0.806407 0.573968 -0.142369 -0.806407 0.606994 -0.0178887 -0.794505 0.606994 -0.0178887 -0.794505 0.606994 -0.0178887 -0.794505 0.606994 -0.0178887 -0.794505 0.608814 0.145626 -0.779832 0.608814 0.145626 -0.779832 0.608814 0.145626 -0.779832 0.608814 0.145626 -0.779832 0.562759 0.411371 -0.716991 0.562759 0.411371 -0.716991 0.562759 0.411371 -0.716991 0.562759 0.411371 -0.716991 0.449047 0.412467 -0.792608 0.449047 0.412467 -0.792608 0.449047 0.412467 -0.792608 0.449047 0.412467 -0.792608 0.344697 0.412893 -0.843032 0.344697 0.412893 -0.843032 0.344697 0.412893 -0.843032 0.344697 0.412893 -0.843032 -0.373024 0.0200354 0.927605 -0.373024 0.0200354 0.927605 -0.373024 0.0200354 0.927605 -0.373024 0.0200354 0.927605 -0.372446 0.157346 0.914618 -0.372446 0.157346 0.914618 -0.372446 0.157346 0.914618 -0.372446 0.157346 0.914618 -0.492992 0.0230638 0.869728 -0.492992 0.0230638 0.869728 -0.492992 0.0230638 0.869728 -0.492992 0.0230638 0.869728 -0.486814 0.15852 0.859002 -0.486814 0.15852 0.859002 -0.486814 0.15852 0.859002 -0.486814 0.15852 0.859002 -0.23534 -0.124339 0.963927 -0.23534 -0.124339 0.963927 -0.23534 -0.124339 0.963927 -0.23534 -0.124339 0.963927 -0.266407 -0.014764 0.963748 -0.266407 -0.014764 0.963748 -0.266407 -0.014764 0.963748 -0.266407 -0.014764 0.963748 -0.271851 0.146386 0.951141 -0.271851 0.146386 0.951141 -0.271851 0.146386 0.951141 -0.271851 0.146386 0.951141 -0.252035 0.412174 0.875552 -0.252035 0.412174 0.875552 -0.252035 0.412174 0.875552 -0.252035 0.412174 0.875552 -0.344494 0.413195 0.842967 -0.344494 0.413195 0.842967 -0.344494 0.413195 0.842967 -0.344494 0.413195 0.842967 -0.449048 0.413148 0.792253 -0.449048 0.413148 0.792253 -0.449048 0.413148 0.792253 -0.449048 0.413148 0.792253 -0.563148 0.411349 0.716698 -0.563148 0.411349 0.716698 -0.563148 0.411349 0.716698 -0.563148 0.411349 0.716698 -0.611296 0.145658 0.777883 -0.611296 0.145658 0.777883 -0.611296 0.145658 0.777883 -0.611296 0.145658 0.777883 -0.619171 -0.0157238 0.785099 -0.619171 -0.0157238 0.785099 -0.619171 -0.0157238 0.785099 -0.619171 -0.0157238 0.785099 -0.622707 -0.126622 0.772142 -0.622707 -0.126622 0.772142 -0.622707 -0.126622 0.772142 -0.622707 -0.126622 0.772142 -0.49221 -0.0232702 0.870165 -0.49221 -0.0232702 0.870165 -0.49221 -0.0232702 0.870165 -0.49221 -0.0232702 0.870165 -0.36534 -0.0299635 0.930392 -0.36534 -0.0299635 0.930392 -0.36534 -0.0299635 0.930392 -0.36534 -0.0299635 0.930392 -0.0862729 0.973663 0.211039 -0.0862729 0.973663 0.211039 -0.0862729 0.973663 0.211039 -0.0862729 0.973663 0.211039 0.0862728 0.973664 -0.211034 0.0862728 0.973664 -0.211034 0.0862728 0.973664 -0.211034 0.0862728 0.973664 -0.211034 -0.112494 0.973631 0.198463 -0.112494 0.973631 0.198463 -0.112494 0.973631 0.198463 -0.112494 0.973631 0.198463 0.112491 0.973633 -0.198457 0.112491 0.973633 -0.198457 0.112491 0.973633 -0.198457 0.112491 0.973633 -0.198457 -0.178956 0.762868 0.621295 -0.178956 0.762868 0.621295 -0.178956 0.762868 0.621295 -0.178956 0.762868 0.621295 -0.0631093 0.973673 0.219039 -0.0631093 0.973673 0.219039 -0.0631093 0.973673 0.219039 -0.0631093 0.973673 0.219039 0.0631202 0.973674 -0.219031 0.0631202 0.973674 -0.219031 0.0631202 0.973674 -0.219031 0.0631202 0.973674 -0.219031 0.17909 0.762865 -0.621259 0.17909 0.762865 -0.621259 0.17909 0.762865 -0.621259 0.17909 0.762865 -0.621259 0.24469 0.76279 -0.598564 0.24469 0.76279 -0.598564 0.24469 0.76279 -0.598564 0.24469 0.76279 -0.598564 0.319001 0.762566 -0.562789 0.319001 0.762566 -0.562789 0.319001 0.762566 -0.562789 0.319001 0.762566 -0.562789 0.399886 0.76213 -0.509166 0.399886 0.76213 -0.509166 0.399886 0.76213 -0.509166 0.399886 0.76213 -0.509166 0.141095 0.973564 -0.179623 0.141095 0.973564 -0.179623 0.141095 0.973564 -0.179623 0.141095 0.973564 -0.179623 -0.141114 0.973563 0.179614 -0.141114 0.973563 0.179614 -0.141114 0.973563 0.179614 -0.141114 0.973563 0.179614 -0.40001 0.762134 0.509062 -0.40001 0.762134 0.509062 -0.40001 0.762134 0.509062 -0.40001 0.762134 0.509062 -0.319001 0.762574 0.562778 -0.319001 0.762574 0.562778 -0.319001 0.762574 0.562778 -0.319001 0.762574 0.562778 -0.244696 0.762795 0.598555 -0.244696 0.762795 0.598555 -0.244696 0.762795 0.598555 -0.244696 0.762795 0.598555 -0.942948 0.0387698 -0.330675 -0.942948 0.0387698 -0.330675 -0.942948 0.0387698 -0.330675 -0.942948 0.0387698 -0.330675 -0.897958 0.293325 -0.328073 -0.897958 0.293325 -0.328073 -0.897958 0.293325 -0.328073 -0.897958 0.293325 -0.328073 -0.944902 0.112356 -0.30747 -0.944902 0.112356 -0.30747 -0.944902 0.112356 -0.30747 -0.944902 0.112356 -0.30747 -0.882108 0.357423 -0.306813 -0.882108 0.357423 -0.306813 -0.882108 0.357423 -0.306813 -0.882108 0.357423 -0.306813 -0.893029 -0.23038 -0.386554 -0.893029 -0.23038 -0.386554 -0.893029 -0.23038 -0.386554 -0.893029 -0.23038 -0.386554 -0.901366 -0.0199646 -0.432598 -0.901366 -0.0199646 -0.432598 -0.901366 -0.0199646 -0.432598 -0.901366 -0.0199646 -0.432598 -0.860857 0.280677 -0.424435 -0.860857 0.280677 -0.424435 -0.860857 0.280677 -0.424435 -0.860857 0.280677 -0.424435 -0.67033 0.663367 -0.332568 -0.67033 0.663367 -0.332568 -0.67033 0.663367 -0.332568 -0.67033 0.663367 -0.332568 -0.700002 0.663489 -0.26416 -0.700002 0.663489 -0.26416 -0.700002 0.663489 -0.26416 -0.700002 0.663489 -0.26416 -0.677247 0.689964 -0.255512 -0.677247 0.689964 -0.255512 -0.677247 0.689964 -0.255512 -0.677247 0.689964 -0.255512 -0.666097 0.696899 -0.265795 -0.666097 0.696899 -0.265795 -0.666097 0.696899 -0.265795 -0.666097 0.696899 -0.265795 -0.839832 0.427665 -0.334342 -0.839832 0.427665 -0.334342 -0.839832 0.427665 -0.334342 -0.839832 0.427665 -0.334342 -0.914287 0.187469 -0.359075 -0.914287 0.187469 -0.359075 -0.914287 0.187469 -0.359075 -0.914287 0.187469 -0.359075 -0.930072 0.0682989 -0.360974 -0.930072 0.0682989 -0.360974 -0.930072 0.0682989 -0.360974 -0.930072 0.0682989 -0.360974 -0.956255 0.00617003 -0.29247 -0.956255 0.00617003 -0.29247 -0.956255 0.00617003 -0.29247 -0.956255 0.00617003 -0.29247 -0.947022 -0.0603313 -0.31545 -0.947022 -0.0603313 -0.31545 -0.947022 -0.0603313 -0.31545 -0.947022 -0.0603313 -0.31545 0.945115 0.124835 0.30195 0.945115 0.124835 0.30195 0.945115 0.124835 0.30195 0.945115 0.124835 0.30195 0.945115 -0.124846 0.301945 0.945115 -0.124846 0.301945 0.945115 -0.124846 0.301945 0.945115 -0.124846 0.301945 0.917703 0.126819 0.37648 0.917703 0.126819 0.37648 0.917703 0.126819 0.37648 0.917703 0.126819 0.37648 0.917699 -0.126837 0.376484 0.917699 -0.126837 0.376484 0.917699 -0.126837 0.376484 0.917699 -0.126837 0.376484 0.898727 0.413171 0.146897 0.898727 0.413171 0.146897 0.898727 0.413171 0.146897 0.898727 0.413171 0.146897 0.979198 0.124406 0.160294 0.979198 0.124406 0.160294 0.979198 0.124406 0.160294 0.979198 0.124406 0.160294 0.979199 -0.124399 0.160294 0.979199 -0.124399 0.160294 0.979199 -0.124399 0.160294 0.979199 -0.124399 0.160294 0.898721 -0.413186 0.146895 0.898721 -0.413186 0.146895 0.898721 -0.413186 0.146895 0.898721 -0.413186 0.146895 0.867853 -0.414081 0.274533 0.867853 -0.414081 0.274533 0.867853 -0.414081 0.274533 0.867853 -0.414081 0.274533 0.845062 -0.415611 0.33636 0.845062 -0.415611 0.33636 0.845062 -0.415611 0.33636 0.845062 -0.415611 0.33636 0.872395 -0.407589 0.269812 0.872395 -0.407589 0.269812 0.872395 -0.407589 0.269812 0.872395 -0.407589 0.269812 0.944152 -0.14907 0.293862 0.944152 -0.14907 0.293862 0.944152 -0.14907 0.293862 0.944152 -0.14907 0.293862 0.944152 0.149068 0.293862 0.944152 0.149068 0.293862 0.944152 0.149068 0.293862 0.944152 0.149068 0.293862 0.872391 0.407599 0.269808 0.872391 0.407599 0.269808 0.872391 0.407599 0.269808 0.872391 0.407599 0.269808 0.845058 0.415626 0.33635 0.845058 0.415626 0.33635 0.845058 0.415626 0.33635 0.845058 0.415626 0.33635 0.867853 0.414077 0.274537 0.867853 0.414077 0.274537 0.867853 0.414077 0.274537 0.867853 0.414077 0.274537 0.0202677 -0.972863 -0.230495 0.0202677 -0.972863 -0.230495 0.0202677 -0.972863 -0.230495 0.0202677 -0.972863 -0.230495 0.0502437 -0.97234 0.228102 0.0502437 -0.97234 0.228102 0.0502437 -0.97234 0.228102 0.0502437 -0.97234 0.228102 0.106206 -0.964377 -0.242276 0.106206 -0.964377 -0.242276 0.106206 -0.964377 -0.242276 0.106206 -0.964377 -0.242276 0.0717245 -0.965541 0.250171 0.0717245 -0.965541 0.250171 0.0717245 -0.965541 0.250171 0.0717245 -0.965541 0.250171 -0.0938619 -0.766523 -0.63532 -0.0938619 -0.766523 -0.63532 -0.0938619 -0.766523 -0.63532 -0.0938619 -0.766523 -0.63532 -0.0211342 -0.974234 -0.224548 -0.0211342 -0.974234 -0.224548 -0.0211342 -0.974234 -0.224548 -0.0211342 -0.974234 -0.224548 0.0522386 -0.974144 0.219808 0.0522386 -0.974144 0.219808 0.0522386 -0.974144 0.219808 0.0522386 -0.974144 0.219808 0.116586 -0.766184 0.631957 0.116586 -0.766184 0.631957 0.116586 -0.766184 0.631957 0.116586 -0.766184 0.631957 0.0677379 -0.752872 0.654672 0.0677379 -0.752872 0.654672 0.0677379 -0.752872 0.654672 0.0677379 -0.752872 0.654672 0.015161 -0.724866 0.688723 0.015161 -0.724866 0.688723 0.015161 -0.724866 0.688723 0.015161 -0.724866 0.688723 -0.00278067 -0.621935 0.783064 -0.00278067 -0.621935 0.783064 -0.00278067 -0.621935 0.783064 -0.00278067 -0.621935 0.783064 0.168889 -0.928272 0.331342 0.168889 -0.928272 0.331342 0.168889 -0.928272 0.331342 0.168889 -0.928272 0.331342 0.260071 -0.927397 -0.268883 0.260071 -0.927397 -0.268883 0.260071 -0.927397 -0.268883 0.260071 -0.927397 -0.268883 0.258081 -0.627987 -0.734184 0.258081 -0.627987 -0.734184 0.258081 -0.627987 -0.734184 0.258081 -0.627987 -0.734184 0.110606 -0.723904 -0.680977 0.110606 -0.723904 -0.680977 0.110606 -0.723904 -0.680977 0.110606 -0.723904 -0.680977 -0.0152708 -0.759987 -0.649759 -0.0152708 -0.759987 -0.649759 -0.0152708 -0.759987 -0.649759 -0.0152708 -0.759987 -0.649759 -0.0537507 0.970298 0.235867 -0.0537507 0.970298 0.235867 -0.0537507 0.970298 0.235867 -0.0537507 0.970298 0.235867 -0.0816036 0.96933 -0.231818 -0.0816036 0.96933 -0.231818 -0.0816036 0.96933 -0.231818 -0.0816036 0.96933 -0.231818 -0.0377991 0.973418 0.225896 -0.0377991 0.973418 0.225896 -0.0377991 0.973418 0.225896 -0.0377991 0.973418 0.225896 -0.00761485 0.973481 -0.228643 -0.00761485 0.973481 -0.228643 -0.00761485 0.973481 -0.228643 -0.00761485 0.973481 -0.228643 0.011468 0.660294 0.75092 0.011468 0.660294 0.75092 0.011468 0.660294 0.75092 0.011468 0.660294 0.75092 -0.130225 0.946892 0.294002 -0.130225 0.946892 0.294002 -0.130225 0.946892 0.294002 -0.130225 0.946892 0.294002 -0.206878 0.947427 -0.244096 -0.206878 0.947427 -0.244096 -0.206878 0.947427 -0.244096 -0.206878 0.947427 -0.244096 -0.229918 0.675204 -0.700883 -0.229918 0.675204 -0.700883 -0.229918 0.675204 -0.700883 -0.229918 0.675204 -0.700883 -0.0931895 0.735783 -0.670775 -0.0931895 0.735783 -0.670775 -0.0931895 0.735783 -0.670775 -0.0931895 0.735783 -0.670775 0.025346 0.758444 -0.651245 0.025346 0.758444 -0.651245 0.025346 0.758444 -0.651245 0.025346 0.758444 -0.651245 0.111609 0.762866 -0.636851 0.111609 0.762866 -0.636851 0.111609 0.762866 -0.636851 0.111609 0.762866 -0.636851 0.0370497 0.97374 -0.224626 0.0370497 0.97374 -0.224626 0.0370497 0.97374 -0.224626 0.0370497 0.97374 -0.224626 -0.0434357 0.973655 0.22385 -0.0434357 0.973655 0.22385 -0.0434357 0.973655 0.22385 -0.0434357 0.973655 0.22385 -0.116649 0.762008 0.636975 -0.116649 0.762008 0.636975 -0.116649 0.762008 0.636975 -0.116649 0.762008 0.636975 -0.0612602 0.758322 0.648996 -0.0612602 0.758322 0.648996 -0.0612602 0.758322 0.648996 -0.0612602 0.758322 0.648996 -0.00975227 0.742747 0.669501 -0.00975227 0.742747 0.669501 -0.00975227 0.742747 0.669501 -0.00975227 0.742747 0.669501 0.0644144 -0.122831 0.990335 0.0644144 -0.122831 0.990335 0.0644144 -0.122831 0.990335 0.0644144 -0.122831 0.990335 0.0563612 0.0974452 0.993644 0.0563612 0.0974452 0.993644 0.0563612 0.0974452 0.993644 0.0563612 0.0974452 0.993644 -0.0599883 -0.0965728 0.993517 -0.0599883 -0.0965728 0.993517 -0.0599883 -0.0965728 0.993517 -0.0599883 -0.0965728 0.993517 -0.068422 0.1211 0.990279 -0.068422 0.1211 0.990279 -0.068422 0.1211 0.990279 -0.068422 0.1211 0.990279 0.155803 -0.415916 0.895957 0.155803 -0.415916 0.895957 0.155803 -0.415916 0.895957 0.155803 -0.415916 0.895957 0.166325 -0.138124 0.976349 0.166325 -0.138124 0.976349 0.166325 -0.138124 0.976349 0.166325 -0.138124 0.976349 0.160298 0.0616922 0.985139 0.160298 0.0616922 0.985139 0.160298 0.0616922 0.985139 0.160298 0.0616922 0.985139 0.125091 0.269362 0.95488 0.125091 0.269362 0.95488 0.125091 0.269362 0.95488 0.125091 0.269362 0.95488 0.0351774 0.366648 0.929694 0.0351774 0.366648 0.929694 0.0351774 0.366648 0.929694 0.0351774 0.366648 0.929694 -0.070331 0.401026 0.913363 -0.070331 0.401026 0.913363 -0.070331 0.401026 0.913363 -0.070331 0.401026 0.913363 -0.161797 0.410291 0.897487 -0.161797 0.410291 0.897487 -0.161797 0.410291 0.897487 -0.161797 0.410291 0.897487 -0.17346 0.134572 0.975603 -0.17346 0.134572 0.975603 -0.17346 0.134572 0.975603 -0.17346 0.134572 0.975603 -0.166169 -0.0590362 0.984329 -0.166169 -0.0590362 0.984329 -0.166169 -0.0590362 0.984329 -0.166169 -0.0590362 0.984329 -0.12752 -0.250602 0.959655 -0.12752 -0.250602 0.959655 -0.12752 -0.250602 0.959655 -0.12752 -0.250602 0.959655 -0.0364999 -0.355683 0.933894 -0.0364999 -0.355683 0.933894 -0.0364999 -0.355683 0.933894 -0.0364999 -0.355683 0.933894 0.0691662 -0.398929 0.91437 0.0691662 -0.398929 0.91437 0.0691662 -0.398929 0.91437 0.0691662 -0.398929 0.91437 0.0183381 -0.993026 -0.116463 0.0183381 -0.993026 -0.116463 0.0183381 -0.993026 -0.116463 0.0183381 -0.993026 -0.116463 -0.0515737 -0.993071 0.105594 -0.0515737 -0.993071 0.105594 -0.0515737 -0.993071 0.105594 -0.0515737 -0.993071 0.105594 -0.0218683 -0.99213 -0.123284 -0.0218683 -0.99213 -0.123284 -0.0218683 -0.99213 -0.123284 -0.0218683 -0.99213 -0.123284 -0.0909264 -0.992375 0.0832071 -0.0909264 -0.992375 0.0832071 -0.0909264 -0.992375 0.0832071 -0.0909264 -0.992375 0.0832071 0.0750833 -0.918183 -0.388977 0.0750833 -0.918183 -0.388977 0.0750833 -0.918183 -0.388977 0.0750833 -0.918183 -0.388977 0.021196 -0.992968 -0.116467 0.021196 -0.992968 -0.116467 0.021196 -0.992968 -0.116467 0.021196 -0.992968 -0.116467 -0.0249497 -0.992973 0.115681 -0.0249497 -0.992973 0.115681 -0.0249497 -0.992973 0.115681 -0.0249497 -0.992973 0.115681 -0.0793809 -0.918203 0.388074 -0.0793809 -0.918203 0.388074 -0.0793809 -0.918203 0.388074 -0.0793809 -0.918203 0.388074 -0.135395 -0.924128 0.35729 -0.135395 -0.924128 0.35729 -0.135395 -0.924128 0.35729 -0.135395 -0.924128 0.35729 -0.172122 -0.932175 0.318471 -0.172122 -0.932175 0.318471 -0.172122 -0.932175 0.318471 -0.172122 -0.932175 0.318471 -0.221372 -0.950597 0.217622 -0.221372 -0.950597 0.217622 -0.221372 -0.950597 0.217622 -0.221372 -0.950597 0.217622 -0.156696 -0.986864 0.0393271 -0.156696 -0.986864 0.0393271 -0.156696 -0.986864 0.0393271 -0.156696 -0.986864 0.0393271 -0.0855002 -0.986425 -0.1402 -0.0855002 -0.986425 -0.1402 -0.0855002 -0.986425 -0.1402 -0.0855002 -0.986425 -0.1402 -0.00129682 -0.944733 -0.327839 -0.00129682 -0.944733 -0.327839 -0.00129682 -0.944733 -0.327839 -0.00129682 -0.944733 -0.327839 0.0552723 -0.931184 -0.360334 0.0552723 -0.931184 -0.360334 0.0552723 -0.931184 -0.360334 0.0552723 -0.931184 -0.360334 0.104479 -0.918254 -0.381961 0.104479 -0.918254 -0.381961 0.104479 -0.918254 -0.381961 0.104479 -0.918254 -0.381961 0.342255 -0.119773 -0.931942 0.342255 -0.119773 -0.931942 0.342255 -0.119773 -0.931942 0.342255 -0.119773 -0.931942 0.311016 -0.0461406 -0.949284 0.311016 -0.0461406 -0.949284 0.311016 -0.0461406 -0.949284 0.311016 -0.0461406 -0.949284 0.258029 -0.418988 -0.870558 0.258029 -0.418988 -0.870558 0.258029 -0.418988 -0.870558 0.258029 -0.418988 -0.870558 0.288609 -0.294238 -0.911114 0.288609 -0.294238 -0.911114 0.288609 -0.294238 -0.911114 0.288609 -0.294238 -0.911114 0.277187 -0.174456 -0.944845 0.277187 -0.174456 -0.944845 0.277187 -0.174456 -0.944845 0.277187 -0.174456 -0.944845 0.382323 -0.0281606 -0.9236 0.382323 -0.0281606 -0.9236 0.382323 -0.0281606 -0.9236 0.382323 -0.0281606 -0.9236 0.334253 0.0211053 -0.942247 0.334253 0.0211053 -0.942247 0.334253 0.0211053 -0.942247 0.334253 0.0211053 -0.942247 0.290735 0.182447 -0.939248 0.290735 0.182447 -0.939248 0.290735 0.182447 -0.939248 0.290735 0.182447 -0.939248 0.240987 0.00312996 -0.970523 0.240987 0.00312996 -0.970523 0.240987 0.00312996 -0.970523 0.240987 0.00312996 -0.970523 0.203013 -0.299136 -0.932364 0.203013 -0.299136 -0.932364 0.203013 -0.299136 -0.932364 0.203013 -0.299136 -0.932364 0.144768 -0.676367 -0.722198 0.144768 -0.676367 -0.722198 0.144768 -0.676367 -0.722198 0.144768 -0.676367 -0.722198 0.217794 -0.666308 -0.713162 0.217794 -0.666308 -0.713162 0.217794 -0.666308 -0.713162 0.217794 -0.666308 -0.713162 0.156406 -0.729427 -0.665938 0.156406 -0.729427 -0.665938 0.156406 -0.729427 -0.665938 0.156406 -0.729427 -0.665938 0.11549 -0.788558 -0.604019 0.11549 -0.788558 -0.604019 0.11549 -0.788558 -0.604019 0.11549 -0.788558 -0.604019 0.187736 -0.578642 -0.793681 0.187736 -0.578642 -0.793681 0.187736 -0.578642 -0.793681 0.187736 -0.578642 -0.793681 0.238431 -0.330504 -0.913191 0.238431 -0.330504 -0.913191 0.238431 -0.330504 -0.913191 0.238431 -0.330504 -0.913191 -0.330128 -0.0461661 0.942806 -0.330128 -0.0461661 0.942806 -0.330128 -0.0461661 0.942806 -0.330128 -0.0461661 0.942806 -0.46125 -0.165777 0.871646 -0.46125 -0.165777 0.871646 -0.46125 -0.165777 0.871646 -0.46125 -0.165777 0.871646 -0.32402 -0.294114 0.899171 -0.32402 -0.294114 0.899171 -0.32402 -0.294114 0.899171 -0.32402 -0.294114 0.899171 -0.406976 -0.342736 0.846701 -0.406976 -0.342736 0.846701 -0.406976 -0.342736 0.846701 -0.406976 -0.342736 0.846701 -0.199503 0.205771 0.958049 -0.199503 0.205771 0.958049 -0.199503 0.205771 0.958049 -0.199503 0.205771 0.958049 -0.323785 0.0642313 0.943948 -0.323785 0.0642313 0.943948 -0.323785 0.0642313 0.943948 -0.323785 0.0642313 0.943948 -0.483251 -0.0531543 0.873867 -0.483251 -0.0531543 0.873867 -0.483251 -0.0531543 0.873867 -0.483251 -0.0531543 0.873867 -0.590627 -0.156243 0.791674 -0.590627 -0.156243 0.791674 -0.590627 -0.156243 0.791674 -0.590627 -0.156243 0.791674 -0.568995 -0.33171 0.752471 -0.568995 -0.33171 0.752471 -0.568995 -0.33171 0.752471 -0.568995 -0.33171 0.752471 -0.506213 -0.575393 0.642395 -0.506213 -0.575393 0.642395 -0.506213 -0.575393 0.642395 -0.506213 -0.575393 0.642395 -0.366154 -0.802624 0.470879 -0.366154 -0.802624 0.470879 -0.366154 -0.802624 0.470879 -0.366154 -0.802624 0.470879 -0.293833 -0.71167 0.638112 -0.293833 -0.71167 0.638112 -0.293833 -0.71167 0.638112 -0.293833 -0.71167 0.638112 -0.252447 -0.678269 0.690088 -0.252447 -0.678269 0.690088 -0.252447 -0.678269 0.690088 -0.252447 -0.678269 0.690088 -0.156588 -0.640198 0.752082 -0.156588 -0.640198 0.752082 -0.156588 -0.640198 0.752082 -0.156588 -0.640198 0.752082 -0.20956 -0.217382 0.953326 -0.20956 -0.217382 0.953326 -0.20956 -0.217382 0.953326 -0.20956 -0.217382 0.953326 -0.220147 0.058297 0.973723 -0.220147 0.058297 0.973723 -0.220147 0.058297 0.973723 -0.220147 0.058297 0.973723 -0.50703 -0.86174 -0.0180078 -0.50703 -0.86174 -0.0180078 -0.50703 -0.86174 -0.0180078 -0.50703 -0.86174 -0.0180078 -0.278532 -0.855775 -0.435968 -0.278532 -0.855775 -0.435968 -0.278532 -0.855775 -0.435968 -0.278532 -0.855775 -0.435968 -0.349084 -0.937019 -0.0116103 -0.349084 -0.937019 -0.0116103 -0.349084 -0.937019 -0.0116103 -0.349084 -0.937019 -0.0116103 -0.21945 -0.933609 -0.283225 -0.21945 -0.933609 -0.283225 -0.21945 -0.933609 -0.283225 -0.21945 -0.933609 -0.283225 -0.752339 -0.41738 0.509686 -0.752339 -0.41738 0.509686 -0.752339 -0.41738 0.509686 -0.752339 -0.41738 0.509686 -0.713626 -0.700236 -0.0201892 -0.713626 -0.700236 -0.0201892 -0.713626 -0.700236 -0.0201892 -0.713626 -0.700236 -0.0201892 -0.325815 -0.705827 -0.629009 -0.325815 -0.705827 -0.629009 -0.325815 -0.705827 -0.629009 -0.325815 -0.705827 -0.629009 0.0892353 -0.414201 -0.905801 0.0892353 -0.414201 -0.905801 0.0892353 -0.414201 -0.905801 0.0892353 -0.414201 -0.905801 -0.00368983 -0.637203 -0.770688 -0.00368983 -0.637203 -0.770688 -0.00368983 -0.637203 -0.770688 -0.00368983 -0.637203 -0.770688 -0.0465588 -0.825393 -0.562636 -0.0465588 -0.825393 -0.562636 -0.0465588 -0.825393 -0.562636 -0.0465588 -0.825393 -0.562636 -0.0532647 -0.925558 -0.37484 -0.0532647 -0.925558 -0.37484 -0.0532647 -0.925558 -0.37484 -0.0532647 -0.925558 -0.37484 -0.150944 -0.971266 -0.184009 -0.150944 -0.971266 -0.184009 -0.150944 -0.971266 -0.184009 -0.150944 -0.971266 -0.184009 -0.239296 -0.970944 0.00232828 -0.239296 -0.970944 0.00232828 -0.239296 -0.970944 0.00232828 -0.239296 -0.970944 0.00232828 -0.327362 -0.923411 0.200365 -0.327362 -0.923411 0.200365 -0.327362 -0.923411 0.200365 -0.327362 -0.923411 0.200365 -0.464314 -0.829663 0.309954 -0.464314 -0.829663 0.309954 -0.464314 -0.829663 0.309954 -0.464314 -0.829663 0.309954 -0.618842 -0.654825 0.433865 -0.618842 -0.654825 0.433865 -0.618842 -0.654825 0.433865 -0.618842 -0.654825 0.433865 -0.655826 -0.752677 0.0580493 -0.655826 -0.752677 0.0580493 -0.655826 -0.752677 0.0580493 -0.655826 -0.752677 0.0580493 -0.120024 -0.744658 -0.656567 -0.120024 -0.744658 -0.656567 -0.120024 -0.744658 -0.656567 -0.120024 -0.744658 -0.656567 -0.84128 -0.540217 0.0203419 -0.84128 -0.540217 0.0203419 -0.84128 -0.540217 0.0203419 -0.84128 -0.540217 0.0203419 -0.291308 -0.528386 -0.797463 -0.291308 -0.528386 -0.797463 -0.291308 -0.528386 -0.797463 -0.291308 -0.528386 -0.797463 -0.670411 -0.481847 0.564246 -0.670411 -0.481847 0.564246 -0.670411 -0.481847 0.564246 -0.670411 -0.481847 0.564246 -0.4088 -0.908072 0.0910435 -0.4088 -0.908072 0.0910435 -0.4088 -0.908072 0.0910435 -0.4088 -0.908072 0.0910435 0.0636365 -0.895402 -0.440688 0.0636365 -0.895402 -0.440688 0.0636365 -0.895402 -0.440688 0.0636365 -0.895402 -0.440688 0.401327 -0.523613 -0.751509 0.401327 -0.523613 -0.751509 0.401327 -0.523613 -0.751509 0.401327 -0.523613 -0.751509 0.280717 -0.364495 -0.887886 0.280717 -0.364495 -0.887886 0.280717 -0.364495 -0.887886 0.280717 -0.364495 -0.887886 0.202776 -0.244717 -0.948154 0.202776 -0.244717 -0.948154 0.202776 -0.244717 -0.948154 0.202776 -0.244717 -0.948154 0.163854 -0.239683 -0.956924 0.163854 -0.239683 -0.956924 0.163854 -0.239683 -0.956924 0.163854 -0.239683 -0.956924 -0.354537 -0.489273 -0.796816 -0.354537 -0.489273 -0.796816 -0.354537 -0.489273 -0.796816 -0.354537 -0.489273 -0.796816 -0.870533 -0.49204 -0.00837928 -0.870533 -0.49204 -0.00837928 -0.870533 -0.49204 -0.00837928 -0.870533 -0.49204 -0.00837928 -0.807332 -0.236599 0.540588 -0.807332 -0.236599 0.540588 -0.807332 -0.236599 0.540588 -0.807332 -0.236599 0.540588 -0.78773 -0.245129 0.565149 -0.78773 -0.245129 0.565149 -0.78773 -0.245129 0.565149 -0.78773 -0.245129 0.565149 -0.731271 -0.369544 0.573306 -0.731271 -0.369544 0.573306 -0.731271 -0.369544 0.573306 -0.731271 -0.369544 0.573306 -0.351161 -0.00226253 0.936312 -0.351161 -0.00226253 0.936312 -0.351161 -0.00226253 0.936312 -0.351161 -0.00226253 0.936312 -0.476354 -0.0152377 0.879122 -0.476354 -0.0152377 0.879122 -0.476354 -0.0152377 0.879122 -0.476354 -0.0152377 0.879122 -0.341422 0.0188384 0.939721 -0.341422 0.0188384 0.939721 -0.341422 0.0188384 0.939721 -0.341422 0.0188384 0.939721 -0.478196 -0.0170208 0.878088 -0.478196 -0.0170208 0.878088 -0.478196 -0.0170208 0.878088 -0.478196 -0.0170208 0.878088 -0.213843 -0.0726842 0.97416 -0.213843 -0.0726842 0.97416 -0.213843 -0.0726842 0.97416 -0.213843 -0.0726842 0.97416 -0.35787 -0.0189456 0.933579 -0.35787 -0.0189456 0.933579 -0.35787 -0.0189456 0.933579 -0.35787 -0.0189456 0.933579 -0.484995 -0.00467282 0.874504 -0.484995 -0.00467282 0.874504 -0.484995 -0.00467282 0.874504 -0.484995 -0.00467282 0.874504 -0.630371 -0.100546 0.769755 -0.630371 -0.100546 0.769755 -0.630371 -0.100546 0.769755 -0.630371 -0.100546 0.769755 -0.629147 -0.129742 0.766382 -0.629147 -0.129742 0.766382 -0.629147 -0.129742 0.766382 -0.629147 -0.129742 0.766382 -0.629267 -0.0859435 0.772423 -0.629267 -0.0859435 0.772423 -0.629267 -0.0859435 0.772423 -0.629267 -0.0859435 0.772423 -0.610829 -0.0707869 0.788592 -0.610829 -0.0707869 0.788592 -0.610829 -0.0707869 0.788592 -0.610829 -0.0707869 0.788592 -0.483546 -0.0160054 0.875173 -0.483546 -0.0160054 0.875173 -0.483546 -0.0160054 0.875173 -0.483546 -0.0160054 0.875173 -0.329528 0.0504398 0.942798 -0.329528 0.0504398 0.942798 -0.329528 0.0504398 0.942798 -0.329528 0.0504398 0.942798 -0.198314 0.0989181 0.975134 -0.198314 0.0989181 0.975134 -0.198314 0.0989181 0.975134 -0.198314 0.0989181 0.975134 -0.201944 0.063591 0.977331 -0.201944 0.063591 0.977331 -0.201944 0.063591 0.977331 -0.201944 0.063591 0.977331 -0.203142 -0.0360816 0.978484 -0.203142 -0.0360816 0.978484 -0.203142 -0.0360816 0.978484 -0.203142 -0.0360816 0.978484 0.416671 -0.038507 -0.908242 0.416671 -0.038507 -0.908242 0.416671 -0.038507 -0.908242 0.416671 -0.038507 -0.908242 0.409283 -0.0182061 -0.912226 0.409283 -0.0182061 -0.912226 0.409283 -0.0182061 -0.912226 0.409283 -0.0182061 -0.912226 0.402302 -0.0170095 -0.915349 0.402302 -0.0170095 -0.915349 0.402302 -0.0170095 -0.915349 0.402302 -0.0170095 -0.915349 0.399054 0.012651 -0.91684 0.399054 0.012651 -0.91684 0.399054 0.012651 -0.91684 0.399054 0.012651 -0.91684 0.516995 -0.196549 -0.833117 0.516995 -0.196549 -0.833117 0.516995 -0.196549 -0.833117 0.516995 -0.196549 -0.833117 0.444885 -0.0697113 -0.892871 0.444885 -0.0697113 -0.892871 0.444885 -0.0697113 -0.892871 0.444885 -0.0697113 -0.892871 0.401303 -0.0419871 -0.914982 0.401303 -0.0419871 -0.914982 0.401303 -0.0419871 -0.914982 0.401303 -0.0419871 -0.914982 0.381099 -0.145727 -0.912977 0.381099 -0.145727 -0.912977 0.381099 -0.145727 -0.912977 0.381099 -0.145727 -0.912977 0.442783 -0.0359785 -0.895907 0.442783 -0.0359785 -0.895907 0.442783 -0.0359785 -0.895907 0.442783 -0.0359785 -0.895907 0.442955 0.0632721 -0.894309 0.442955 0.0632721 -0.894309 0.442955 0.0632721 -0.894309 0.442955 0.0632721 -0.894309 0.364841 0.209139 -0.907277 0.364841 0.209139 -0.907277 0.364841 0.209139 -0.907277 0.364841 0.209139 -0.907277 0.368755 0.0248982 -0.929193 0.368755 0.0248982 -0.929193 0.368755 0.0248982 -0.929193 0.368755 0.0248982 -0.929193 0.396143 -0.0160013 -0.91805 0.396143 -0.0160013 -0.91805 0.396143 -0.0160013 -0.91805 0.396143 -0.0160013 -0.91805 0.32388 -0.100118 -0.940786 0.32388 -0.100118 -0.940786 0.32388 -0.100118 -0.940786 0.32388 -0.100118 -0.940786 0.379207 -0.0795717 -0.921884 0.379207 -0.0795717 -0.921884 0.379207 -0.0795717 -0.921884 0.379207 -0.0795717 -0.921884 0.438625 -0.105872 -0.892412 0.438625 -0.105872 -0.892412 0.438625 -0.105872 -0.892412 0.438625 -0.105872 -0.892412 0.890186 -0.266714 -0.369368 0.890186 -0.266714 -0.369368 0.890186 -0.266714 -0.369368 0.890186 -0.266714 -0.369368 0.645095 -0.262167 0.717719 0.645095 -0.262167 0.717719 0.645095 -0.262167 0.717719 0.645095 -0.262167 0.717719 0.829179 0.433304 -0.353144 0.829179 0.433304 -0.353144 0.829179 0.433304 -0.353144 0.829179 0.433304 -0.353144 0.602082 0.428218 0.673889 0.602082 0.428218 0.673889 0.602082 0.428218 0.673889 0.602082 0.428218 0.673889 0.45606 -0.372215 -0.808372 0.45606 -0.372215 -0.808372 0.45606 -0.372215 -0.808372 0.45606 -0.372215 -0.808372 0.575375 -0.750926 -0.32412 0.575375 -0.750926 -0.32412 0.575375 -0.750926 -0.32412 0.575375 -0.750926 -0.32412 0.398729 -0.753569 0.522636 0.398729 -0.753569 0.522636 0.398729 -0.753569 0.522636 0.398729 -0.753569 0.522636 0.0653106 -0.369023 0.927123 0.0653106 -0.369023 0.927123 0.0653106 -0.369023 0.927123 0.0653106 -0.369023 0.927123 0.0961641 -0.114202 0.988792 0.0961641 -0.114202 0.988792 0.0961641 -0.114202 0.988792 0.0961641 -0.114202 0.988792 0.104324 0.196584 0.974921 0.104324 0.196584 0.974921 0.104324 0.196584 0.974921 0.104324 0.196584 0.974921 0.0735393 0.483249 0.872389 0.0735393 0.483249 0.872389 0.0735393 0.483249 0.872389 0.0735393 0.483249 0.872389 0.331255 0.84057 0.428616 0.331255 0.84057 0.428616 0.331255 0.84057 0.428616 0.331255 0.84057 0.428616 0.476674 0.834597 -0.276099 0.476674 0.834597 -0.276099 0.476674 0.834597 -0.276099 0.476674 0.834597 -0.276099 0.420752 0.486019 -0.765998 0.420752 0.486019 -0.765998 0.420752 0.486019 -0.765998 0.420752 0.486019 -0.765998 0.553734 0.177375 -0.813583 0.553734 0.177375 -0.813583 0.553734 0.177375 -0.813583 0.553734 0.177375 -0.813583 0.570921 -0.109991 -0.813604 0.570921 -0.109991 -0.813604 0.570921 -0.109991 -0.813604 0.570921 -0.109991 -0.813604 -0.21578 0.822428 -0.526357 -0.21578 0.822428 -0.526357 -0.21578 0.822428 -0.526357 -0.21578 0.822428 -0.526357 0.357306 0.836989 -0.414467 0.357306 0.836989 -0.414467 0.357306 0.836989 -0.414467 0.357306 0.836989 -0.414467 -0.32458 0.597176 -0.733504 -0.32458 0.597176 -0.733504 -0.32458 0.597176 -0.733504 -0.32458 0.597176 -0.733504 0.503599 0.595068 -0.626324 0.503599 0.595068 -0.626324 0.503599 0.595068 -0.626324 0.503599 0.595068 -0.626324 -0.438474 0.836447 -0.328781 -0.438474 0.836447 -0.328781 -0.438474 0.836447 -0.328781 -0.438474 0.836447 -0.328781 -0.12959 0.946646 -0.295074 -0.12959 0.946646 -0.295074 -0.12959 0.946646 -0.295074 -0.12959 0.946646 -0.295074 0.220523 0.949683 -0.222422 0.220523 0.949683 -0.222422 0.220523 0.949683 -0.222422 0.220523 0.949683 -0.222422 0.527694 0.839658 -0.128509 0.527694 0.839658 -0.128509 0.527694 0.839658 -0.128509 0.527694 0.839658 -0.128509 0.756277 0.629254 -0.179121 0.756277 0.629254 -0.179121 0.756277 0.629254 -0.179121 0.756277 0.629254 -0.179121 0.910669 0.350376 -0.218904 0.910669 0.350376 -0.218904 0.910669 0.350376 -0.218904 0.910669 0.350376 -0.218904 0.956765 0.160089 -0.242841 0.956765 0.160089 -0.242841 0.956765 0.160089 -0.242841 0.956765 0.160089 -0.242841 0.575967 0.349874 -0.738816 0.575967 0.349874 -0.738816 0.575967 0.349874 -0.738816 0.575967 0.349874 -0.738816 -0.405366 0.359582 -0.840464 -0.405366 0.359582 -0.840464 -0.405366 0.359582 -0.840464 -0.405366 0.359582 -0.840464 -0.816939 0.182703 -0.547019 -0.816939 0.182703 -0.547019 -0.816939 0.182703 -0.547019 -0.816939 0.182703 -0.547019 -0.762619 0.353293 -0.541845 -0.762619 0.353293 -0.541845 -0.762619 0.353293 -0.541845 -0.762619 0.353293 -0.541845 -0.634808 0.617537 -0.464399 -0.634808 0.617537 -0.464399 -0.634808 0.617537 -0.464399 -0.634808 0.617537 -0.464399 0.89797 0.323926 0.297861 0.89797 0.323926 0.297861 0.89797 0.323926 0.297861 0.89797 0.323926 0.297861 0.9466 0.0637193 0.31605 0.9466 0.0637193 0.31605 0.9466 0.0637193 0.31605 0.9466 0.0637193 0.31605 0.922851 0.333137 0.193302 0.922851 0.333137 0.193302 0.922851 0.333137 0.193302 0.922851 0.333137 0.193302 0.9744 0.112126 0.194868 0.9744 0.112126 0.194868 0.9744 0.112126 0.194868 0.9744 0.112126 0.194868 0.670335 0.665052 0.329176 0.670335 0.665052 0.329176 0.670335 0.665052 0.329176 0.670335 0.665052 0.329176 0.860721 0.280609 0.424756 0.860721 0.280609 0.424756 0.860721 0.280609 0.424756 0.860721 0.280609 0.424756 0.892966 -0.0447184 0.447898 0.892966 -0.0447184 0.447898 0.892966 -0.0447184 0.447898 0.892966 -0.0447184 0.447898 0.845293 -0.293975 0.44616 0.845293 -0.293975 0.44616 0.845293 -0.293975 0.44616 0.845293 -0.293975 0.44616 0.94356 -0.0603362 0.32566 0.94356 -0.0603362 0.32566 0.94356 -0.0603362 0.32566 0.94356 -0.0603362 0.32566 0.981599 0.0234171 0.189514 0.981599 0.0234171 0.189514 0.981599 0.0234171 0.189514 0.981599 0.0234171 0.189514 0.997053 0.068716 0.0341085 0.997053 0.068716 0.0341085 0.997053 0.068716 0.0341085 0.997053 0.068716 0.0341085 0.981725 0.187908 0.0301082 0.981725 0.187908 0.0301082 0.981725 0.187908 0.0301082 0.981725 0.187908 0.0301082 0.903937 0.427008 0.0236876 0.903937 0.427008 0.0236876 0.903937 0.427008 0.0236876 0.903937 0.427008 0.0236876 0.719669 0.694089 0.0177863 0.719669 0.694089 0.0177863 0.719669 0.694089 0.0177863 0.719669 0.694089 0.0177863 0.725065 0.671019 0.154965 0.725065 0.671019 0.154965 0.725065 0.671019 0.154965 0.725065 0.671019 0.154965 0.701321 0.673888 0.232431 0.701321 0.673888 0.232431 0.701321 0.673888 0.232431 0.701321 0.673888 0.232431 -0.107567 0.992854 -0.051672 -0.107567 0.992854 -0.051672 -0.107567 0.992854 -0.051672 -0.107567 0.992854 -0.051672 0.115861 0.992854 0.0286057 0.115861 0.992854 0.0286057 0.115861 0.992854 0.0286057 0.115861 0.992854 0.0286057 -0.103508 0.991628 -0.0771986 -0.103508 0.991628 -0.0771986 -0.103508 0.991628 -0.0771986 -0.103508 0.991628 -0.0771986 0.126479 0.991934 -0.00840771 0.126479 0.991934 -0.00840771 0.126479 0.991934 -0.00840771 0.126479 0.991934 -0.00840771 -0.356149 0.917377 -0.177698 -0.356149 0.917377 -0.177698 -0.356149 0.917377 -0.177698 -0.356149 0.917377 -0.177698 -0.105756 0.992931 -0.0538914 -0.105756 0.992931 -0.0538914 -0.105756 0.992931 -0.0538914 -0.105756 0.992931 -0.0538914 0.106783 0.992956 0.0513447 0.106783 0.992956 0.0513447 0.106783 0.992956 0.0513447 0.106783 0.992956 0.0513447 0.355349 0.918385 0.174057 0.355349 0.918385 0.174057 0.355349 0.918385 0.174057 0.355349 0.918385 0.174057 0.375876 0.918832 0.120272 0.375876 0.918832 0.120272 0.375876 0.918832 0.120272 0.375876 0.918832 0.120272 0.387161 0.919583 0.0668816 0.387161 0.919583 0.0668816 0.387161 0.919583 0.0668816 0.387161 0.919583 0.0668816 0.390067 0.920251 -0.0313898 0.390067 0.920251 -0.0313898 0.390067 0.920251 -0.0313898 0.390067 0.920251 -0.0313898 0.150925 0.984556 -0.0887161 0.150925 0.984556 -0.0887161 0.150925 0.984556 -0.0887161 0.150925 0.984556 -0.0887161 -0.100719 0.984932 -0.140586 -0.100719 0.984932 -0.140586 -0.100719 0.984932 -0.140586 -0.100719 0.984932 -0.140586 -0.342586 0.921724 -0.181826 -0.342586 0.921724 -0.181826 -0.342586 0.921724 -0.181826 -0.342586 0.921724 -0.181826 -0.363886 0.917801 -0.158836 -0.363886 0.917801 -0.158836 -0.363886 0.917801 -0.158836 -0.363886 0.917801 -0.158836 -0.36963 0.917554 -0.146522 -0.36963 0.917554 -0.146522 -0.36963 0.917554 -0.146522 -0.36963 0.917554 -0.146522 0.754906 0.144831 0.639642 0.754906 0.144831 0.639642 0.754906 0.144831 0.639642 0.754906 0.144831 0.639642 0.766163 -0.105794 0.633879 0.766163 -0.105794 0.633879 0.766163 -0.105794 0.633879 0.766163 -0.105794 0.633879 0.819666 0.144781 0.554243 0.819666 0.144781 0.554243 0.819666 0.144781 0.554243 0.819666 0.144781 0.554243 0.824768 -0.132214 0.549797 0.824768 -0.132214 0.549797 0.824768 -0.132214 0.549797 0.824768 -0.132214 0.549797 0.594308 0.438524 0.674163 0.594308 0.438524 0.674163 0.594308 0.438524 0.674163 0.594308 0.438524 0.674163 0.658018 0.145134 0.738883 0.658018 0.145134 0.738883 0.658018 0.145134 0.738883 0.658018 0.145134 0.738883 0.675485 -0.0654307 0.734465 0.675485 -0.0654307 0.734465 0.675485 -0.0654307 0.734465 0.675485 -0.0654307 0.734465 0.687724 -0.266249 0.675386 0.687724 -0.266249 0.675386 0.687724 -0.266249 0.675386 0.687724 -0.266249 0.675386 0.731936 -0.388106 0.560039 0.731936 -0.388106 0.560039 0.731936 -0.388106 0.560039 0.731936 -0.388106 0.560039 0.759066 -0.440913 0.478972 0.759066 -0.440913 0.478972 0.759066 -0.440913 0.478972 0.759066 -0.440913 0.478972 0.809964 -0.458535 0.365655 0.809964 -0.458535 0.365655 0.809964 -0.458535 0.365655 0.809964 -0.458535 0.365655 0.897092 -0.163323 0.41055 0.897092 -0.163323 0.41055 0.897092 -0.163323 0.41055 0.897092 -0.163323 0.41055 0.896266 0.1647 0.411802 0.896266 0.1647 0.411802 0.896266 0.1647 0.411802 0.896266 0.1647 0.411802 0.807455 0.458853 0.370771 0.807455 0.458853 0.370771 0.807455 0.458853 0.370771 0.807455 0.458853 0.370771 0.73786 0.459421 0.494465 0.73786 0.459421 0.494465 0.73786 0.459421 0.494465 0.73786 0.459421 0.494465 0.680191 0.453686 0.575769 0.680191 0.453686 0.575769 0.680191 0.453686 0.575769 0.680191 0.453686 0.575769 0.247487 -0.952542 0.177237 0.247487 -0.952542 0.177237 0.247487 -0.952542 0.177237 0.247487 -0.952542 0.177237 -0.300555 -0.953753 0.00474215 -0.300555 -0.953753 0.00474215 -0.300555 -0.953753 0.00474215 -0.300555 -0.953753 0.00474215 0.270711 -0.959301 0.0803559 0.270711 -0.959301 0.0803559 0.270711 -0.959301 0.0803559 0.270711 -0.959301 0.0803559 -0.280934 -0.959292 -0.0289138 -0.280934 -0.959292 -0.0289138 -0.280934 -0.959292 -0.0289138 -0.280934 -0.959292 -0.0289138 0.615075 -0.677515 0.403307 0.615075 -0.677515 0.403307 0.615075 -0.677515 0.403307 0.615075 -0.677515 0.403307 0.20848 -0.917938 0.337528 0.20848 -0.917938 0.337528 0.20848 -0.917938 0.337528 0.20848 -0.917938 0.337528 -0.382018 -0.913519 0.139807 -0.382018 -0.913519 0.139807 -0.382018 -0.913519 0.139807 -0.382018 -0.913519 0.139807 -0.737433 -0.673658 -0.0487523 -0.737433 -0.673658 -0.0487523 -0.737433 -0.673658 -0.0487523 -0.737433 -0.673658 -0.0487523 -0.716303 -0.683318 -0.141373 -0.716303 -0.683318 -0.141373 -0.716303 -0.683318 -0.141373 -0.716303 -0.683318 -0.141373 -0.716964 -0.686871 -0.119041 -0.716964 -0.686871 -0.119041 -0.716964 -0.686871 -0.119041 -0.716964 -0.686871 -0.119041 -0.724074 -0.687344 -0.0572318 -0.724074 -0.687344 -0.0572318 -0.724074 -0.687344 -0.0572318 -0.724074 -0.687344 -0.0572318 -0.279481 -0.959941 -0.0201043 -0.279481 -0.959941 -0.0201043 -0.279481 -0.959941 -0.0201043 -0.279481 -0.959941 -0.0201043 0.278811 -0.959994 0.0260141 0.278811 -0.959994 0.0260141 0.278811 -0.959994 0.0260141 0.278811 -0.959994 0.0260141 0.723334 -0.687693 0.0621893 0.723334 -0.687693 0.0621893 0.723334 -0.687693 0.0621893 0.723334 -0.687693 0.0621893 0.708211 -0.686851 0.16332 0.708211 -0.686851 0.16332 0.708211 -0.686851 0.16332 0.708211 -0.686851 0.16332 0.671441 -0.681069 0.292081 0.671441 -0.681069 0.292081 0.671441 -0.681069 0.292081 0.671441 -0.681069 0.292081 -0.966371 -0.0418593 -0.253721 -0.966371 -0.0418593 -0.253721 -0.966371 -0.0418593 -0.253721 -0.966371 -0.0418593 -0.253721 -0.982074 -0.0233368 -0.187045 -0.982074 -0.0233368 -0.187045 -0.982074 -0.0233368 -0.187045 -0.982074 -0.0233368 -0.187045 -0.958771 -0.146949 -0.243238 -0.958771 -0.146949 -0.243238 -0.958771 -0.146949 -0.243238 -0.958771 -0.146949 -0.243238 -0.974239 -0.137767 -0.178547 -0.974239 -0.137767 -0.178547 -0.974239 -0.137767 -0.178547 -0.974239 -0.137767 -0.178547 -0.987349 -0.00840801 -0.158341 -0.987349 -0.00840801 -0.158341 -0.987349 -0.00840801 -0.158341 -0.987349 -0.00840801 -0.158341 -0.965042 0.004673 -0.262053 -0.965042 0.004673 -0.262053 -0.965042 0.004673 -0.262053 -0.965042 0.004673 -0.262053 -0.979437 0.0322778 -0.199153 -0.979437 0.0322778 -0.199153 -0.979437 0.0322778 -0.199153 -0.979437 0.0322778 -0.199153 -0.983292 0.129337 -0.128101 -0.983292 0.129337 -0.128101 -0.983292 0.129337 -0.128101 -0.983292 0.129337 -0.128101 -0.995455 0.00955373 -0.0947509 -0.995455 0.00955373 -0.0947509 -0.995455 0.00955373 -0.0947509 -0.995455 0.00955373 -0.0947509 -0.988462 -0.126613 -0.0831427 -0.988462 -0.126613 -0.0831427 -0.988462 -0.126613 -0.0831427 -0.988462 -0.126613 -0.0831427 -0.935606 -0.34487 -0.0755421 -0.935606 -0.34487 -0.0755421 -0.935606 -0.34487 -0.0755421 -0.935606 -0.34487 -0.0755421 -0.923365 -0.346841 -0.164617 -0.923365 -0.346841 -0.164617 -0.923365 -0.346841 -0.164617 -0.923365 -0.346841 -0.164617 -0.911163 -0.349293 -0.218578 -0.911163 -0.349293 -0.218578 -0.911163 -0.349293 -0.218578 -0.911163 -0.349293 -0.218578 -0.926816 -0.344621 -0.14916 -0.926816 -0.344621 -0.14916 -0.926816 -0.344621 -0.14916 -0.926816 -0.344621 -0.14916 -0.973185 -0.170226 -0.154709 -0.973185 -0.170226 -0.154709 -0.973185 -0.170226 -0.154709 -0.973185 -0.170226 -0.154709 -0.985763 -0.0582689 -0.157719 -0.985763 -0.0582689 -0.157719 -0.985763 -0.0582689 -0.157719 -0.985763 -0.0582689 -0.157719 0.138195 -0.153513 0.978436 0.138195 -0.153513 0.978436 0.138195 -0.153513 0.978436 0.138195 -0.153513 0.978436 -0.835704 -0.155759 0.526629 -0.835704 -0.155759 0.526629 -0.835704 -0.155759 0.526629 -0.835704 -0.155759 0.526629 0.147156 -0.42046 0.895298 0.147156 -0.42046 0.895298 0.147156 -0.42046 0.895298 0.147156 -0.42046 0.895298 -0.768172 -0.429591 0.474725 -0.768172 -0.429591 0.474725 -0.768172 -0.429591 0.474725 -0.768172 -0.429591 0.474725 0.663346 -0.0136132 0.748189 0.663346 -0.0136132 0.748189 0.663346 -0.0136132 0.748189 0.663346 -0.0136132 0.748189 0.134661 -0.0226287 0.990633 0.134661 -0.0226287 0.990633 0.134661 -0.0226287 0.990633 0.134661 -0.0226287 0.990633 -0.845457 -0.0228699 0.533554 -0.845457 -0.0228699 0.533554 -0.845457 -0.0228699 0.533554 -0.845457 -0.0228699 0.533554 -0.999295 -0.0118131 -0.0356331 -0.999295 -0.0118131 -0.0356331 -0.999295 -0.0118131 -0.0356331 -0.999295 -0.0118131 -0.0356331 -0.996224 -0.0824291 -0.0272565 -0.996224 -0.0824291 -0.0272565 -0.996224 -0.0824291 -0.0272565 -0.996224 -0.0824291 -0.0272565 -0.969024 -0.246967 -9.0071e-05 -0.969024 -0.246967 -9.0071e-05 -0.969024 -0.246967 -9.0071e-05 -0.969024 -0.246967 -9.0071e-05 -0.877368 -0.478296 0.0381977 -0.877368 -0.478296 0.0381977 -0.877368 -0.478296 0.0381977 -0.877368 -0.478296 0.0381977 -0.578529 -0.742081 0.338556 -0.578529 -0.742081 0.338556 -0.578529 -0.742081 0.338556 -0.578529 -0.742081 0.338556 0.166871 -0.744096 0.646896 0.166871 -0.744096 0.646896 0.166871 -0.744096 0.646896 0.166871 -0.744096 0.646896 0.631837 -0.484599 0.604935 0.631837 -0.484599 0.604935 0.631837 -0.484599 0.604935 0.631837 -0.484599 0.604935 0.671995 -0.25279 0.696075 0.671995 -0.25279 0.696075 0.671995 -0.25279 0.696075 0.671995 -0.25279 0.696075 0.667438 -0.0936615 0.738751 0.667438 -0.0936615 0.738751 0.667438 -0.0936615 0.738751 0.667438 -0.0936615 0.738751 0.979036 -0.023358 0.202342 0.979036 -0.023358 0.202342 0.979036 -0.023358 0.202342 0.979036 -0.023358 0.202342 0.932793 -0.0481176 0.357185 0.932793 -0.0481176 0.357185 0.932793 -0.0481176 0.357185 0.932793 -0.0481176 0.357185 0.96866 -0.137775 0.206675 0.96866 -0.137775 0.206675 0.96866 -0.137775 0.206675 0.96866 -0.137775 0.206675 0.923088 -0.151583 0.353457 0.923088 -0.151583 0.353457 0.923088 -0.151583 0.353457 0.923088 -0.151583 0.353457 0.987111 0.148553 0.0595305 0.987111 0.148553 0.0595305 0.987111 0.148553 0.0595305 0.987111 0.148553 0.0595305 0.981017 0.0322978 0.191215 0.981017 0.0322978 0.191215 0.981017 0.0322978 0.191215 0.981017 0.0322978 0.191215 0.933767 -0.00637615 0.357824 0.933767 -0.00637615 0.357824 0.933767 -0.00637615 0.357824 0.933767 -0.00637615 0.357824 0.884523 -0.00834376 0.466422 0.884523 -0.00834376 0.466422 0.884523 -0.00834376 0.466422 0.884523 -0.00834376 0.466422 0.882857 -0.058939 0.465929 0.882857 -0.058939 0.465929 0.882857 -0.058939 0.465929 0.882857 -0.058939 0.465929 0.870608 -0.171709 0.46104 0.870608 -0.171709 0.46104 0.870608 -0.171709 0.46104 0.870608 -0.171709 0.46104 0.829514 -0.346078 0.438335 0.829514 -0.346078 0.438335 0.829514 -0.346078 0.438335 0.829514 -0.346078 0.438335 0.87305 -0.34993 0.339607 0.87305 -0.34993 0.339607 0.87305 -0.34993 0.339607 0.87305 -0.34993 0.339607 0.916341 -0.346869 0.2 0.916341 -0.346869 0.2 0.916341 -0.346869 0.2 0.916341 -0.346869 0.2 0.935706 -0.343805 0.0790756 0.935706 -0.343805 0.0790756 0.935706 -0.343805 0.0790756 0.935706 -0.343805 0.0790756 0.989081 -0.122278 0.082265 0.989081 -0.122278 0.082265 0.989081 -0.122278 0.082265 0.989081 -0.122278 0.082265 0.996762 0.0189401 0.0781473 0.996762 0.0189401 0.0781473 0.996762 0.0189401 0.0781473 0.996762 0.0189401 0.0781473 0.983931 0.0337689 0.175328 0.983931 0.0337689 0.175328 0.983931 0.0337689 0.175328 0.983931 0.0337689 0.175328 0.935427 -0.0401944 0.351229 0.935427 -0.0401944 0.351229 0.935427 -0.0401944 0.351229 0.935427 -0.0401944 0.351229 0.983885 0.0500626 0.171651 0.983885 0.0500626 0.171651 0.983885 0.0500626 0.171651 0.983885 0.0500626 0.171651 0.933184 -0.013915 0.35913 0.933184 -0.013915 0.35913 0.933184 -0.013915 0.35913 0.933184 -0.013915 0.35913 0.998275 0.045371 0.0372541 0.998275 0.045371 0.0372541 0.998275 0.045371 0.0372541 0.998275 0.045371 0.0372541 0.98297 0.0185992 0.182821 0.98297 0.0185992 0.182821 0.98297 0.0185992 0.182821 0.98297 0.0185992 0.182821 0.938667 -0.0627345 0.33907 0.938667 -0.0627345 0.33907 0.938667 -0.0627345 0.33907 0.938667 -0.0627345 0.33907 0.844106 -0.266809 0.465079 0.844106 -0.266809 0.465079 0.844106 -0.266809 0.465079 0.844106 -0.266809 0.465079 0.867102 -0.140717 0.477842 0.867102 -0.140717 0.477842 0.867102 -0.140717 0.477842 0.867102 -0.140717 0.477842 0.880488 -0.0441245 0.472011 0.880488 -0.0441245 0.472011 0.880488 -0.0441245 0.472011 0.880488 -0.0441245 0.472011 0.884046 -0.00577831 0.467364 0.884046 -0.00577831 0.467364 0.884046 -0.00577831 0.467364 0.884046 -0.00577831 0.467364 0.933002 -0.00692302 0.359806 0.933002 -0.00692302 0.359806 0.933002 -0.00692302 0.359806 0.933002 -0.00692302 0.359806 0.983034 0.0437041 0.178143 0.983034 0.0437041 0.178143 0.983034 0.0437041 0.178143 0.983034 0.0437041 0.178143 0.986626 0.156694 0.0449076 0.986626 0.156694 0.0449076 0.986626 0.156694 0.0449076 0.986626 0.156694 0.0449076 0.991714 0.119497 0.047155 0.991714 0.119497 0.047155 0.991714 0.119497 0.047155 0.991714 0.119497 0.047155 0.994747 0.0916919 0.0455024 0.994747 0.0916919 0.0455024 0.994747 0.0916919 0.0455024 0.994747 0.0916919 0.0455024 0.107525 -0.822543 0.558446 0.107525 -0.822543 0.558446 0.107525 -0.822543 0.558446 0.107525 -0.822543 0.558446 -0.51501 -0.817567 0.257585 -0.51501 -0.817567 0.257585 -0.51501 -0.817567 0.257585 -0.51501 -0.817567 0.257585 0.131424 -0.399469 0.907277 0.131424 -0.399469 0.907277 0.131424 -0.399469 0.907277 0.131424 -0.399469 0.907277 -0.784997 -0.400567 0.472574 -0.784997 -0.400567 0.472574 -0.784997 -0.400567 0.472574 -0.784997 -0.400567 0.472574 0.500101 -0.74133 0.44758 0.500101 -0.74133 0.44758 0.500101 -0.74133 0.44758 0.500101 -0.74133 0.44758 0.0848479 -0.961117 0.262785 0.0848479 -0.961117 0.262785 0.0848479 -0.961117 0.262785 0.0848479 -0.961117 0.262785 -0.273712 -0.959698 0.0637351 -0.273712 -0.959698 0.0637351 -0.273712 -0.959698 0.0637351 -0.273712 -0.959698 0.0637351 -0.676271 -0.718179 -0.163942 -0.676271 -0.718179 -0.163942 -0.676271 -0.718179 -0.163942 -0.676271 -0.718179 -0.163942 -0.868782 -0.487303 -0.088059 -0.868782 -0.487303 -0.088059 -0.868782 -0.487303 -0.088059 -0.868782 -0.487303 -0.088059 -0.981366 -0.185162 -0.0513408 -0.981366 -0.185162 -0.0513408 -0.981366 -0.185162 -0.0513408 -0.981366 -0.185162 -0.0513408 -0.998994 -0.023367 -0.0382813 -0.998994 -0.023367 -0.0382813 -0.998994 -0.023367 -0.0382813 -0.998994 -0.023367 -0.0382813 -0.845664 -0.0525702 0.53112 -0.845664 -0.0525702 0.53112 -0.845664 -0.0525702 0.53112 -0.845664 -0.0525702 0.53112 0.134771 -0.0520752 0.989508 0.134771 -0.0520752 0.989508 0.134771 -0.0520752 0.989508 0.134771 -0.0520752 0.989508 0.663466 -0.02273 0.747861 0.663466 -0.02273 0.747861 0.663466 -0.02273 0.747861 0.663466 -0.02273 0.747861 0.660717 -0.181083 0.728465 0.660717 -0.181083 0.728465 0.660717 -0.181083 0.728465 0.660717 -0.181083 0.728465 0.613299 -0.484261 0.623984 0.613299 -0.484261 0.623984 0.613299 -0.484261 0.623984 0.613299 -0.484261 0.623984 -0.956848 -0.0402488 -0.287789 -0.956848 -0.0402488 -0.287789 -0.956848 -0.0402488 -0.287789 -0.956848 -0.0402488 -0.287789 -0.965963 0.0030598 -0.258663 -0.965963 0.0030598 -0.258663 -0.965963 0.0030598 -0.258663 -0.965963 0.0030598 -0.258663 -0.960083 -0.0139061 -0.279369 -0.960083 -0.0139061 -0.279369 -0.960083 -0.0139061 -0.279369 -0.960083 -0.0139061 -0.279369 -0.97157 0.0205218 -0.235861 -0.97157 0.0205218 -0.235861 -0.97157 0.0205218 -0.235861 -0.97157 0.0205218 -0.235861 -0.904137 -0.2831 -0.319986 -0.904137 -0.2831 -0.319986 -0.904137 -0.2831 -0.319986 -0.904137 -0.2831 -0.319986 -0.951706 -0.0626719 -0.300545 -0.951706 -0.0626719 -0.300545 -0.951706 -0.0626719 -0.300545 -0.951706 -0.0626719 -0.300545 -0.960951 -0.0100636 -0.276536 -0.960951 -0.0100636 -0.276536 -0.960951 -0.0100636 -0.276536 -0.960951 -0.0100636 -0.276536 -0.932603 0.0449721 -0.358092 -0.932603 0.0449721 -0.358092 -0.932603 0.0449721 -0.358092 -0.932603 0.0449721 -0.358092 -0.932944 0.0908964 -0.348359 -0.932944 0.0908964 -0.348359 -0.932944 0.0908964 -0.348359 -0.932944 0.0908964 -0.348359 -0.93334 0.206489 -0.293663 -0.93334 0.206489 -0.293663 -0.93334 0.206489 -0.293663 -0.93334 0.206489 -0.293663 -0.95501 0.227821 -0.189875 -0.95501 0.227821 -0.189875 -0.95501 0.227821 -0.189875 -0.95501 0.227821 -0.189875 -0.975831 0.039417 -0.214943 -0.975831 0.039417 -0.214943 -0.975831 0.039417 -0.214943 -0.975831 0.039417 -0.214943 -0.96239 0.0108213 -0.271455 -0.96239 0.0108213 -0.271455 -0.96239 0.0108213 -0.271455 -0.96239 0.0108213 -0.271455 -0.986956 -0.0117501 -0.16056 -0.986956 -0.0117501 -0.16056 -0.986956 -0.0117501 -0.16056 -0.986956 -0.0117501 -0.16056 -0.980198 -0.0856271 -0.178548 -0.980198 -0.0856271 -0.178548 -0.980198 -0.0856271 -0.178548 -0.980198 -0.0856271 -0.178548 -0.950255 -0.208039 -0.231811 -0.950255 -0.208039 -0.231811 -0.950255 -0.208039 -0.231811 -0.950255 -0.208039 -0.231811 -0.398714 0.553648 -0.731096 -0.398714 0.553648 -0.731096 -0.398714 0.553648 -0.731096 -0.398714 0.553648 -0.731096 0.528956 0.547311 -0.64858 0.528956 0.547311 -0.64858 0.528956 0.547311 -0.64858 0.528956 0.547311 -0.64858 -0.320466 0.834955 -0.447385 -0.320466 0.834955 -0.447385 -0.320466 0.834955 -0.447385 -0.320466 0.834955 -0.447385 0.381537 0.836494 -0.393329 0.381537 0.836494 -0.393329 0.381537 0.836494 -0.393329 0.381537 0.836494 -0.393329 -0.841064 0.128559 -0.525437 -0.841064 0.128559 -0.525437 -0.841064 0.128559 -0.525437 -0.841064 0.128559 -0.525437 -0.430272 0.281595 -0.857654 -0.430272 0.281595 -0.857654 -0.430272 0.281595 -0.857654 -0.430272 0.281595 -0.857654 0.594469 0.275104 -0.755595 0.594469 0.275104 -0.755595 0.594469 0.275104 -0.755595 0.594469 0.275104 -0.755595 0.958131 0.123411 -0.258371 0.958131 0.123411 -0.258371 0.958131 0.123411 -0.258371 0.958131 0.123411 -0.258371 0.925739 0.274012 -0.260623 0.925739 0.274012 -0.260623 0.925739 0.274012 -0.260623 0.925739 0.274012 -0.260623 0.852346 0.478567 -0.210903 0.852346 0.478567 -0.210903 0.852346 0.478567 -0.210903 0.852346 0.478567 -0.210903 0.79062 0.600901 -0.117637 0.79062 0.600901 -0.117637 0.79062 0.600901 -0.117637 0.79062 0.600901 -0.117637 0.278134 0.942811 -0.18371 0.278134 0.942811 -0.18371 0.278134 0.942811 -0.18371 0.278134 0.942811 -0.18371 -0.281475 0.938073 -0.201968 -0.281475 0.938073 -0.201968 -0.281475 0.938073 -0.201968 -0.281475 0.938073 -0.201968 -0.786063 0.583421 -0.204267 -0.786063 0.583421 -0.204267 -0.786063 0.583421 -0.204267 -0.786063 0.583421 -0.204267 -0.804252 0.479714 -0.35079 -0.804252 0.479714 -0.35079 -0.804252 0.479714 -0.35079 -0.804252 0.479714 -0.35079 -0.846552 0.252041 -0.468854 -0.846552 0.252041 -0.468854 -0.846552 0.252041 -0.468854 -0.846552 0.252041 -0.468854 -0.717615 0.375437 0.586581 -0.717615 0.375437 0.586581 -0.717615 0.375437 0.586581 -0.717615 0.375437 0.586581 -0.878244 0.37413 -0.297848 -0.878244 0.37413 -0.297848 -0.878244 0.37413 -0.297848 -0.878244 0.37413 -0.297848 -0.717623 -0.375414 0.586585 -0.717623 -0.375414 0.586585 -0.717623 -0.375414 0.586585 -0.717623 -0.375414 0.586585 -0.87825 -0.374112 -0.297853 -0.87825 -0.374112 -0.297853 -0.87825 -0.374112 -0.297853 -0.87825 -0.374112 -0.297853 -0.227792 0.603217 0.764356 -0.227792 0.603217 0.764356 -0.227792 0.603217 0.764356 -0.227792 0.603217 0.764356 -0.43038 0.814747 0.388537 -0.43038 0.814747 0.388537 -0.43038 0.814747 0.388537 -0.43038 0.814747 0.388537 -0.542143 0.808728 -0.228123 -0.542143 0.808728 -0.228123 -0.542143 0.808728 -0.228123 -0.542143 0.808728 -0.228123 -0.486282 0.590253 -0.644307 -0.486282 0.590253 -0.644307 -0.486282 0.590253 -0.644307 -0.486282 0.590253 -0.644307 -0.587426 0.230397 -0.775788 -0.587426 0.230397 -0.775788 -0.587426 0.230397 -0.775788 -0.587426 0.230397 -0.775788 -0.587424 -0.230391 -0.775792 -0.587424 -0.230391 -0.775792 -0.587424 -0.230391 -0.775792 -0.587424 -0.230391 -0.775792 -0.486273 -0.590258 -0.644309 -0.486273 -0.590258 -0.644309 -0.486273 -0.590258 -0.644309 -0.486273 -0.590258 -0.644309 -0.542132 -0.808733 -0.22813 -0.542132 -0.808733 -0.22813 -0.542132 -0.808733 -0.22813 -0.542132 -0.808733 -0.22813 -0.430369 -0.814753 0.388536 -0.430369 -0.814753 0.388536 -0.430369 -0.814753 0.388536 -0.430369 -0.814753 0.388536 -0.227784 -0.603201 0.764371 -0.227784 -0.603201 0.764371 -0.227784 -0.603201 0.764371 -0.227784 -0.603201 0.764371 -0.276105 -0.23528 0.931885 -0.276105 -0.23528 0.931885 -0.276105 -0.23528 0.931885 -0.276105 -0.23528 0.931885 -0.27611 0.235284 0.931882 -0.27611 0.235284 0.931882 -0.27611 0.235284 0.931882 -0.27611 0.235284 0.931882 -0.0169369 0.140939 -0.989873 -0.0169369 0.140939 -0.989873 -0.0169369 0.140939 -0.989873 -0.0169369 0.140939 -0.989873 -0.0169383 -0.140928 -0.989875 -0.0169383 -0.140928 -0.989875 -0.0169383 -0.140928 -0.989875 -0.0169383 -0.140928 -0.989875 -0.13283 0.145953 -0.980334 -0.13283 0.145953 -0.980334 -0.13283 0.145953 -0.980334 -0.13283 0.145953 -0.980334 -0.13283 -0.145955 -0.980333 -0.13283 -0.145955 -0.980333 -0.13283 -0.145955 -0.980333 -0.13283 -0.145955 -0.980333 0.0786296 0.45914 -0.884877 0.0786296 0.45914 -0.884877 0.0786296 0.45914 -0.884877 0.0786296 0.45914 -0.884877 0.0880467 0.141301 -0.986044 0.0880467 0.141301 -0.986044 0.0880467 0.141301 -0.986044 0.0880467 0.141301 -0.986044 0.0880462 -0.141291 -0.986045 0.0880462 -0.141291 -0.986045 0.0880462 -0.141291 -0.986045 0.0880462 -0.141291 -0.986045 0.0786282 -0.459149 -0.884873 0.0786282 -0.459149 -0.884873 0.0786282 -0.459149 -0.884873 0.0786282 -0.459149 -0.884873 -0.0179763 -0.459011 -0.888249 -0.0179763 -0.459011 -0.888249 -0.0179763 -0.459011 -0.888249 -0.0179763 -0.459011 -0.888249 -0.128963 -0.462168 -0.877365 -0.128963 -0.462168 -0.877365 -0.128963 -0.462168 -0.877365 -0.128963 -0.462168 -0.877365 -0.254706 -0.42811 -0.867091 -0.254706 -0.42811 -0.867091 -0.254706 -0.42811 -0.867091 -0.254706 -0.42811 -0.867091 -0.299349 -0.154707 -0.941518 -0.299349 -0.154707 -0.941518 -0.299349 -0.154707 -0.941518 -0.299349 -0.154707 -0.941518 -0.299353 0.154708 -0.941517 -0.299353 0.154708 -0.941517 -0.299353 0.154708 -0.941517 -0.299353 0.154708 -0.941517 -0.254703 0.428108 -0.867093 -0.254703 0.428108 -0.867093 -0.254703 0.428108 -0.867093 -0.254703 0.428108 -0.867093 -0.128963 0.462168 -0.877365 -0.128963 0.462168 -0.877365 -0.128963 0.462168 -0.877365 -0.128963 0.462168 -0.877365 -0.017975 0.458999 -0.888255 -0.017975 0.458999 -0.888255 -0.017975 0.458999 -0.888255 -0.017975 0.458999 -0.888255 -0.0234784 0.978932 0.202833 -0.0234784 0.978932 0.202833 -0.0234784 0.978932 0.202833 -0.0234784 0.978932 0.202833 -0.0224152 0.979056 -0.202353 -0.0224152 0.979056 -0.202353 -0.0224152 0.979056 -0.202353 -0.0224152 0.979056 -0.202353 -0.0683478 0.974673 0.212934 -0.0683478 0.974673 0.212934 -0.0683478 0.974673 0.212934 -0.0683478 0.974673 0.212934 -0.0949392 0.974919 -0.201297 -0.0949392 0.974919 -0.201297 -0.0949392 0.974919 -0.201297 -0.0949392 0.974919 -0.201297 -0.0568674 0.801712 0.594999 -0.0568674 0.801712 0.594999 -0.0568674 0.801712 0.594999 -0.0568674 0.801712 0.594999 -0.020965 0.979444 0.200626 -0.020965 0.979444 0.200626 -0.020965 0.979444 0.200626 -0.020965 0.979444 0.200626 0.0157354 0.979443 -0.201105 0.0157354 0.979443 -0.201105 0.0157354 0.979443 -0.201105 0.0157354 0.979443 -0.201105 0.0518987 0.801746 -0.595408 0.0518987 0.801746 -0.595408 0.0518987 0.801746 -0.595408 0.0518987 0.801746 -0.595408 -0.0205868 0.801593 -0.597516 -0.0205868 0.801593 -0.597516 -0.0205868 0.801593 -0.597516 -0.0205868 0.801593 -0.597516 -0.116229 0.796805 -0.592953 -0.116229 0.796805 -0.592953 -0.116229 0.796805 -0.592953 -0.116229 0.796805 -0.592953 -0.2379 0.801904 -0.548045 -0.2379 0.801904 -0.548045 -0.2379 0.801904 -0.548045 -0.2379 0.801904 -0.548045 -0.24494 0.949345 -0.196849 -0.24494 0.949345 -0.196849 -0.24494 0.949345 -0.196849 -0.24494 0.949345 -0.196849 -0.192223 0.94746 0.255675 -0.192223 0.94746 0.255675 -0.192223 0.94746 0.255675 -0.192223 0.94746 0.255675 -0.123151 0.773077 0.622243 -0.123151 0.773077 0.622243 -0.123151 0.773077 0.622243 -0.123151 0.773077 0.622243 -0.0392094 0.796408 0.603488 -0.0392094 0.796408 0.603488 -0.0392094 0.796408 0.603488 -0.0392094 0.796408 0.603488 -0.0245778 0.800548 0.598765 -0.0245778 0.800548 0.598765 -0.0245778 0.800548 0.598765 -0.0245778 0.800548 0.598765 -0.0224162 -0.979059 -0.202339 -0.0224162 -0.979059 -0.202339 -0.0224162 -0.979059 -0.202339 -0.0224162 -0.979059 -0.202339 -0.0234806 -0.978935 0.202819 -0.0234806 -0.978935 0.202819 -0.0234806 -0.978935 0.202819 -0.0234806 -0.978935 0.202819 -0.0949344 -0.974922 -0.201281 -0.0949344 -0.974922 -0.201281 -0.0949344 -0.974922 -0.201281 -0.0949344 -0.974922 -0.201281 -0.0683458 -0.974676 0.212921 -0.0683458 -0.974676 0.212921 -0.0683458 -0.974676 0.212921 -0.0683458 -0.974676 0.212921 0.0518972 -0.80175 -0.595403 0.0518972 -0.80175 -0.595403 0.0518972 -0.80175 -0.595403 0.0518972 -0.80175 -0.595403 0.0157325 -0.979442 -0.20111 0.0157325 -0.979442 -0.20111 0.0157325 -0.979442 -0.20111 0.0157325 -0.979442 -0.20111 -0.0209686 -0.979442 0.200633 -0.0209686 -0.979442 0.200633 -0.0209686 -0.979442 0.200633 -0.0209686 -0.979442 0.200633 -0.0568696 -0.801713 0.594998 -0.0568696 -0.801713 0.594998 -0.0568696 -0.801713 0.594998 -0.0568696 -0.801713 0.594998 -0.0245776 -0.800542 0.598773 -0.0245776 -0.800542 0.598773 -0.0245776 -0.800542 0.598773 -0.0245776 -0.800542 0.598773 -0.0392084 -0.796403 0.603494 -0.0392084 -0.796403 0.603494 -0.0392084 -0.796403 0.603494 -0.0392084 -0.796403 0.603494 -0.123151 -0.773074 0.622246 -0.123151 -0.773074 0.622246 -0.123151 -0.773074 0.622246 -0.123151 -0.773074 0.622246 -0.19222 -0.947457 0.255688 -0.19222 -0.947457 0.255688 -0.19222 -0.947457 0.255688 -0.19222 -0.947457 0.255688 -0.244944 -0.949343 -0.19685 -0.244944 -0.949343 -0.19685 -0.244944 -0.949343 -0.19685 -0.244944 -0.949343 -0.19685 -0.237898 -0.801903 -0.548048 -0.237898 -0.801903 -0.548048 -0.237898 -0.801903 -0.548048 -0.237898 -0.801903 -0.548048 -0.11623 -0.796796 -0.592964 -0.11623 -0.796796 -0.592964 -0.11623 -0.796796 -0.592964 -0.11623 -0.796796 -0.592964 -0.0205871 -0.801588 -0.597522 -0.0205871 -0.801588 -0.597522 -0.0205871 -0.801588 -0.597522 -0.0205871 -0.801588 -0.597522 -0.740835 -0.132245 0.65854 -0.740835 -0.132245 0.65854 -0.740835 -0.132245 0.65854 -0.740835 -0.132245 0.65854 -0.746913 -0.0127403 0.664799 -0.746913 -0.0127403 0.664799 -0.746913 -0.0127403 0.664799 -0.746913 -0.0127403 0.664799 -0.665626 -0.139027 0.733221 -0.665626 -0.139027 0.733221 -0.665626 -0.139027 0.733221 -0.665626 -0.139027 0.733221 -0.682386 -0.0118341 0.730897 -0.682386 -0.0118341 0.730897 -0.682386 -0.0118341 0.730897 -0.682386 -0.0118341 0.730897 -0.744584 -0.360586 0.561758 -0.744584 -0.360586 0.561758 -0.744584 -0.360586 0.561758 -0.744584 -0.360586 0.561758 -0.792386 -0.119095 0.598282 -0.792386 -0.119095 0.598282 -0.792386 -0.119095 0.598282 -0.792386 -0.119095 0.598282 -0.790158 0.0139813 0.612743 -0.790158 0.0139813 0.612743 -0.790158 0.0139813 0.612743 -0.790158 0.0139813 0.612743 -0.752786 0.100337 0.650574 -0.752786 0.100337 0.650574 -0.752786 0.100337 0.650574 -0.752786 0.100337 0.650574 -0.739365 0.0263907 0.672787 -0.739365 0.0263907 0.672787 -0.739365 0.0263907 0.672787 -0.739365 0.0263907 0.672787 -0.697842 0.0293446 0.715651 -0.697842 0.0293446 0.715651 -0.697842 0.0293446 0.715651 -0.697842 0.0293446 0.715651 -0.708606 0.109048 0.697127 -0.708606 0.109048 0.697127 -0.708606 0.109048 0.697127 -0.708606 0.109048 0.697127 -0.662417 0.0230528 0.748781 -0.662417 0.0230528 0.748781 -0.662417 0.0230528 0.748781 -0.662417 0.0230528 0.748781 -0.636337 -0.136225 0.759288 -0.636337 -0.136225 0.759288 -0.636337 -0.136225 0.759288 -0.636337 -0.136225 0.759288 -0.577245 -0.417647 0.701683 -0.577245 -0.417647 0.701683 -0.577245 -0.417647 0.701683 -0.577245 -0.417647 0.701683 -0.61169 -0.397657 0.68389 -0.61169 -0.397657 0.68389 -0.61169 -0.397657 0.68389 -0.61169 -0.397657 0.68389 -0.689756 -0.377718 0.61771 -0.689756 -0.377718 0.61771 -0.689756 -0.377718 0.61771 -0.689756 -0.377718 0.61771 0.191034 -0.96864 -0.158877 0.191034 -0.96864 -0.158877 0.191034 -0.96864 -0.158877 0.191034 -0.96864 -0.158877 -0.182572 -0.968683 0.168289 -0.182572 -0.968683 0.168289 -0.182572 -0.968683 0.168289 -0.182572 -0.968683 0.168289 0.1634 -0.972232 -0.167525 0.1634 -0.972232 -0.167525 0.1634 -0.972232 -0.167525 0.1634 -0.972232 -0.167525 -0.153453 -0.972172 0.177014 -0.153453 -0.972172 0.177014 -0.153453 -0.972172 0.177014 -0.153453 -0.972172 0.177014 0.56548 -0.71414 -0.412598 0.56548 -0.71414 -0.412598 0.56548 -0.71414 -0.412598 0.56548 -0.71414 -0.412598 0.212168 -0.965244 -0.152607 0.212168 -0.965244 -0.152607 0.212168 -0.965244 -0.152607 0.212168 -0.965244 -0.152607 -0.20725 -0.965255 0.159156 -0.20725 -0.965255 0.159156 -0.20725 -0.965255 0.159156 -0.20725 -0.965255 0.159156 -0.557978 -0.714159 0.422655 -0.557978 -0.714159 0.422655 -0.557978 -0.714159 0.422655 -0.557978 -0.714159 0.422655 -0.505156 -0.733 0.455553 -0.505156 -0.733 0.455553 -0.505156 -0.733 0.455553 -0.505156 -0.733 0.455553 -0.43635 -0.753682 0.49149 -0.43635 -0.753682 0.49149 -0.43635 -0.753682 0.49149 -0.43635 -0.753682 0.49149 -0.401236 -0.773254 0.491007 -0.401236 -0.773254 0.491007 -0.401236 -0.773254 0.491007 -0.401236 -0.773254 0.491007 -0.138149 -0.975298 0.172365 -0.138149 -0.975298 0.172365 -0.138149 -0.975298 0.172365 -0.138149 -0.975298 0.172365 0.145682 -0.975269 -0.166216 0.145682 -0.975269 -0.166216 0.145682 -0.975269 -0.166216 0.145682 -0.975269 -0.166216 0.413396 -0.773142 -0.480994 0.413396 -0.773142 -0.480994 0.413396 -0.773142 -0.480994 0.413396 -0.773142 -0.480994 0.452964 -0.753895 -0.475885 0.452964 -0.753895 -0.475885 0.452964 -0.753895 -0.475885 0.452964 -0.753895 -0.475885 0.518209 -0.732875 -0.440856 0.518209 -0.732875 -0.440856 0.518209 -0.732875 -0.440856 0.518209 -0.732875 -0.440856 0.759035 0.0134377 -0.650911 0.759035 0.0134377 -0.650911 0.759035 0.0134377 -0.650911 0.759035 0.0134377 -0.650911 0.682361 0.0131207 -0.730897 0.682361 0.0131207 -0.730897 0.682361 0.0131207 -0.730897 0.682361 0.0131207 -0.730897 0.755352 0.137952 -0.640635 0.755352 0.137952 -0.640635 0.755352 0.137952 -0.640635 0.755352 0.137952 -0.640635 0.697756 0.128907 -0.704642 0.697756 0.128907 -0.704642 0.697756 0.128907 -0.704642 0.697756 0.128907 -0.704642 0.797648 -0.0991035 -0.594925 0.797648 -0.0991035 -0.594925 0.797648 -0.0991035 -0.594925 0.797648 -0.0991035 -0.594925 0.769499 -0.0266286 -0.638093 0.769499 -0.0266286 -0.638093 0.769499 -0.0266286 -0.638093 0.769499 -0.0266286 -0.638093 0.665461 -0.0231118 -0.746075 0.665461 -0.0231118 -0.746075 0.665461 -0.0231118 -0.746075 0.665461 -0.0231118 -0.746075 0.552139 -0.0794597 -0.829958 0.552139 -0.0794597 -0.829958 0.552139 -0.0794597 -0.829958 0.552139 -0.0794597 -0.829958 0.632833 -0.0116785 -0.7742 0.632833 -0.0116785 -0.7742 0.632833 -0.0116785 -0.7742 0.632833 -0.0116785 -0.7742 0.673135 0.112246 -0.730952 0.673135 0.112246 -0.730952 0.673135 0.112246 -0.730952 0.673135 0.112246 -0.730952 0.701967 0.339489 -0.62609 0.701967 0.339489 -0.62609 0.701967 0.339489 -0.62609 0.701967 0.339489 -0.62609 0.697013 0.368111 -0.61536 0.697013 0.368111 -0.61536 0.697013 0.368111 -0.61536 0.697013 0.368111 -0.61536 0.725655 0.392655 -0.56502 0.725655 0.392655 -0.56502 0.725655 0.392655 -0.56502 0.725655 0.392655 -0.56502 0.711097 0.413439 -0.568692 0.711097 0.413439 -0.568692 0.711097 0.413439 -0.568692 0.711097 0.413439 -0.568692 0.758457 0.139604 -0.636595 0.758457 0.139604 -0.636595 0.758457 0.139604 -0.636595 0.758457 0.139604 -0.636595 0.768163 -0.00898152 -0.640192 0.768163 -0.00898152 -0.640192 0.768163 -0.00898152 -0.640192 0.768163 -0.00898152 -0.640192 0.757358 -0.012726 -0.652876 0.757358 -0.012726 -0.652876 0.757358 -0.012726 -0.652876 0.757358 -0.012726 -0.652876 0.750412 -0.13223 -0.647609 0.750412 -0.13223 -0.647609 0.750412 -0.13223 -0.647609 0.750412 -0.13223 -0.647609 0.673156 -0.0153038 -0.739342 0.673156 -0.0153038 -0.739342 0.673156 -0.0153038 -0.739342 0.673156 -0.0153038 -0.739342 0.675071 -0.140731 -0.724205 0.675071 -0.140731 -0.724205 0.675071 -0.140731 -0.724205 0.675071 -0.140731 -0.724205 0.814714 0.0883911 -0.573086 0.814714 0.0883911 -0.573086 0.814714 0.0883911 -0.573086 0.814714 0.0883911 -0.573086 0.80528 0.0124942 -0.592763 0.80528 0.0124942 -0.592763 0.80528 0.0124942 -0.592763 0.80528 0.0124942 -0.592763 0.798971 -0.118938 -0.58949 0.798971 -0.118938 -0.58949 0.798971 -0.118938 -0.58949 0.798971 -0.118938 -0.58949 0.75219 -0.360502 -0.551588 0.75219 -0.360502 -0.551588 0.75219 -0.360502 -0.551588 0.75219 -0.360502 -0.551588 0.703139 -0.377619 -0.602495 0.703139 -0.377619 -0.602495 0.703139 -0.377619 -0.602495 0.703139 -0.377619 -0.602495 0.629933 -0.398106 -0.666855 0.629933 -0.398106 -0.666855 0.629933 -0.398106 -0.666855 0.629933 -0.398106 -0.666855 0.58996 -0.418573 -0.690467 0.58996 -0.418573 -0.690467 0.58996 -0.418573 -0.690467 0.58996 -0.418573 -0.690467 0.639171 -0.142889 -0.755674 0.639171 -0.142889 -0.755674 0.639171 -0.142889 -0.755674 0.639171 -0.142889 -0.755674 0.63622 0.00688624 -0.771477 0.63622 0.00688624 -0.771477 0.63622 0.00688624 -0.771477 0.63622 0.00688624 -0.771477 0.596817 0.0968336 -0.796513 0.596817 0.0968336 -0.796513 0.596817 0.0968336 -0.796513 0.596817 0.0968336 -0.796513 0.660591 0.0239174 -0.750365 0.660591 0.0239174 -0.750365 0.660591 0.0239174 -0.750365 0.660591 0.0239174 -0.750365 0.763652 0.0263855 -0.645089 0.763652 0.0263855 -0.645089 0.763652 0.0263855 -0.645089 0.763652 0.0263855 -0.645089 0.922928 -0.102 -0.371214 0.922928 -0.102 -0.371214 0.922928 -0.102 -0.371214 0.922928 -0.102 -0.371214 0.92552 0.0741144 -0.371376 0.92552 0.0741144 -0.371376 0.92552 0.0741144 -0.371376 0.92552 0.0741144 -0.371376 0.968683 -0.104642 -0.225173 0.968683 -0.104642 -0.225173 0.968683 -0.104642 -0.225173 0.968683 -0.104642 -0.225173 0.970885 0.0755391 -0.227325 0.970885 0.0755391 -0.227325 0.970885 0.0755391 -0.227325 0.970885 0.0755391 -0.227325 0.811733 -0.349364 -0.468011 0.811733 -0.349364 -0.468011 0.811733 -0.349364 -0.468011 0.811733 -0.349364 -0.468011 0.8603 -0.107829 -0.498255 0.8603 -0.107829 -0.498255 0.8603 -0.107829 -0.498255 0.8603 -0.107829 -0.498255 0.865011 0.0472296 -0.499525 0.865011 0.0472296 -0.499525 0.865011 0.0472296 -0.499525 0.865011 0.0472296 -0.499525 0.860116 0.191289 -0.472873 0.860116 0.191289 -0.472873 0.860116 0.191289 -0.472873 0.860116 0.191289 -0.472873 0.895652 0.276386 -0.348452 0.895652 0.276386 -0.348452 0.895652 0.276386 -0.348452 0.895652 0.276386 -0.348452 0.928686 0.298401 -0.220228 0.928686 0.298401 -0.220228 0.928686 0.298401 -0.220228 0.928686 0.298401 -0.220228 0.961984 0.264517 -0.0679534 0.961984 0.264517 -0.0679534 0.961984 0.264517 -0.0679534 0.961984 0.264517 -0.0679534 0.996628 0.0555958 -0.0603445 0.996628 0.0555958 -0.0603445 0.996628 0.0555958 -0.0603445 0.996628 0.0555958 -0.0603445 0.991971 -0.111719 -0.0592648 0.991971 -0.111719 -0.0592648 0.991971 -0.111719 -0.0592648 0.991971 -0.111719 -0.0592648 0.93779 -0.342619 -0.0562327 0.93779 -0.342619 -0.0562327 0.93779 -0.342619 -0.0562327 0.93779 -0.342619 -0.0562327 0.91525 -0.342509 -0.212142 0.91525 -0.342509 -0.212142 0.91525 -0.342509 -0.212142 0.91525 -0.342509 -0.212142 0.871514 -0.344072 -0.349397 0.871514 -0.344072 -0.349397 0.871514 -0.344072 -0.349397 0.871514 -0.344072 -0.349397 0.276359 -0.0795325 0.957758 0.276359 -0.0795325 0.957758 0.276359 -0.0795325 0.957758 0.276359 -0.0795325 0.957758 0.285983 -0.0125238 0.958153 0.285983 -0.0125238 0.958153 0.285983 -0.0125238 0.958153 0.285983 -0.0125238 0.958153 0.276502 -0.0914466 0.956653 0.276502 -0.0914466 0.956653 0.276502 -0.0914466 0.956653 0.276502 -0.0914466 0.956653 0.289333 -0.0253791 0.956892 0.289333 -0.0253791 0.956892 0.289333 -0.0253791 0.956892 0.289333 -0.0253791 0.956892 0.187746 -0.212649 0.958922 0.187746 -0.212649 0.958922 0.187746 -0.212649 0.958922 0.187746 -0.212649 0.958922 0.194838 -0.0722574 0.97817 0.194838 -0.0722574 0.97817 0.194838 -0.0722574 0.97817 0.194838 -0.0722574 0.97817 0.207243 0.00718647 0.978263 0.207243 0.00718647 0.978263 0.207243 0.00718647 0.978263 0.207243 0.00718647 0.978263 0.245391 0.0645772 0.967271 0.245391 0.0645772 0.967271 0.245391 0.0645772 0.967271 0.245391 0.0645772 0.967271 0.302141 0.017027 0.953111 0.302141 0.017027 0.953111 0.302141 0.017027 0.953111 0.302141 0.017027 0.953111 0.297179 0.000296057 0.954822 0.297179 0.000296057 0.954822 0.297179 0.000296057 0.954822 0.297179 0.000296057 0.954822 0.295429 -0.00365138 0.955358 0.295429 -0.00365138 0.955358 0.295429 -0.00365138 0.955358 0.295429 -0.00365138 0.955358 0.294306 -0.0308365 0.955214 0.294306 -0.0308365 0.955214 0.294306 -0.0308365 0.955214 0.294306 -0.0308365 0.955214 0.291662 -0.0982648 0.951461 0.291662 -0.0982648 0.951461 0.291662 -0.0982648 0.951461 0.291662 -0.0982648 0.951461 0.287261 -0.214365 0.933557 0.287261 -0.214365 0.933557 0.287261 -0.214365 0.933557 0.287261 -0.214365 0.933557 0.252747 -0.221347 0.941873 0.252747 -0.221347 0.941873 0.252747 -0.221347 0.941873 0.252747 -0.221347 0.941873 0.264612 -0.214127 0.940282 0.264612 -0.214127 0.940282 0.264612 -0.214127 0.940282 0.264612 -0.214127 0.940282 -0.275026 -0.0805777 0.958054 -0.275026 -0.0805777 0.958054 -0.275026 -0.0805777 0.958054 -0.275026 -0.0805777 0.958054 -0.491223 -0.101311 0.865122 -0.491223 -0.101311 0.865122 -0.491223 -0.101311 0.865122 -0.491223 -0.101311 0.865122 -0.278918 0.114479 0.953467 -0.278918 0.114479 0.953467 -0.278918 0.114479 0.953467 -0.278918 0.114479 0.953467 -0.492067 0.11168 0.863365 -0.492067 0.11168 0.863365 -0.492067 0.11168 0.863365 -0.492067 0.11168 0.863365 -0.0409656 -0.175383 0.983648 -0.0409656 -0.175383 0.983648 -0.0409656 -0.175383 0.983648 -0.0409656 -0.175383 0.983648 -0.250928 -0.308817 0.917424 -0.250928 -0.308817 0.917424 -0.250928 -0.308817 0.917424 -0.250928 -0.308817 0.917424 -0.457233 -0.356886 0.814599 -0.457233 -0.356886 0.814599 -0.457233 -0.356886 0.814599 -0.457233 -0.356886 0.814599 -0.612872 -0.37141 0.697454 -0.612872 -0.37141 0.697454 -0.612872 -0.37141 0.697454 -0.612872 -0.37141 0.697454 -0.656786 -0.109106 0.746142 -0.656786 -0.109106 0.746142 -0.656786 -0.109106 0.746142 -0.656786 -0.109106 0.746142 -0.656901 0.110723 0.745803 -0.656901 0.110723 0.745803 -0.656901 0.110723 0.745803 -0.656901 0.110723 0.745803 -0.613222 0.373248 0.696165 -0.613222 0.373248 0.696165 -0.613222 0.373248 0.696165 -0.613222 0.373248 0.696165 -0.459438 0.373223 0.805991 -0.459438 0.373223 0.805991 -0.459438 0.373223 0.805991 -0.459438 0.373223 0.805991 -0.260994 0.37456 0.889712 -0.260994 0.37456 0.889712 -0.260994 0.37456 0.889712 -0.260994 0.37456 0.889712 -0.075016 0.379558 0.922122 -0.075016 0.379558 0.922122 -0.075016 0.379558 0.922122 -0.075016 0.379558 0.922122 -0.0787208 0.123013 0.989278 -0.0787208 0.123013 0.989278 -0.0787208 0.123013 0.989278 -0.0787208 0.123013 0.989278 -0.0692941 -0.0426673 0.996683 -0.0692941 -0.0426673 0.996683 -0.0692941 -0.0426673 0.996683 -0.0692941 -0.0426673 0.996683 -0.69823 0.0122668 0.715769 -0.69823 0.0122668 0.715769 -0.69823 0.0122668 0.715769 -0.69823 0.0122668 0.715769 -0.745015 0.0134482 0.666912 -0.745015 0.0134482 0.666912 -0.745015 0.0134482 0.666912 -0.745015 0.0134482 0.666912 -0.666131 0.129152 0.734568 -0.666131 0.129152 0.734568 -0.666131 0.129152 0.734568 -0.666131 0.129152 0.734568 -0.734019 0.138084 0.664943 -0.734019 0.138084 0.664943 -0.734019 0.138084 0.664943 -0.734019 0.138084 0.664943 -0.757716 -0.0794994 0.647724 -0.757716 -0.0794994 0.647724 -0.757716 -0.0794994 0.647724 -0.757716 -0.0794994 0.647724 -0.717429 -0.0255377 0.696163 -0.717429 -0.0255377 0.696163 -0.717429 -0.0255377 0.696163 -0.717429 -0.0255377 0.696163 -0.732562 -0.026662 0.680178 -0.732562 -0.026662 0.680178 -0.732562 -0.026662 0.680178 -0.732562 -0.026662 0.680178 -0.691735 -0.100487 0.715126 -0.691735 -0.100487 0.715126 -0.691735 -0.100487 0.715126 -0.691735 -0.100487 0.715126 -0.741597 -0.0193687 0.670566 -0.741597 -0.0193687 0.670566 -0.741597 -0.0193687 0.670566 -0.741597 -0.0193687 0.670566 -0.742985 0.135816 0.655384 -0.742985 0.135816 0.655384 -0.742985 0.135816 0.655384 -0.742985 0.135816 0.655384 -0.668287 0.413119 0.618648 -0.668287 0.413119 0.618648 -0.668287 0.413119 0.618648 -0.668287 0.413119 0.618648 -0.652821 0.393607 0.647223 -0.652821 0.393607 0.647223 -0.652821 0.393607 0.647223 -0.652821 0.393607 0.647223 -0.569836 0.367873 0.734817 -0.569836 0.367873 0.734817 -0.569836 0.367873 0.734817 -0.569836 0.367873 0.734817 -0.520941 0.337923 0.783855 -0.520941 0.337923 0.783855 -0.520941 0.337923 0.783855 -0.520941 0.337923 0.783855 -0.633636 0.112136 0.765462 -0.633636 0.112136 0.765462 -0.633636 0.112136 0.765462 -0.633636 0.112136 0.765462 -0.685995 -0.0116716 0.727513 -0.685995 -0.0116716 0.727513 -0.685995 -0.0116716 0.727513 -0.685995 -0.0116716 0.727513 0.0281451 0.929078 0.368811 0.0281451 0.929078 0.368811 0.0281451 0.929078 0.368811 0.0281451 0.929078 0.368811 -0.0606279 0.958621 0.278156 -0.0606279 0.958621 0.278156 -0.0606279 0.958621 0.278156 -0.0606279 0.958621 0.278156 0.360119 0.932855 0.00977003 0.360119 0.932855 0.00977003 0.360119 0.932855 0.00977003 0.360119 0.932855 0.00977003 0.28817 0.957061 -0.0315073 0.28817 0.957061 -0.0315073 0.28817 0.957061 -0.0315073 0.28817 0.957061 -0.0315073 -0.248536 0.662752 0.706392 -0.248536 0.662752 0.706392 -0.248536 0.662752 0.706392 -0.248536 0.662752 0.706392 -0.319767 0.70839 0.629232 -0.319767 0.70839 0.629232 -0.319767 0.70839 0.629232 -0.319767 0.70839 0.629232 -0.41008 0.745797 0.524997 -0.41008 0.745797 0.524997 -0.41008 0.745797 0.524997 -0.41008 0.745797 0.524997 -0.437884 0.766471 0.469873 -0.437884 0.766471 0.469873 -0.437884 0.766471 0.469873 -0.437884 0.766471 0.469873 -0.109214 0.969826 0.217966 -0.109214 0.969826 0.217966 -0.109214 0.969826 0.217966 -0.109214 0.969826 0.217966 0.227572 0.970982 -0.0735153 0.227572 0.970982 -0.0735153 0.227572 0.970982 -0.0735153 0.227572 0.970982 -0.0735153 0.527213 0.76803 -0.36356 0.527213 0.76803 -0.36356 0.527213 0.76803 -0.36356 0.527213 0.76803 -0.36356 0.573503 0.743146 -0.344716 0.573503 0.743146 -0.344716 0.573503 0.743146 -0.344716 0.573503 0.743146 -0.344716 0.600793 0.712959 -0.361577 0.600793 0.712959 -0.361577 0.600793 0.712959 -0.361577 0.600793 0.712959 -0.361577 0.657753 0.669006 -0.346111 0.657753 0.669006 -0.346111 0.657753 0.669006 -0.346111 0.657753 0.669006 -0.346111 0.454451 0.888357 0.0655405 0.454451 0.888357 0.0655405 0.454451 0.888357 0.0655405 0.454451 0.888357 0.0655405 0.12234 0.883458 0.452256 0.12234 0.883458 0.452256 0.12234 0.883458 0.452256 0.12234 0.883458 0.452256 -0.70703 0.00983 0.707115 -0.70703 0.00983 0.707115 -0.70703 0.00983 0.707115 -0.70703 0.00983 0.707115 -0.700802 -0.00744206 0.713317 -0.700802 -0.00744206 0.713317 -0.700802 -0.00744206 0.713317 -0.700802 -0.00744206 0.713317 -0.737611 0.011621 0.675126 -0.737611 0.011621 0.675126 -0.737611 0.011621 0.675126 -0.737611 0.011621 0.675126 -0.746289 -0.00500041 0.665603 -0.746289 -0.00500041 0.665603 -0.746289 -0.00500041 0.665603 -0.746289 -0.00500041 0.665603 -0.685882 0.107703 0.719698 -0.685882 0.107703 0.719698 -0.685882 0.107703 0.719698 -0.685882 0.107703 0.719698 -0.573113 0.0545397 0.81766 -0.573113 0.0545397 0.81766 -0.573113 0.0545397 0.81766 -0.573113 0.0545397 0.81766 -0.545515 -0.0247719 0.837735 -0.545515 -0.0247719 0.837735 -0.545515 -0.0247719 0.837735 -0.545515 -0.0247719 0.837735 -0.621975 -0.0873964 0.778145 -0.621975 -0.0873964 0.778145 -0.621975 -0.0873964 0.778145 -0.621975 -0.0873964 0.778145 -0.714059 -0.0214911 0.699756 -0.714059 -0.0214911 0.699756 -0.714059 -0.0214911 0.699756 -0.714059 -0.0214911 0.699756 -0.735728 -0.0195069 0.676996 -0.735728 -0.0195069 0.676996 -0.735728 -0.0195069 0.676996 -0.735728 -0.0195069 0.676996 -0.822634 -0.0551922 0.565887 -0.822634 -0.0551922 0.565887 -0.822634 -0.0551922 0.565887 -0.822634 -0.0551922 0.565887 -0.859386 -0.00439775 0.511308 -0.859386 -0.00439775 0.511308 -0.859386 -0.00439775 0.511308 -0.859386 -0.00439775 0.511308 -0.837881 0.0530435 0.543269 -0.837881 0.0530435 0.543269 -0.837881 0.0530435 0.543269 -0.837881 0.0530435 0.543269 -0.767464 0.0951295 0.633995 -0.767464 0.0951295 0.633995 -0.767464 0.0951295 0.633995 -0.767464 0.0951295 0.633995 -0.716968 0.0247013 0.696668 -0.716968 0.0247013 0.696668 -0.716968 0.0247013 0.696668 -0.716968 0.0247013 0.696668 -0.724631 0.0221855 0.68878 -0.724631 0.0221855 0.68878 -0.724631 0.0221855 0.68878 -0.724631 0.0221855 0.68878 -0.493951 -0.375835 0.784067 -0.493951 -0.375835 0.784067 -0.493951 -0.375835 0.784067 -0.493951 -0.375835 0.784067 0.424424 -0.371928 0.82555 0.424424 -0.371928 0.82555 0.424424 -0.371928 0.82555 0.424424 -0.371928 0.82555 -0.493957 0.37583 0.784065 -0.493957 0.37583 0.784065 -0.493957 0.37583 0.784065 -0.493957 0.37583 0.784065 0.424432 0.371957 0.825534 0.424432 0.371957 0.825534 0.424432 0.371957 0.825534 0.424432 0.371957 0.825534 -0.733256 -0.594603 0.329824 -0.733256 -0.594603 0.329824 -0.733256 -0.594603 0.329824 -0.733256 -0.594603 0.329824 -0.333396 -0.814776 0.474328 -0.333396 -0.814776 0.474328 -0.333396 -0.814776 0.474328 -0.333396 -0.814776 0.474328 0.307418 -0.806277 0.505382 0.307418 -0.806277 0.505382 0.307418 -0.806277 0.505382 0.307418 -0.806277 0.505382 0.715577 -0.584299 0.382811 0.715577 -0.584299 0.382811 0.715577 -0.584299 0.382811 0.715577 -0.584299 0.382811 0.852165 -0.22547 0.472207 0.852165 -0.22547 0.472207 0.852165 -0.22547 0.472207 0.852165 -0.22547 0.472207 0.85216 0.225491 0.472205 0.85216 0.225491 0.472205 0.85216 0.225491 0.472205 0.85216 0.225491 0.472205 0.715615 0.584251 0.382813 0.715615 0.584251 0.382813 0.715615 0.584251 0.382813 0.715615 0.584251 0.382813 0.307431 0.806256 0.505409 0.307431 0.806256 0.505409 0.307431 0.806256 0.505409 0.307431 0.806256 0.505409 -0.333418 0.814768 0.474326 -0.333418 0.814768 0.474326 -0.333418 0.814768 0.474326 -0.333418 0.814768 0.474326 -0.733252 0.594602 0.329834 -0.733252 0.594602 0.329834 -0.733252 0.594602 0.329834 -0.733252 0.594602 0.329834 -0.89351 0.231856 0.384556 -0.89351 0.231856 0.384556 -0.89351 0.231856 0.384556 -0.89351 0.231856 0.384556 -0.893516 -0.231845 0.384548 -0.893516 -0.231845 0.384548 -0.893516 -0.231845 0.384548 -0.893516 -0.231845 0.384548 0.208548 0.978004 -0.00408655 0.208548 0.978004 -0.00408655 0.208548 0.978004 -0.00408655 0.208548 0.978004 -0.00408655 -0.202273 0.977802 0.0546806 -0.202273 0.977802 0.0546806 -0.202273 0.977802 0.0546806 -0.202273 0.977802 0.0546806 0.2181 0.973367 0.0706305 0.2181 0.973367 0.0706305 0.2181 0.973367 0.0706305 0.2181 0.973367 0.0706305 -0.206695 0.973221 0.10059 -0.206695 0.973221 0.10059 -0.206695 0.973221 0.10059 -0.206695 0.973221 0.10059 0.59494 0.794608 -0.121011 0.59494 0.794608 -0.121011 0.59494 0.794608 -0.121011 0.59494 0.794608 -0.121011 0.202855 0.978429 -0.0390636 0.202855 0.978429 -0.0390636 0.202855 0.978429 -0.0390636 0.202855 0.978429 -0.0390636 -0.201504 0.978448 0.0451222 -0.201504 0.978448 0.0451222 -0.201504 0.978448 0.0451222 -0.201504 0.978448 0.0451222 -0.593789 0.79462 0.126468 -0.593789 0.79462 0.126468 -0.593789 0.79462 0.126468 -0.593789 0.79462 0.126468 -0.598762 0.793142 0.111401 -0.598762 0.793142 0.111401 -0.598762 0.793142 0.111401 -0.598762 0.793142 0.111401 -0.602093 0.78879 0.123671 -0.602093 0.78879 0.123671 -0.602093 0.78879 0.123671 -0.602093 0.78879 0.123671 -0.603992 0.766421 0.218614 -0.603992 0.766421 0.218614 -0.603992 0.766421 0.218614 -0.603992 0.766421 0.218614 -0.234331 0.944196 0.23148 -0.234331 0.944196 0.23148 -0.234331 0.944196 0.23148 -0.234331 0.944196 0.23148 0.233073 0.949087 0.211922 0.233073 0.949087 0.211922 0.233073 0.949087 0.211922 0.233073 0.949087 0.211922 0.590572 0.7931 0.149058 0.590572 0.7931 0.149058 0.590572 0.7931 0.149058 0.590572 0.7931 0.149058 0.613273 0.788949 0.0381671 0.613273 0.788949 0.0381671 0.613273 0.788949 0.0381671 0.613273 0.788949 0.0381671 0.604119 0.794502 -0.061705 0.604119 0.794502 -0.061705 0.604119 0.794502 -0.061705 0.604119 0.794502 -0.061705 -0.202278 -0.977801 0.0546782 -0.202278 -0.977801 0.0546782 -0.202278 -0.977801 0.0546782 -0.202278 -0.977801 0.0546782 0.208552 -0.978003 -0.00409096 0.208552 -0.978003 -0.00409096 0.208552 -0.978003 -0.00409096 0.208552 -0.978003 -0.00409096 -0.206682 -0.973224 0.100586 -0.206682 -0.973224 0.100586 -0.206682 -0.973224 0.100586 -0.206682 -0.973224 0.100586 0.218088 -0.97337 0.0706299 0.218088 -0.97337 0.0706299 0.218088 -0.97337 0.0706299 0.218088 -0.97337 0.0706299 -0.593795 -0.794615 0.126472 -0.593795 -0.794615 0.126472 -0.593795 -0.794615 0.126472 -0.593795 -0.794615 0.126472 -0.201505 -0.978447 0.0451238 -0.201505 -0.978447 0.0451238 -0.201505 -0.978447 0.0451238 -0.201505 -0.978447 0.0451238 0.202858 -0.978429 -0.0390625 0.202858 -0.978429 -0.0390625 0.202858 -0.978429 -0.0390625 0.202858 -0.978429 -0.0390625 0.594948 -0.794603 -0.121009 0.594948 -0.794603 -0.121009 0.594948 -0.794603 -0.121009 0.594948 -0.794603 -0.121009 0.604127 -0.794495 -0.0617129 0.604127 -0.794495 -0.0617129 0.604127 -0.794495 -0.0617129 0.604127 -0.794495 -0.0617129 0.613273 -0.788948 0.0381651 0.613273 -0.788948 0.0381651 0.613273 -0.788948 0.0381651 0.613273 -0.788948 0.0381651 0.590554 -0.793112 0.149062 0.590554 -0.793112 0.149062 0.590554 -0.793112 0.149062 0.590554 -0.793112 0.149062 0.233052 -0.949091 0.211927 0.233052 -0.949091 0.211927 0.233052 -0.949091 0.211927 0.233052 -0.949091 0.211927 -0.234296 -0.944204 0.231481 -0.234296 -0.944204 0.231481 -0.234296 -0.944204 0.231481 -0.234296 -0.944204 0.231481 -0.603986 -0.766426 0.218614 -0.603986 -0.766426 0.218614 -0.603986 -0.766426 0.218614 -0.603986 -0.766426 0.218614 -0.602094 -0.788791 0.123664 -0.602094 -0.788791 0.123664 -0.602094 -0.788791 0.123664 -0.602094 -0.788791 0.123664 -0.598777 -0.793131 0.1114 -0.598777 -0.793131 0.1114 -0.598777 -0.793131 0.1114 -0.598777 -0.793131 0.1114 -0.976954 0.140072 0.16106 -0.976954 0.140072 0.16106 -0.976954 0.140072 0.16106 -0.976954 0.140072 0.16106 -0.976956 -0.140063 0.161059 -0.976956 -0.140063 0.161059 -0.976956 -0.140063 0.161059 -0.976956 -0.140063 0.161059 -0.979838 0.142704 0.139834 -0.979838 0.142704 0.139834 -0.979838 0.142704 0.139834 -0.979838 0.142704 0.139834 -0.979841 -0.142684 0.139832 -0.979841 -0.142684 0.139832 -0.979841 -0.142684 0.139832 -0.979841 -0.142684 0.139832 -0.87365 0.450359 0.184152 -0.87365 0.450359 0.184152 -0.87365 0.450359 0.184152 -0.87365 0.450359 0.184152 -0.969263 0.137998 0.203678 -0.969263 0.137998 0.203678 -0.969263 0.137998 0.203678 -0.969263 0.137998 0.203678 -0.969264 -0.137997 0.203678 -0.969264 -0.137997 0.203678 -0.969264 -0.137997 0.203678 -0.969264 -0.137997 0.203678 -0.873643 -0.450373 0.184153 -0.873643 -0.450373 0.184153 -0.873643 -0.450373 0.184153 -0.873643 -0.450373 0.184153 -0.879224 -0.452292 0.149658 -0.879224 -0.452292 0.149658 -0.879224 -0.452292 0.149658 -0.879224 -0.452292 0.149658 -0.880818 -0.45342 0.136271 -0.880818 -0.45342 0.136271 -0.880818 -0.45342 0.136271 -0.880818 -0.45342 0.136271 -0.858999 -0.462324 0.21995 -0.858999 -0.462324 0.21995 -0.858999 -0.462324 0.21995 -0.858999 -0.462324 0.21995 -0.959002 -0.170908 0.226065 -0.959002 -0.170908 0.226065 -0.959002 -0.170908 0.226065 -0.959002 -0.170908 0.226065 -0.959001 0.170921 0.226058 -0.959001 0.170921 0.226058 -0.959001 0.170921 0.226058 -0.959001 0.170921 0.226058 -0.859009 0.462311 0.219938 -0.859009 0.462311 0.219938 -0.859009 0.462311 0.219938 -0.859009 0.462311 0.219938 -0.880828 0.453399 0.136279 -0.880828 0.453399 0.136279 -0.880828 0.453399 0.136279 -0.880828 0.453399 0.136279 -0.879236 0.452267 0.149663 -0.879236 0.452267 0.149663 -0.879236 0.452267 0.149663 -0.879236 0.452267 0.149663 -0.952143 -0.273893 -0.13567 -0.952143 -0.273893 -0.13567 -0.952143 -0.273893 -0.13567 -0.952143 -0.273893 -0.13567 -0.433374 -0.261639 0.862399 -0.433374 -0.261639 0.862399 -0.433374 -0.261639 0.862399 -0.433374 -0.261639 0.862399 -0.989176 -0.0881216 -0.117327 -0.989176 -0.0881216 -0.117327 -0.989176 -0.0881216 -0.117327 -0.989176 -0.0881216 -0.117327 -0.453604 -0.0829639 0.887334 -0.453604 -0.0829639 0.887334 -0.453604 -0.0829639 0.887334 -0.453604 -0.0829639 0.887334 -0.700483 -0.31164 -0.642031 -0.700483 -0.31164 -0.642031 -0.700483 -0.31164 -0.642031 -0.700483 -0.31164 -0.642031 -0.801502 -0.571014 -0.17759 -0.801502 -0.571014 -0.17759 -0.801502 -0.571014 -0.17759 -0.801502 -0.571014 -0.17759 -0.340545 -0.561731 0.753981 -0.340545 -0.561731 0.753981 -0.340545 -0.561731 0.753981 -0.340545 -0.561731 0.753981 0.0698013 -0.311097 0.947811 0.0698013 -0.311097 0.947811 0.0698013 -0.311097 0.947811 0.0698013 -0.311097 0.947811 0.0760912 -0.143924 0.986659 0.0760912 -0.143924 0.986659 0.0760912 -0.143924 0.986659 0.0760912 -0.143924 0.986659 0.0741242 -0.0460371 0.996186 0.0741242 -0.0460371 0.996186 0.0741242 -0.0460371 0.996186 0.0741242 -0.0460371 0.996186 0.0737333 -0.00590646 0.997261 0.0737333 -0.00590646 0.997261 0.0737333 -0.00590646 0.997261 0.0737333 -0.00590646 0.997261 -0.45528 -0.0107571 0.890284 -0.45528 -0.0107571 0.890284 -0.45528 -0.0107571 0.890284 -0.45528 -0.0107571 0.890284 -0.993574 -0.0114758 -0.112601 -0.993574 -0.0114758 -0.112601 -0.993574 -0.0114758 -0.112601 -0.993574 -0.0114758 -0.112601 -0.740574 -0.00607115 -0.671948 -0.740574 -0.00607115 -0.671948 -0.740574 -0.00607115 -0.671948 -0.740574 -0.00607115 -0.671948 -0.739109 -0.0471505 -0.671934 -0.739109 -0.0471505 -0.671934 -0.739109 -0.0471505 -0.671934 -0.739109 -0.0471505 -0.671934 -0.729124 -0.146271 -0.668568 -0.729124 -0.146271 -0.668568 -0.729124 -0.146271 -0.668568 -0.729124 -0.146271 -0.668568 -0.302191 -0.0118655 -0.953174 -0.302191 -0.0118655 -0.953174 -0.302191 -0.0118655 -0.953174 -0.302191 -0.0118655 -0.953174 -0.30859 -0.078532 -0.947948 -0.30859 -0.078532 -0.947948 -0.30859 -0.078532 -0.947948 -0.30859 -0.078532 -0.947948 -0.397831 -0.0211944 -0.917214 -0.397831 -0.0211944 -0.917214 -0.397831 -0.0211944 -0.917214 -0.397831 -0.0211944 -0.917214 -0.394655 -0.0792707 -0.915404 -0.394655 -0.0792707 -0.915404 -0.394655 -0.0792707 -0.915404 -0.394655 -0.0792707 -0.915404 -0.147775 0.0647917 -0.986896 -0.147775 0.0647917 -0.986896 -0.147775 0.0647917 -0.986896 -0.147775 0.0647917 -0.986896 -0.184014 0.00720745 -0.982897 -0.184014 0.00720745 -0.982897 -0.184014 0.00720745 -0.982897 -0.184014 0.00720745 -0.982897 -0.194379 -0.0722684 -0.978261 -0.194379 -0.0722684 -0.978261 -0.194379 -0.0722684 -0.978261 -0.194379 -0.0722684 -0.978261 -0.193331 -0.212646 -0.957813 -0.193331 -0.212646 -0.957813 -0.193331 -0.212646 -0.957813 -0.193331 -0.212646 -0.957813 -0.307223 -0.213481 -0.927384 -0.307223 -0.213481 -0.927384 -0.307223 -0.213481 -0.927384 -0.307223 -0.213481 -0.927384 -0.387769 -0.209793 -0.897564 -0.387769 -0.209793 -0.897564 -0.387769 -0.209793 -0.897564 -0.387769 -0.209793 -0.897564 -0.557576 -0.211823 -0.802646 -0.557576 -0.211823 -0.802646 -0.557576 -0.211823 -0.802646 -0.557576 -0.211823 -0.802646 -0.567907 -0.0974852 -0.817299 -0.567907 -0.0974852 -0.817299 -0.567907 -0.0974852 -0.817299 -0.567907 -0.0974852 -0.817299 -0.568944 -0.0306596 -0.821805 -0.568944 -0.0306596 -0.821805 -0.568944 -0.0306596 -0.821805 -0.568944 -0.0306596 -0.821805 -0.568334 -0.00364089 -0.82279 -0.568334 -0.00364089 -0.82279 -0.568334 -0.00364089 -0.82279 -0.568334 -0.00364089 -0.82279 -0.395592 0.000615923 -0.918426 -0.395592 0.000615923 -0.918426 -0.395592 0.000615923 -0.918426 -0.395592 0.000615923 -0.918426 -0.290528 0.0136778 -0.956769 -0.290528 0.0136778 -0.956769 -0.290528 0.0136778 -0.956769 -0.290528 0.0136778 -0.956769 0.349796 0.0173438 0.936665 0.349796 0.0173438 0.936665 0.349796 0.0173438 0.936665 0.349796 0.0173438 0.936665 0.260033 0.0119723 0.965526 0.260033 0.0119723 0.965526 0.260033 0.0119723 0.965526 0.260033 0.0119723 0.965526 0.351762 0.153672 0.92339 0.351762 0.153672 0.92339 0.351762 0.153672 0.92339 0.351762 0.153672 0.92339 0.253614 0.145037 0.95637 0.253614 0.145037 0.95637 0.253614 0.145037 0.95637 0.253614 0.145037 0.95637 0.374912 -0.0951003 0.92217 0.374912 -0.0951003 0.92217 0.374912 -0.0951003 0.92217 0.374912 -0.0951003 0.92217 0.34086 -0.0290562 0.939665 0.34086 -0.0290562 0.939665 0.34086 -0.0290562 0.939665 0.34086 -0.0290562 0.939665 0.272727 -0.0381125 0.961336 0.272727 -0.0381125 0.961336 0.272727 -0.0381125 0.961336 0.272727 -0.0381125 0.961336 0.156297 -0.107897 0.981799 0.156297 -0.107897 0.981799 0.156297 -0.107897 0.981799 0.156297 -0.107897 0.981799 0.125653 -0.013512 0.991982 0.125653 -0.013512 0.991982 0.125653 -0.013512 0.991982 0.125653 -0.013512 0.991982 0.116309 0.132579 0.984325 0.116309 0.132579 0.984325 0.116309 0.132579 0.984325 0.116309 0.132579 0.984325 0.107341 0.389401 0.914792 0.107341 0.389401 0.914792 0.107341 0.389401 0.914792 0.107341 0.389401 0.914792 0.235001 0.404554 0.883805 0.235001 0.404554 0.883805 0.235001 0.404554 0.883805 0.235001 0.404554 0.883805 0.326038 0.422228 0.845827 0.326038 0.422228 0.845827 0.326038 0.422228 0.845827 0.326038 0.422228 0.845827 0.40494 0.43875 0.802198 0.40494 0.43875 0.802198 0.40494 0.43875 0.802198 0.40494 0.43875 0.802198 0.439272 0.15047 0.885663 0.439272 0.15047 0.885663 0.439272 0.15047 0.885663 0.439272 0.15047 0.885663 0.425863 -0.0130967 0.904693 0.425863 -0.0130967 0.904693 0.425863 -0.0130967 0.904693 0.425863 -0.0130967 0.904693 -0.176699 -0.896067 -0.407236 -0.176699 -0.896067 -0.407236 -0.176699 -0.896067 -0.407236 -0.176699 -0.896067 -0.407236 0.0816996 -0.896416 0.435618 0.0816996 -0.896416 0.435618 0.0816996 -0.896416 0.435618 0.0816996 -0.896416 0.435618 -0.293299 -0.884217 -0.363506 -0.293299 -0.884217 -0.363506 -0.293299 -0.884217 -0.363506 -0.293299 -0.884217 -0.363506 0.00731307 -0.87734 0.479813 0.00731307 -0.87734 0.479813 0.00731307 -0.87734 0.479813 0.00731307 -0.87734 0.479813 -0.174054 -0.492018 -0.853008 -0.174054 -0.492018 -0.853008 -0.174054 -0.492018 -0.853008 -0.174054 -0.492018 -0.853008 -0.0922253 -0.898391 -0.429404 -0.0922253 -0.898391 -0.429404 -0.0922253 -0.898391 -0.429404 -0.0922253 -0.898391 -0.429404 0.0790096 -0.898396 0.432022 0.0790096 -0.898396 0.432022 0.0790096 -0.898396 0.432022 0.0790096 -0.898396 0.432022 0.16543 -0.492015 0.854725 0.16543 -0.492015 0.854725 0.16543 -0.492015 0.854725 0.16543 -0.492015 0.854725 0.223791 -0.490808 0.842037 0.223791 -0.490808 0.842037 0.223791 -0.490808 0.842037 0.223791 -0.490808 0.842037 0.193896 -0.477344 0.857058 0.193896 -0.477344 0.857058 0.193896 -0.477344 0.857058 0.193896 -0.477344 0.857058 0.18035 -0.481355 0.857771 0.18035 -0.481355 0.857771 0.18035 -0.481355 0.857771 0.18035 -0.481355 0.857771 -0.12317 -0.81296 0.569144 -0.12317 -0.81296 0.569144 -0.12317 -0.81296 0.569144 -0.12317 -0.81296 0.569144 -0.527027 -0.806479 -0.268019 -0.527027 -0.806479 -0.268019 -0.527027 -0.806479 -0.268019 -0.527027 -0.806479 -0.268019 -0.563483 -0.475498 -0.675566 -0.563483 -0.475498 -0.675566 -0.563483 -0.475498 -0.675566 -0.563483 -0.475498 -0.675566 -0.379303 -0.492506 -0.783305 -0.379303 -0.492506 -0.783305 -0.379303 -0.492506 -0.783305 -0.379303 -0.492506 -0.783305 -0.285848 -0.490906 -0.822984 -0.285848 -0.490906 -0.822984 -0.285848 -0.490906 -0.822984 -0.285848 -0.490906 -0.822984 0.0294666 -0.898502 -0.43798 0.0294666 -0.898502 -0.43798 0.0294666 -0.898502 -0.43798 0.0294666 -0.898502 -0.43798 -0.0294982 -0.898502 0.437977 -0.0294982 -0.898502 0.437977 -0.0294982 -0.898502 0.437977 -0.0294982 -0.898502 0.437977 -0.0147878 -0.898494 -0.438738 -0.0147878 -0.898494 -0.438738 -0.0147878 -0.898494 -0.438738 -0.0147878 -0.898494 -0.438738 0.0148859 -0.898492 0.438738 0.0148859 -0.898492 0.438738 0.0148859 -0.898492 0.438738 0.0148859 -0.898492 0.438738 0.139252 -0.492076 -0.859343 0.139252 -0.492076 -0.859343 0.139252 -0.492076 -0.859343 0.139252 -0.492076 -0.859343 0.0703064 -0.898475 -0.433358 0.0703064 -0.898475 -0.433358 0.0703064 -0.898475 -0.433358 0.0703064 -0.898475 -0.433358 -0.0703884 -0.898477 0.43334 -0.0703884 -0.898477 0.43334 -0.0703884 -0.898477 0.43334 -0.0703884 -0.898477 0.43334 -0.13975 -0.492074 0.859263 -0.13975 -0.492074 0.859263 -0.13975 -0.492074 0.859263 -0.13975 -0.492074 0.859263 -0.058554 -0.492115 0.868559 -0.058554 -0.492115 0.868559 -0.058554 -0.492115 0.868559 -0.058554 -0.492115 0.868559 0.0297027 -0.492084 0.870041 0.0297027 -0.492084 0.870041 0.0297027 -0.492084 0.870041 0.0297027 -0.492084 0.870041 0.0852051 -0.492082 0.866369 0.0852051 -0.492082 0.866369 0.0852051 -0.492082 0.866369 0.0852051 -0.492082 0.866369 0.0430314 -0.898487 0.436886 0.0430314 -0.898487 0.436886 0.0430314 -0.898487 0.436886 0.0430314 -0.898487 0.436886 -0.0431002 -0.898482 -0.436889 -0.0431002 -0.898482 -0.436889 -0.0431002 -0.898482 -0.436889 -0.0431002 -0.898482 -0.436889 -0.0855872 -0.492101 -0.866321 -0.0855872 -0.492101 -0.866321 -0.0855872 -0.492101 -0.866321 -0.0855872 -0.492101 -0.866321 -0.0291517 -0.492088 -0.870058 -0.0291517 -0.492088 -0.870058 -0.0291517 -0.492088 -0.870058 -0.0291517 -0.492088 -0.870058 0.0583814 -0.492119 -0.868568 0.0583814 -0.492119 -0.868568 0.0583814 -0.492119 -0.868568 0.0583814 -0.492119 -0.868568 0.0257633 0.897045 0.441187 0.0257633 0.897045 0.441187 0.0257633 0.897045 0.441187 0.0257633 0.897045 0.441187 0.083679 0.897028 -0.43398 0.083679 0.897028 -0.43398 0.083679 0.897028 -0.43398 0.083679 0.897028 -0.43398 0.17674 0.878596 0.443657 0.17674 0.878596 0.443657 0.17674 0.878596 0.443657 0.17674 0.878596 0.443657 0.157019 0.879004 -0.45022 0.157019 0.879004 -0.45022 0.157019 0.879004 -0.45022 0.157019 0.879004 -0.45022 -0.135915 0.491985 0.859929 -0.135915 0.491985 0.859929 -0.135915 0.491985 0.859929 -0.135915 0.491985 0.859929 -0.0633444 0.898658 0.434053 -0.0633444 0.898658 0.434053 -0.0633444 0.898658 0.434053 -0.0633444 0.898658 0.434053 0.077738 0.898419 -0.432204 0.077738 0.898419 -0.432204 0.077738 0.898419 -0.432204 0.077738 0.898419 -0.432204 0.143648 0.491217 -0.85911 0.143648 0.491217 -0.85911 0.143648 0.491217 -0.85911 0.143648 0.491217 -0.85911 0.0880573 0.486631 -0.869158 0.0880573 0.486631 -0.869158 0.0880573 0.486631 -0.869158 0.0880573 0.486631 -0.869158 0.0613511 0.461015 -0.885269 0.0613511 0.461015 -0.885269 0.0613511 0.461015 -0.885269 0.0613511 0.461015 -0.885269 0.083917 0.367585 -0.926196 0.083917 0.367585 -0.926196 0.083917 0.367585 -0.926196 0.083917 0.367585 -0.926196 0.350165 0.781924 -0.515732 0.350165 0.781924 -0.515732 0.350165 0.781924 -0.515732 0.350165 0.781924 -0.515732 0.423391 0.781706 0.457904 0.423391 0.781706 0.457904 0.423391 0.781706 0.457904 0.423391 0.781706 0.457904 0.2544 0.397675 0.881553 0.2544 0.397675 0.881553 0.2544 0.397675 0.881553 0.2544 0.397675 0.881553 0.111313 0.464418 0.878593 0.111313 0.464418 0.878593 0.111313 0.464418 0.878593 0.111313 0.464418 0.878593 -0.0276805 0.486675 0.873145 -0.0276805 0.486675 0.873145 -0.0276805 0.486675 0.873145 -0.0276805 0.486675 0.873145 0.0702966 0.0563161 -0.995935 0.0702966 0.0563161 -0.995935 0.0702966 0.0563161 -0.995935 0.0702966 0.0563161 -0.995935 0.0672376 -0.060664 -0.995891 0.0672376 -0.060664 -0.995891 0.0672376 -0.060664 -0.995891 0.0672376 -0.060664 -0.995891 -0.0242939 0.0464836 -0.998624 -0.0242939 0.0464836 -0.998624 -0.0242939 0.0464836 -0.998624 -0.0242939 0.0464836 -0.998624 -0.0321029 -0.0624319 -0.997533 -0.0321029 -0.0624319 -0.997533 -0.0321029 -0.0624319 -0.997533 -0.0321029 -0.0624319 -0.997533 0.158002 0.211841 -0.964447 0.158002 0.211841 -0.964447 0.158002 0.211841 -0.964447 0.158002 0.211841 -0.964447 0.159986 0.059567 -0.98532 0.159986 0.059567 -0.98532 0.159986 0.059567 -0.98532 0.159986 0.059567 -0.98532 0.159526 -0.0601134 -0.985362 0.159526 -0.0601134 -0.985362 0.159526 -0.0601134 -0.985362 0.159526 -0.0601134 -0.985362 0.156163 -0.212754 -0.964546 0.156163 -0.212754 -0.964546 0.156163 -0.212754 -0.964546 0.156163 -0.212754 -0.964546 0.0654344 -0.212666 -0.974931 0.0654344 -0.212666 -0.974931 0.0654344 -0.212666 -0.974931 0.0654344 -0.212666 -0.974931 -0.0326652 -0.212361 -0.976645 -0.0326652 -0.212361 -0.976645 -0.0326652 -0.212361 -0.976645 -0.0326652 -0.212361 -0.976645 -0.0961267 -0.212228 -0.972481 -0.0961267 -0.212228 -0.972481 -0.0961267 -0.212228 -0.972481 -0.0961267 -0.212228 -0.972481 -0.0960596 -0.066429 -0.993156 -0.0960596 -0.066429 -0.993156 -0.0960596 -0.066429 -0.993156 -0.0960596 -0.066429 -0.993156 -0.0851219 0.0285759 -0.995961 -0.0851219 0.0285759 -0.995961 -0.0851219 0.0285759 -0.995961 -0.0851219 0.0285759 -0.995961 -0.0446358 0.12694 -0.990906 -0.0446358 0.12694 -0.990906 -0.0446358 0.12694 -0.990906 -0.0446358 0.12694 -0.990906 0.000607326 0.183767 -0.98297 0.000607326 0.183767 -0.98297 0.000607326 0.183767 -0.98297 0.000607326 0.183767 -0.98297 0.0775332 0.205926 -0.975491 0.0775332 0.205926 -0.975491 0.0775332 0.205926 -0.975491 0.0775332 0.205926 -0.975491 0.0608574 0.97296 0.222812 0.0608574 0.97296 0.222812 0.0608574 0.97296 0.222812 0.0608574 0.97296 0.222812 -0.0551692 0.972959 -0.224293 -0.0551692 0.972959 -0.224293 -0.0551692 0.972959 -0.224293 -0.0551692 0.972959 -0.224293 0.0810715 0.975532 0.204362 0.0810715 0.975532 0.204362 0.0810715 0.975532 0.204362 0.0810715 0.975532 0.204362 -0.0739447 0.975516 -0.207124 -0.0739447 0.975516 -0.207124 -0.0739447 0.975516 -0.207124 -0.0739447 0.975516 -0.207124 0.0784596 0.743387 0.664244 0.0784596 0.743387 0.664244 0.0784596 0.743387 0.664244 0.0784596 0.743387 0.664244 0.0290472 0.97048 0.239428 0.0290472 0.97048 0.239428 0.0290472 0.97048 0.239428 0.0290472 0.97048 0.239428 -0.0252485 0.970485 -0.239835 -0.0252485 0.970485 -0.239835 -0.0252485 0.970485 -0.239835 -0.0252485 0.970485 -0.239835 -0.072185 0.743423 -0.664915 -0.072185 0.743423 -0.664915 -0.072185 0.743423 -0.664915 -0.072185 0.743423 -0.664915 -0.159104 0.758418 -0.632051 -0.159104 0.758418 -0.632051 -0.159104 0.758418 -0.632051 -0.159104 0.758418 -0.632051 -0.217083 0.774774 -0.593802 -0.217083 0.774774 -0.593802 -0.217083 0.774774 -0.593802 -0.217083 0.774774 -0.593802 -0.265119 0.789846 -0.553042 -0.265119 0.789846 -0.553042 -0.265119 0.789846 -0.553042 -0.265119 0.789846 -0.553042 -0.0890574 0.977761 -0.189875 -0.0890574 0.977761 -0.189875 -0.0890574 0.977761 -0.189875 -0.0890574 0.977761 -0.189875 0.0965352 0.977758 0.186202 0.0965352 0.977758 0.186202 0.0965352 0.977758 0.186202 0.0965352 0.977758 0.186202 0.277795 0.789836 0.5468 0.277795 0.789836 0.5468 0.277795 0.789836 0.5468 0.277795 0.789836 0.5468 0.228765 0.774813 0.589348 0.228765 0.774813 0.589348 0.228765 0.774813 0.589348 0.228765 0.774813 0.589348 0.168415 0.758391 0.629666 0.168415 0.758391 0.629666 0.168415 0.758391 0.629666 0.168415 0.758391 0.629666 0.22932 0.966538 -0.114961 0.22932 0.966538 -0.114961 0.22932 0.966538 -0.114961 0.22932 0.966538 -0.114961 -0.205504 0.966206 0.15561 -0.205504 0.966206 0.15561 -0.205504 0.966206 0.15561 -0.205504 0.966206 0.15561 0.275959 0.960682 -0.0305992 0.275959 0.960682 -0.0305992 0.275959 0.960682 -0.0305992 0.275959 0.960682 -0.0305992 -0.190552 0.960825 0.201262 -0.190552 0.960825 0.201262 -0.190552 0.960825 0.201262 -0.190552 0.960825 0.201262 0.541216 0.722876 -0.429576 0.541216 0.722876 -0.429576 0.541216 0.722876 -0.429576 0.541216 0.722876 -0.429576 0.200969 0.966864 -0.157435 0.200969 0.966864 -0.157435 0.200969 0.966864 -0.157435 0.200969 0.966864 -0.157435 -0.198086 0.966836 0.161213 -0.198086 0.966836 0.161213 -0.198086 0.966836 0.161213 -0.198086 0.966836 0.161213 -0.538782 0.722712 0.432898 -0.538782 0.722712 0.432898 -0.538782 0.722712 0.432898 -0.538782 0.722712 0.432898 -0.576105 0.721537 0.38404 -0.576105 0.721537 0.38404 -0.576105 0.721537 0.38404 -0.576105 0.721537 0.38404 -0.581624 0.718669 0.381088 -0.581624 0.718669 0.381088 -0.581624 0.718669 0.381088 -0.581624 0.718669 0.381088 -0.520434 0.696292 0.494293 -0.520434 0.696292 0.494293 -0.520434 0.696292 0.494293 -0.520434 0.696292 0.494293 -0.144844 0.913661 0.379795 -0.144844 0.913661 0.379795 -0.144844 0.913661 0.379795 -0.144844 0.913661 0.379795 0.361981 0.921321 0.141907 0.361981 0.921321 0.141907 0.361981 0.921321 0.141907 0.361981 0.921321 0.141907 0.687731 0.719952 -0.093254 0.687731 0.719952 -0.093254 0.687731 0.719952 -0.093254 0.687731 0.719952 -0.093254 0.655455 0.71825 -0.233444 0.655455 0.71825 -0.233444 0.655455 0.71825 -0.233444 0.655455 0.71825 -0.233444 0.59687 0.723417 -0.347008 0.59687 0.723417 -0.347008 0.59687 0.723417 -0.347008 0.59687 0.723417 -0.347008 -0.250196 0.0170836 -0.968045 -0.250196 0.0170836 -0.968045 -0.250196 0.0170836 -0.968045 -0.250196 0.0170836 -0.968045 -0.360065 0.0144543 -0.932815 -0.360065 0.0144543 -0.932815 -0.360065 0.0144543 -0.932815 -0.360065 0.0144543 -0.932815 -0.245433 0.14678 -0.958237 -0.245433 0.14678 -0.958237 -0.245433 0.14678 -0.958237 -0.245433 0.14678 -0.958237 -0.346554 0.151771 -0.92567 -0.346554 0.151771 -0.92567 -0.346554 0.151771 -0.92567 -0.346554 0.151771 -0.92567 -0.0987308 -0.103286 -0.989739 -0.0987308 -0.103286 -0.989739 -0.0987308 -0.103286 -0.989739 -0.0987308 -0.103286 -0.989739 -0.251549 -0.0231262 -0.967568 -0.251549 -0.0231262 -0.967568 -0.251549 -0.0231262 -0.967568 -0.251549 -0.0231262 -0.967568 -0.372681 -0.0273896 -0.927555 -0.372681 -0.0273896 -0.927555 -0.372681 -0.0273896 -0.927555 -0.372681 -0.0273896 -0.927555 -0.498414 -0.0955368 -0.861659 -0.498414 -0.0955368 -0.861659 -0.498414 -0.0955368 -0.861659 -0.498414 -0.0955368 -0.861659 -0.457228 -0.0131277 -0.889253 -0.457228 -0.0131277 -0.889253 -0.457228 -0.0131277 -0.889253 -0.457228 -0.0131277 -0.889253 -0.435576 0.150467 -0.887487 -0.435576 0.150467 -0.887487 -0.435576 0.150467 -0.887487 -0.435576 0.150467 -0.887487 -0.3906 0.438802 -0.809249 -0.3906 0.438802 -0.809249 -0.3906 0.438802 -0.809249 -0.3906 0.438802 -0.809249 -0.313513 0.421928 -0.850698 -0.313513 0.421928 -0.850698 -0.313513 0.421928 -0.850698 -0.313513 0.421928 -0.850698 -0.224758 0.404811 -0.886347 -0.224758 0.404811 -0.886347 -0.224758 0.404811 -0.886347 -0.224758 0.404811 -0.886347 -0.100423 0.38917 -0.915676 -0.100423 0.38917 -0.915676 -0.100423 0.38917 -0.915676 -0.100423 0.38917 -0.915676 -0.109511 0.131287 -0.985277 -0.109511 0.131287 -0.985277 -0.109511 0.131287 -0.985277 -0.109511 0.131287 -0.985277 -0.110019 -0.0150826 -0.993815 -0.110019 -0.0150826 -0.993815 -0.110019 -0.0150826 -0.993815 -0.110019 -0.0150826 -0.993815 -0.390255 -0.00112283 -0.920706 -0.390255 -0.00112283 -0.920706 -0.390255 -0.00112283 -0.920706 -0.390255 -0.00112283 -0.920706 -0.387262 -0.00589216 -0.921951 -0.387262 -0.00589216 -0.921951 -0.387262 -0.00589216 -0.921951 -0.387262 -0.00589216 -0.921951 -0.279286 0.00419766 -0.960199 -0.279286 0.00419766 -0.960199 -0.279286 0.00419766 -0.960199 -0.279286 0.00419766 -0.960199 -0.269583 0.000573639 -0.962977 -0.269583 0.000573639 -0.962977 -0.269583 0.000573639 -0.962977 -0.269583 0.000573639 -0.962977 -0.567658 -0.00140715 -0.823263 -0.567658 -0.00140715 -0.823263 -0.567658 -0.00140715 -0.823263 -0.567658 -0.00140715 -0.823263 -0.565583 -0.0104774 -0.824625 -0.565583 -0.0104774 -0.824625 -0.565583 -0.0104774 -0.824625 -0.565583 -0.0104774 -0.824625 -0.558044 -0.0289457 -0.829306 -0.558044 -0.0289457 -0.829306 -0.558044 -0.0289457 -0.829306 -0.558044 -0.0289457 -0.829306 -0.535656 -0.0594993 -0.842337 -0.535656 -0.0594993 -0.842337 -0.535656 -0.0594993 -0.842337 -0.535656 -0.0594993 -0.842337 -0.382012 -0.0153754 -0.92403 -0.382012 -0.0153754 -0.92403 -0.382012 -0.0153754 -0.92403 -0.382012 -0.0153754 -0.92403 -0.257023 -0.00985694 -0.966355 -0.257023 -0.00985694 -0.966355 -0.257023 -0.00985694 -0.966355 -0.257023 -0.00985694 -0.966355 -0.0934198 -0.0605634 -0.993783 -0.0934198 -0.0605634 -0.993783 -0.0934198 -0.0605634 -0.993783 -0.0934198 -0.0605634 -0.993783 -0.0893745 -0.0540416 -0.994531 -0.0893745 -0.0540416 -0.994531 -0.0893745 -0.0540416 -0.994531 -0.0893745 -0.0540416 -0.994531 -0.0758618 0.0108135 -0.99706 -0.0758618 0.0108135 -0.99706 -0.0758618 0.0108135 -0.99706 -0.0758618 0.0108135 -0.99706 -0.104401 0.0586356 -0.992805 -0.104401 0.0586356 -0.992805 -0.104401 0.0586356 -0.992805 -0.104401 0.0586356 -0.992805 -0.282822 0.00865555 -0.959133 -0.282822 0.00865555 -0.959133 -0.282822 0.00865555 -0.959133 -0.282822 0.00865555 -0.959133 -0.392453 0.00197232 -0.91977 -0.392453 0.00197232 -0.91977 -0.392453 0.00197232 -0.91977 -0.392453 0.00197232 -0.91977 -0.893322 -0.192399 0.406151 -0.893322 -0.192399 0.406151 -0.893322 -0.192399 0.406151 -0.893322 -0.192399 0.406151 -0.622882 -0.191004 0.75864 -0.622882 -0.191004 0.75864 -0.622882 -0.191004 0.75864 -0.622882 -0.191004 0.75864 -0.893317 0.192415 0.406155 -0.893317 0.192415 0.406155 -0.893317 0.192415 0.406155 -0.893317 0.192415 0.406155 -0.622886 0.191023 0.758632 -0.622886 0.191023 0.758632 -0.622886 0.191023 0.758632 -0.622886 0.191023 0.758632 -0.865488 -0.495969 -0.0703307 -0.865488 -0.495969 -0.0703307 -0.865488 -0.495969 -0.0703307 -0.865488 -0.495969 -0.0703307 -0.757859 -0.576372 0.305689 -0.757859 -0.576372 0.305689 -0.757859 -0.576372 0.305689 -0.757859 -0.576372 0.305689 -0.511727 -0.560579 0.651066 -0.511727 -0.560579 0.651066 -0.511727 -0.560579 0.651066 -0.511727 -0.560579 0.651066 -0.233115 -0.468455 0.852178 -0.233115 -0.468455 0.852178 -0.233115 -0.468455 0.852178 -0.233115 -0.468455 0.852178 -0.256219 -0.169168 0.951701 -0.256219 -0.169168 0.951701 -0.256219 -0.169168 0.951701 -0.256219 -0.169168 0.951701 -0.25623 0.169164 0.951698 -0.25623 0.169164 0.951698 -0.25623 0.169164 0.951698 -0.25623 0.169164 0.951698 -0.233097 0.468467 0.852176 -0.233097 0.468467 0.852176 -0.233097 0.468467 0.852176 -0.233097 0.468467 0.852176 -0.511754 0.560541 0.651078 -0.511754 0.560541 0.651078 -0.511754 0.560541 0.651078 -0.511754 0.560541 0.651078 -0.757881 0.57634 0.305694 -0.757881 0.57634 0.305694 -0.757881 0.57634 0.305694 -0.757881 0.57634 0.305694 -0.865484 0.495974 -0.0703324 -0.865484 0.495974 -0.0703324 -0.865484 0.495974 -0.0703324 -0.865484 0.495974 -0.0703324 -0.980784 0.179721 -0.0759091 -0.980784 0.179721 -0.0759091 -0.980784 0.179721 -0.0759091 -0.980784 0.179721 -0.0759091 -0.980784 -0.179724 -0.0759036 -0.980784 -0.179724 -0.0759036 -0.980784 -0.179724 -0.0759036 -0.980784 -0.179724 -0.0759036 -0.538206 -0.841815 0.0410049 -0.538206 -0.841815 0.0410049 -0.538206 -0.841815 0.0410049 -0.538206 -0.841815 0.0410049 -0.252252 -0.838825 0.482433 -0.252252 -0.838825 0.482433 -0.252252 -0.838825 0.482433 -0.252252 -0.838825 0.482433 -0.430575 -0.901815 0.0365382 -0.430575 -0.901815 0.0365382 -0.430575 -0.901815 0.0365382 -0.430575 -0.901815 0.0365382 -0.192764 -0.896135 0.39973 -0.192764 -0.896135 0.39973 -0.192764 -0.896135 0.39973 -0.192764 -0.896135 0.39973 -0.726952 -0.424482 -0.539774 -0.726952 -0.424482 -0.539774 -0.726952 -0.424482 -0.539774 -0.726952 -0.424482 -0.539774 -0.788051 -0.613415 0.0519367 -0.788051 -0.613415 0.0519367 -0.788051 -0.613415 0.0519367 -0.788051 -0.613415 0.0519367 -0.387437 -0.6169 0.685075 -0.387437 -0.6169 0.685075 -0.387437 -0.6169 0.685075 -0.387437 -0.6169 0.685075 0.126177 -0.447096 0.885542 0.126177 -0.447096 0.885542 0.126177 -0.447096 0.885542 0.126177 -0.447096 0.885542 0.103481 -0.655517 0.748057 0.103481 -0.655517 0.748057 0.103481 -0.655517 0.748057 0.103481 -0.655517 0.748057 0.0667349 -0.728772 0.681497 0.0667349 -0.728772 0.681497 0.0667349 -0.728772 0.681497 0.0667349 -0.728772 0.681497 -0.0488665 -0.715307 0.6971 -0.0488665 -0.715307 0.6971 -0.0488665 -0.715307 0.6971 -0.0488665 -0.715307 0.6971 -0.286156 -0.83924 0.462375 -0.286156 -0.83924 0.462375 -0.286156 -0.83924 0.462375 -0.286156 -0.83924 0.462375 -0.512518 -0.850015 0.121652 -0.512518 -0.850015 0.121652 -0.512518 -0.850015 0.121652 -0.512518 -0.850015 0.121652 -0.645912 -0.734678 -0.207474 -0.645912 -0.734678 -0.207474 -0.645912 -0.734678 -0.207474 -0.645912 -0.734678 -0.207474 -0.591667 -0.738313 -0.323765 -0.591667 -0.738313 -0.323765 -0.591667 -0.738313 -0.323765 -0.591667 -0.738313 -0.323765 -0.641325 -0.656963 -0.396361 -0.641325 -0.656963 -0.396361 -0.641325 -0.656963 -0.396361 -0.641325 -0.656963 -0.396361 0.0748361 0.979319 0.187975 0.0748361 0.979319 0.187975 0.0748361 0.979319 0.187975 0.0748361 0.979319 0.187975 -0.145057 0.979097 -0.142572 -0.145057 0.979097 -0.142572 -0.145057 0.979097 -0.142572 -0.145057 0.979097 -0.142572 -0.0295357 0.964489 0.262465 -0.0295357 0.964489 0.262465 -0.0295357 0.964489 0.262465 -0.0295357 0.964489 0.262465 -0.2481 0.966263 -0.0691532 -0.2481 0.966263 -0.0691532 -0.2481 0.966263 -0.0691532 -0.2481 0.966263 -0.0691532 0.299267 0.800968 0.518546 0.299267 0.800968 0.518546 0.299267 0.800968 0.518546 0.299267 0.800968 0.518546 0.0996345 0.979341 0.175968 0.0996345 0.979341 0.175968 0.0996345 0.979341 0.175968 0.0996345 0.979341 0.175968 -0.101716 0.979348 -0.174731 -0.101716 0.979348 -0.174731 -0.101716 0.979348 -0.174731 -0.101716 0.979348 -0.174731 -0.296955 0.801029 -0.519779 -0.296955 0.801029 -0.519779 -0.296955 0.801029 -0.519779 -0.296955 0.801029 -0.519779 -0.360015 0.806108 -0.469658 -0.360015 0.806108 -0.469658 -0.360015 0.806108 -0.469658 -0.360015 0.806108 -0.469658 -0.453305 0.799533 -0.394033 -0.453305 0.799533 -0.394033 -0.453305 0.799533 -0.394033 -0.453305 0.799533 -0.394033 -0.614452 0.756635 -0.2235 -0.614452 0.756635 -0.2235 -0.614452 0.756635 -0.2235 -0.614452 0.756635 -0.2235 -0.477686 0.87271 0.100969 -0.477686 0.87271 0.100969 -0.477686 0.87271 0.100969 -0.477686 0.87271 0.100969 -0.25618 0.862988 0.435457 -0.25618 0.862988 0.435457 -0.25618 0.862988 0.435457 -0.25618 0.862988 0.435457 -0.0232989 0.738934 0.673375 -0.0232989 0.738934 0.673375 -0.0232989 0.738934 0.673375 -0.0232989 0.738934 0.673375 0.186753 0.795649 0.576251 0.186753 0.795649 0.576251 0.186753 0.795649 0.576251 0.186753 0.795649 0.576251 0.293837 0.806627 0.512847 0.293837 0.806627 0.512847 0.293837 0.806627 0.512847 0.293837 0.806627 0.512847 -0.577869 0.146912 -0.802798 -0.577869 0.146912 -0.802798 -0.577869 0.146912 -0.802798 -0.577869 0.146912 -0.802798 -0.601594 -0.100281 -0.792483 -0.601594 -0.100281 -0.792483 -0.601594 -0.100281 -0.792483 -0.601594 -0.100281 -0.792483 -0.662992 0.150384 -0.733366 -0.662992 0.150384 -0.733366 -0.662992 0.150384 -0.733366 -0.662992 0.150384 -0.733366 -0.67769 -0.133015 -0.723217 -0.67769 -0.133015 -0.723217 -0.67769 -0.133015 -0.723217 -0.67769 -0.133015 -0.723217 -0.441571 0.453234 -0.774334 -0.441571 0.453234 -0.774334 -0.441571 0.453234 -0.774334 -0.441571 0.453234 -0.774334 -0.495574 0.147009 -0.856034 -0.495574 0.147009 -0.856034 -0.495574 0.147009 -0.856034 -0.495574 0.147009 -0.856034 -0.524559 -0.0561644 -0.84952 -0.524559 -0.0561644 -0.84952 -0.524559 -0.0561644 -0.84952 -0.524559 -0.0561644 -0.84952 -0.591084 -0.202627 -0.780744 -0.591084 -0.202627 -0.780744 -0.591084 -0.202627 -0.780744 -0.591084 -0.202627 -0.780744 -0.633037 -0.354981 -0.687934 -0.633037 -0.354981 -0.687934 -0.633037 -0.354981 -0.687934 -0.633037 -0.354981 -0.687934 -0.667746 -0.433286 -0.605292 -0.667746 -0.433286 -0.605292 -0.667746 -0.433286 -0.605292 -0.667746 -0.433286 -0.605292 -0.76992 -0.439304 -0.462856 -0.76992 -0.439304 -0.462856 -0.76992 -0.439304 -0.462856 -0.76992 -0.439304 -0.462856 -0.838825 -0.155196 -0.521812 -0.838825 -0.155196 -0.521812 -0.838825 -0.155196 -0.521812 -0.838825 -0.155196 -0.521812 -0.835863 0.158107 -0.525677 -0.835863 0.158107 -0.525677 -0.835863 0.158107 -0.525677 -0.835863 0.158107 -0.525677 -0.757768 0.444019 -0.478158 -0.757768 0.444019 -0.478158 -0.757768 0.444019 -0.478158 -0.757768 0.444019 -0.478158 -0.60558 0.468971 -0.642915 -0.60558 0.468971 -0.642915 -0.60558 0.468971 -0.642915 -0.60558 0.468971 -0.642915 -0.519733 0.464096 -0.717282 -0.519733 0.464096 -0.717282 -0.519733 0.464096 -0.717282 -0.519733 0.464096 -0.717282 -0.119327 -0.288978 0.94987 -0.119327 -0.288978 0.94987 -0.119327 -0.288978 0.94987 -0.119327 -0.288978 0.94987 0.708934 -0.28567 0.64483 0.708934 -0.28567 0.64483 0.708934 -0.28567 0.64483 0.708934 -0.28567 0.64483 -0.119329 0.288972 0.949871 -0.119329 0.288972 0.949871 -0.119329 0.288972 0.949871 -0.119329 0.288972 0.949871 0.708922 0.285661 0.644847 0.708922 0.285661 0.644847 0.708922 0.285661 0.644847 0.708922 0.285661 0.644847 -0.562943 -0.501152 0.657223 -0.562943 -0.501152 0.657223 -0.562943 -0.501152 0.657223 -0.562943 -0.501152 0.657223 -0.118635 -0.724263 0.679241 -0.118635 -0.724263 0.679241 -0.118635 -0.724263 0.679241 -0.118635 -0.724263 0.679241 0.549054 -0.713925 0.43457 0.549054 -0.713925 0.43457 0.549054 -0.713925 0.43457 0.549054 -0.713925 0.43457 0.863038 -0.492604 0.111837 0.863038 -0.492604 0.111837 0.863038 -0.492604 0.111837 0.863038 -0.492604 0.111837 0.973218 -0.178554 0.144796 0.973218 -0.178554 0.144796 0.973218 -0.178554 0.144796 0.973218 -0.178554 0.144796 0.973224 0.178545 0.144764 0.973224 0.178545 0.144764 0.973224 0.178545 0.144764 0.973224 0.178545 0.144764 0.863056 0.492577 0.111813 0.863056 0.492577 0.111813 0.863056 0.492577 0.111813 0.863056 0.492577 0.111813 0.549035 0.713936 0.434576 0.549035 0.713936 0.434576 0.549035 0.713936 0.434576 0.549035 0.713936 0.434576 -0.118651 0.724259 0.679242 -0.118651 0.724259 0.679242 -0.118651 0.724259 0.679242 -0.118651 0.724259 0.679242 -0.562895 0.501189 0.657236 -0.562895 0.501189 0.657236 -0.562895 0.501189 0.657236 -0.562895 0.501189 0.657236 -0.654779 0.183978 0.733087 -0.654779 0.183978 0.733087 -0.654779 0.183978 0.733087 -0.654779 0.183978 0.733087 -0.654798 -0.184001 0.733065 -0.654798 -0.184001 0.733065 -0.654798 -0.184001 0.733065 -0.654798 -0.184001 0.733065 -0.205496 -0.966209 0.1556 -0.205496 -0.966209 0.1556 -0.205496 -0.966209 0.1556 -0.205496 -0.966209 0.1556 0.229315 -0.96654 -0.114959 0.229315 -0.96654 -0.114959 0.229315 -0.96654 -0.114959 0.229315 -0.96654 -0.114959 -0.190529 -0.96083 0.201257 -0.190529 -0.96083 0.201257 -0.190529 -0.96083 0.201257 -0.190529 -0.96083 0.201257 0.27594 -0.960688 -0.03059 0.27594 -0.960688 -0.03059 0.27594 -0.960688 -0.03059 0.27594 -0.960688 -0.03059 -0.538779 -0.722717 0.432895 -0.538779 -0.722717 0.432895 -0.538779 -0.722717 0.432895 -0.538779 -0.722717 0.432895 -0.198117 -0.966826 0.16124 -0.198117 -0.966826 0.16124 -0.198117 -0.966826 0.16124 -0.198117 -0.966826 0.16124 0.201005 -0.966852 -0.157461 0.201005 -0.966852 -0.157461 0.201005 -0.966852 -0.157461 0.201005 -0.966852 -0.157461 0.541204 -0.722892 -0.429564 0.541204 -0.722892 -0.429564 0.541204 -0.722892 -0.429564 0.541204 -0.722892 -0.429564 0.596876 -0.723408 -0.347015 0.596876 -0.723408 -0.347015 0.596876 -0.723408 -0.347015 0.596876 -0.723408 -0.347015 0.655467 -0.718236 -0.233452 0.655467 -0.718236 -0.233452 0.655467 -0.718236 -0.233452 0.655467 -0.718236 -0.233452 0.687734 -0.719948 -0.0932521 0.687734 -0.719948 -0.0932521 0.687734 -0.719948 -0.0932521 0.687734 -0.719948 -0.0932521 0.361994 -0.921317 0.141898 0.361994 -0.921317 0.141898 0.361994 -0.921317 0.141898 0.361994 -0.921317 0.141898 -0.144857 -0.913658 0.379797 -0.144857 -0.913658 0.379797 -0.144857 -0.913658 0.379797 -0.144857 -0.913658 0.379797 -0.52045 -0.696271 0.494307 -0.52045 -0.696271 0.494307 -0.52045 -0.696271 0.494307 -0.52045 -0.696271 0.494307 -0.581637 -0.718655 0.381095 -0.581637 -0.718655 0.381095 -0.581637 -0.718655 0.381095 -0.581637 -0.718655 0.381095 -0.576112 -0.721531 0.384041 -0.576112 -0.721531 0.384041 -0.576112 -0.721531 0.384041 -0.576112 -0.721531 0.384041 0.852294 -0.109937 -0.511379 0.852294 -0.109937 -0.511379 0.852294 -0.109937 -0.511379 0.852294 -0.109937 -0.511379 0.852296 0.109928 -0.511377 0.852296 0.109928 -0.511377 0.852296 0.109928 -0.511377 0.852296 0.109928 -0.511377 0.916491 -0.113726 -0.383551 0.916491 -0.113726 -0.383551 0.916491 -0.113726 -0.383551 0.916491 -0.113726 -0.383551 0.916489 0.113716 -0.383558 0.916489 0.113716 -0.383558 0.916489 0.113716 -0.383558 0.916489 0.113716 -0.383558 0.725828 -0.373682 -0.577526 0.725828 -0.373682 -0.577526 0.725828 -0.373682 -0.577526 0.725828 -0.373682 -0.577526 0.777558 -0.110493 -0.619027 0.777558 -0.110493 -0.619027 0.777558 -0.110493 -0.619027 0.777558 -0.110493 -0.619027 0.777559 0.110477 -0.619029 0.777559 0.110477 -0.619029 0.777559 0.110477 -0.619029 0.777559 0.110477 -0.619029 0.725821 0.3737 -0.577522 0.725821 0.3737 -0.577522 0.725821 0.3737 -0.577522 0.725821 0.3737 -0.577522 0.796546 0.373497 -0.47541 0.796546 0.373497 -0.47541 0.796546 0.373497 -0.47541 0.796546 0.373497 -0.47541 0.858364 0.375933 -0.349123 0.858364 0.375933 -0.349123 0.858364 0.375933 -0.349123 0.858364 0.375933 -0.349123 0.903278 0.35661 -0.238575 0.903278 0.35661 -0.238575 0.903278 0.35661 -0.238575 0.903278 0.35661 -0.238575 0.964291 0.115481 -0.238341 0.964291 0.115481 -0.238341 0.964291 0.115481 -0.238341 0.964291 0.115481 -0.238341 0.964287 -0.11547 -0.238364 0.964287 -0.11547 -0.238364 0.964287 -0.11547 -0.238364 0.964287 -0.11547 -0.238364 0.903268 -0.356623 -0.238593 0.903268 -0.356623 -0.238593 0.903268 -0.356623 -0.238593 0.903268 -0.356623 -0.238593 0.858362 -0.375942 -0.349117 0.858362 -0.375942 -0.349117 0.858362 -0.375942 -0.349117 0.858362 -0.375942 -0.349117 0.796541 -0.373504 -0.475412 0.796541 -0.373504 -0.475412 0.796541 -0.373504 -0.475412 0.796541 -0.373504 -0.475412 -0.83514 0.112632 0.538382 -0.83514 0.112632 0.538382 -0.83514 0.112632 0.538382 -0.83514 0.112632 0.538382 -0.835141 -0.112626 0.538382 -0.835141 -0.112626 0.538382 -0.835141 -0.112626 0.538382 -0.835141 -0.112626 0.538382 -0.859552 0.113803 0.498217 -0.859552 0.113803 0.498217 -0.859552 0.113803 0.498217 -0.859552 0.113803 0.498217 -0.859547 -0.113809 0.498223 -0.859547 -0.113809 0.498223 -0.859547 -0.113809 0.498223 -0.859547 -0.113809 0.498223 -0.723696 0.373951 0.580021 -0.723696 0.373951 0.580021 -0.723696 0.373951 0.580021 -0.723696 0.373951 0.580021 -0.775747 0.110818 0.621237 -0.775747 0.110818 0.621237 -0.775747 0.110818 0.621237 -0.775747 0.110818 0.621237 -0.775746 -0.110819 0.621238 -0.775746 -0.110819 0.621238 -0.775746 -0.110819 0.621238 -0.775746 -0.110819 0.621238 -0.723696 -0.373951 0.580021 -0.723696 -0.373951 0.580021 -0.723696 -0.373951 0.580021 -0.723696 -0.373951 0.580021 -0.776811 -0.376074 0.505107 -0.776811 -0.376074 0.505107 -0.776811 -0.376074 0.505107 -0.776811 -0.376074 0.505107 -0.796882 -0.376218 0.472694 -0.796882 -0.376218 0.472694 -0.796882 -0.376218 0.472694 -0.796882 -0.376218 0.472694 -0.736078 -0.375475 0.563213 -0.736078 -0.375475 0.563213 -0.736078 -0.375475 0.563213 -0.736078 -0.375475 0.563213 -0.794945 -0.135504 0.591356 -0.794945 -0.135504 0.591356 -0.794945 -0.135504 0.591356 -0.794945 -0.135504 0.591356 -0.794955 0.135458 0.591353 -0.794955 0.135458 0.591353 -0.794955 0.135458 0.591353 -0.794955 0.135458 0.591353 -0.736071 0.375507 0.5632 -0.736071 0.375507 0.5632 -0.736071 0.375507 0.5632 -0.736071 0.375507 0.5632 -0.796886 0.376219 0.472686 -0.796886 0.376219 0.472686 -0.796886 0.376219 0.472686 -0.796886 0.376219 0.472686 -0.776812 0.376064 0.505112 -0.776812 0.376064 0.505112 -0.776812 0.376064 0.505112 -0.776812 0.376064 0.505112 0.280546 0.112322 -0.953246 0.280546 0.112322 -0.953246 0.280546 0.112322 -0.953246 0.280546 0.112322 -0.953246 0.492242 0.110337 -0.863437 0.492242 0.110337 -0.863437 0.492242 0.110337 -0.863437 0.492242 0.110337 -0.863437 0.281736 -0.0857273 -0.955655 0.281736 -0.0857273 -0.955655 0.281736 -0.0857273 -0.955655 0.281736 -0.0857273 -0.955655 0.493306 -0.103868 -0.863632 0.493306 -0.103868 -0.863632 0.493306 -0.103868 -0.863632 0.493306 -0.103868 -0.863632 0.0777598 0.378524 -0.922319 0.0777598 0.378524 -0.922319 0.0777598 0.378524 -0.922319 0.0777598 0.378524 -0.922319 0.262624 0.374218 -0.889376 0.262624 0.374218 -0.889376 0.262624 0.374218 -0.889376 0.262624 0.374218 -0.889376 0.459684 0.373012 -0.805948 0.459684 0.373012 -0.805948 0.459684 0.373012 -0.805948 0.459684 0.373012 -0.805948 0.613289 0.373196 -0.696133 0.613289 0.373196 -0.696133 0.613289 0.373196 -0.696133 0.613289 0.373196 -0.696133 0.656986 0.110283 -0.745793 0.656986 0.110283 -0.745793 0.656986 0.110283 -0.745793 0.656986 0.110283 -0.745793 0.657087 -0.109973 -0.74575 0.657087 -0.109973 -0.74575 0.657087 -0.109973 -0.74575 0.657087 -0.109973 -0.74575 0.614329 -0.371269 -0.696247 0.614329 -0.371269 -0.696247 0.614329 -0.371269 -0.696247 0.614329 -0.371269 -0.696247 0.466828 -0.356437 -0.809335 0.466828 -0.356437 -0.809335 0.466828 -0.356437 -0.809335 0.466828 -0.356437 -0.809335 0.276817 -0.311484 -0.909038 0.276817 -0.311484 -0.909038 0.276817 -0.311484 -0.909038 0.276817 -0.311484 -0.909038 0.0859016 -0.238785 -0.967266 0.0859016 -0.238785 -0.967266 0.0859016 -0.238785 -0.967266 0.0859016 -0.238785 -0.967266 0.0794735 -0.0604373 -0.995003 0.0794735 -0.0604373 -0.995003 0.0794735 -0.0604373 -0.995003 0.0794735 -0.0604373 -0.995003 0.0812985 0.116619 -0.989844 0.0812985 0.116619 -0.989844 0.0812985 0.116619 -0.989844 0.0812985 0.116619 -0.989844 0.137223 -0.953882 -0.266982 0.137223 -0.953882 -0.266982 0.137223 -0.953882 -0.266982 0.137223 -0.953882 -0.266982 0.14827 -0.964038 -0.220561 0.14827 -0.964038 -0.220561 0.14827 -0.964038 -0.220561 0.14827 -0.964038 -0.220561 -0.0305994 -0.955483 0.293456 -0.0305994 -0.955483 0.293456 -0.0305994 -0.955483 0.293456 -0.0305994 -0.955483 0.293456 -0.113471 -0.964535 0.238322 -0.113471 -0.964535 0.238322 -0.113471 -0.964535 0.238322 -0.113471 -0.964535 0.238322 0.132361 -0.474472 -0.870263 0.132361 -0.474472 -0.870263 0.132361 -0.474472 -0.870263 0.132361 -0.474472 -0.870263 0.244726 -0.656485 -0.713539 0.244726 -0.656485 -0.713539 0.244726 -0.656485 -0.713539 0.244726 -0.656485 -0.713539 0.361805 -0.705991 -0.60883 0.361805 -0.705991 -0.60883 0.361805 -0.705991 -0.60883 0.361805 -0.705991 -0.60883 0.460268 -0.720065 -0.519287 0.460268 -0.720065 -0.519287 0.460268 -0.720065 -0.519287 0.460268 -0.720065 -0.519287 0.172133 -0.966461 -0.190585 0.172133 -0.966461 -0.190585 0.172133 -0.966461 -0.190585 0.172133 -0.966461 -0.190585 -0.167047 -0.966604 0.194349 -0.167047 -0.966604 0.194349 -0.167047 -0.966604 0.194349 -0.167047 -0.966604 0.194349 -0.456066 -0.721409 0.521127 -0.456066 -0.721409 0.521127 -0.456066 -0.721409 0.521127 -0.456066 -0.721409 0.521127 -0.336831 -0.71021 0.61818 -0.336831 -0.71021 0.61818 -0.336831 -0.71021 0.61818 -0.336831 -0.71021 0.61818 -0.173691 -0.672774 0.719171 -0.173691 -0.672774 0.719171 -0.173691 -0.672774 0.719171 -0.173691 -0.672774 0.719171 0.0231734 -0.63018 0.776103 0.0231734 -0.63018 0.776103 0.0231734 -0.63018 0.776103 0.0231734 -0.63018 0.776103 0.0979654 -0.923303 0.371367 0.0979654 -0.923303 0.371367 0.0979654 -0.923303 0.371367 0.0979654 -0.923303 0.371367 0.174849 -0.922592 -0.343878 0.174849 -0.922592 -0.343878 0.174849 -0.922592 -0.343878 0.174849 -0.922592 -0.343878 -0.0711479 0.96734 0.243293 -0.0711479 0.96734 0.243293 -0.0711479 0.96734 0.243293 -0.0711479 0.96734 0.243293 -0.126372 0.966833 0.221957 -0.126372 0.966833 0.221957 -0.126372 0.966833 0.221957 -0.126372 0.966833 0.221957 0.0720492 0.96734 -0.243029 0.0720492 0.96734 -0.243029 0.0720492 0.96734 -0.243029 0.0720492 0.96734 -0.243029 0.126664 0.966829 -0.221807 0.126664 0.966829 -0.221807 0.126664 0.966829 -0.221807 0.126664 0.966829 -0.221807 -0.0549398 0.732157 0.678916 -0.0549398 0.732157 0.678916 -0.0549398 0.732157 0.678916 -0.0549398 0.732157 0.678916 -0.193615 0.725475 0.660454 -0.193615 0.725475 0.660454 -0.193615 0.725475 0.660454 -0.193615 0.725475 0.660454 -0.342199 0.722664 0.600547 -0.342199 0.722664 0.600547 -0.342199 0.722664 0.600547 -0.342199 0.722664 0.600547 -0.457127 0.722288 0.518975 -0.457127 0.722288 0.518975 -0.457127 0.722288 0.518975 -0.457127 0.722288 0.518975 -0.168968 0.966769 0.191852 -0.168968 0.966769 0.191852 -0.168968 0.966769 0.191852 -0.168968 0.966769 0.191852 0.169018 0.966767 -0.19182 0.169018 0.966767 -0.19182 0.169018 0.966767 -0.19182 0.169018 0.966767 -0.19182 0.457188 0.722291 -0.518917 0.457188 0.722291 -0.518917 0.457188 0.722291 -0.518917 0.457188 0.722291 -0.518917 0.342551 0.722688 -0.600318 0.342551 0.722688 -0.600318 0.342551 0.722688 -0.600318 0.342551 0.722688 -0.600318 0.195168 0.725495 -0.659975 0.195168 0.725495 -0.659975 0.195168 0.725495 -0.659975 0.195168 0.725495 -0.659975 0.0578483 0.732144 -0.678689 0.0578483 0.732144 -0.678689 0.0578483 0.732144 -0.678689 0.0578483 0.732144 -0.678689 0.0215739 0.968533 -0.247951 0.0215739 0.968533 -0.247951 0.0215739 0.968533 -0.247951 0.0215739 0.968533 -0.247951 -0.019647 0.968534 0.248103 -0.019647 0.968534 0.248103 -0.019647 0.968534 0.248103 -0.019647 0.968534 0.248103 -0.0668268 -0.0606729 0.995918 -0.0668268 -0.0606729 0.995918 -0.0668268 -0.0606729 0.995918 -0.0668268 -0.0606729 0.995918 -0.0635242 0.0563254 0.99639 -0.0635242 0.0563254 0.99639 -0.0635242 0.0563254 0.99639 -0.0635242 0.0563254 0.99639 0.0352324 -0.0624396 0.997427 0.0352324 -0.0624396 0.997427 0.0352324 -0.0624396 0.997427 0.0352324 -0.0624396 0.997427 0.0427667 0.0464086 0.998007 0.0427667 0.0464086 0.998007 0.0427667 0.0464086 0.998007 0.0427667 0.0464086 0.998007 -0.157006 -0.212747 0.964411 -0.157006 -0.212747 0.964411 -0.157006 -0.212747 0.964411 -0.157006 -0.212747 0.964411 -0.160412 -0.0601051 0.985219 -0.160412 -0.0601051 0.985219 -0.160412 -0.0601051 0.985219 -0.160412 -0.0601051 0.985219 -0.159986 0.0596564 0.985315 -0.159986 0.0596564 0.985315 -0.159986 0.0596564 0.985315 -0.159986 0.0596564 0.985315 -0.155374 0.212183 0.964799 -0.155374 0.212183 0.964799 -0.155374 0.212183 0.964799 -0.155374 0.212183 0.964799 -0.0529829 0.205927 0.977132 -0.0529829 0.205927 0.977132 -0.0529829 0.205927 0.977132 -0.0529829 0.205927 0.977132 0.0642052 0.184013 0.980825 0.0642052 0.184013 0.980825 0.0642052 0.184013 0.980825 0.0642052 0.184013 0.980825 0.146367 0.128934 0.980792 0.146367 0.128934 0.980792 0.146367 0.128934 0.980792 0.146367 0.128934 0.980792 0.109646 0.0296824 0.993527 0.109646 0.0296824 0.993527 0.109646 0.0296824 0.993527 0.109646 0.0296824 0.993527 0.0992497 -0.0659488 0.992875 0.0992497 -0.0659488 0.992875 0.0992497 -0.0659488 0.992875 0.0992497 -0.0659488 0.992875 0.0955192 -0.21214 0.97256 0.0955192 -0.21214 0.97256 0.0955192 -0.21214 0.97256 0.0955192 -0.21214 0.97256 0.0333792 -0.212355 0.976622 0.0333792 -0.212355 0.976622 0.0333792 -0.212355 0.976622 0.0333792 -0.212355 0.976622 -0.0658308 -0.212666 0.974905 -0.0658308 -0.212666 0.974905 -0.0658308 -0.212666 0.974905 -0.0658308 -0.212666 0.974905 -0.46107 -0.0368372 0.886599 -0.46107 -0.0368372 0.886599 -0.46107 -0.0368372 0.886599 -0.46107 -0.0368372 0.886599 -0.464431 -0.113338 0.878327 -0.464431 -0.113338 0.878327 -0.464431 -0.113338 0.878327 -0.464431 -0.113338 0.878327 -0.994532 -0.0382221 -0.0971869 -0.994532 -0.0382221 -0.0971869 -0.994532 -0.0382221 -0.0971869 -0.994532 -0.0382221 -0.0971869 -0.992138 -0.115078 -0.0491865 -0.992138 -0.115078 -0.0491865 -0.992138 -0.115078 -0.0491865 -0.992138 -0.115078 -0.0491865 0.0735467 -0.00294781 0.997288 0.0735467 -0.00294781 0.997288 0.0735467 -0.00294781 0.997288 0.0735467 -0.00294781 0.997288 0.071844 -0.0211921 0.997191 0.071844 -0.0211921 0.997191 0.071844 -0.0211921 0.997191 0.071844 -0.0211921 0.997191 0.0666142 -0.0630609 0.995784 0.0666142 -0.0630609 0.995784 0.0666142 -0.0630609 0.995784 0.0666142 -0.0630609 0.995784 0.0784125 -0.164897 0.983189 0.0784125 -0.164897 0.983189 0.0784125 -0.164897 0.983189 0.0784125 -0.164897 0.983189 -0.462248 -0.287692 0.838785 -0.462248 -0.287692 0.838785 -0.462248 -0.287692 0.838785 -0.462248 -0.287692 0.838785 -0.959454 -0.281368 0.0167459 -0.959454 -0.281368 0.0167459 -0.959454 -0.281368 0.0167459 -0.959454 -0.281368 0.0167459 -0.765876 -0.155988 -0.623781 -0.765876 -0.155988 -0.623781 -0.765876 -0.155988 -0.623781 -0.765876 -0.155988 -0.623781 -0.744914 -0.0653256 -0.663955 -0.744914 -0.0653256 -0.663955 -0.744914 -0.0653256 -0.663955 -0.744914 -0.0653256 -0.663955 -0.741999 -0.0218444 -0.670045 -0.741999 -0.0218444 -0.670045 -0.741999 -0.0218444 -0.670045 -0.741999 -0.0218444 -0.670045 -0.74078 -0.00303555 -0.67174 -0.74078 -0.00303555 -0.67174 -0.74078 -0.00303555 -0.67174 -0.74078 -0.00303555 -0.67174 -0.993837 -0.00532627 -0.110728 -0.993837 -0.00532627 -0.110728 -0.993837 -0.00532627 -0.110728 -0.993837 -0.00532627 -0.110728 -0.456035 -0.00498128 0.889948 -0.456035 -0.00498128 0.889948 -0.456035 -0.00498128 0.889948 -0.456035 -0.00498128 0.889948 0.579992 -0.512415 -0.633278 0.579992 -0.512415 -0.633278 0.579992 -0.512415 -0.633278 0.579992 -0.512415 -0.633278 0.702236 -0.526866 0.478828 0.702236 -0.526866 0.478828 0.702236 -0.526866 0.478828 0.702236 -0.526866 0.478828 0.725079 -0.0143405 -0.688517 0.725079 -0.0143405 -0.688517 0.725079 -0.0143405 -0.688517 0.725079 -0.0143405 -0.688517 0.897247 -0.0155773 0.441254 0.897247 -0.0155773 0.441254 0.897247 -0.0155773 0.441254 0.897247 -0.0155773 0.441254 0.102181 -0.362882 -0.926216 0.102181 -0.362882 -0.926216 0.102181 -0.362882 -0.926216 0.102181 -0.362882 -0.926216 0.320886 -0.82195 -0.470564 0.320886 -0.82195 -0.470564 0.320886 -0.82195 -0.470564 0.320886 -0.82195 -0.470564 0.365472 -0.801679 0.473012 0.365472 -0.801679 0.473012 0.365472 -0.801679 0.473012 0.365472 -0.801679 0.473012 0.257662 -0.375485 0.890293 0.257662 -0.375485 0.890293 0.257662 -0.375485 0.890293 0.257662 -0.375485 0.890293 0.4356 -0.202134 0.877151 0.4356 -0.202134 0.877151 0.4356 -0.202134 0.877151 0.4356 -0.202134 0.877151 0.527429 0.0108269 0.84953 0.527429 0.0108269 0.84953 0.527429 0.0108269 0.84953 0.527429 0.0108269 0.84953 0.45588 0.198088 0.867718 0.45588 0.198088 0.867718 0.45588 0.198088 0.867718 0.45588 0.198088 0.867718 0.751258 0.480556 0.452413 0.751258 0.480556 0.452413 0.751258 0.480556 0.452413 0.751258 0.480556 0.452413 0.622364 0.46838 -0.627123 0.622364 0.46838 -0.627123 0.622364 0.46838 -0.627123 0.622364 0.46838 -0.627123 0.147376 0.19553 -0.969561 0.147376 0.19553 -0.969561 0.147376 0.19553 -0.969561 0.147376 0.19553 -0.969561 0.153329 0.0111839 -0.988112 0.153329 0.0111839 -0.988112 0.153329 0.0111839 -0.988112 0.153329 0.0111839 -0.988112 0.140088 -0.191877 -0.97137 0.140088 -0.191877 -0.97137 0.140088 -0.191877 -0.97137 0.140088 -0.191877 -0.97137 0.327818 -0.0246026 0.944421 0.327818 -0.0246026 0.944421 0.327818 -0.0246026 0.944421 0.327818 -0.0246026 0.944421 0.319418 -0.0139973 0.947511 0.319418 -0.0139973 0.947511 0.319418 -0.0139973 0.947511 0.319418 -0.0139973 0.947511 0.339891 0.00426787 0.940455 0.339891 0.00426787 0.940455 0.339891 0.00426787 0.940455 0.339891 0.00426787 0.940455 0.310014 -0.00371021 0.950725 0.310014 -0.00371021 0.950725 0.310014 -0.00371021 0.950725 0.310014 -0.00371021 0.950725 0.218687 -0.14114 0.965534 0.218687 -0.14114 0.965534 0.218687 -0.14114 0.965534 0.218687 -0.14114 0.965534 0.297496 -0.0419595 0.953801 0.297496 -0.0419595 0.953801 0.297496 -0.0419595 0.953801 0.297496 -0.0419595 0.953801 0.330567 -0.0257702 0.943431 0.330567 -0.0257702 0.943431 0.330567 -0.0257702 0.943431 0.330567 -0.0257702 0.943431 0.33384 -0.0594928 0.94075 0.33384 -0.0594928 0.94075 0.33384 -0.0594928 0.94075 0.33384 -0.0594928 0.94075 0.30788 -0.0290072 0.950983 0.30788 -0.0290072 0.950983 0.30788 -0.0290072 0.950983 0.30788 -0.0290072 0.950983 0.29885 -0.0105064 0.954242 0.29885 -0.0105064 0.954242 0.29885 -0.0105064 0.954242 0.29885 -0.0105064 0.954242 0.296281 -0.00140661 0.9551 0.296281 -0.00140661 0.9551 0.296281 -0.00140661 0.9551 0.296281 -0.00140661 0.9551 0.303292 0.00211632 0.952895 0.303292 0.00211632 0.952895 0.303292 0.00211632 0.952895 0.303292 0.00211632 0.952895 0.324616 0.0208342 0.945616 0.324616 0.0208342 0.945616 0.324616 0.0208342 0.945616 0.324616 0.0208342 0.945616 0.291054 0.0587905 0.954898 0.291054 0.0587905 0.954898 0.291054 0.0587905 0.954898 0.291054 0.0587905 0.954898 0.3213 0.010847 0.946915 0.3213 0.010847 0.946915 0.3213 0.010847 0.946915 0.3213 0.010847 0.946915 0.306428 -0.0542138 0.950349 0.306428 -0.0542138 0.950349 0.306428 -0.0542138 0.950349 0.306428 -0.0542138 0.950349 -0.131271 -0.823114 -0.552495 -0.131271 -0.823114 -0.552495 -0.131271 -0.823114 -0.552495 -0.131271 -0.823114 -0.552495 -0.576922 -0.816795 -0.00243688 -0.576922 -0.816795 -0.00243688 -0.576922 -0.816795 -0.00243688 -0.576922 -0.816795 -0.00243688 0.0884378 -0.91084 -0.403174 0.0884378 -0.91084 -0.403174 0.0884378 -0.91084 -0.403174 0.0884378 -0.91084 -0.403174 -0.336634 -0.913778 0.227348 -0.336634 -0.913778 0.227348 -0.336634 -0.913778 0.227348 -0.336634 -0.913778 0.227348 0.165456 -0.373169 -0.912891 0.165456 -0.373169 -0.912891 0.165456 -0.373169 -0.912891 0.165456 -0.373169 -0.912891 -0.408971 -0.522742 -0.747986 -0.408971 -0.522742 -0.747986 -0.408971 -0.522742 -0.747986 -0.408971 -0.522742 -0.747986 -0.816063 -0.508699 -0.274346 -0.816063 -0.508699 -0.274346 -0.816063 -0.508699 -0.274346 -0.816063 -0.508699 -0.274346 -0.891112 -0.361788 0.273915 -0.891112 -0.361788 0.273915 -0.891112 -0.361788 0.273915 -0.891112 -0.361788 0.273915 -0.728025 -0.515687 0.451715 -0.728025 -0.515687 0.451715 -0.728025 -0.515687 0.451715 -0.728025 -0.515687 0.451715 -0.547633 -0.549112 0.631327 -0.547633 -0.549112 0.631327 -0.547633 -0.549112 0.631327 -0.547633 -0.549112 0.631327 -0.493734 -0.530272 0.68923 -0.493734 -0.530272 0.68923 -0.493734 -0.530272 0.68923 -0.493734 -0.530272 0.68923 -0.249097 -0.914412 0.319062 -0.249097 -0.914412 0.319062 -0.249097 -0.914412 0.319062 -0.249097 -0.914412 0.319062 0.199186 -0.914883 -0.351161 0.199186 -0.914883 -0.351161 0.199186 -0.914883 -0.351161 0.199186 -0.914883 -0.351161 0.448525 -0.530813 -0.71907 0.448525 -0.530813 -0.71907 0.448525 -0.530813 -0.71907 0.448525 -0.530813 -0.71907 0.379568 -0.546471 -0.746523 0.379568 -0.546471 -0.746523 0.379568 -0.546471 -0.746523 0.379568 -0.546471 -0.746523 0.297161 -0.519416 -0.801188 0.297161 -0.519416 -0.801188 0.297161 -0.519416 -0.801188 0.297161 -0.519416 -0.801188 0.192789 0.827846 0.526785 0.192789 0.827846 0.526785 0.192789 0.827846 0.526785 0.192789 0.827846 0.526785 0.55656 0.829091 0.0533865 0.55656 0.829091 0.0533865 0.55656 0.829091 0.0533865 0.55656 0.829091 0.0533865 0.125884 0.851426 0.509143 0.125884 0.851426 0.509143 0.125884 0.851426 0.509143 0.125884 0.851426 0.509143 0.5058 0.860194 -0.0650549 0.5058 0.860194 -0.0650549 0.5058 0.860194 -0.0650549 0.5058 0.860194 -0.0650549 -0.215528 0.618207 0.755889 -0.215528 0.618207 0.755889 -0.215528 0.618207 0.755889 -0.215528 0.618207 0.755889 0.19184 0.838295 0.510351 0.19184 0.838295 0.510351 0.19184 0.838295 0.510351 0.19184 0.838295 0.510351 0.538137 0.836842 0.100516 0.538137 0.836842 0.100516 0.538137 0.836842 0.100516 0.538137 0.836842 0.100516 0.714215 0.615135 -0.333924 0.714215 0.615135 -0.333924 0.714215 0.615135 -0.333924 0.714215 0.615135 -0.333924 0.706163 0.578515 -0.408233 0.706163 0.578515 -0.408233 0.706163 0.578515 -0.408233 0.706163 0.578515 -0.408233 0.633934 0.554082 -0.539556 0.633934 0.554082 -0.539556 0.633934 0.554082 -0.539556 0.633934 0.554082 -0.539556 0.579319 0.526472 -0.622267 0.579319 0.526472 -0.622267 0.579319 0.526472 -0.622267 0.579319 0.526472 -0.622267 0.426719 0.884534 -0.188446 0.426719 0.884534 -0.188446 0.426719 0.884534 -0.188446 0.426719 0.884534 -0.188446 -0.000326868 0.88757 0.460672 -0.000326868 0.88757 0.460672 -0.000326868 0.88757 0.460672 -0.000326868 0.88757 0.460672 -0.344953 0.528811 0.775478 -0.344953 0.528811 0.775478 -0.344953 0.528811 0.775478 -0.344953 0.528811 0.775478 -0.249797 0.546693 0.799205 -0.249797 0.546693 0.799205 -0.249797 0.546693 0.799205 -0.249797 0.546693 0.799205 -0.21923 0.578185 0.785901 -0.21923 0.578185 0.785901 -0.21923 0.578185 0.785901 -0.21923 0.578185 0.785901 0.643171 0.0829583 -0.761216 0.643171 0.0829583 -0.761216 0.643171 0.0829583 -0.761216 0.643171 0.0829583 -0.761216 0.598971 -0.0602033 -0.798504 0.598971 -0.0602033 -0.798504 0.598971 -0.0602033 -0.798504 0.598971 -0.0602033 -0.798504 0.570739 0.0731781 -0.817864 0.570739 0.0731781 -0.817864 0.570739 0.0731781 -0.817864 0.570739 0.0731781 -0.817864 0.539095 -0.0676263 -0.839526 0.539095 -0.0676263 -0.839526 0.539095 -0.0676263 -0.839526 0.539095 -0.0676263 -0.839526 0.721739 0.307229 -0.620244 0.721739 0.307229 -0.620244 0.721739 0.307229 -0.620244 0.721739 0.307229 -0.620244 0.676645 0.0954905 -0.730091 0.676645 0.0954905 -0.730091 0.676645 0.0954905 -0.730091 0.676645 0.0954905 -0.730091 0.625971 -0.0406925 -0.778784 0.625971 -0.0406925 -0.778784 0.625971 -0.0406925 -0.778784 0.625971 -0.0406925 -0.778784 0.51709 -0.157072 -0.841396 0.51709 -0.157072 -0.841396 0.51709 -0.157072 -0.841396 0.51709 -0.157072 -0.841396 0.517524 -0.228997 -0.824457 0.517524 -0.228997 -0.824457 0.517524 -0.228997 -0.824457 0.517524 -0.228997 -0.824457 0.49471 -0.243011 -0.834391 0.49471 -0.243011 -0.834391 0.49471 -0.243011 -0.834391 0.49471 -0.243011 -0.834391 0.523273 -0.234318 -0.819317 0.523273 -0.234318 -0.819317 0.523273 -0.234318 -0.819317 0.523273 -0.234318 -0.819317 0.546339 -0.0662687 -0.834938 0.546339 -0.0662687 -0.834938 0.546339 -0.0662687 -0.834938 0.546339 -0.0662687 -0.834938 0.56276 0.0668299 -0.823915 0.56276 0.0668299 -0.823915 0.56276 0.0668299 -0.823915 0.56276 0.0668299 -0.823915 0.581472 0.235065 -0.778868 0.581472 0.235065 -0.778868 0.581472 0.235065 -0.778868 0.581472 0.235065 -0.778868 0.609238 0.254681 -0.750977 0.609238 0.254681 -0.750977 0.609238 0.254681 -0.750977 0.609238 0.254681 -0.750977 0.689039 0.278803 -0.66895 0.689039 0.278803 -0.66895 0.689039 0.278803 -0.66895 0.689039 0.278803 -0.66895 -0.655921 -0.0610051 0.75236 -0.655921 -0.0610051 0.75236 -0.655921 -0.0610051 0.75236 -0.655921 -0.0610051 0.75236 -0.600607 0.0822735 0.7953 -0.600607 0.0822735 0.7953 -0.600607 0.0822735 0.7953 -0.600607 0.0822735 0.7953 -0.570407 -0.0676989 0.818568 -0.570407 -0.0676989 0.818568 -0.570407 -0.0676989 0.818568 -0.570407 -0.0676989 0.818568 -0.535368 0.0730778 0.841451 -0.535368 0.0730778 0.841451 -0.535368 0.0730778 0.841451 -0.535368 0.0730778 0.841451 -0.773397 -0.155659 0.614514 -0.773397 -0.155659 0.614514 -0.773397 -0.155659 0.614514 -0.773397 -0.155659 0.614514 -0.691822 -0.0406058 0.720925 -0.691822 -0.0406058 0.720925 -0.691822 -0.0406058 0.720925 -0.691822 -0.0406058 0.720925 -0.632027 0.095607 0.769026 -0.632027 0.095607 0.769026 -0.632027 0.095607 0.769026 -0.632027 0.095607 0.769026 -0.50954 0.308504 0.80324 -0.50954 0.308504 0.80324 -0.50954 0.308504 0.80324 -0.50954 0.308504 0.80324 -0.488598 0.278739 0.826787 -0.488598 0.278739 0.826787 -0.488598 0.278739 0.826787 -0.488598 0.278739 0.826787 -0.454905 0.25319 0.853789 -0.454905 0.25319 0.853789 -0.454905 0.25319 0.853789 -0.454905 0.25319 0.853789 -0.493174 0.235569 0.837429 -0.493174 0.235569 0.837429 -0.493174 0.235569 0.837429 -0.493174 0.235569 0.837429 -0.544748 0.0668567 0.835931 -0.544748 0.0668567 0.835931 -0.544748 0.0668567 0.835931 -0.544748 0.0668567 0.835931 -0.562724 -0.0662321 0.823987 -0.562724 -0.0662321 0.823987 -0.562724 -0.0662321 0.823987 -0.562724 -0.0662321 0.823987 -0.557709 -0.234107 0.796338 -0.557709 -0.234107 0.796338 -0.557709 -0.234107 0.796338 -0.557709 -0.234107 0.796338 -0.584598 -0.24375 0.773842 -0.584598 -0.24375 0.773842 -0.584598 -0.24375 0.773842 -0.584598 -0.24375 0.773842 -0.704579 -0.228949 0.671678 -0.704579 -0.228949 0.671678 -0.704579 -0.228949 0.671678 -0.704579 -0.228949 0.671678 0.828643 0.361013 0.427809 0.828643 0.361013 0.427809 0.828643 0.361013 0.427809 0.828643 0.361013 0.427809 0.850519 -0.11734 0.512688 0.850519 -0.11734 0.512688 0.850519 -0.11734 0.512688 0.850519 -0.11734 0.512688 0.242638 0.345933 0.906343 0.242638 0.345933 0.906343 0.242638 0.345933 0.906343 0.242638 0.345933 0.906343 0.336834 -0.112668 0.934799 0.336834 -0.112668 0.934799 0.336834 -0.112668 0.934799 0.336834 -0.112668 0.934799 0.896089 0.33728 -0.288561 0.896089 0.33728 -0.288561 0.896089 0.33728 -0.288561 0.896089 0.33728 -0.288561 0.970588 0.185097 -0.153942 0.970588 0.185097 -0.153942 0.970588 0.185097 -0.153942 0.970588 0.185097 -0.153942 0.994802 -0.070328 -0.0736459 0.994802 -0.070328 -0.0736459 0.994802 -0.070328 -0.0736459 0.994802 -0.070328 -0.0736459 0.933079 -0.317749 -0.168522 0.933079 -0.317749 -0.168522 0.933079 -0.317749 -0.168522 0.933079 -0.317749 -0.168522 0.735326 -0.570008 0.366588 0.735326 -0.570008 0.366588 0.735326 -0.570008 0.366588 0.735326 -0.570008 0.366588 0.170751 -0.564323 0.807703 0.170751 -0.564323 0.807703 0.170751 -0.564323 0.807703 0.170751 -0.564323 0.807703 -0.354629 -0.298035 0.886235 -0.354629 -0.298035 0.886235 -0.354629 -0.298035 0.886235 -0.354629 -0.298035 0.886235 -0.198272 -0.0674231 0.977825 -0.198272 -0.0674231 0.977825 -0.198272 -0.0674231 0.977825 -0.198272 -0.0674231 0.977825 -0.277281 0.17742 0.944265 -0.277281 0.17742 0.944265 -0.277281 0.17742 0.944265 -0.277281 0.17742 0.944265 -0.520347 0.357346 0.775592 -0.520347 0.357346 0.775592 -0.520347 0.357346 0.775592 -0.520347 0.357346 0.775592 -0.0396367 0.725682 0.686888 -0.0396367 0.725682 0.686888 -0.0396367 0.725682 0.686888 -0.0396367 0.725682 0.686888 0.672553 0.716489 0.185246 0.672553 0.716489 0.185246 0.672553 0.716489 0.185246 0.672553 0.716489 0.185246 -0.902 0.0350659 -0.43031 -0.902 0.0350659 -0.43031 -0.902 0.0350659 -0.43031 -0.902 0.0350659 -0.43031 -0.549581 0.0356953 -0.834678 -0.549581 0.0356953 -0.834678 -0.549581 0.0356953 -0.834678 -0.549581 0.0356953 -0.834678 -0.892807 0.297241 -0.338442 -0.892807 0.297241 -0.338442 -0.892807 0.297241 -0.338442 -0.892807 0.297241 -0.338442 -0.475676 0.304922 -0.825078 -0.475676 0.304922 -0.825078 -0.475676 0.304922 -0.825078 -0.475676 0.304922 -0.825078 -0.983274 -0.141435 0.114758 -0.983274 -0.141435 0.114758 -0.983274 -0.141435 0.114758 -0.983274 -0.141435 0.114758 -0.89067 -0.196887 -0.409807 -0.89067 -0.196887 -0.409807 -0.89067 -0.196887 -0.409807 -0.89067 -0.196887 -0.409807 -0.534911 -0.201439 -0.820544 -0.534911 -0.201439 -0.820544 -0.534911 -0.201439 -0.820544 -0.534911 -0.201439 -0.820544 0.0100588 -0.144812 -0.989408 0.0100588 -0.144812 -0.989408 0.0100588 -0.144812 -0.989408 0.0100588 -0.144812 -0.989408 -0.0102088 0.00946993 -0.999903 -0.0102088 0.00946993 -0.999903 -0.0102088 0.00946993 -0.999903 -0.0102088 0.00946993 -0.999903 0.076619 0.171156 -0.98226 0.076619 0.171156 -0.98226 0.076619 0.171156 -0.98226 0.076619 0.171156 -0.98226 0.210059 0.353247 -0.911642 0.210059 0.353247 -0.911642 0.210059 0.353247 -0.911642 0.210059 0.353247 -0.911642 -0.300568 0.640942 -0.706295 -0.300568 0.640942 -0.706295 -0.300568 0.640942 -0.706295 -0.300568 0.640942 -0.706295 -0.764506 0.633598 -0.118677 -0.764506 0.633598 -0.118677 -0.764506 0.633598 -0.118677 -0.764506 0.633598 -0.118677 -0.858516 0.325654 0.396105 -0.858516 0.325654 0.396105 -0.858516 0.325654 0.396105 -0.858516 0.325654 0.396105 -0.968288 0.167409 0.185449 -0.968288 0.167409 0.185449 -0.968288 0.167409 0.185449 -0.968288 0.167409 0.185449 -0.99585 0.00935841 0.0905264 -0.99585 0.00935841 0.0905264 -0.99585 0.00935841 0.0905264 -0.99585 0.00935841 0.0905264 0.636593 -0.00442678 -0.771188 0.636593 -0.00442678 -0.771188 0.636593 -0.00442678 -0.771188 0.636593 -0.00442678 -0.771188 0.795772 -0.00740784 -0.605551 0.795772 -0.00740784 -0.605551 0.795772 -0.00740784 -0.605551 0.795772 -0.00740784 -0.605551 0.637379 0.00703436 -0.770519 0.637379 0.00703436 -0.770519 0.637379 0.00703436 -0.770519 0.637379 0.00703436 -0.770519 0.790908 0.00978422 -0.611858 0.790908 0.00978422 -0.611858 0.790908 0.00978422 -0.611858 0.790908 0.00978422 -0.611858 0.470799 -0.0547377 -0.880541 0.470799 -0.0547377 -0.880541 0.470799 -0.0547377 -0.880541 0.470799 -0.0547377 -0.880541 0.648763 -0.0157928 -0.760827 0.648763 -0.0157928 -0.760827 0.648763 -0.0157928 -0.760827 0.648763 -0.0157928 -0.760827 0.785027 -0.0214294 -0.619091 0.785027 -0.0214294 -0.619091 0.785027 -0.0214294 -0.619091 0.785027 -0.0214294 -0.619091 0.846972 -0.0877329 -0.524348 0.846972 -0.0877329 -0.524348 0.846972 -0.0877329 -0.524348 0.846972 -0.0877329 -0.524348 0.893988 -0.0248475 -0.447401 0.893988 -0.0248475 -0.447401 0.893988 -0.0248475 -0.447401 0.893988 -0.0248475 -0.447401 0.878482 0.0547318 -0.474631 0.878482 0.0547318 -0.474631 0.878482 0.0547318 -0.474631 0.878482 0.0547318 -0.474631 0.83744 0.0854295 -0.53981 0.83744 0.0854295 -0.53981 0.83744 0.0854295 -0.53981 0.83744 0.0854295 -0.53981 0.776382 0.0221348 -0.629874 0.776382 0.0221348 -0.629874 0.776382 0.0221348 -0.629874 0.776382 0.0221348 -0.629874 0.648099 0.0175308 -0.761354 0.648099 0.0175308 -0.761354 0.648099 0.0175308 -0.761354 0.648099 0.0175308 -0.761354 0.537199 0.0950257 -0.838086 0.537199 0.0950257 -0.838086 0.537199 0.0950257 -0.838086 0.537199 0.0950257 -0.838086 0.447767 0.05261 -0.892601 0.447767 0.05261 -0.892601 0.447767 0.05261 -0.892601 0.447767 0.05261 -0.892601 0.417636 -0.00437427 -0.908604 0.417636 -0.00437427 -0.908604 0.417636 -0.00437427 -0.908604 0.417636 -0.00437427 -0.908604 0.265143 0.962382 -0.0593271 0.265143 0.962382 -0.0593271 0.265143 0.962382 -0.0593271 0.265143 0.962382 -0.0593271 0.324403 0.944978 -0.0421945 0.324403 0.944978 -0.0421945 0.324403 0.944978 -0.0421945 0.324403 0.944978 -0.0421945 -0.261128 0.963067 0.0656763 -0.261128 0.963067 0.0656763 -0.261128 0.963067 0.0656763 -0.261128 0.963067 0.0656763 -0.257178 0.946638 0.194258 -0.257178 0.946638 0.194258 -0.257178 0.946638 0.194258 -0.257178 0.946638 0.194258 0.758972 0.643955 -0.0963488 0.758972 0.643955 -0.0963488 0.758972 0.643955 -0.0963488 0.758972 0.643955 -0.0963488 0.721249 0.670878 -0.172401 0.721249 0.670878 -0.172401 0.721249 0.670878 -0.172401 0.721249 0.670878 -0.172401 0.74377 0.618656 -0.253123 0.74377 0.618656 -0.253123 0.74377 0.618656 -0.253123 0.74377 0.618656 -0.253123 0.796511 0.500801 -0.338776 0.796511 0.500801 -0.338776 0.796511 0.500801 -0.338776 0.796511 0.500801 -0.338776 0.451448 0.892288 0.00406903 0.451448 0.892288 0.00406903 0.451448 0.892288 0.00406903 0.451448 0.892288 0.00406903 -0.216059 0.894021 0.392486 -0.216059 0.894021 0.392486 -0.216059 0.894021 0.392486 -0.216059 0.894021 0.392486 -0.656582 0.531482 0.535189 -0.656582 0.531482 0.535189 -0.656582 0.531482 0.535189 -0.656582 0.531482 0.535189 -0.697417 0.632995 0.336046 -0.697417 0.632995 0.336046 -0.697417 0.632995 0.336046 -0.697417 0.632995 0.336046 -0.716487 0.677838 0.16487 -0.716487 0.677838 0.16487 -0.716487 0.677838 0.16487 -0.716487 0.677838 0.16487 -0.708539 0.705542 -0.0135543 -0.708539 0.705542 -0.0135543 -0.708539 0.705542 -0.0135543 -0.708539 0.705542 -0.0135543 -0.266568 0.962752 -0.0452827 -0.266568 0.962752 -0.0452827 -0.266568 0.962752 -0.0452827 -0.266568 0.962752 -0.0452827 0.249553 0.964258 -0.0890491 0.249553 0.964258 -0.0890491 0.249553 0.964258 -0.0890491 0.249553 0.964258 -0.0890491 -0.256485 -0.960925 0.104111 -0.256485 -0.960925 0.104111 -0.256485 -0.960925 0.104111 -0.256485 -0.960925 0.104111 0.257138 -0.960922 -0.102511 0.257138 -0.960922 -0.102511 0.257138 -0.960922 -0.102511 0.257138 -0.960922 -0.102511 -0.272113 -0.96016 0.0636219 -0.272113 -0.96016 0.0636219 -0.272113 -0.96016 0.0636219 -0.272113 -0.96016 0.0636219 0.272273 -0.960156 -0.062991 0.272273 -0.960156 -0.062991 0.272273 -0.960156 -0.062991 0.272273 -0.960156 -0.062991 -0.615955 -0.700249 0.360904 -0.615955 -0.700249 0.360904 -0.615955 -0.700249 0.360904 -0.615955 -0.700249 0.360904 -0.233444 -0.962567 0.137728 -0.233444 -0.962567 0.137728 -0.233444 -0.962567 0.137728 -0.233444 -0.962567 0.137728 0.235406 -0.962568 -0.13434 0.235406 -0.962568 -0.13434 0.235406 -0.962568 -0.13434 0.235406 -0.962568 -0.13434 0.618936 -0.700249 -0.355765 0.618936 -0.700249 -0.355765 0.618936 -0.700249 -0.355765 0.618936 -0.700249 -0.355765 0.670161 -0.692074 -0.268175 0.670161 -0.692074 -0.268175 0.670161 -0.692074 -0.268175 0.670161 -0.692074 -0.268175 0.706667 -0.688344 -0.163718 0.706667 -0.688344 -0.163718 0.706667 -0.688344 -0.163718 0.706667 -0.688344 -0.163718 0.724958 -0.687417 -0.0435169 0.724958 -0.687417 -0.0435169 0.724958 -0.687417 -0.0435169 0.724958 -0.687417 -0.0435169 0.279621 -0.959964 -0.0167602 0.279621 -0.959964 -0.0167602 0.279621 -0.959964 -0.0167602 0.279621 -0.959964 -0.0167602 -0.279603 -0.959968 0.0168513 -0.279603 -0.959968 0.0168513 -0.279603 -0.959968 0.0168513 -0.279603 -0.959968 0.0168513 -0.724971 -0.687396 0.0436298 -0.724971 -0.687396 0.0436298 -0.724971 -0.687396 0.0436298 -0.724971 -0.687396 0.0436298 -0.706412 -0.688313 0.164946 -0.706412 -0.688313 0.164946 -0.706412 -0.688313 0.164946 -0.706412 -0.688313 0.164946 -0.669189 -0.69205 0.270654 -0.669189 -0.69205 0.270654 -0.669189 -0.69205 0.270654 -0.669189 -0.69205 0.270654 -0.971968 0.0713989 0.224011 -0.971968 0.0713989 0.224011 -0.971968 0.0713989 0.224011 -0.971968 0.0713989 0.224011 -0.923658 0.0659716 0.377497 -0.923658 0.0659716 0.377497 -0.923658 0.0659716 0.377497 -0.923658 0.0659716 0.377497 -0.968461 -0.106566 0.225226 -0.968461 -0.106566 0.225226 -0.968461 -0.106566 0.225226 -0.968461 -0.106566 0.225226 -0.922017 -0.105979 0.372362 -0.922017 -0.105979 0.372362 -0.922017 -0.105979 0.372362 -0.922017 -0.105979 0.372362 -0.97494 0.221271 0.0230236 -0.97494 0.221271 0.0230236 -0.97494 0.221271 0.0230236 -0.97494 0.221271 0.0230236 -0.931132 0.296562 0.212238 -0.931132 0.296562 0.212238 -0.931132 0.296562 0.212238 -0.931132 0.296562 0.212238 -0.884902 0.273065 0.377338 -0.884902 0.273065 0.377338 -0.884902 0.273065 0.377338 -0.884902 0.273065 0.377338 -0.82667 0.175104 0.534749 -0.82667 0.175104 0.534749 -0.82667 0.175104 0.534749 -0.82667 0.175104 0.534749 -0.857297 0.0440987 0.512931 -0.857297 0.0440987 0.512931 -0.857297 0.0440987 0.512931 -0.857297 0.0440987 0.512931 -0.857873 -0.108903 0.502189 -0.857873 -0.108903 0.502189 -0.857873 -0.108903 0.502189 -0.857873 -0.108903 0.502189 -0.808837 -0.349574 0.472843 -0.808837 -0.349574 0.472843 -0.808837 -0.349574 0.472843 -0.808837 -0.349574 0.472843 -0.870398 -0.344713 0.351541 -0.870398 -0.344713 0.351541 -0.870398 -0.344713 0.351541 -0.870398 -0.344713 0.351541 -0.91482 -0.342809 0.213511 -0.91482 -0.342809 0.213511 -0.91482 -0.342809 0.213511 -0.91482 -0.342809 0.213511 -0.937689 -0.342912 0.0561413 -0.937689 -0.342912 0.0561413 -0.937689 -0.342912 0.0561413 -0.937689 -0.342912 0.0561413 -0.991919 -0.113547 0.0566107 -0.991919 -0.113547 0.0566107 -0.991919 -0.113547 0.0566107 -0.991919 -0.113547 0.0566107 -0.997729 0.0482893 0.0469502 -0.997729 0.0482893 0.0469502 -0.997729 0.0482893 0.0469502 -0.997729 0.0482893 0.0469502 0.590685 -0.225968 0.774616 0.590685 -0.225968 0.774616 0.590685 -0.225968 0.774616 0.590685 -0.225968 0.774616 0.712384 -0.186782 0.676478 0.712384 -0.186782 0.676478 0.712384 -0.186782 0.676478 0.712384 -0.186782 0.676478 0.589753 0.239188 0.77135 0.589753 0.239188 0.77135 0.589753 0.239188 0.77135 0.589753 0.239188 0.77135 0.70485 0.245869 0.665383 0.70485 0.245869 0.665383 0.70485 0.245869 0.665383 0.70485 0.245869 0.665383 0.352406 -0.662839 0.660647 0.352406 -0.662839 0.660647 0.352406 -0.662839 0.660647 0.352406 -0.662839 0.660647 0.458065 -0.649752 0.606629 0.458065 -0.649752 0.606629 0.458065 -0.649752 0.606629 0.458065 -0.649752 0.606629 0.571119 -0.604054 0.555826 0.571119 -0.604054 0.555826 0.571119 -0.604054 0.555826 0.571119 -0.604054 0.555826 0.707165 -0.500584 0.499333 0.707165 -0.500584 0.499333 0.707165 -0.500584 0.499333 0.707165 -0.500584 0.499333 0.81859 -0.132933 0.558784 0.81859 -0.132933 0.558784 0.81859 -0.132933 0.558784 0.81859 -0.132933 0.558784 0.799398 0.251382 0.545684 0.799398 0.251382 0.545684 0.799398 0.251382 0.545684 0.799398 0.251382 0.545684 0.61867 0.661282 0.42421 0.61867 0.661282 0.42421 0.61867 0.661282 0.42421 0.61867 0.661282 0.42421 0.544067 0.663428 0.513668 0.544067 0.663428 0.513668 0.544067 0.663428 0.513668 0.544067 0.663428 0.513668 0.45418 0.66397 0.594024 0.45418 0.66397 0.594024 0.45418 0.66397 0.594024 0.45418 0.66397 0.594024 0.352306 0.66446 0.65907 0.352306 0.66446 0.65907 0.352306 0.66446 0.65907 0.352306 0.66446 0.65907 0.457778 0.238454 0.856492 0.457778 0.238454 0.856492 0.457778 0.238454 0.856492 0.457778 0.238454 0.856492 0.457758 -0.237289 0.856827 0.457758 -0.237289 0.856827 0.457758 -0.237289 0.856827 0.457758 -0.237289 0.856827 -0.0792634 -0.992821 -0.0895807 -0.0792634 -0.992821 -0.0895807 -0.0792634 -0.992821 -0.0895807 -0.0792634 -0.992821 -0.0895807 -0.108196 -0.991888 -0.0667298 -0.108196 -0.991888 -0.0667298 -0.108196 -0.991888 -0.0667298 -0.108196 -0.991888 -0.0667298 0.0660187 -0.992731 0.100629 0.0660187 -0.992731 0.100629 0.0660187 -0.992731 0.100629 0.0660187 -0.992731 0.100629 0.0729789 -0.991781 0.105095 0.0729789 -0.991781 0.105095 0.0729789 -0.991781 0.105095 0.0729789 -0.991781 0.105095 -0.188764 -0.917462 -0.350188 -0.188764 -0.917462 -0.350188 -0.188764 -0.917462 -0.350188 -0.188764 -0.917462 -0.350188 -0.250662 -0.915509 -0.314662 -0.250662 -0.915509 -0.314662 -0.250662 -0.915509 -0.314662 -0.250662 -0.915509 -0.314662 -0.324597 -0.905203 -0.274306 -0.324597 -0.905203 -0.274306 -0.324597 -0.905203 -0.274306 -0.324597 -0.905203 -0.274306 -0.42319 -0.880433 -0.213889 -0.42319 -0.880433 -0.213889 -0.42319 -0.880433 -0.213889 -0.42319 -0.880433 -0.213889 -0.158557 -0.98696 -0.027758 -0.158557 -0.98696 -0.027758 -0.158557 -0.98696 -0.027758 -0.158557 -0.98696 -0.027758 0.0777898 -0.987458 0.137387 0.0777898 -0.987458 0.137387 0.0777898 -0.987458 0.137387 0.0777898 -0.987458 0.137387 0.39311 -0.858105 0.330333 0.39311 -0.858105 0.330333 0.39311 -0.858105 0.330333 0.39311 -0.858105 0.330333 0.296037 -0.903243 0.310667 0.296037 -0.903243 0.310667 0.296037 -0.903243 0.310667 0.296037 -0.903243 0.310667 0.240424 -0.913884 0.327128 0.240424 -0.913884 0.327128 0.240424 -0.913884 0.327128 0.240424 -0.913884 0.327128 0.186962 -0.917139 0.351997 0.186962 -0.917139 0.351997 0.186962 -0.917139 0.351997 0.186962 -0.917139 0.351997 0.0550097 -0.992903 0.105446 0.0550097 -0.992903 0.105446 0.0550097 -0.992903 0.105446 0.0550097 -0.992903 0.105446 -0.0571158 -0.992917 -0.10418 -0.0571158 -0.992917 -0.10418 -0.0571158 -0.992917 -0.10418 -0.0571158 -0.992917 -0.10418 -0.144514 0.216631 -0.965498 -0.144514 0.216631 -0.965498 -0.144514 0.216631 -0.965498 -0.144514 0.216631 -0.965498 -0.14692 -0.241846 -0.959127 -0.14692 -0.241846 -0.959127 -0.14692 -0.241846 -0.959127 -0.14692 -0.241846 -0.959127 -0.000119449 0.166726 -0.986003 -0.000119449 0.166726 -0.986003 -0.000119449 0.166726 -0.986003 -0.000119449 0.166726 -0.986003 -0.00916046 -0.246881 -0.969003 -0.00916046 -0.246881 -0.969003 -0.00916046 -0.246881 -0.969003 -0.00916046 -0.246881 -0.969003 -0.223392 0.661873 -0.715556 -0.223392 0.661873 -0.715556 -0.223392 0.661873 -0.715556 -0.223392 0.661873 -0.715556 -0.290877 0.235799 -0.927248 -0.290877 0.235799 -0.927248 -0.290877 0.235799 -0.927248 -0.290877 0.235799 -0.927248 -0.291077 -0.23911 -0.926337 -0.291077 -0.23911 -0.926337 -0.291077 -0.23911 -0.926337 -0.291077 -0.23911 -0.926337 -0.224056 -0.664738 -0.712686 -0.224056 -0.664738 -0.712686 -0.224056 -0.664738 -0.712686 -0.224056 -0.664738 -0.712686 -0.113576 -0.665103 -0.738064 -0.113576 -0.665103 -0.738064 -0.113576 -0.665103 -0.738064 -0.113576 -0.665103 -0.738064 -0.00893176 -0.664989 -0.7468 -0.00893176 -0.664989 -0.7468 -0.00893176 -0.664989 -0.7468 -0.00893176 -0.664989 -0.7468 0.0835046 -0.666578 -0.740743 0.0835046 -0.666578 -0.740743 0.0835046 -0.666578 -0.740743 0.0835046 -0.666578 -0.740743 0.11494 -0.258193 -0.959232 0.11494 -0.258193 -0.959232 0.11494 -0.258193 -0.959232 0.11494 -0.258193 -0.959232 0.135094 0.0932424 -0.986436 0.135094 0.0932424 -0.986436 0.135094 0.0932424 -0.986436 0.135094 0.0932424 -0.986436 0.167653 0.360378 -0.917617 0.167653 0.360378 -0.917617 0.167653 0.360378 -0.917617 0.167653 0.360378 -0.917617 0.021553 0.56272 -0.826367 0.021553 0.56272 -0.826367 0.021553 0.56272 -0.826367 0.021553 0.56272 -0.826367 -0.106048 0.640071 -0.760962 -0.106048 0.640071 -0.760962 -0.106048 0.640071 -0.760962 -0.106048 0.640071 -0.760962 -0.0705097 0.0991029 -0.992576 -0.0705097 0.0991029 -0.992576 -0.0705097 0.0991029 -0.992576 -0.0705097 0.0991029 -0.992576 -0.0601708 -0.120646 -0.99087 -0.0601708 -0.120646 -0.99087 -0.0601708 -0.120646 -0.99087 -0.0601708 -0.120646 -0.99087 0.0647542 0.121106 -0.990525 0.0647542 0.121106 -0.990525 0.0647542 0.121106 -0.990525 0.0647542 0.121106 -0.990525 0.0743295 -0.0965555 -0.992548 0.0743295 -0.0965555 -0.992548 0.0743295 -0.0965555 -0.992548 0.0743295 -0.0965555 -0.992548 -0.206412 0.256933 -0.944129 -0.206412 0.256933 -0.944129 -0.206412 0.256933 -0.944129 -0.206412 0.256933 -0.944129 -0.181388 0.062884 -0.981399 -0.181388 0.062884 -0.981399 -0.181388 0.062884 -0.981399 -0.181388 0.062884 -0.981399 -0.16721 -0.13573 -0.976534 -0.16721 -0.13573 -0.976534 -0.16721 -0.13573 -0.976534 -0.16721 -0.13573 -0.976534 -0.145696 -0.414855 -0.898147 -0.145696 -0.414855 -0.898147 -0.145696 -0.414855 -0.898147 -0.145696 -0.414855 -0.898147 -0.0450492 -0.402392 -0.914358 -0.0450492 -0.402392 -0.914358 -0.0450492 -0.402392 -0.914358 -0.0450492 -0.402392 -0.914358 0.091056 -0.355485 -0.930236 0.091056 -0.355485 -0.930236 0.091056 -0.355485 -0.930236 0.091056 -0.355485 -0.930236 0.214847 -0.239183 -0.946907 0.214847 -0.239183 -0.946907 0.214847 -0.239183 -0.946907 0.214847 -0.239183 -0.946907 0.187564 -0.0592493 -0.980464 0.187564 -0.0592493 -0.980464 0.187564 -0.0592493 -0.980464 0.187564 -0.0592493 -0.980464 0.17621 0.133725 -0.975227 0.17621 0.133725 -0.975227 0.17621 0.133725 -0.975227 0.17621 0.133725 -0.975227 0.159562 0.410722 -0.89769 0.159562 0.410722 -0.89769 0.159562 0.410722 -0.89769 0.159562 0.410722 -0.89769 0.052029 0.401085 -0.914562 0.052029 0.401085 -0.914562 0.052029 0.401085 -0.914562 0.052029 0.401085 -0.914562 -0.0838377 0.36219 -0.928327 -0.0838377 0.36219 -0.928327 -0.0838377 0.36219 -0.928327 -0.0838377 0.36219 -0.928327 -0.0664169 0.0935398 -0.993398 -0.0664169 0.0935398 -0.993398 -0.0664169 0.0935398 -0.993398 -0.0664169 0.0935398 -0.993398 -0.0727002 -0.0747845 -0.994546 -0.0727002 -0.0747845 -0.994546 -0.0727002 -0.0747845 -0.994546 -0.0727002 -0.0747845 -0.994546 0.0685898 0.0771543 -0.994657 0.0685898 0.0771543 -0.994657 0.0685898 0.0771543 -0.994657 0.0685898 0.0771543 -0.994657 0.0598439 -0.0930896 -0.993858 0.0598439 -0.0930896 -0.993858 0.0598439 -0.0930896 -0.993858 0.0598439 -0.0930896 -0.993858 -0.173588 0.33163 -0.927302 -0.173588 0.33163 -0.927302 -0.173588 0.33163 -0.927302 -0.173588 0.33163 -0.927302 -0.182931 0.106291 -0.977363 -0.182931 0.106291 -0.977363 -0.182931 0.106291 -0.977363 -0.182931 0.106291 -0.977363 -0.188233 -0.0466104 -0.981018 -0.188233 -0.0466104 -0.981018 -0.188233 -0.0466104 -0.981018 -0.188233 -0.0466104 -0.981018 -0.204078 -0.200344 -0.958235 -0.204078 -0.200344 -0.958235 -0.204078 -0.200344 -0.958235 -0.204078 -0.200344 -0.958235 -0.08426 -0.283395 -0.955295 -0.08426 -0.283395 -0.955295 -0.08426 -0.283395 -0.955295 -0.08426 -0.283395 -0.955295 0.0480292 -0.316575 -0.947351 0.0480292 -0.316575 -0.947351 0.0480292 -0.316575 -0.947351 0.0480292 -0.316575 -0.947351 0.142883 -0.327489 -0.933989 0.142883 -0.327489 -0.933989 0.142883 -0.327489 -0.933989 0.142883 -0.327489 -0.933989 0.162449 -0.106423 -0.980961 0.162449 -0.106423 -0.980961 0.162449 -0.106423 -0.980961 0.162449 -0.106423 -0.980961 0.176945 0.0510479 -0.982896 0.176945 0.0510479 -0.982896 0.176945 0.0510479 -0.982896 0.176945 0.0510479 -0.982896 0.197302 0.229711 -0.95305 0.197302 0.229711 -0.95305 0.197302 0.229711 -0.95305 0.197302 0.229711 -0.95305 0.0783318 0.294619 -0.952399 0.0783318 0.294619 -0.952399 0.0783318 0.294619 -0.952399 0.0783318 0.294619 -0.952399 -0.0586882 0.31892 -0.945963 -0.0586882 0.31892 -0.945963 -0.0586882 0.31892 -0.945963 -0.0586882 0.31892 -0.945963 0.0325107 0.956853 0.288747 0.0325107 0.956853 0.288747 0.0325107 0.956853 0.288747 0.0325107 0.956853 0.288747 -0.00623494 0.95689 -0.290383 -0.00623494 0.95689 -0.290383 -0.00623494 0.95689 -0.290383 -0.00623494 0.95689 -0.290383 0.027642 0.958404 0.284075 0.027642 0.958404 0.284075 0.027642 0.958404 0.284075 0.027642 0.958404 0.284075 0.0600834 0.957447 -0.282287 0.0600834 0.957447 -0.282287 0.0600834 0.957447 -0.282287 0.0600834 0.957447 -0.282287 0.130391 0.675521 0.72572 0.130391 0.675521 0.72572 0.130391 0.675521 0.72572 0.130391 0.675521 0.72572 0.0510937 0.957647 0.283376 0.0510937 0.957647 0.283376 0.0510937 0.957647 0.283376 0.0510937 0.957647 0.283376 -0.0529003 0.957745 -0.282711 -0.0529003 0.957745 -0.282711 -0.0529003 0.957745 -0.282711 -0.0529003 0.957745 -0.282711 -0.135616 0.676439 -0.723905 -0.135616 0.676439 -0.723905 -0.135616 0.676439 -0.723905 -0.135616 0.676439 -0.723905 -0.0396941 0.667196 -0.743824 -0.0396941 0.667196 -0.743824 -0.0396941 0.667196 -0.743824 -0.0396941 0.667196 -0.743824 0.0806686 0.659011 -0.747795 0.0806686 0.659011 -0.747795 0.0806686 0.659011 -0.747795 0.0806686 0.659011 -0.747795 0.198606 0.654459 -0.729547 0.198606 0.654459 -0.729547 0.198606 0.654459 -0.729547 0.198606 0.654459 -0.729547 0.146865 0.953433 -0.263431 0.146865 0.953433 -0.263431 0.146865 0.953433 -0.263431 0.146865 0.953433 -0.263431 0.0708356 0.952024 0.297713 0.0708356 0.952024 0.297713 0.0708356 0.952024 0.297713 0.0708356 0.952024 0.297713 -0.0423525 0.634098 0.772092 -0.0423525 0.634098 0.772092 -0.0423525 0.634098 0.772092 -0.0423525 0.634098 0.772092 -0.00962067 0.665657 0.746196 -0.00962067 0.665657 0.746196 -0.00962067 0.665657 0.746196 -0.00962067 0.665657 0.746196 0.0598363 0.667157 0.74251 0.0598363 0.667157 0.74251 0.0598363 0.667157 0.74251 0.0598363 0.667157 0.74251 -0.0629004 -0.0937955 0.993603 -0.0629004 -0.0937955 0.993603 -0.0629004 -0.0937955 0.993603 -0.0629004 -0.0937955 0.993603 0.0617251 -0.0747898 0.995287 0.0617251 -0.0747898 0.995287 0.0617251 -0.0747898 0.995287 0.0617251 -0.0747898 0.995287 -0.0558959 0.0761267 0.99553 -0.0558959 0.0761267 0.99553 -0.0558959 0.0761267 0.99553 -0.0558959 0.0761267 0.99553 0.0672829 0.0935391 0.99334 0.0672829 0.0935391 0.99334 0.0672829 0.0935391 0.99334 0.0672829 0.0935391 0.99334 -0.160224 -0.327445 0.931186 -0.160224 -0.327445 0.931186 -0.160224 -0.327445 0.931186 -0.160224 -0.327445 0.931186 -0.0689798 -0.312096 0.947543 -0.0689798 -0.312096 0.947543 -0.0689798 -0.312096 0.947543 -0.0689798 -0.312096 0.947543 0.0459819 -0.283501 0.957869 0.0459819 -0.283501 0.957869 0.0459819 -0.283501 0.957869 0.0459819 -0.283501 0.957869 0.144313 -0.212644 0.966414 0.144313 -0.212644 0.966414 0.144313 -0.212644 0.966414 0.144313 -0.212644 0.966414 0.171595 -0.0482417 0.983986 0.171595 -0.0482417 0.983986 0.171595 -0.0482417 0.983986 0.171595 -0.0482417 0.983986 0.175498 0.106187 0.978736 0.175498 0.106187 0.978736 0.175498 0.106187 0.978736 0.175498 0.106187 0.978736 0.166642 0.331203 0.928728 0.166642 0.331203 0.928728 0.166642 0.331203 0.928728 0.166642 0.331203 0.928728 0.0682575 0.318879 0.945334 0.0682575 0.318879 0.945334 0.0682575 0.318879 0.945334 0.0682575 0.318879 0.945334 -0.0409768 0.297907 0.953715 -0.0409768 0.297907 0.953715 -0.0409768 0.297907 0.953715 -0.0409768 0.297907 0.953715 -0.128756 0.240393 0.962098 -0.128756 0.240393 0.962098 -0.128756 0.240393 0.962098 -0.128756 0.240393 0.962098 -0.1558 0.0505856 0.986493 -0.1558 0.0505856 0.986493 -0.1558 0.0505856 0.986493 -0.1558 0.0505856 0.986493 -0.16246 -0.107449 0.980847 -0.16246 -0.107449 0.980847 -0.16246 -0.107449 0.980847 -0.16246 -0.107449 0.980847 -0.0621124 -0.148932 0.986895 -0.0621124 -0.148932 0.986895 -0.0621124 -0.148932 0.986895 -0.0621124 -0.148932 0.986895 -0.068305 0.159699 0.9848 -0.068305 0.159699 0.9848 -0.068305 0.159699 0.9848 -0.068305 0.159699 0.9848 -0.176638 -0.126267 0.976143 -0.176638 -0.126267 0.976143 -0.176638 -0.126267 0.976143 -0.176638 -0.126267 0.976143 -0.191146 0.166197 0.967389 -0.191146 0.166197 0.967389 -0.191146 0.166197 0.967389 -0.191146 0.166197 0.967389 -0.0551771 -0.49934 0.864647 -0.0551771 -0.49934 0.864647 -0.0551771 -0.49934 0.864647 -0.0551771 -0.49934 0.864647 -0.0643952 -0.156618 0.985558 -0.0643952 -0.156618 0.985558 -0.0643952 -0.156618 0.985558 -0.0643952 -0.156618 0.985558 -0.0652192 0.157832 0.98531 -0.0652192 0.157832 0.98531 -0.0652192 0.157832 0.98531 -0.0652192 0.157832 0.98531 -0.0578101 0.500272 0.863936 -0.0578101 0.500272 0.863936 -0.0578101 0.500272 0.863936 -0.0578101 0.500272 0.863936 -0.0635272 0.500522 0.86339 -0.0635272 0.500522 0.86339 -0.0635272 0.500522 0.86339 -0.0635272 0.500522 0.86339 -0.177291 0.502134 0.846421 -0.177291 0.502134 0.846421 -0.177291 0.502134 0.846421 -0.177291 0.502134 0.846421 -0.190162 0.505481 0.841622 -0.190162 0.505481 0.841622 -0.190162 0.505481 0.841622 -0.190162 0.505481 0.841622 -0.197142 0.178002 0.96408 -0.197142 0.178002 0.96408 -0.197142 0.178002 0.96408 -0.197142 0.178002 0.96408 -0.177449 -0.0819019 0.980716 -0.177449 -0.0819019 0.980716 -0.177449 -0.0819019 0.980716 -0.177449 -0.0819019 0.980716 -0.118504 -0.348212 0.929895 -0.118504 -0.348212 0.929895 -0.118504 -0.348212 0.929895 -0.118504 -0.348212 0.929895 -0.126333 -0.459829 0.878975 -0.126333 -0.459829 0.878975 -0.126333 -0.459829 0.878975 -0.126333 -0.459829 0.878975 -0.0433503 -0.49073 0.870233 -0.0433503 -0.49073 0.870233 -0.0433503 -0.49073 0.870233 -0.0433503 -0.49073 0.870233 0.983324 -0.137482 -0.119052 0.983324 -0.137482 -0.119052 0.983324 -0.137482 -0.119052 0.983324 -0.137482 -0.119052 0.983323 0.137487 -0.119052 0.983323 0.137487 -0.119052 0.983323 0.137487 -0.119052 0.983323 0.137487 -0.119052 0.989763 -0.142712 0.00171578 0.989763 -0.142712 0.00171578 0.989763 -0.142712 0.00171578 0.989763 -0.142712 0.00171578 0.989762 0.142717 0.00171715 0.989762 0.142717 0.00171715 0.989762 0.142717 0.00171715 0.989762 0.142717 0.00171715 0.8746 -0.450287 -0.179768 0.8746 -0.450287 -0.179768 0.8746 -0.450287 -0.179768 0.8746 -0.450287 -0.179768 0.970039 -0.137971 -0.199969 0.970039 -0.137971 -0.199969 0.970039 -0.137971 -0.199969 0.970039 -0.137971 -0.199969 0.970039 0.137974 -0.199969 0.970039 0.137974 -0.199969 0.970039 0.137974 -0.199969 0.970039 0.137974 -0.199969 0.874608 0.45027 -0.179772 0.874608 0.45027 -0.179772 0.874608 0.45027 -0.179772 0.874608 0.45027 -0.179772 0.886898 0.450016 -0.10439 0.886898 0.450016 -0.10439 0.886898 0.450016 -0.10439 0.886898 0.450016 -0.10439 0.891217 0.45342 0.011979 0.891217 0.45342 0.011979 0.891217 0.45342 0.011979 0.891217 0.45342 0.011979 0.896569 0.427598 0.11543 0.896569 0.427598 0.11543 0.896569 0.427598 0.11543 0.896569 0.427598 0.11543 0.978802 0.145406 0.144238 0.978802 0.145406 0.144238 0.978802 0.145406 0.144238 0.978802 0.145406 0.144238 0.978805 -0.14539 0.144233 0.978805 -0.14539 0.144233 0.978805 -0.14539 0.144233 0.978805 -0.14539 0.144233 0.896558 -0.427623 0.115421 0.896558 -0.427623 0.115421 0.896558 -0.427623 0.115421 0.896558 -0.427623 0.115421 0.891213 -0.453427 0.0119791 0.891213 -0.453427 0.0119791 0.891213 -0.453427 0.0119791 0.891213 -0.453427 0.0119791 0.886892 -0.450026 -0.104395 0.886892 -0.450026 -0.104395 0.886892 -0.450026 -0.104395 0.886892 -0.450026 -0.104395 -0.0218359 -0.143269 0.989443 -0.0218359 -0.143269 0.989443 -0.0218359 -0.143269 0.989443 -0.0218359 -0.143269 0.989443 -0.0218342 0.14327 0.989443 -0.0218342 0.14327 0.989443 -0.0218342 0.14327 0.989443 -0.0218342 0.14327 0.989443 -0.00562942 -0.145818 0.989295 -0.00562942 -0.145818 0.989295 -0.00562942 -0.145818 0.989295 -0.00562942 -0.145818 0.989295 -0.00563133 0.145821 0.989295 -0.00563133 0.145821 0.989295 -0.00563133 0.145821 0.989295 -0.00563133 0.145821 0.989295 -0.0830074 -0.459261 0.884414 -0.0830074 -0.459261 0.884414 -0.0830074 -0.459261 0.884414 -0.0830074 -0.459261 0.884414 -0.0920256 -0.141401 0.985666 -0.0920256 -0.141401 0.985666 -0.0920256 -0.141401 0.985666 -0.0920256 -0.141401 0.985666 -0.092025 0.141408 0.985665 -0.092025 0.141408 0.985665 -0.092025 0.141408 0.985665 -0.092025 0.141408 0.985665 -0.0830064 0.459248 0.884422 -0.0830064 0.459248 0.884422 -0.0830064 0.459248 0.884422 -0.0830064 0.459248 0.884422 -0.0237822 0.461079 0.88704 -0.0237822 0.461079 0.88704 -0.0237822 0.461079 0.88704 -0.0237822 0.461079 0.88704 -0.0150489 0.461923 0.886792 -0.0150489 0.461923 0.886792 -0.0150489 0.461923 0.886792 -0.0150489 0.461923 0.886792 -0.0864569 0.477219 0.874521 -0.0864569 0.477219 0.874521 -0.0864569 0.477219 0.874521 -0.0864569 0.477219 0.874521 -0.0746173 0.168564 0.982862 -0.0746173 0.168564 0.982862 -0.0746173 0.168564 0.982862 -0.0746173 0.168564 0.982862 -0.0746194 -0.168562 0.982863 -0.0746194 -0.168562 0.982863 -0.0746194 -0.168562 0.982863 -0.0746194 -0.168562 0.982863 -0.0864656 -0.477231 0.874514 -0.0864656 -0.477231 0.874514 -0.0864656 -0.477231 0.874514 -0.0864656 -0.477231 0.874514 -0.0150451 -0.461927 0.88679 -0.0150451 -0.461927 0.88679 -0.0150451 -0.461927 0.88679 -0.0150451 -0.461927 0.88679 -0.0237839 -0.461086 0.887037 -0.0237839 -0.461086 0.887037 -0.0237839 -0.461086 0.887037 -0.0237839 -0.461086 0.887037 -0.704952 0.246603 -0.665004 -0.704952 0.246603 -0.665004 -0.704952 0.246603 -0.665004 -0.704952 0.246603 -0.665004 -0.718436 -0.184997 -0.670542 -0.718436 -0.184997 -0.670542 -0.718436 -0.184997 -0.670542 -0.718436 -0.184997 -0.670542 -0.589573 0.241756 -0.770686 -0.589573 0.241756 -0.770686 -0.589573 0.241756 -0.770686 -0.589573 0.241756 -0.770686 -0.594028 -0.222106 -0.773175 -0.594028 -0.222106 -0.773175 -0.594028 -0.222106 -0.773175 -0.594028 -0.222106 -0.773175 -0.615795 0.66499 -0.422593 -0.615795 0.66499 -0.422593 -0.615795 0.66499 -0.422593 -0.615795 0.66499 -0.422593 -0.797084 0.266564 -0.541849 -0.797084 0.266564 -0.541849 -0.797084 0.266564 -0.541849 -0.797084 0.266564 -0.541849 -0.829809 -0.104851 -0.548109 -0.829809 -0.104851 -0.548109 -0.829809 -0.104851 -0.548109 -0.829809 -0.104851 -0.548109 -0.770324 -0.426824 -0.473731 -0.770324 -0.426824 -0.473731 -0.770324 -0.426824 -0.473731 -0.770324 -0.426824 -0.473731 -0.590683 -0.603208 -0.535943 -0.590683 -0.603208 -0.535943 -0.590683 -0.603208 -0.535943 -0.590683 -0.603208 -0.535943 -0.465792 -0.650753 -0.599631 -0.465792 -0.650753 -0.599631 -0.465792 -0.650753 -0.599631 -0.465792 -0.650753 -0.599631 -0.354136 -0.663042 -0.659517 -0.354136 -0.663042 -0.659517 -0.354136 -0.663042 -0.659517 -0.354136 -0.663042 -0.659517 -0.459045 -0.236458 -0.856367 -0.459045 -0.236458 -0.856367 -0.459045 -0.236458 -0.856367 -0.459045 -0.236458 -0.856367 -0.458485 0.238992 -0.855964 -0.458485 0.238992 -0.855964 -0.458485 0.238992 -0.855964 -0.458485 0.238992 -0.855964 -0.352736 0.664565 -0.658734 -0.352736 0.664565 -0.658734 -0.352736 0.664565 -0.658734 -0.352736 0.664565 -0.658734 -0.453823 0.664503 -0.593701 -0.453823 0.664503 -0.593701 -0.453823 0.664503 -0.593701 -0.453823 0.664503 -0.593701 -0.543558 0.66371 -0.513842 -0.543558 0.66371 -0.513842 -0.543558 0.66371 -0.513842 -0.543558 0.66371 -0.513842 -0.00163108 -0.992953 -0.118501 -0.00163108 -0.992953 -0.118501 -0.00163108 -0.992953 -0.118501 -0.00163108 -0.992953 -0.118501 -0.0181022 -0.992935 -0.117272 -0.0181022 -0.992935 -0.117272 -0.0181022 -0.992935 -0.117272 -0.0181022 -0.992935 -0.117272 0.00163382 -0.992929 0.118704 0.00163382 -0.992929 0.118704 0.00163382 -0.992929 0.118704 0.00163382 -0.992929 0.118704 0.0181147 -0.992926 0.117342 0.0181147 -0.992926 0.117342 0.0181147 -0.992926 0.117342 0.0181147 -0.992926 0.117342 0.0426055 -0.919071 -0.391782 0.0426055 -0.919071 -0.391782 0.0426055 -0.919071 -0.391782 0.0426055 -0.919071 -0.391782 -0.00517398 -0.918273 -0.395914 -0.00517398 -0.918273 -0.395914 -0.00517398 -0.918273 -0.395914 -0.00517398 -0.918273 -0.395914 -0.0604532 -0.917899 -0.392183 -0.0604532 -0.917899 -0.392183 -0.0604532 -0.917899 -0.392183 -0.0604532 -0.917899 -0.392183 -0.119217 -0.917672 -0.379032 -0.119217 -0.917672 -0.379032 -0.119217 -0.917672 -0.379032 -0.119217 -0.917672 -0.379032 -0.0356532 -0.992922 -0.113294 -0.0356532 -0.992922 -0.113294 -0.0356532 -0.992922 -0.113294 -0.0356532 -0.992922 -0.113294 0.035675 -0.99292 0.113299 0.035675 -0.99292 0.113299 0.035675 -0.99292 0.113299 0.035675 -0.99292 0.113299 0.119415 -0.917611 0.379117 0.119415 -0.917611 0.379117 0.119415 -0.917611 0.379117 0.119415 -0.917611 0.379117 0.0606075 -0.917555 0.392963 0.0606075 -0.917555 0.392963 0.0606075 -0.917555 0.392963 0.0606075 -0.917555 0.392963 0.00519472 -0.917355 0.398035 0.00519472 -0.917355 0.398035 0.00519472 -0.917355 0.398035 0.00519472 -0.917355 0.398035 -0.0432336 -0.916692 0.39725 -0.0432336 -0.916692 0.39725 -0.0432336 -0.916692 0.39725 -0.0432336 -0.916692 0.39725 -0.0125942 -0.992916 0.118153 -0.0125942 -0.992916 0.118153 -0.0125942 -0.992916 0.118153 -0.0125942 -0.992916 0.118153 0.012531 -0.992982 -0.117602 0.012531 -0.992982 -0.117602 0.012531 -0.992982 -0.117602 0.012531 -0.992982 -0.117602 0.00941581 -0.232306 0.972597 0.00941581 -0.232306 0.972597 0.00941581 -0.232306 0.972597 0.00941581 -0.232306 0.972597 0.147317 -0.235549 0.960632 0.147317 -0.235549 0.960632 0.147317 -0.235549 0.960632 0.147317 -0.235549 0.960632 0.0131193 0.182622 0.983096 0.0131193 0.182622 0.983096 0.0131193 0.182622 0.983096 0.0131193 0.182622 0.983096 0.149515 0.22358 0.96315 0.149515 0.22358 0.96315 0.149515 0.22358 0.96315 0.149515 0.22358 0.96315 -0.0854124 -0.651822 0.753547 -0.0854124 -0.651822 0.753547 -0.0854124 -0.651822 0.753547 -0.0854124 -0.651822 0.753547 0.00856316 -0.658832 0.752242 0.00856316 -0.658832 0.752242 0.00856316 -0.658832 0.752242 0.00856316 -0.658832 0.752242 0.11382 -0.662756 0.740135 0.11382 -0.662756 0.740135 0.11382 -0.662756 0.740135 0.11382 -0.662756 0.740135 0.224567 -0.664344 0.712893 0.224567 -0.664344 0.712893 0.224567 -0.664344 0.712893 0.224567 -0.664344 0.712893 0.291802 -0.238058 0.92638 0.291802 -0.238058 0.92638 0.291802 -0.238058 0.92638 0.291802 -0.238058 0.92638 0.292108 0.237067 0.926538 0.292108 0.237067 0.926538 0.292108 0.237067 0.926538 0.292108 0.237067 0.926538 0.226265 0.661797 0.714723 0.226265 0.661797 0.714723 0.226265 0.661797 0.714723 0.226265 0.661797 0.714723 0.124563 0.639557 0.758585 0.124563 0.639557 0.758585 0.124563 0.639557 0.758585 0.124563 0.639557 0.758585 0.02873 0.563893 0.825348 0.02873 0.563893 0.825348 0.02873 0.563893 0.825348 0.02873 0.563893 0.825348 -0.0784429 0.393148 0.916123 -0.0784429 0.393148 0.916123 -0.0784429 0.393148 0.916123 -0.0784429 0.393148 0.916123 -0.114531 0.118345 0.986345 -0.114531 0.118345 0.986345 -0.114531 0.118345 0.986345 -0.114531 0.118345 0.986345 -0.114229 -0.231216 0.966173 -0.114229 -0.231216 0.966173 -0.114229 -0.231216 0.966173 -0.114229 -0.231216 0.966173 0.0637883 0.986694 0.149553 0.0637883 0.986694 0.149553 0.0637883 0.986694 0.149553 0.0637883 0.986694 0.149553 0.038369 0.991895 0.121126 0.038369 0.991895 0.121126 0.038369 0.991895 0.121126 0.038369 0.991895 0.121126 0.0607831 0.987103 -0.148101 0.0607831 0.987103 -0.148101 0.0607831 0.987103 -0.148101 0.0607831 0.987103 -0.148101 0.000573864 0.992001 -0.12623 0.000573864 0.992001 -0.12623 0.000573864 0.992001 -0.12623 0.000573864 0.992001 -0.12623 0.0267298 0.743397 0.668316 0.0267298 0.743397 0.668316 0.0267298 0.743397 0.668316 0.0267298 0.743397 0.668316 0.0520774 0.873197 0.484576 0.0520774 0.873197 0.484576 0.0520774 0.873197 0.484576 0.0520774 0.873197 0.484576 0.0790035 0.908045 0.411355 0.0790035 0.908045 0.411355 0.0790035 0.908045 0.411355 0.0790035 0.908045 0.411355 0.122076 0.916598 0.380717 0.122076 0.916598 0.380717 0.122076 0.916598 0.380717 0.122076 0.916598 0.380717 0.0383168 0.992836 0.113171 0.0383168 0.992836 0.113171 0.0383168 0.992836 0.113171 0.0383168 0.992836 0.113171 -0.0333327 0.992852 -0.114607 -0.0333327 0.992852 -0.114607 -0.0333327 0.992852 -0.114607 -0.0333327 0.992852 -0.114607 -0.117557 0.916899 -0.381415 -0.117557 0.916899 -0.381415 -0.117557 0.916899 -0.381415 -0.117557 0.916899 -0.381415 -0.0461052 0.910023 -0.411987 -0.0461052 0.910023 -0.411987 -0.0461052 0.910023 -0.411987 -0.0461052 0.910023 -0.411987 0.0467451 0.881219 -0.470392 0.0467451 0.881219 -0.470392 0.0467451 0.881219 -0.470392 0.0467451 0.881219 -0.470392 0.192338 0.793452 -0.577443 0.192338 0.793452 -0.577443 0.192338 0.793452 -0.577443 0.192338 0.793452 -0.577443 0.186905 0.963438 -0.191975 0.186905 0.963438 -0.191975 0.186905 0.963438 -0.191975 0.186905 0.963438 -0.191975 0.141199 0.961221 0.236891 0.141199 0.961221 0.236891 0.141199 0.961221 0.236891 0.141199 0.961221 0.236891 0.87723 0.129835 -0.46218 0.87723 0.129835 -0.46218 0.87723 0.129835 -0.46218 0.87723 0.129835 -0.46218 0.878555 -0.0900828 -0.469071 0.878555 -0.0900828 -0.469071 0.878555 -0.0900828 -0.469071 0.878555 -0.0900828 -0.469071 0.961524 0.125695 -0.244278 0.961524 0.125695 -0.244278 0.961524 0.125695 -0.244278 0.961524 0.125695 -0.244278 0.962431 -0.114122 -0.24638 0.962431 -0.114122 -0.24638 0.962431 -0.114122 -0.24638 0.962431 -0.114122 -0.24638 0.694966 0.41091 -0.590064 0.694966 0.41091 -0.590064 0.694966 0.41091 -0.590064 0.694966 0.41091 -0.590064 0.753186 0.138021 -0.643165 0.753186 0.138021 -0.643165 0.753186 0.138021 -0.643165 0.753186 0.138021 -0.643165 0.752314 -0.0493531 -0.656954 0.752314 -0.0493531 -0.656954 0.752314 -0.0493531 -0.656954 0.752314 -0.0493531 -0.656954 0.718213 -0.212842 -0.662472 0.718213 -0.212842 -0.662472 0.718213 -0.212842 -0.662472 0.718213 -0.212842 -0.662472 0.819856 -0.353916 -0.45009 0.819856 -0.353916 -0.45009 0.819856 -0.353916 -0.45009 0.819856 -0.353916 -0.45009 0.887736 -0.398014 -0.231321 0.887736 -0.398014 -0.231321 0.887736 -0.398014 -0.231321 0.887736 -0.398014 -0.231321 0.911648 -0.410825 -0.0110288 0.911648 -0.410825 -0.0110288 0.911648 -0.410825 -0.0110288 0.911648 -0.410825 -0.0110288 0.992353 -0.122919 -0.0112839 0.992353 -0.122919 -0.0112839 0.992353 -0.122919 -0.0112839 0.992353 -0.122919 -0.0112839 0.992187 0.12427 -0.0110311 0.992187 0.12427 -0.0110311 0.992187 0.12427 -0.0110311 0.992187 0.12427 -0.0110311 0.910964 0.412361 -0.0101318 0.910964 0.412361 -0.0101318 0.910964 0.412361 -0.0101318 0.910964 0.412361 -0.0101318 0.88339 0.411599 -0.22407 0.88339 0.411599 -0.22407 0.88339 0.411599 -0.22407 0.88339 0.411599 -0.22407 0.80711 0.410961 -0.423893 0.80711 0.410961 -0.423893 0.80711 0.410961 -0.423893 0.80711 0.410961 -0.423893 -0.880785 -0.100396 0.46275 -0.880785 -0.100396 0.46275 -0.880785 -0.100396 0.46275 -0.880785 -0.100396 0.46275 -0.878107 0.125262 0.461777 -0.878107 0.125262 0.461777 -0.878107 0.125262 0.461777 -0.878107 0.125262 0.461777 -0.962817 -0.117647 0.243191 -0.962817 -0.117647 0.243191 -0.962817 -0.117647 0.243191 -0.962817 -0.117647 0.243191 -0.96192 0.123854 0.243661 -0.96192 0.123854 0.243661 -0.96192 0.123854 0.243661 -0.96192 0.123854 0.243661 -0.73121 -0.292813 0.61611 -0.73121 -0.292813 0.61611 -0.73121 -0.292813 0.61611 -0.73121 -0.292813 0.61611 -0.758138 -0.0709087 0.648227 -0.758138 -0.0709087 0.648227 -0.758138 -0.0709087 0.648227 -0.758138 -0.0709087 0.648227 -0.754707 0.130521 0.642947 -0.754707 0.130521 0.642947 -0.754707 0.130521 0.642947 -0.754707 0.130521 0.642947 -0.69516 0.409775 0.590624 -0.69516 0.409775 0.590624 -0.69516 0.409775 0.590624 -0.69516 0.409775 0.590624 -0.807383 0.410305 0.424008 -0.807383 0.410305 0.424008 -0.807383 0.410305 0.424008 -0.807383 0.410305 0.424008 -0.883583 0.411344 0.223777 -0.883583 0.411344 0.223777 -0.883583 0.411344 0.223777 -0.883583 0.411344 0.223777 -0.910978 0.41232 0.0105739 -0.910978 0.41232 0.0105739 -0.910978 0.41232 0.0105739 -0.910978 0.41232 0.0105739 -0.992207 0.124066 0.0115492 -0.992207 0.124066 0.0115492 -0.992207 0.124066 0.0115492 -0.992207 0.124066 0.0115492 -0.992293 -0.123386 0.0113946 -0.992293 -0.123386 0.0113946 -0.992293 -0.123386 0.0113946 -0.992293 -0.123386 0.0113946 -0.91168 -0.410783 0.00989717 -0.91168 -0.410783 0.00989717 -0.91168 -0.410783 0.00989717 -0.91168 -0.410783 0.00989717 -0.890288 -0.397797 0.221687 -0.890288 -0.397797 0.221687 -0.890288 -0.397797 0.221687 -0.890288 -0.397797 0.221687 -0.829738 -0.358048 0.428179 -0.829738 -0.358048 0.428179 -0.829738 -0.358048 0.428179 -0.829738 -0.358048 0.428179 -0.202909 0.973386 0.106529 -0.202909 0.973386 0.106529 -0.202909 0.973386 0.106529 -0.202909 0.973386 0.106529 0.202907 0.973385 -0.106537 0.202907 0.973385 -0.106537 0.202907 0.973385 -0.106537 0.202907 0.973385 -0.106537 -0.222147 0.973387 0.0562841 -0.222147 0.973387 0.0562841 -0.222147 0.973387 0.0562841 -0.222147 0.973387 0.0562841 0.222147 0.973386 -0.0563098 0.222147 0.973386 -0.0563098 0.222147 0.973386 -0.0563098 0.222147 0.973386 -0.0563098 -0.494099 0.761491 0.419521 -0.494099 0.761491 0.419521 -0.494099 0.761491 0.419521 -0.494099 0.761491 0.419521 -0.174465 0.97346 0.148116 -0.174465 0.97346 0.148116 -0.174465 0.97346 0.148116 -0.174465 0.97346 0.148116 0.174477 0.97346 -0.148102 0.174477 0.97346 -0.148102 0.174477 0.97346 -0.148102 0.174477 0.97346 -0.148102 0.494178 0.76149 -0.41943 0.494178 0.76149 -0.41943 0.494178 0.76149 -0.41943 0.494178 0.76149 -0.41943 0.574345 0.761034 -0.301589 0.574345 0.761034 -0.301589 0.574345 0.761034 -0.301589 0.574345 0.761034 -0.301589 0.628814 0.761031 -0.159453 0.628814 0.761031 -0.159453 0.628814 0.761031 -0.159453 0.628814 0.761031 -0.159453 0.648087 0.761532 -0.00726241 0.648087 0.761532 -0.00726241 0.648087 0.761532 -0.00726241 0.648087 0.761532 -0.00726241 0.228803 0.973469 -0.00258851 0.228803 0.973469 -0.00258851 0.228803 0.973469 -0.00258851 0.228803 0.973469 -0.00258851 -0.2288 0.97347 0.00261474 -0.2288 0.97347 0.00261474 -0.2288 0.97347 0.00261474 -0.2288 0.97347 0.00261474 -0.64808 0.761536 0.00747067 -0.64808 0.761536 0.00747067 -0.64808 0.761536 0.00747067 -0.64808 0.761536 0.00747067 -0.628852 0.761038 0.15927 -0.628852 0.761038 0.15927 -0.628852 0.761038 0.15927 -0.628852 0.761038 0.15927 -0.574369 0.761041 0.301525 -0.574369 0.761041 0.301525 -0.574369 0.761041 0.301525 -0.574369 0.761041 0.301525 0.195751 -0.970053 -0.143803 0.195751 -0.970053 -0.143803 0.195751 -0.970053 -0.143803 0.195751 -0.970053 -0.143803 -0.236423 -0.968296 0.0806713 -0.236423 -0.968296 0.0806713 -0.236423 -0.968296 0.0806713 -0.236423 -0.968296 0.0806713 0.220673 -0.972875 -0.0694118 0.220673 -0.972875 -0.0694118 0.220673 -0.972875 -0.0694118 0.220673 -0.972875 -0.0694118 -0.2287 -0.972491 0.0442471 -0.2287 -0.972491 0.0442471 -0.2287 -0.972491 0.0442471 -0.2287 -0.972491 0.0442471 0.466813 -0.735646 -0.490827 0.466813 -0.735646 -0.490827 0.466813 -0.735646 -0.490827 0.466813 -0.735646 -0.490827 0.155312 -0.956685 -0.246235 0.155312 -0.956685 -0.246235 0.155312 -0.956685 -0.246235 0.155312 -0.956685 -0.246235 -0.276726 -0.95549 0.102287 -0.276726 -0.95549 0.102287 -0.276726 -0.95549 0.102287 -0.276726 -0.95549 0.102287 -0.659204 -0.566482 0.494518 -0.659204 -0.566482 0.494518 -0.659204 -0.566482 0.494518 -0.659204 -0.566482 0.494518 -0.6281 -0.717403 0.301368 -0.6281 -0.717403 0.301368 -0.6281 -0.717403 0.301368 -0.6281 -0.717403 0.301368 -0.642021 -0.751298 0.15284 -0.642021 -0.751298 0.15284 -0.642021 -0.751298 0.15284 -0.642021 -0.751298 0.15284 -0.649323 -0.76049 0.00594389 -0.649323 -0.76049 0.00594389 -0.649323 -0.76049 0.00594389 -0.649323 -0.76049 0.00594389 -0.229158 -0.973389 0.00053707 -0.229158 -0.973389 0.00053707 -0.229158 -0.973389 0.00053707 -0.229158 -0.973389 0.00053707 0.228877 -0.973444 -0.00467545 0.228877 -0.973444 -0.00467545 0.228877 -0.973444 -0.00467545 0.228877 -0.973444 -0.00467545 0.648666 -0.761021 -0.00892353 0.648666 -0.761021 -0.00892353 0.648666 -0.761021 -0.00892353 0.648666 -0.761021 -0.00892353 0.632347 -0.755554 -0.1711 0.632347 -0.755554 -0.1711 0.632347 -0.755554 -0.1711 0.632347 -0.755554 -0.1711 0.582664 -0.738815 -0.338607 0.582664 -0.738815 -0.338607 0.582664 -0.738815 -0.338607 0.582664 -0.738815 -0.338607 -0.423011 -0.0611992 0.904056 -0.423011 -0.0611992 0.904056 -0.423011 -0.0611992 0.904056 -0.423011 -0.0611992 0.904056 -0.419033 0.061171 0.905908 -0.419033 0.061171 0.905908 -0.419033 0.061171 0.905908 -0.419033 0.061171 0.905908 -0.321161 -0.0603351 0.945101 -0.321161 -0.0603351 0.945101 -0.321161 -0.0603351 0.945101 -0.321161 -0.0603351 0.945101 -0.319785 0.0603192 0.945568 -0.319785 0.0603192 0.945568 -0.319785 0.0603192 0.945568 -0.319785 0.0603192 0.945568 -0.458976 -0.222906 0.860031 -0.458976 -0.222906 0.860031 -0.458976 -0.222906 0.860031 -0.458976 -0.222906 0.860031 -0.465291 -0.0627863 0.882928 -0.465291 -0.0627863 0.882928 -0.465291 -0.0627863 0.882928 -0.465291 -0.0627863 0.882928 -0.45594 0.0634609 0.887745 -0.45594 0.0634609 0.887745 -0.45594 0.0634609 0.887745 -0.45594 0.0634609 0.887745 -0.426358 0.223374 0.87654 -0.426358 0.223374 0.87654 -0.426358 0.223374 0.87654 -0.426358 0.223374 0.87654 -0.401518 0.216663 0.889854 -0.401518 0.216663 0.889854 -0.401518 0.216663 0.889854 -0.401518 0.216663 0.889854 -0.31011 0.213745 0.926361 -0.31011 0.213745 0.926361 -0.31011 0.213745 0.926361 -0.31011 0.213745 0.926361 -0.22331 0.212873 0.951219 -0.22331 0.212873 0.951219 -0.22331 0.212873 0.951219 -0.22331 0.212873 0.951219 -0.228516 0.060069 0.971685 -0.228516 0.060069 0.971685 -0.228516 0.060069 0.971685 -0.228516 0.060069 0.971685 -0.228722 -0.0600746 0.971636 -0.228722 -0.0600746 0.971636 -0.228722 -0.0600746 0.971636 -0.228722 -0.0600746 0.971636 -0.224029 -0.212848 0.951056 -0.224029 -0.212848 0.951056 -0.224029 -0.212848 0.951056 -0.224029 -0.212848 0.951056 -0.314961 -0.213746 0.924723 -0.314961 -0.213746 0.924723 -0.314961 -0.213746 0.924723 -0.314961 -0.213746 0.924723 -0.41548 -0.216639 0.883427 -0.41548 -0.216639 0.883427 -0.41548 -0.216639 0.883427 -0.41548 -0.216639 0.883427 0.422275 0.0611936 -0.9044 0.422275 0.0611936 -0.9044 0.422275 0.0611936 -0.9044 0.422275 0.0611936 -0.9044 0.418797 -0.0611669 -0.906018 0.418797 -0.0611669 -0.906018 0.418797 -0.0611669 -0.906018 0.418797 -0.0611669 -0.906018 0.321719 0.0603305 -0.944911 0.321719 0.0603305 -0.944911 0.321719 0.0603305 -0.944911 0.321719 0.0603305 -0.944911 0.320455 -0.06033 -0.945341 0.320455 -0.06033 -0.945341 0.320455 -0.06033 -0.945341 0.320455 -0.06033 -0.945341 0.473113 0.222975 -0.852318 0.473113 0.222975 -0.852318 0.473113 0.222975 -0.852318 0.473113 0.222975 -0.852318 0.467447 0.0627937 -0.881788 0.467447 0.0627937 -0.881788 0.467447 0.0627937 -0.881788 0.467447 0.0627937 -0.881788 0.45983 -0.0634472 -0.885738 0.45983 -0.0634472 -0.885738 0.45983 -0.0634472 -0.885738 0.45983 -0.0634472 -0.885738 0.445721 -0.22347 -0.86683 0.445721 -0.22347 -0.86683 0.445721 -0.22347 -0.86683 0.445721 -0.22347 -0.86683 0.408116 -0.216648 -0.886851 0.408116 -0.216648 -0.886851 0.408116 -0.216648 -0.886851 0.408116 -0.216648 -0.886851 0.313015 -0.213745 -0.925384 0.313015 -0.213745 -0.925384 0.313015 -0.213745 -0.925384 0.313015 -0.213745 -0.925384 0.22428 -0.212868 -0.950992 0.22428 -0.212868 -0.950992 0.22428 -0.212868 -0.950992 0.22428 -0.212868 -0.950992 0.229254 -0.0600747 -0.971511 0.229254 -0.0600747 -0.971511 0.229254 -0.0600747 -0.971511 0.229254 -0.0600747 -0.971511 0.22943 0.0600588 -0.97147 0.22943 0.0600588 -0.97147 0.22943 0.0600588 -0.97147 0.22943 0.0600588 -0.97147 0.224917 0.212866 -0.950842 0.224917 0.212866 -0.950842 0.224917 0.212866 -0.950842 0.224917 0.212866 -0.950842 0.317512 0.213738 -0.923852 0.317512 0.213738 -0.923852 0.317512 0.213738 -0.923852 0.317512 0.213738 -0.923852 0.420569 0.216618 -0.881021 0.420569 0.216618 -0.881021 0.420569 0.216618 -0.881021 0.420569 0.216618 -0.881021 -0.129393 0.900559 0.415031 -0.129393 0.900559 0.415031 -0.129393 0.900559 0.415031 -0.129393 0.900559 0.415031 0.233348 0.899964 -0.368257 0.233348 0.899964 -0.368257 0.233348 0.899964 -0.368257 0.233348 0.899964 -0.368257 -0.121835 0.899096 0.420456 -0.121835 0.899096 0.420456 -0.121835 0.899096 0.420456 -0.121835 0.899096 0.420456 0.158868 0.89917 -0.407743 0.158868 0.89917 -0.407743 0.158868 0.89917 -0.407743 0.158868 0.89917 -0.407743 -0.334123 0.509433 0.792994 -0.334123 0.509433 0.792994 -0.334123 0.509433 0.792994 -0.334123 0.509433 0.792994 -0.0788844 0.898337 0.432167 -0.0788844 0.898337 0.432167 -0.0788844 0.898337 0.432167 -0.0788844 0.898337 0.432167 0.30531 0.900454 -0.309789 0.30531 0.900454 -0.309789 0.30531 0.900454 -0.309789 0.30531 0.900454 -0.309789 0.455465 0.51028 -0.729497 0.455465 0.51028 -0.729497 0.455465 0.51028 -0.729497 0.455465 0.51028 -0.729497 0.39082 0.498794 -0.773605 0.39082 0.498794 -0.773605 0.39082 0.498794 -0.773605 0.39082 0.498794 -0.773605 0.288783 0.493867 -0.820183 0.288783 0.493867 -0.820183 0.288783 0.493867 -0.820183 0.288783 0.493867 -0.820183 0.201197 0.492259 -0.846877 0.201197 0.492259 -0.846877 0.201197 0.492259 -0.846877 0.201197 0.492259 -0.846877 0.103382 0.89856 -0.426501 0.103382 0.89856 -0.426501 0.103382 0.89856 -0.426501 0.103382 0.89856 -0.426501 -0.0979147 0.898545 0.42782 -0.0979147 0.898545 0.42782 -0.0979147 0.898545 0.42782 -0.0979147 0.898545 0.42782 -0.198082 0.492253 0.847615 -0.198082 0.492253 0.847615 -0.198082 0.492253 0.847615 -0.198082 0.492253 0.847615 -0.269597 0.493823 0.826714 -0.269597 0.493823 0.826714 -0.269597 0.493823 0.826714 -0.269597 0.493823 0.826714 -0.337749 0.499129 0.797995 -0.337749 0.499129 0.797995 -0.337749 0.499129 0.797995 -0.337749 0.499129 0.797995 0.179188 -0.901711 -0.393458 0.179188 -0.901711 -0.393458 0.179188 -0.901711 -0.393458 0.179188 -0.901711 -0.393458 -0.185577 -0.901677 0.390564 -0.185577 -0.901677 0.390564 -0.185577 -0.901677 0.390564 -0.185577 -0.901677 0.390564 0.139452 -0.899298 -0.414508 0.139452 -0.899298 -0.414508 0.139452 -0.899298 -0.414508 0.139452 -0.899298 -0.414508 -0.141669 -0.899298 0.413755 -0.141669 -0.899298 0.413755 -0.141669 -0.899298 0.413755 -0.141669 -0.899298 0.413755 0.391374 -0.510989 -0.765321 0.391374 -0.510989 -0.765321 0.391374 -0.510989 -0.765321 0.391374 -0.510989 -0.765321 0.188959 -0.906773 -0.376906 0.188959 -0.906773 -0.376906 0.188959 -0.906773 -0.376906 0.188959 -0.906773 -0.376906 -0.202552 -0.906838 0.369617 -0.202552 -0.906838 0.369617 -0.202552 -0.906838 0.369617 -0.202552 -0.906838 0.369617 -0.406997 -0.510697 0.757325 -0.406997 -0.510697 0.757325 -0.406997 -0.510697 0.757325 -0.406997 -0.510697 0.757325 -0.369468 -0.499101 0.783831 -0.369468 -0.499101 0.783831 -0.369468 -0.499101 0.783831 -0.369468 -0.499101 0.783831 -0.280682 -0.493858 0.822996 -0.280682 -0.493858 0.822996 -0.280682 -0.493858 0.822996 -0.280682 -0.493858 0.822996 -0.19971 -0.492258 0.847229 -0.19971 -0.492258 0.847229 -0.19971 -0.492258 0.847229 -0.19971 -0.492258 0.847229 -0.10082 -0.898556 0.427121 -0.10082 -0.898556 0.427121 -0.10082 -0.898556 0.427121 -0.10082 -0.898556 0.427121 0.100551 -0.898555 -0.427188 0.100551 -0.898555 -0.427188 0.100551 -0.898555 -0.427188 0.100551 -0.898555 -0.427188 0.199687 -0.492259 -0.847235 0.199687 -0.492259 -0.847235 0.199687 -0.492259 -0.847235 0.199687 -0.492259 -0.847235 0.278287 -0.493852 -0.823812 0.278287 -0.493852 -0.823812 0.278287 -0.493852 -0.823812 0.278287 -0.493852 -0.823812 0.361614 -0.499142 -0.787459 0.361614 -0.499142 -0.787459 0.361614 -0.499142 -0.787459 0.361614 -0.499142 -0.787459 -0.444773 -0.142068 0.884304 -0.444773 -0.142068 0.884304 -0.444773 -0.142068 0.884304 -0.444773 -0.142068 0.884304 -0.458162 0.0920741 0.884087 -0.458162 0.0920741 0.884087 -0.458162 0.0920741 0.884087 -0.458162 0.0920741 0.884087 -0.329875 -0.141636 0.933339 -0.329875 -0.141636 0.933339 -0.329875 -0.141636 0.933339 -0.329875 -0.141636 0.933339 -0.33525 0.126182 0.933641 -0.33525 0.126182 0.933641 -0.33525 0.126182 0.933641 -0.33525 0.126182 0.933641 -0.495739 -0.435768 0.751232 -0.495739 -0.435768 0.751232 -0.495739 -0.435768 0.751232 -0.495739 -0.435768 0.751232 -0.548678 -0.137712 0.824614 -0.548678 -0.137712 0.824614 -0.548678 -0.137712 0.824614 -0.548678 -0.137712 0.824614 -0.565608 0.0571884 0.822689 -0.565608 0.0571884 0.822689 -0.565608 0.0571884 0.822689 -0.565608 0.0571884 0.822689 -0.596631 0.204094 0.776129 -0.596631 0.204094 0.776129 -0.596631 0.204094 0.776129 -0.596631 0.204094 0.776129 -0.459103 0.355597 0.81411 -0.459103 0.355597 0.81411 -0.459103 0.355597 0.81411 -0.459103 0.355597 0.81411 -0.317407 0.431476 0.844441 -0.317407 0.431476 0.844441 -0.317407 0.431476 0.844441 -0.317407 0.431476 0.844441 -0.187952 0.455785 0.87002 -0.187952 0.455785 0.87002 -0.187952 0.455785 0.87002 -0.187952 0.455785 0.87002 -0.206786 0.139453 0.968397 -0.206786 0.139453 0.968397 -0.206786 0.139453 0.968397 -0.206786 0.139453 0.968397 -0.205971 -0.141318 0.9683 -0.205971 -0.141318 0.9683 -0.205971 -0.141318 0.9683 -0.205971 -0.141318 0.9683 -0.184784 -0.458675 0.869179 -0.184784 -0.458675 0.869179 -0.184784 -0.458675 0.869179 -0.184784 -0.458675 0.869179 -0.295811 -0.456287 0.839225 -0.295811 -0.456287 0.839225 -0.295811 -0.456287 0.839225 -0.295811 -0.456287 0.839225 -0.399482 -0.44929 0.799095 -0.399482 -0.44929 0.799095 -0.399482 -0.44929 0.799095 -0.399482 -0.44929 0.799095 0.0933305 -0.978674 -0.182995 0.0933305 -0.978674 -0.182995 0.0933305 -0.978674 -0.182995 0.0933305 -0.978674 -0.182995 -0.0913867 -0.978672 0.183984 -0.0913867 -0.978672 0.183984 -0.0913867 -0.978672 0.183984 -0.0913867 -0.978672 0.183984 0.0679412 -0.979236 -0.191002 0.0679412 -0.979236 -0.191002 0.0679412 -0.979236 -0.191002 0.0679412 -0.979236 -0.191002 -0.0672176 -0.979235 0.19126 -0.0672176 -0.979235 0.19126 -0.0672176 -0.979235 0.19126 -0.0672176 -0.979235 0.19126 0.345493 -0.787665 -0.510117 0.345493 -0.787665 -0.510117 0.345493 -0.787665 -0.510117 0.345493 -0.787665 -0.510117 0.119295 -0.977446 -0.174264 0.119295 -0.977446 -0.174264 0.119295 -0.977446 -0.174264 0.119295 -0.977446 -0.174264 -0.115246 -0.977448 0.17696 -0.115246 -0.977448 0.17696 -0.115246 -0.977448 0.17696 -0.115246 -0.977448 0.17696 -0.338714 -0.787672 0.514632 -0.338714 -0.787672 0.514632 -0.338714 -0.787672 0.514632 -0.338714 -0.787672 0.514632 -0.27034 -0.796175 0.541316 -0.27034 -0.796175 0.541316 -0.27034 -0.796175 0.541316 -0.27034 -0.796175 0.541316 -0.199321 -0.800154 0.565707 -0.199321 -0.800154 0.565707 -0.199321 -0.800154 0.565707 -0.199321 -0.800154 0.565707 -0.124366 -0.801463 0.58497 -0.124366 -0.801463 0.58497 -0.124366 -0.801463 0.58497 -0.124366 -0.801463 0.58497 -0.0419573 -0.979415 0.197447 -0.0419573 -0.979415 0.197447 -0.0419573 -0.979415 0.197447 -0.0419573 -0.979415 0.197447 0.0420784 -0.979416 -0.197418 0.0420784 -0.979416 -0.197418 0.0420784 -0.979416 -0.197418 0.0420784 -0.979416 -0.197418 0.12461 -0.801464 -0.584917 0.12461 -0.801464 -0.584917 0.12461 -0.801464 -0.584917 0.12461 -0.801464 -0.584917 0.200556 -0.800152 -0.565274 0.200556 -0.800152 -0.565274 0.200556 -0.800152 -0.565274 0.200556 -0.800152 -0.565274 0.273706 -0.796178 -0.539617 0.273706 -0.796178 -0.539617 0.273706 -0.796178 -0.539617 0.273706 -0.796178 -0.539617 -0.234241 0.959384 0.157204 -0.234241 0.959384 0.157204 -0.234241 0.959384 0.157204 -0.234241 0.959384 0.157204 -0.00869858 0.957833 -0.287195 -0.00869858 0.957833 -0.287195 -0.00869858 0.957833 -0.287195 -0.00869858 0.957833 -0.287195 -0.116088 0.976066 0.1839 -0.116088 0.976066 0.1839 -0.116088 0.976066 0.1839 -0.116088 0.976066 0.1839 0.0265182 0.975762 -0.217223 0.0265182 0.975762 -0.217223 0.0265182 0.975762 -0.217223 0.0265182 0.975762 -0.217223 -0.608559 0.589103 0.531614 -0.608559 0.589103 0.531614 -0.608559 0.589103 0.531614 -0.608559 0.589103 0.531614 -0.458801 0.884537 0.0842438 -0.458801 0.884537 0.0842438 -0.458801 0.884537 0.0842438 -0.458801 0.884537 0.0842438 -0.096059 0.888116 -0.44947 -0.096059 0.888116 -0.44947 -0.096059 0.888116 -0.44947 -0.096059 0.888116 -0.44947 0.288155 0.57162 -0.768256 0.288155 0.57162 -0.768256 0.288155 0.57162 -0.768256 0.288155 0.57162 -0.768256 0.23373 0.712659 -0.661429 0.23373 0.712659 -0.661429 0.23373 0.712659 -0.661429 0.23373 0.712659 -0.661429 0.176481 0.780662 -0.599518 0.176481 0.780662 -0.599518 0.176481 0.780662 -0.599518 0.176481 0.780662 -0.599518 0.119992 0.799397 -0.588699 0.119992 0.799397 -0.588699 0.119992 0.799397 -0.588699 0.119992 0.799397 -0.588699 0.0352439 0.97916 -0.200007 0.0352439 0.97916 -0.200007 0.0352439 0.97916 -0.200007 0.0352439 0.97916 -0.200007 -0.0493181 0.979204 0.196794 -0.0493181 0.979204 0.196794 -0.0493181 0.979204 0.196794 -0.0493181 0.979204 0.196794 -0.130408 0.799858 0.585851 -0.130408 0.799858 0.585851 -0.130408 0.799858 0.585851 -0.130408 0.799858 0.585851 -0.240884 0.784325 0.571673 -0.240884 0.784325 0.571673 -0.240884 0.784325 0.571673 -0.240884 0.784325 0.571673 -0.393082 0.729784 0.559376 -0.393082 0.729784 0.559376 -0.393082 0.729784 0.559376 -0.393082 0.729784 0.559376 0.442465 0.106426 -0.890448 0.442465 0.106426 -0.890448 0.442465 0.106426 -0.890448 0.442465 0.106426 -0.890448 0.447281 -0.135031 -0.884142 0.447281 -0.135031 -0.884142 0.447281 -0.135031 -0.884142 0.447281 -0.135031 -0.884142 0.328007 0.131196 -0.935521 0.328007 0.131196 -0.935521 0.328007 0.131196 -0.935521 0.328007 0.131196 -0.935521 0.330766 -0.139055 -0.933412 0.330766 -0.139055 -0.933412 0.330766 -0.139055 -0.933412 0.330766 -0.139055 -0.933412 0.492892 0.227607 -0.839793 0.492892 0.227607 -0.839793 0.492892 0.227607 -0.839793 0.492892 0.227607 -0.839793 0.544287 0.0572109 -0.836946 0.544287 0.0572109 -0.836946 0.544287 0.0572109 -0.836946 0.544287 0.0572109 -0.836946 0.551462 -0.137713 -0.822755 0.551462 -0.137713 -0.822755 0.551462 -0.137713 -0.822755 0.551462 -0.137713 -0.822755 0.503778 -0.435758 -0.745871 0.503778 -0.435758 -0.745871 0.503778 -0.435758 -0.745871 0.503778 -0.435758 -0.745871 0.404142 -0.448341 -0.797283 0.404142 -0.448341 -0.797283 0.404142 -0.448341 -0.797283 0.404142 -0.448341 -0.797283 0.297523 -0.455965 -0.838795 0.297523 -0.455965 -0.838795 0.297523 -0.455965 -0.838795 0.297523 -0.455965 -0.838795 0.185164 -0.458628 -0.869123 0.185164 -0.458628 -0.869123 0.185164 -0.458628 -0.869123 0.185164 -0.458628 -0.869123 0.206252 -0.140977 -0.96829 0.206252 -0.140977 -0.96829 0.206252 -0.140977 -0.96829 0.206252 -0.140977 -0.96829 0.205747 0.140114 -0.968523 0.205747 0.140114 -0.968523 0.205747 0.140114 -0.968523 0.205747 0.140114 -0.968523 0.183133 0.455876 -0.870999 0.183133 0.455876 -0.870999 0.183133 0.455876 -0.870999 0.183133 0.455876 -0.870999 0.287549 0.432253 -0.854677 0.287549 0.432253 -0.854677 0.287549 0.432253 -0.854677 0.287549 0.432253 -0.854677 0.390932 0.361019 -0.846663 0.390932 0.361019 -0.846663 0.390932 0.361019 -0.846663 0.390932 0.361019 -0.846663 0.869703 -0.0993575 -0.483471 0.869703 -0.0993575 -0.483471 0.869703 -0.0993575 -0.483471 0.869703 -0.0993575 -0.483471 0.863452 0.135087 -0.486007 0.863452 0.135087 -0.486007 0.863452 0.135087 -0.486007 0.863452 0.135087 -0.486007 0.904986 -0.126171 -0.406303 0.904986 -0.126171 -0.406303 0.904986 -0.126171 -0.406303 0.904986 -0.126171 -0.406303 0.902556 0.137151 -0.408145 0.902556 0.137151 -0.408145 0.902556 0.137151 -0.408145 0.902556 0.137151 -0.408145 0.842304 -0.224258 -0.490134 0.842304 -0.224258 -0.490134 0.842304 -0.224258 -0.490134 0.842304 -0.224258 -0.490134 0.836922 -0.0560073 -0.54445 0.836922 -0.0560073 -0.54445 0.836922 -0.0560073 -0.54445 0.836922 -0.0560073 -0.54445 0.826121 0.135524 -0.546952 0.826121 0.135524 -0.546952 0.826121 0.135524 -0.546952 0.826121 0.135524 -0.546952 0.75922 0.429282 -0.489186 0.75922 0.429282 -0.489186 0.75922 0.429282 -0.489186 0.75922 0.429282 -0.489186 0.784817 0.441214 -0.435193 0.784817 0.441214 -0.435193 0.784817 0.441214 -0.435193 0.784817 0.441214 -0.435193 0.815512 0.44778 -0.366652 0.815512 0.44778 -0.366652 0.815512 0.44778 -0.366652 0.815512 0.44778 -0.366652 0.845898 0.44995 -0.28636 0.845898 0.44995 -0.28636 0.845898 0.44995 -0.28636 0.845898 0.44995 -0.28636 0.938072 0.137856 -0.317832 0.938072 0.137856 -0.317832 0.938072 0.137856 -0.317832 0.938072 0.137856 -0.317832 0.938385 -0.13653 -0.317478 0.938385 -0.13653 -0.317478 0.938385 -0.13653 -0.317478 0.938385 -0.13653 -0.317478 0.847833 -0.447244 -0.284874 0.847833 -0.447244 -0.284874 0.847833 -0.447244 -0.284874 0.847833 -0.447244 -0.284874 0.831089 -0.424296 -0.359533 0.831089 -0.424296 -0.359533 0.831089 -0.424296 -0.359533 0.831089 -0.424296 -0.359533 0.831874 -0.353296 -0.42798 0.831874 -0.353296 -0.42798 0.831874 -0.353296 -0.42798 0.831874 -0.353296 -0.42798 -0.861459 0.136792 0.489057 -0.861459 0.136792 0.489057 -0.861459 0.136792 0.489057 -0.861459 0.136792 0.489057 -0.861551 -0.0954398 0.498619 -0.861551 -0.0954398 0.498619 -0.861551 -0.0954398 0.498619 -0.861551 -0.0954398 0.498619 -0.90173 0.137379 0.40989 -0.90173 0.137379 0.40989 -0.90173 0.137379 0.40989 -0.90173 0.137379 0.40989 -0.901769 -0.125664 0.413548 -0.901769 -0.125664 0.413548 -0.901769 -0.125664 0.413548 -0.901769 -0.125664 0.413548 -0.741912 0.429522 0.514857 -0.741912 0.429522 0.514857 -0.741912 0.429522 0.514857 -0.741912 0.429522 0.514857 -0.821442 0.135559 0.553947 -0.821442 0.135559 0.553947 -0.821442 0.135559 0.553947 -0.821442 0.135559 0.553947 -0.822841 -0.0560309 0.565503 -0.822841 -0.0560309 0.565503 -0.822841 -0.0560309 0.565503 -0.822841 -0.0560309 0.565503 -0.772562 -0.201926 0.601975 -0.772562 -0.201926 0.601975 -0.772562 -0.201926 0.601975 -0.772562 -0.201926 0.601975 -0.792195 -0.352609 0.498091 -0.792195 -0.352609 0.498091 -0.792195 -0.352609 0.498091 -0.792195 -0.352609 0.498091 -0.817355 -0.4243 0.389744 -0.817355 -0.4243 0.389744 -0.817355 -0.4243 0.389744 -0.817355 -0.4243 0.389744 -0.846009 -0.447271 0.290202 -0.846009 -0.447271 0.290202 -0.846009 -0.447271 0.290202 -0.846009 -0.447271 0.290202 -0.937754 -0.136512 0.319345 -0.937754 -0.136512 0.319345 -0.937754 -0.136512 0.319345 -0.937754 -0.136512 0.319345 -0.937735 0.137836 0.318834 -0.937735 0.137836 0.318834 -0.937735 0.137836 0.318834 -0.937735 0.137836 0.318834 -0.845431 0.449971 0.287703 -0.845431 0.449971 0.287703 -0.845431 0.449971 0.287703 -0.845431 0.449971 0.287703 -0.813171 0.447797 0.371794 -0.813171 0.447797 0.371794 -0.813171 0.447797 0.371794 -0.813171 0.447797 0.371794 -0.777714 0.441242 0.447735 -0.777714 0.441242 0.447735 -0.777714 0.441242 0.447735 -0.777714 0.441242 0.447735 -0.141688 -0.954659 0.261824 -0.141688 -0.954659 0.261824 -0.141688 -0.954659 0.261824 -0.141688 -0.954659 0.261824 0.299662 -0.953975 0.0116056 0.299662 -0.953975 0.0116056 0.299662 -0.953975 0.0116056 0.299662 -0.953975 0.0116056 -0.176371 -0.974485 0.138824 -0.176371 -0.974485 0.138824 -0.176371 -0.974485 0.138824 -0.176371 -0.974485 0.138824 0.219856 -0.974645 -0.0415906 0.219856 -0.974645 -0.0415906 0.219856 -0.974645 -0.0415906 0.219856 -0.974645 -0.0415906 -0.519644 -0.575081 0.631864 -0.519644 -0.575081 0.631864 -0.519644 -0.575081 0.631864 -0.519644 -0.575081 0.631864 -0.0505984 -0.865504 0.49834 -0.0505984 -0.865504 0.49834 -0.0505984 -0.865504 0.49834 -0.0505984 -0.865504 0.49834 0.481645 -0.866056 0.134035 0.481645 -0.866056 0.134035 0.481645 -0.866056 0.134035 0.481645 -0.866056 0.134035 0.784622 -0.556503 -0.273263 0.784622 -0.556503 -0.273263 0.784622 -0.556503 -0.273263 0.784622 -0.556503 -0.273263 0.657276 -0.709514 -0.254122 0.657276 -0.709514 -0.254122 0.657276 -0.709514 -0.254122 0.657276 -0.709514 -0.254122 0.589498 -0.775398 -0.226386 0.589498 -0.775398 -0.226386 0.589498 -0.775398 -0.226386 0.589498 -0.775398 -0.226386 0.579099 -0.792666 -0.19059 0.579099 -0.792666 -0.19059 0.579099 -0.792666 -0.19059 0.579099 -0.792666 -0.19059 0.198987 -0.978195 -0.0594839 0.198987 -0.978195 -0.0594839 0.198987 -0.978195 -0.0594839 0.198987 -0.978195 -0.0594839 -0.194178 -0.978164 0.0740964 -0.194178 -0.978164 0.0740964 -0.194178 -0.978164 0.0740964 -0.194178 -0.978164 0.0740964 -0.575484 -0.792585 0.201562 -0.575484 -0.792585 0.201562 -0.575484 -0.792585 0.201562 -0.575484 -0.792585 0.201562 -0.55758 -0.775649 0.295759 -0.55758 -0.775649 0.295759 -0.55758 -0.775649 0.295759 -0.55758 -0.775649 0.295759 -0.545856 -0.717411 0.432855 -0.545856 -0.717411 0.432855 -0.545856 -0.717411 0.432855 -0.545856 -0.717411 0.432855 0.192922 0.977535 -0.0848931 0.192922 0.977535 -0.0848931 0.192922 0.977535 -0.0848931 0.192922 0.977535 -0.0848931 -0.172007 0.977556 0.121646 -0.172007 0.977556 0.121646 -0.172007 0.977556 0.121646 -0.172007 0.977556 0.121646 0.191815 0.978258 -0.0788598 0.191815 0.978258 -0.0788598 0.191815 0.978258 -0.0788598 0.191815 0.978258 -0.0788598 -0.185758 0.978239 0.0924304 -0.185758 0.978239 0.0924304 -0.185758 0.978239 0.0924304 -0.185758 0.978239 0.0924304 0.536842 0.781405 -0.318131 0.536842 0.781405 -0.318131 0.536842 0.781405 -0.318131 0.536842 0.781405 -0.318131 0.20475 0.975421 -0.0814302 0.20475 0.975421 -0.0814302 0.20475 0.975421 -0.0814302 0.20475 0.975421 -0.0814302 -0.15175 0.975757 0.157704 -0.15175 0.975757 0.157704 -0.15175 0.975757 0.157704 -0.15175 0.975757 0.157704 -0.497842 0.781962 0.375086 -0.497842 0.781962 0.375086 -0.497842 0.781962 0.375086 -0.497842 0.781962 0.375086 -0.52603 0.78966 0.3158 -0.52603 0.78966 0.3158 -0.52603 0.78966 0.3158 -0.52603 0.78966 0.3158 -0.55207 0.793302 0.256692 -0.55207 0.793302 0.256692 -0.55207 0.793302 0.256692 -0.55207 0.793302 0.256692 -0.574776 0.794462 0.19612 -0.574776 0.794462 0.19612 -0.574776 0.794462 0.19612 -0.574776 0.794462 0.19612 -0.195267 0.978429 0.0674363 -0.195267 0.978429 0.0674363 -0.195267 0.978429 0.0674363 -0.195267 0.978429 0.0674363 0.19596 0.978431 -0.0653592 0.19596 0.978431 -0.0653592 0.19596 0.978431 -0.0653592 0.19596 0.978431 -0.0653592 0.575363 0.794492 -0.194268 0.575363 0.794492 -0.194268 0.575363 0.794492 -0.194268 0.575363 0.794492 -0.194268 0.556721 0.793377 -0.246202 0.556721 0.793377 -0.246202 0.556721 0.793377 -0.246202 0.556721 0.793377 -0.246202 0.541624 0.789731 -0.288042 0.541624 0.789731 -0.288042 0.541624 0.789731 -0.288042 0.541624 0.789731 -0.288042 0.254137 -0.163321 0.953279 0.254137 -0.163321 0.953279 0.254137 -0.163321 0.953279 0.254137 -0.163321 0.953279 0.254129 0.163348 0.953276 0.254129 0.163348 0.953276 0.254129 0.163348 0.953276 0.254129 0.163348 0.953276 0.108286 -0.155845 0.981828 0.108286 -0.155845 0.981828 0.108286 -0.155845 0.981828 0.108286 -0.155845 0.981828 0.108292 0.155875 0.981823 0.108292 0.155875 0.981823 0.108292 0.155875 0.981823 0.108292 0.155875 0.981823 0.305079 -0.499779 0.810647 0.305079 -0.499779 0.810647 0.305079 -0.499779 0.810647 0.305079 -0.499779 0.810647 0.346624 -0.179743 0.920622 0.346624 -0.179743 0.920622 0.346624 -0.179743 0.920622 0.346624 -0.179743 0.920622 0.346628 0.179745 0.92062 0.346628 0.179745 0.92062 0.346628 0.179745 0.92062 0.346628 0.179745 0.92062 0.305074 0.499783 0.810646 0.305074 0.499783 0.810646 0.305074 0.499783 0.810646 0.305074 0.499783 0.810646 0.232101 0.503477 0.83225 0.232101 0.503477 0.83225 0.232101 0.503477 0.83225 0.232101 0.503477 0.83225 0.0975372 0.499088 0.861045 0.0975372 0.499088 0.861045 0.0975372 0.499088 0.861045 0.0975372 0.499088 0.861045 0.0511671 0.500255 0.864365 0.0511671 0.500255 0.864365 0.0511671 0.500255 0.864365 0.0511671 0.500255 0.864365 0.0576269 0.157579 0.985824 0.0576269 0.157579 0.985824 0.0576269 0.157579 0.985824 0.0576269 0.157579 0.985824 0.0576272 -0.157569 0.985825 0.0576272 -0.157569 0.985825 0.0576272 -0.157569 0.985825 0.0576272 -0.157569 0.985825 0.0511656 -0.500256 0.864365 0.0511656 -0.500256 0.864365 0.0511656 -0.500256 0.864365 0.0511656 -0.500256 0.864365 0.09753 -0.49912 0.861027 0.09753 -0.49912 0.861027 0.09753 -0.49912 0.861027 0.09753 -0.49912 0.861027 0.232099 -0.503506 0.832233 0.232099 -0.503506 0.832233 0.232099 -0.503506 0.832233 0.232099 -0.503506 0.832233 0.106317 -0.979321 0.172126 0.106317 -0.979321 0.172126 0.106317 -0.979321 0.172126 0.106317 -0.979321 0.172126 0.0392208 -0.983138 0.178612 0.0392208 -0.983138 0.178612 0.0392208 -0.983138 0.178612 0.0392208 -0.983138 0.178612 0.0341526 -0.979858 -0.196757 0.0341526 -0.979858 -0.196757 0.0341526 -0.979858 -0.196757 0.0341526 -0.979858 -0.196757 0.00768262 -0.982797 -0.184531 0.00768262 -0.982797 -0.184531 0.00768262 -0.982797 -0.184531 0.00768262 -0.982797 -0.184531 0.250398 -0.822857 0.510105 0.250398 -0.822857 0.510105 0.250398 -0.822857 0.510105 0.250398 -0.822857 0.510105 0.176372 -0.825771 0.535719 0.176372 -0.825771 0.535719 0.176372 -0.825771 0.535719 0.176372 -0.825771 0.535719 0.0713238 -0.832231 0.549822 0.0713238 -0.832231 0.549822 0.0713238 -0.832231 0.549822 0.0713238 -0.832231 0.549822 0.034249 -0.831907 0.553857 0.034249 -0.831907 0.553857 0.034249 -0.831907 0.553857 0.034249 -0.831907 0.553857 0.0135495 -0.983426 0.180805 0.0135495 -0.983426 0.180805 0.0135495 -0.983426 0.180805 0.0135495 -0.983426 0.180805 -0.00680149 -0.983454 -0.18103 -0.00680149 -0.983454 -0.18103 -0.00680149 -0.983454 -0.18103 -0.00680149 -0.983454 -0.18103 -0.0280778 -0.831956 -0.554131 -0.0280778 -0.831956 -0.554131 -0.0280778 -0.831956 -0.554131 -0.0280778 -0.831956 -0.554131 -0.0232094 -0.829928 -0.557387 -0.0232094 -0.829928 -0.557387 -0.0232094 -0.829928 -0.557387 -0.0232094 -0.829928 -0.557387 -0.038278 -0.827262 -0.560512 -0.038278 -0.827262 -0.560512 -0.038278 -0.827262 -0.560512 -0.038278 -0.827262 -0.560512 0.0402654 -0.81845 -0.573165 0.0402654 -0.81845 -0.573165 0.0402654 -0.81845 -0.573165 0.0402654 -0.81845 -0.573165 0.128429 -0.960961 -0.24507 0.128429 -0.960961 -0.24507 0.128429 -0.960961 -0.24507 0.128429 -0.960961 -0.24507 0.208407 -0.964101 0.164549 0.208407 -0.964101 0.164549 0.208407 -0.964101 0.164549 0.208407 -0.964101 0.164549 -0.0599144 0.983109 0.172939 -0.0599144 0.983109 0.172939 -0.0599144 0.983109 0.172939 -0.0599144 0.983109 0.172939 -0.021433 0.983495 0.179661 -0.021433 0.983495 0.179661 -0.021433 0.983495 0.179661 -0.021433 0.983495 0.179661 0.00872356 0.983413 -0.181173 0.00872356 0.983413 -0.181173 0.00872356 0.983413 -0.181173 0.00872356 0.983413 -0.181173 0.00270742 0.983385 -0.18151 0.00270742 0.983385 -0.18151 0.00270742 0.983385 -0.18151 0.00270742 0.983385 -0.18151 -0.144739 0.835358 0.53031 -0.144739 0.835358 0.53031 -0.144739 0.835358 0.53031 -0.144739 0.835358 0.53031 -0.126331 0.832759 0.53903 -0.126331 0.832759 0.53903 -0.126331 0.832759 0.53903 -0.126331 0.832759 0.53903 -0.0452337 0.83231 0.552462 -0.0452337 0.83231 0.552462 -0.0452337 0.83231 0.552462 -0.0452337 0.83231 0.552462 -0.0378389 0.832016 0.55346 -0.0378389 0.832016 0.55346 -0.0378389 0.832016 0.55346 -0.0378389 0.832016 0.55346 -0.0133097 0.983453 0.180672 -0.0133097 0.983453 0.180672 -0.0133097 0.983453 0.180672 -0.0133097 0.983453 0.180672 0.0109984 0.983466 -0.180757 0.0109984 0.983466 -0.180757 0.0109984 0.983466 -0.180757 0.0109984 0.983466 -0.180757 0.0366437 0.832028 -0.553523 0.0366437 0.832028 -0.553523 0.0366437 0.832028 -0.553523 0.0366437 0.832028 -0.553523 0.0288279 0.832076 -0.553912 0.0288279 0.832076 -0.553912 0.0288279 0.832076 -0.553912 0.0288279 0.832076 -0.553912 0.0849406 0.832965 -0.546767 0.0849406 0.832965 -0.546767 0.0849406 0.832965 -0.546767 0.0849406 0.832965 -0.546767 0.0675049 0.834545 -0.546789 0.0675049 0.834545 -0.546789 0.0675049 0.834545 -0.546789 0.0675049 0.834545 -0.546789 -0.0118619 0.982632 -0.185186 -0.0118619 0.982632 -0.185186 -0.0118619 0.982632 -0.185186 -0.0118619 0.982632 -0.185186 -0.0806616 0.982994 0.164973 -0.0806616 0.982994 0.164973 -0.0806616 0.982994 0.164973 -0.0806616 0.982994 0.164973 0.207977 -0.124376 -0.970194 0.207977 -0.124376 -0.970194 0.207977 -0.124376 -0.970194 0.207977 -0.124376 -0.970194 0.190088 0.165007 -0.967801 0.190088 0.165007 -0.967801 0.190088 0.165007 -0.967801 0.190088 0.165007 -0.967801 0.0710956 -0.148996 -0.986279 0.0710956 -0.148996 -0.986279 0.0710956 -0.148996 -0.986279 0.0710956 -0.148996 -0.986279 0.0641106 0.159682 -0.985085 0.0641106 0.159682 -0.985085 0.0641106 0.159682 -0.985085 0.0641106 0.159682 -0.985085 0.2518 -0.348962 -0.902675 0.2518 -0.348962 -0.902675 0.2518 -0.348962 -0.902675 0.2518 -0.348962 -0.902675 0.213009 -0.0819299 -0.973609 0.213009 -0.0819299 -0.973609 0.213009 -0.0819299 -0.973609 0.213009 -0.0819299 -0.973609 0.186357 0.177944 -0.966233 0.186357 0.177944 -0.966233 0.186357 0.177944 -0.966233 0.186357 0.177944 -0.966233 0.144769 0.50502 -0.85088 0.144769 0.50502 -0.85088 0.144769 0.50502 -0.85088 0.144769 0.50502 -0.85088 0.155232 0.500784 -0.851539 0.155232 0.500784 -0.851539 0.155232 0.500784 -0.851539 0.155232 0.500784 -0.851539 0.0523564 0.500372 -0.864226 0.0523564 0.500372 -0.864226 0.0523564 0.500372 -0.864226 0.0523564 0.500372 -0.864226 0.0585179 0.500282 -0.863883 0.0585179 0.500282 -0.863883 0.0585179 0.500282 -0.863883 0.0585179 0.500282 -0.863883 0.067523 0.157827 -0.985156 0.067523 0.157827 -0.985156 0.067523 0.157827 -0.985156 0.067523 0.157827 -0.985156 0.0684482 -0.156612 -0.985286 0.0684482 -0.156612 -0.985286 0.0684482 -0.156612 -0.985286 0.0684482 -0.156612 -0.985286 0.0614376 -0.499255 -0.864274 0.0614376 -0.499255 -0.864274 0.0614376 -0.499255 -0.864274 0.0614376 -0.499255 -0.864274 0.0748379 -0.491124 -0.867869 0.0748379 -0.491124 -0.867869 0.0748379 -0.491124 -0.867869 0.0748379 -0.491124 -0.867869 0.216855 -0.452332 -0.865084 0.216855 -0.452332 -0.865084 0.216855 -0.452332 -0.865084 0.216855 -0.452332 -0.865084 0.496845 -0.100395 0.862013 0.496845 -0.100395 0.862013 0.496845 -0.100395 0.862013 0.496845 -0.100395 0.862013 0.517576 0.14705 0.842907 0.517576 0.14705 0.842907 0.517576 0.14705 0.842907 0.517576 0.14705 0.842907 0.397641 -0.13184 0.90802 0.397641 -0.13184 0.90802 0.397641 -0.13184 0.90802 0.397641 -0.13184 0.90802 0.413824 0.149236 0.898041 0.413824 0.149236 0.898041 0.413824 0.149236 0.898041 0.413824 0.149236 0.898041 0.394483 -0.21184 0.894151 0.394483 -0.21184 0.894151 0.394483 -0.21184 0.894151 0.394483 -0.21184 0.894151 0.476934 -0.0589306 0.876961 0.476934 -0.0589306 0.876961 0.476934 -0.0589306 0.876961 0.476934 -0.0589306 0.876961 0.491865 0.146344 0.858285 0.491865 0.146344 0.858285 0.491865 0.146344 0.858285 0.491865 0.146344 0.858285 0.446522 0.453259 0.771475 0.446522 0.453259 0.771475 0.446522 0.453259 0.771475 0.446522 0.453259 0.771475 0.461173 0.464523 0.756002 0.461173 0.464523 0.756002 0.461173 0.464523 0.756002 0.461173 0.464523 0.756002 0.354244 0.465903 0.81083 0.354244 0.465903 0.81083 0.354244 0.465903 0.81083 0.354244 0.465903 0.81083 0.145529 0.430215 0.890919 0.145529 0.430215 0.890919 0.145529 0.430215 0.890919 0.145529 0.430215 0.890919 0.156119 0.151536 0.976045 0.156119 0.151536 0.976045 0.156119 0.151536 0.976045 0.156119 0.151536 0.976045 0.151504 -0.14868 0.977211 0.151504 -0.14868 0.977211 0.151504 -0.14868 0.977211 0.151504 -0.14868 0.977211 0.127062 -0.424835 0.896309 0.127062 -0.424835 0.896309 0.127062 -0.424835 0.896309 0.127062 -0.424835 0.896309 0.292134 -0.42831 0.855108 0.292134 -0.42831 0.855108 0.292134 -0.42831 0.855108 0.292134 -0.42831 0.855108 0.38225 -0.355471 0.852951 0.38225 -0.355471 0.852951 0.38225 -0.355471 0.852951 0.38225 -0.355471 0.852951 </float_array>
     <technique_common>
      <accessor source="#ID11-array" count="9856" stride="3">
       <param name="X" type="float"/>
       <param name="Y" type="float"/>
       <param name="Z" type="float"/>
      </accessor>
     </technique_common>
    </source>
    <source id="geometrySource12">
     <float_array id="ID13-array" count="19712">0.4375 0.062066 0.5 0.062066 0.5 0.121528 0.4375 0.121528 0.5 0.062066 0.5625 0.062066 0.5625 0.121528 0.5 0.121528 0.4375 0.121528 0.5 0.121528 0.5 0.175781 0.4375 0.175781 0.5 0.121528 0.5625 0.121528 0.5625 0.175781 0.5 0.175781 0.375 0 0.4375 0 0.4375 0.062066 0.375 0.062066 0.4375 0 0.5 0 0.5 0.062066 0.4375 0.062066 0.5 0 0.5625 0 0.5625 0.062066 0.5 0.062066 0.5625 0 0.625 0 0.625 0.062066 0.5625 0.062066 0.5625 0.062066 0.625 0.062066 0.625 0.121528 0.5625 0.121528 0.5625 0.121528 0.625 0.121528 0.625 0.175781 0.5625 0.175781 0.5625 0.175781 0.625 0.175781 0.625 0.222222 0.5625 0.222222 0.5 0.175781 0.5625 0.175781 0.5625 0.222222 0.5 0.222222 0.4375 0.175781 0.5 0.175781 0.5 0.222222 0.4375 0.222222 0.375 0.175781 0.4375 0.175781 0.4375 0.222222 0.375 0.222222 0.375 0.121528 0.4375 0.121528 0.4375 0.175781 0.375 0.175781 0.375 0.062066 0.4375 0.062066 0.4375 0.121528 0.375 0.121528 0.447083 0.408459 0.502658 0.411079 0.504774 0.440538 0.452637 0.440448 0.502658 0.411079 0.562995 0.41194 0.564399 0.439073 0.504774 0.440538 0.452637 0.440448 0.504774 0.440538 0.506293 0.475206 0.454915 0.477284 0.504774 0.440538 0.564399 0.439073 0.567139 0.469516 0.506293 0.475206 0.375 0.368055 0.440104 0.382632 0.447083 0.408459 0.404134 0.405364 0.440104 0.382632 0.500868 0.387153 0.502658 0.411079 0.447083 0.408459 0.500868 0.387153 0.562609 0.388672 0.562995 0.41194 0.502658 0.411079 0.562609 0.388672 0.625 0.388889 0.625326 0.411784 0.562995 0.41194 0.562995 0.41194 0.625326 0.411784 0.627604 0.436632 0.564399 0.439073 0.564399 0.439073 0.627604 0.436632 0.633789 0.460178 0.567139 0.469516 0.567139 0.469516 0.633789 0.460178 0.645833 0.479167 0.568088 0.508328 0.506293 0.475206 0.567139 0.469516 0.568088 0.508328 0.50651 0.517361 0.454915 0.477284 0.506293 0.475206 0.50651 0.517361 0.455241 0.520399 0.416233 0.477503 0.454915 0.477284 0.455241 0.520399 0.416667 0.520833 0.413195 0.439815 0.452637 0.440448 0.454915 0.477284 0.416233 0.477503 0.404134 0.405364 0.447083 0.408459 0.452637 0.440448 0.413195 0.439815 0.455085 0.570665 0.505263 0.568576 0.50434 0.625 0.45497 0.625 0.505263 0.568576 0.562561 0.563395 0.559353 0.625 0.50434 0.625 0.45497 0.625 0.50434 0.625 0.505263 0.681424 0.455085 0.679335 0.50434 0.625 0.559353 0.625 0.562561 0.686605 0.505263 0.681424 0.416667 0.520833 0.455241 0.520399 0.455085 0.570665 0.416667 0.570964 0.455241 0.520399 0.50651 0.517361 0.505263 0.568576 0.455085 0.570665 0.50651 0.517361 0.568088 0.508328 0.562561 0.563395 0.505263 0.568576 0.568088 0.508328 0.645833 0.479167 0.617106 0.557726 0.562561 0.563395 0.562561 0.563395 0.617106 0.557726 0.611111 0.625 0.559353 0.625 0.559353 0.625 0.611111 0.625 0.617106 0.692274 0.562561 0.686605 0.562561 0.686605 0.617106 0.692274 0.645833 0.770833 0.568088 0.741672 0.505263 0.681424 0.562561 0.686605 0.568088 0.741672 0.50651 0.732639 0.455085 0.679335 0.505263 0.681424 0.50651 0.732639 0.455241 0.729601 0.416667 0.679037 0.455085 0.679335 0.455241 0.729601 0.416667 0.729167 0.416667 0.625 0.45497 0.625 0.455085 0.679335 0.416667 0.679037 0.416667 0.570964 0.455085 0.570665 0.45497 0.625 0.416667 0.625 0.374993 0.41135 0.374946 0.441298 0.374566 0.441406 0.374946 0.414008 0.374946 0.441298 0.374837 0.47739 0.373698 0.475315 0.374566 0.441406 0.374946 0.414008 0.374566 0.441406 0.373644 0.439941 0.374831 0.41487 0.374566 0.441406 0.373698 0.475315 0.370768 0.469625 0.373644 0.439941 0.375 0.375 0.375 0.407878 0.374993 0.41135 0.375 0.389567 0.375 0.407878 0.375 0.440538 0.374946 0.441298 0.374993 0.41135 0.375 0.440538 0.375 0.477593 0.374837 0.47739 0.374946 0.441298 0.375 0.477593 0.375 0.520833 0.374729 0.520399 0.374837 0.47739 0.374837 0.47739 0.374729 0.520399 0.37283 0.517361 0.373698 0.475315 0.373698 0.475315 0.37283 0.517361 0.367459 0.508328 0.370768 0.469625 0.370768 0.469625 0.367459 0.508328 0.354167 0.479167 0.366211 0.460286 0.373644 0.439941 0.370768 0.469625 0.366211 0.460286 0.372396 0.4375 0.374831 0.41487 0.373644 0.439941 0.372396 0.4375 0.374674 0.414714 0.375 0.395616 0.374831 0.41487 0.374674 0.414714 0.375 0.395833 0.375 0.394097 0.374946 0.414008 0.374831 0.41487 0.375 0.395616 0.375 0.389567 0.374993 0.41135 0.374946 0.414008 0.375 0.394097 0.4375 0.94043 0.5 0.94043 0.5 0.959202 0.4375 0.959202 0.5 0.94043 0.5625 0.94043 0.5625 0.959202 0.5 0.959202 0.4375 0.959202 0.5 0.959202 0.5 0.979275 0.4375 0.979275 0.5 0.959202 0.5625 0.959202 0.5625 0.979275 0.5 0.979275 0.375 0.923611 0.4375 0.923611 0.4375 0.94043 0.375 0.94043 0.4375 0.923611 0.5 0.923611 0.5 0.94043 0.4375 0.94043 0.5 0.923611 0.5625 0.923611 0.5625 0.94043 0.5 0.94043 0.5625 0.923611 0.625 0.923611 0.625 0.94043 0.5625 0.94043 0.5625 0.94043 0.625 0.94043 0.625 0.959202 0.5625 0.959202 0.5625 0.959202 0.625 0.959202 0.625 0.979275 0.5625 0.979275 0.5625 0.979275 0.625 0.979275 0.625 1 0.5625 1 0.5 0.979275 0.5625 0.979275 0.5625 1 0.5 1 0.4375 0.979275 0.5 0.979275 0.5 1 0.4375 1 0.375 0.979275 0.4375 0.979275 0.4375 1 0.375 1 0.375 0.959202 0.4375 0.959202 0.4375 0.979275 0.375 0.979275 0.375 0.94043 0.4375 0.94043 0.4375 0.959202 0.375 0.959202 0.655789 0.558648 0.685981 0.561198 0.684896 0.625 0.652235 0.625 0.685981 0.561198 0.712918 0.562337 0.712782 0.625 0.684896 0.625 0.652235 0.625 0.684896 0.625 0.685981 0.688802 0.655789 0.691352 0.684896 0.625 0.712782 0.625 0.712918 0.687663 0.685981 0.688802 0.645833 0.479167 0.664822 0.491211 0.655789 0.558648 0.617106 0.557726 0.664822 0.491211 0.688368 0.497396 0.685981 0.561198 0.655789 0.558648 0.688368 0.497396 0.713216 0.499674 0.712918 0.562337 0.685981 0.561198 0.713216 0.499674 0.736111 0.5 0.736111 0.5625 0.712918 0.562337 0.712918 0.562337 0.736111 0.5625 0.736111 0.625 0.712782 0.625 0.712782 0.625 0.736111 0.625 0.736111 0.6875 0.712918 0.687663 0.712918 0.687663 0.736111 0.6875 0.736111 0.75 0.713216 0.750326 0.685981 0.688802 0.712918 0.687663 0.713216 0.750326 0.688368 0.752604 0.655789 0.691352 0.685981 0.688802 0.688368 0.752604 0.664822 0.758789 0.617106 0.692274 0.655789 0.691352 0.664822 0.758789 0.645833 0.770833 0.611111 0.625 0.652235 0.625 0.655789 0.691352 0.617106 0.692274 0.617106 0.557726 0.655789 0.558648 0.652235 0.625 0.611111 0.625 0.81543 0.5625 0.834202 0.5625 0.834202 0.625 0.81543 0.625 0.834202 0.5625 0.854275 0.5625 0.854275 0.625 0.834202 0.625 0.81543 0.625 0.834202 0.625 0.834202 0.6875 0.81543 0.6875 0.834202 0.625 0.854275 0.625 0.854275 0.6875 0.834202 0.6875 0.798611 0.5 0.81543 0.5 0.81543 0.5625 0.798611 0.5625 0.81543 0.5 0.834202 0.5 0.834202 0.5625 0.81543 0.5625 0.834202 0.5 0.854275 0.5 0.854275 0.5625 0.834202 0.5625 0.854275 0.5 0.875 0.5 0.875 0.5625 0.854275 0.5625 0.854275 0.5625 0.875 0.5625 0.875 0.625 0.854275 0.625 0.854275 0.625 0.875 0.625 0.875 0.6875 0.854275 0.6875 0.854275 0.6875 0.875 0.6875 0.875 0.75 0.854275 0.75 0.834202 0.6875 0.854275 0.6875 0.854275 0.75 0.834201 0.75 0.81543 0.6875 0.834202 0.6875 0.834201 0.75 0.81543 0.75 0.798611 0.6875 0.81543 0.6875 0.81543 0.75 0.798611 0.75 0.798611 0.625 0.81543 0.625 0.81543 0.6875 0.798611 0.6875 0.798611 0.5625 0.81543 0.5625 0.81543 0.625 0.798611 0.625 0.454915 0.772716 0.506293 0.774794 0.504774 0.809462 0.452637 0.809552 0.506293 0.774794 0.567139 0.780484 0.564399 0.810927 0.504774 0.809462 0.452637 0.809552 0.504774 0.809462 0.502658 0.838922 0.447082 0.841542 0.504774 0.809462 0.564399 0.810927 0.562995 0.83806 0.502658 0.838922 0.416667 0.729167 0.455241 0.729601 0.454915 0.772716 0.416233 0.772497 0.455241 0.729601 0.50651 0.732639 0.506293 0.774794 0.454915 0.772716 0.50651 0.732639 0.568088 0.741672 0.567139 0.780484 0.506293 0.774794 0.568088 0.741672 0.645833 0.770833 0.633789 0.789822 0.567139 0.780484 0.567139 0.780484 0.633789 0.789822 0.627604 0.813368 0.564399 0.810927 0.564399 0.810927 0.627604 0.813368 0.625326 0.838216 0.562995 0.83806 0.562995 0.83806 0.625326 0.838216 0.625 0.861111 0.562609 0.861328 0.502658 0.838922 0.562995 0.83806 0.562609 0.861328 0.500868 0.862847 0.447082 0.841542 0.502658 0.838922 0.500868 0.862847 0.440104 0.867368 0.404134 0.844636 0.447082 0.841542 0.440104 0.867368 0.375 0.881944 0.413194 0.810185 0.452637 0.809552 0.447082 0.841542 0.404134 0.844636 0.416233 0.772497 0.454915 0.772716 0.452637 0.809552 0.413194 0.810185 0.215712 0.5625 0.22743 0.5625 0.22743 0.625 0.215712 0.625 0.22743 0.5625 0.236545 0.5625 0.236545 0.625 0.22743 0.625 0.215712 0.625 0.22743 0.625 0.22743 0.6875 0.215712 0.6875 0.22743 0.625 0.236545 0.625 0.236545 0.6875 0.22743 0.6875 0.201389 0.5 0.215712 0.5 0.215712 0.5625 0.201389 0.5625 0.215712 0.5 0.22743 0.5 0.22743 0.5625 0.215712 0.5625 0.22743 0.5 0.236545 0.5 0.236545 0.5625 0.22743 0.5625 0.236545 0.5 0.243055 0.5 0.243055 0.5625 0.236545 0.5625 0.236545 0.5625 0.243055 0.5625 0.243055 0.625 0.236545 0.625 0.236545 0.625 0.243055 0.625 0.243055 0.6875 0.236545 0.6875 0.236545 0.6875 0.243055 0.6875 0.243055 0.75 0.236545 0.75 0.22743 0.6875 0.236545 0.6875 0.236545 0.75 0.22743 0.75 0.215712 0.6875 0.22743 0.6875 0.22743 0.75 0.215712 0.75 0.201389 0.6875 0.215712 0.6875 0.215712 0.75 0.201389 0.75 0.201389 0.625 0.215712 0.625 0.215712 0.6875 0.201389 0.6875 0.201389 0.5625 0.215712 0.5625 0.215712 0.625 0.201389 0.625 0.289714 0.562337 0.3125 0.561198 0.3125 0.625 0.289714 0.625 0.3125 0.561198 0.335286 0.558648 0.335286 0.625 0.3125 0.625 0.289714 0.625 0.3125 0.625 0.3125 0.688802 0.289714 0.687663 0.3125 0.625 0.335286 0.625 0.335286 0.691352 0.3125 0.688802 0.270833 0.5 0.289714 0.499674 0.289714 0.562337 0.270833 0.5625 0.289714 0.499674 0.3125 0.497396 0.3125 0.561198 0.289714 0.562337 0.3125 0.497396 0.335286 0.491211 0.335286 0.558648 0.3125 0.561198 0.335286 0.491211 0.354167 0.479167 0.354194 0.557726 0.335286 0.558648 0.335286 0.558648 0.354194 0.557726 0.354167 0.625 0.335286 0.625 0.335286 0.625 0.354167 0.625 0.354194 0.692274 0.335286 0.691352 0.335286 0.691352 0.354194 0.692274 0.354167 0.770833 0.335286 0.758789 0.3125 0.688802 0.335286 0.691352 0.335286 0.758789 0.3125 0.752604 0.289714 0.687663 0.3125 0.688802 0.3125 0.752604 0.289714 0.750326 0.270833 0.6875 0.289714 0.687663 0.289714 0.750326 0.270833 0.75 0.270833 0.625 0.289714 0.625 0.289714 0.687663 0.270833 0.6875 0.270833 0.5625 0.289714 0.562337 0.289714 0.625 0.270833 0.625 0.374837 0.77261 0.374946 0.808702 0.374566 0.808594 0.373698 0.774685 0.374946 0.808702 0.374993 0.83865 0.374946 0.835992 0.374566 0.808594 0.373698 0.774685 0.374566 0.808594 0.373644 0.810059 0.370768 0.780375 0.374566 0.808594 0.374946 0.835992 0.374831 0.835131 0.373644 0.810059 0.375 0.729167 0.375 0.772407 0.374837 0.77261 0.374729 0.729601 0.375 0.772407 0.375 0.809462 0.374946 0.808702 0.374837 0.77261 0.375 0.809462 0.375 0.842122 0.374993 0.83865 0.374946 0.808702 0.375 0.842122 0.375 0.875 0.375 0.860433 0.374993 0.83865 0.374993 0.83865 0.375 0.860433 0.375 0.855903 0.374946 0.835992 0.374946 0.835992 0.375 0.855903 0.375 0.854384 0.374831 0.835131 0.374831 0.835131 0.375 0.854384 0.375 0.854167 0.374674 0.835287 0.373644 0.810059 0.374831 0.835131 0.374674 0.835287 0.372396 0.8125 0.370768 0.780375 0.373644 0.810059 0.372396 0.8125 0.366211 0.789714 0.367459 0.741672 0.370768 0.780375 0.366211 0.789714 0.354167 0.770833 0.37283 0.732639 0.373698 0.774685 0.370768 0.780375 0.367459 0.741672 0.374729 0.729601 0.374837 0.77261 0.373698 0.774685 0.37283 0.732639 0.374681 0.570665 0.374674 0.625 0.372396 0.625 0.37245 0.568577 0.374674 0.625 0.374681 0.679335 0.37245 0.681424 0.372396 0.625 0.37245 0.568577 0.372396 0.625 0.366211 0.625 0.366326 0.563395 0.372396 0.625 0.37245 0.681424 0.366326 0.686605 0.366211 0.625 0.375 0.520833 0.375 0.570964 0.374681 0.570665 0.374729 0.520399 0.375 0.570964 0.375 0.625 0.374674 0.625 0.374681 0.570665 0.375 0.625 0.375 0.679036 0.374681 0.679335 0.374674 0.625 0.375 0.679036 0.375 0.729167 0.374729 0.729601 0.374681 0.679335 0.374681 0.679335 0.374729 0.729601 0.37283 0.732639 0.37245 0.681424 0.37245 0.681424 0.37283 0.732639 0.367459 0.741672 0.366326 0.686605 0.366326 0.686605 0.367459 0.741672 0.354167 0.770833 0.354194 0.692275 0.366211 0.625 0.366326 0.686605 0.354194 0.692275 0.354167 0.625 0.366326 0.563395 0.366211 0.625 0.354167 0.625 0.354194 0.557726 0.367459 0.508328 0.366326 0.563395 0.354194 0.557726 0.354167 0.479167 0.37283 0.517361 0.37245 0.568577 0.366326 0.563395 0.367459 0.508328 0.374729 0.520399 0.374681 0.570665 0.37245 0.568577 0.37283 0.517361 0.392578 0.570964 0.392578 0.625 0.380208 0.625 0.380208 0.570964 0.392578 0.625 0.392578 0.679036 0.380208 0.679036 0.380208 0.625 0.380208 0.570964 0.380208 0.625 0.375651 0.625 0.375651 0.570964 0.380208 0.625 0.380208 0.679036 0.375651 0.679036 0.375651 0.625 0.416667 0.520833 0.416667 0.570964 0.392578 0.570964 0.392578 0.520833 0.416667 0.570964 0.416667 0.625 0.392578 0.625 0.392578 0.570964 0.416667 0.625 0.416667 0.679036 0.392578 0.679036 0.392578 0.625 0.416667 0.679036 0.416667 0.729167 0.392578 0.729167 0.392578 0.679036 0.392578 0.679036 0.392578 0.729167 0.380208 0.729167 0.380208 0.679036 0.380208 0.679036 0.380208 0.729167 0.375651 0.729167 0.375651 0.679036 0.375651 0.679036 0.375651 0.729167 0.375 0.729167 0.375 0.679036 0.375651 0.625 0.375651 0.679036 0.375 0.679036 0.375 0.625 0.375651 0.570964 0.375651 0.625 0.375 0.625 0.375 0.570964 0.375651 0.520833 0.375651 0.570964 0.375 0.570964 0.375 0.520833 0.380208 0.520833 0.380208 0.570964 0.375651 0.570964 0.375651 0.520833 0.392578 0.520833 0.392578 0.570964 0.380208 0.570964 0.380208 0.520833 0.24707 0.6875 0.24707 0.625 0.249132 0.625 0.249132 0.6875 0.24707 0.625 0.24707 0.5625 0.249132 0.5625 0.249132 0.625 0.249132 0.6875 0.249132 0.625 0.249892 0.625 0.249892 0.6875 0.249132 0.625 0.249132 0.5625 0.249892 0.5625 0.249892 0.625 0.243055 0.75 0.243055 0.6875 0.24707 0.6875 0.24707 0.75 0.243055 0.6875 0.243055 0.625 0.24707 0.625 0.24707 0.6875 0.243055 0.625 0.243055 0.5625 0.24707 0.5625 0.24707 0.625 0.243055 0.5625 0.243055 0.5 0.24707 0.5 0.24707 0.5625 0.24707 0.5625 0.24707 0.5 0.249132 0.5 0.249132 0.5625 0.249132 0.5625 0.249132 0.5 0.249892 0.5 0.249892 0.5625 0.249892 0.5625 0.249892 0.5 0.25 0.5 0.25 0.5625 0.249892 0.625 0.249892 0.5625 0.25 0.5625 0.25 0.625 0.249892 0.6875 0.249892 0.625 0.25 0.625 0.25 0.6875 0.249892 0.75 0.249892 0.6875 0.25 0.6875 0.25 0.75 0.249132 0.75 0.249132 0.6875 0.249892 0.6875 0.249892 0.75 0.24707 0.75 0.24707 0.6875 0.249132 0.6875 0.249132 0.75 0.392266 0.772509 0.390083 0.810276 0.37934 0.81004 0.3801 0.772479 0.390083 0.810276 0.384345 0.84472 0.377496 0.843877 0.37934 0.81004 0.3801 0.772479 0.37934 0.81004 0.375542 0.80986 0.375638 0.772457 0.37934 0.81004 0.377496 0.843877 0.375312 0.843366 0.375542 0.80986 0.416667 0.729167 0.416233 0.772497 0.392266 0.772509 0.392578 0.729167 0.416233 0.772497 0.413195 0.810185 0.390083 0.810276 0.392266 0.772509 0.413195 0.810185 0.404134 0.844636 0.384345 0.84472 0.390083 0.810276 0.404134 0.844636 0.375 0.881944 0.375 0.87793 0.384345 0.84472 0.384345 0.84472 0.375 0.87793 0.375 0.875868 0.377496 0.843877 0.377496 0.843877 0.375 0.875868 0.375 0.875109 0.375312 0.843366 0.375312 0.843366 0.375 0.875109 0.375 0.875 0.375 0.842122 0.375542 0.80986 0.375312 0.843366 0.375 0.842122 0.375 0.809462 0.375638 0.772457 0.375542 0.80986 0.375 0.809462 0.375 0.772407 0.375651 0.729167 0.375638 0.772457 0.375 0.772407 0.375 0.729167 0.380208 0.729167 0.3801 0.772479 0.375638 0.772457 0.375651 0.729167 0.392578 0.729167 0.392266 0.772509 0.3801 0.772479 0.380208 0.729167 0.384345 0.40528 0.390083 0.439725 0.37934 0.43996 0.377496 0.406123 0.390083 0.439725 0.392266 0.477492 0.3801 0.477521 0.37934 0.43996 0.377496 0.406123 0.37934 0.43996 0.375543 0.44014 0.375312 0.406634 0.37934 0.43996 0.3801 0.477521 0.375638 0.477544 0.375543 0.44014 0.375 0.368055 0.404134 0.405364 0.384345 0.40528 0.375 0.37207 0.404134 0.405364 0.413194 0.439815 0.390083 0.439725 0.384345 0.40528 0.413194 0.439815 0.416233 0.477503 0.392266 0.477492 0.390083 0.439725 0.416233 0.477503 0.416667 0.520833 0.392578 0.520833 0.392266 0.477492 0.392266 0.477492 0.392578 0.520833 0.380208 0.520833 0.3801 0.477521 0.3801 0.477521 0.380208 0.520833 0.375651 0.520833 0.375638 0.477544 0.375638 0.477544 0.375651 0.520833 0.375 0.520833 0.375 0.477593 0.375543 0.44014 0.375638 0.477544 0.375 0.477593 0.375 0.440538 0.375312 0.406634 0.375543 0.44014 0.375 0.440538 0.375 0.407878 0.375 0.374892 0.375312 0.406634 0.375 0.407878 0.375 0.375 0.375 0.374132 0.377496 0.406123 0.375312 0.406634 0.375 0.374892 0.375 0.37207 0.384345 0.40528 0.377496 0.406123 0.375 0.374132 0.25 0.6875 0.25 0.625 0.25 0.625 0.25 0.6875 0.25 0.625 0.25 0.5625 0.25 0.5625 0.25 0.625 0.25 0.6875 0.25 0.625 0.25 0.625 0.25 0.6875 0.25 0.625 0.25 0.5625 0.25 0.5625 0.25 0.625 0.25 0.75 0.25 0.6875 0.25 0.6875 0.25 0.75 0.25 0.6875 0.25 0.625 0.25 0.625 0.25 0.6875 0.25 0.625 0.25 0.5625 0.25 0.5625 0.25 0.625 0.25 0.5625 0.25 0.5 0.25 0.5 0.25 0.5625 0.25 0.5625 0.25 0.5 0.25 0.5 0.25 0.5625 0.25 0.5625 0.25 0.5 0.25 0.5 0.25 0.5625 0.25 0.5625 0.25 0.5 0.25 0.5 0.25 0.5625 0.25 0.625 0.25 0.5625 0.25 0.5625 0.25 0.625 0.25 0.6875 0.25 0.625 0.25 0.625 0.25 0.6875 0.25 0.75 0.25 0.6875 0.25 0.6875 0.25 0.75 0.25 0.75 0.25 0.6875 0.25 0.6875 0.25 0.75 0.25 0.75 0.25 0.6875 0.25 0.6875 0.25 0.75 0.25 0.5625 0.25 0.625 0.25 0.625 0.25 0.5625 0.25 0.625 0.25 0.6875 0.25 0.6875 0.25 0.625 0.25 0.5625 0.25 0.625 0.25 0.625 0.25 0.5625 0.25 0.625 0.25 0.6875 0.25 0.6875 0.25 0.625 0.25 0.5 0.25 0.5625 0.25 0.5625 0.25 0.5 0.25 0.5625 0.25 0.625 0.25 0.625 0.25 0.5625 0.25 0.625 0.25 0.6875 0.25 0.6875 0.25 0.625 0.25 0.6875 0.25 0.75 0.25 0.75 0.25 0.6875 0.25 0.6875 0.25 0.75 0.25 0.75 0.25 0.6875 0.25 0.6875 0.25 0.75 0.25 0.75 0.25 0.6875 0.25 0.6875 0.25 0.75 0.25 0.75 0.25 0.6875 0.25 0.625 0.25 0.6875 0.25 0.6875 0.25 0.625 0.25 0.5625 0.25 0.625 0.25 0.625 0.25 0.5625 0.25 0.5 0.25 0.5625 0.25 0.5625 0.25 0.5 0.25 0.5 0.25 0.5625 0.25 0.5625 0.25 0.5 0.25 0.5 0.25 0.5625 0.25 0.5625 0.25 0.5 0.375 0.875 0.375 0.875 0.375 0.875 0.375 0.875 0.375 0.875 0.375 0.875 0.375 0.875 0.375 0.875 0.375 0.875 0.375 0.875 0.375 0.875 0.375 0.875 0.375 0.875 0.375 0.875 0.375 0.875 0.375 0.875 0.375 0.875 0.375 0.875 0.375 0.875 0.375 0.875 0.375 0.875 0.375 0.875 0.375 0.875 0.375 0.875 0.375 0.875 0.375 0.875 0.375 0.875 0.375 0.875 0.375 0.875 0.375 0.875 0.375 0.875 0.375 0.875 0.375 0.875 0.375 0.875 0.375 0.875 0.375 0.875 0.375 0.875 0.375 0.875 0.375 0.875 0.375 0.875 0.375 0.875 0.375 0.875 0.375 0.875 0.375 0.875 0.375 0.875 0.375 0.875 0.375 0.875 0.375 0.875 0.375 0.875 0.375 0.875 0.375 0.875 0.375 0.875 0.375 0.875 0.375 0.875 0.375 0.875 0.375 0.875 0.375 0.875 0.375 0.875 0.375 0.875 0.375 0.875 0.375 0.875 0.375 0.875 0.375 0.875 0.375 0.875 0.25 0.6875 0.25 0.625 0.25 0.625 0.25 0.6875 0.25 0.625 0.25 0.5625 0.25 0.5625 0.25 0.625 0.25 0.6875 0.25 0.625 0.25 0.625 0.25 0.6875 0.25 0.625 0.25 0.5625 0.25 0.5625 0.25 0.625 0.25 0.75 0.25 0.6875 0.25 0.6875 0.25 0.75 0.25 0.6875 0.25 0.625 0.25 0.625 0.25 0.6875 0.25 0.625 0.25 0.5625 0.25 0.5625 0.25 0.625 0.25 0.5625 0.25 0.5 0.25 0.5 0.25 0.5625 0.25 0.5625 0.25 0.5 0.25 0.5 0.25 0.5625 0.25 0.5625 0.25 0.5 0.25 0.5 0.25 0.5625 0.25 0.5625 0.25 0.5 0.25 0.5 0.25 0.5625 0.25 0.625 0.25 0.5625 0.25 0.5625 0.25 0.625 0.25 0.6875 0.25 0.625 0.25 0.625 0.25 0.6875 0.25 0.75 0.25 0.6875 0.25 0.6875 0.25 0.75 0.25 0.75 0.25 0.6875 0.25 0.6875 0.25 0.75 0.25 0.75 0.25 0.6875 0.25 0.6875 0.25 0.75 0.375 0.375 0.375 0.375 0.375 0.375 0.375 0.375 0.375 0.375 0.375 0.375 0.375 0.375 0.375 0.375 0.375 0.375 0.375 0.375 0.375 0.375 0.375 0.375 0.375 0.375 0.375 0.375 0.375 0.375 0.375 0.375 0.375 0.375 0.375 0.375 0.375 0.375 0.375 0.375 0.375 0.375 0.375 0.375 0.375 0.375 0.375 0.375 0.375 0.375 0.375 0.375 0.375 0.375 0.375 0.375 0.375 0.375 0.375 0.375 0.375 0.375 0.375 0.375 0.375 0.375 0.375 0.375 0.375 0.375 0.375 0.375 0.375 0.375 0.375 0.375 0.375 0.375 0.375 0.375 0.375 0.375 0.375 0.375 0.375 0.375 0.375 0.375 0.375 0.375 0.375 0.375 0.375 0.375 0.375 0.375 0.375 0.375 0.375 0.375 0.375 0.375 0.375 0.375 0.375 0.375 0.375 0.375 0.375 0.375 0.375 0.375 0.375 0.375 0.375 0.375 0.375 0.375 0.375 0.375 0.375 0.375 0.375 0.375 0.375 0.375 0.375 0.375 0.25 0.6875 0.25 0.625 0.25 0.625 0.25 0.6875 0.25 0.625 0.25 0.5625 0.25 0.5625 0.25 0.625 0.25 0.6875 0.25 0.625 0.25 0.625 0.25 0.6875 0.25 0.625 0.25 0.5625 0.25 0.5625 0.25 0.625 0.25 0.75 0.25 0.6875 0.25 0.6875 0.25 0.75 0.25 0.6875 0.25 0.625 0.25 0.625 0.25 0.6875 0.25 0.625 0.25 0.5625 0.25 0.5625 0.25 0.625 0.25 0.5625 0.25 0.5 0.25 0.5 0.25 0.5625 0.25 0.5625 0.25 0.5 0.25 0.5 0.25 0.5625 0.25 0.5625 0.25 0.5 0.25 0.5 0.25 0.5625 0.25 0.5625 0.25 0.5 0.25 0.5 0.25 0.5625 0.25 0.625 0.25 0.5625 0.25 0.5625 0.25 0.625 0.25 0.6875 0.25 0.625 0.25 0.625 0.25 0.6875 0.25 0.75 0.25 0.6875 0.25 0.6875 0.25 0.75 0.25 0.75 0.25 0.6875 0.25 0.6875 0.25 0.75 0.25 0.75 0.25 0.6875 0.25 0.6875 0.25 0.75 0.375 0.875 0.375 0.875 0.375 0.875 0.375 0.875 0.375 0.875 0.375 0.875 0.375 0.875 0.375 0.875 0.375 0.875 0.375 0.875 0.375 0.875 0.375 0.875 0.375 0.875 0.375 0.875 0.375 0.875 0.375 0.875 0.375 0.875 0.375 0.875 0.375 0.875 0.375 0.875 0.375 0.875 0.375 0.875 0.375 0.875 0.375 0.875 0.375 0.875 0.375 0.875 0.375 0.875 0.375 0.875 0.375 0.875 0.375 0.875 0.375 0.875 0.375 0.875 0.375 0.875 0.375 0.875 0.375 0.875 0.375 0.875 0.375 0.875 0.375 0.875 0.375 0.875 0.375 0.875 0.375 0.875 0.375 0.875 0.375 0.875 0.375 0.875 0.375 0.875 0.375 0.875 0.375 0.875 0.375 0.875 0.375 0.875 0.375 0.875 0.375 0.875 0.375 0.875 0.375 0.875 0.375 0.875 0.375 0.875 0.375 0.875 0.375 0.875 0.375 0.875 0.375 0.875 0.375 0.875 0.375 0.875 0.375 0.875 0.375 0.875 0.375 0.875 0.375 0.375 0.375 0.375 0.375 0.375 0.375 0.375 0.375 0.375 0.375 0.375 0.375 0.375 0.375 0.375 0.375 0.375 0.375 0.375 0.375 0.375 0.375 0.375 0.375 0.375 0.375 0.375 0.375 0.375 0.375 0.375 0.375 0.375 0.375 0.375 0.375 0.375 0.375 0.375 0.375 0.375 0.375 0.375 0.375 0.375 0.375 0.375 0.375 0.375 0.375 0.375 0.375 0.375 0.375 0.375 0.375 0.375 0.375 0.375 0.375 0.375 0.375 0.375 0.375 0.375 0.375 0.375 0.375 0.375 0.375 0.375 0.375 0.375 0.375 0.375 0.375 0.375 0.375 0.375 0.375 0.375 0.375 0.375 0.375 0.375 0.375 0.375 0.375 0.375 0.375 0.375 0.375 0.375 0.375 0.375 0.375 0.375 0.375 0.375 0.375 0.375 0.375 0.375 0.375 0.375 0.375 0.375 0.375 0.375 0.375 0.375 0.375 0.375 0.375 0.375 0.375 0.375 0.375 0.375 0.375 0.375 0.375 0.375 0.375 0.375 0.375 0.375 0.25 0.5625 0.25 0.5625 0.25 0.625 0.25 0.625 0.25 0.5625 0.25 0.5625 0.25 0.625 0.25 0.625 0.25 0.625 0.25 0.625 0.25 0.6875 0.25 0.6875 0.25 0.625 0.25 0.625 0.25 0.6875 0.25 0.6875 0.25 0.5 0.25 0.5 0.25 0.5625 0.25 0.5625 0.25 0.5 0.25 0.5 0.25 0.5625 0.25 0.5625 0.25 0.5 0.25 0.5 0.25 0.5625 0.25 0.5625 0.25 0.5 0.25 0.5 0.25 0.5625 0.25 0.5625 0.25 0.5625 0.25 0.5625 0.25 0.625 0.25 0.625 0.25 0.625 0.25 0.625 0.25 0.6875 0.25 0.6875 0.25 0.6875 0.25 0.6875 0.25 0.75 0.25 0.75 0.25 0.6875 0.25 0.6875 0.25 0.75 0.25 0.75 0.25 0.6875 0.25 0.6875 0.25 0.75 0.25 0.75 0.25 0.6875 0.25 0.6875 0.25 0.75 0.25 0.75 0.25 0.625 0.25 0.625 0.25 0.6875 0.25 0.6875 0.25 0.5625 0.25 0.5625 0.25 0.625 0.25 0.625 0.25 0.5625 0.25 0.625 0.25 0.625 0.25 0.5625 0.25 0.625 0.25 0.6875 0.25 0.6875 0.25 0.625 0.25 0.5625 0.25 0.625 0.25 0.625 0.25 0.5625 0.25 0.625 0.25 0.6875 0.25 0.6875 0.25 0.625 0.25 0.5 0.25 0.5625 0.25 0.5625 0.25 0.5 0.25 0.5625 0.25 0.625 0.25 0.625 0.25 0.5625 0.25 0.625 0.25 0.6875 0.25 0.6875 0.25 0.625 0.25 0.6875 0.25 0.75 0.25 0.75 0.25 0.6875 0.25 0.6875 0.25 0.75 0.25 0.75 0.25 0.6875 0.25 0.6875 0.25 0.75 0.25 0.75 0.25 0.6875 0.25 0.6875 0.25 0.75 0.25 0.75 0.25 0.6875 0.25 0.625 0.25 0.6875 0.25 0.6875 0.25 0.625 0.25 0.5625 0.25 0.625 0.25 0.625 0.25 0.5625 0.25 0.5 0.25 0.5625 0.25 0.5625 0.25 0.5 0.25 0.5 0.25 0.5625 0.25 0.5625 0.25 0.5 0.25 0.5 0.25 0.5625 0.25 0.5625 0.25 0.5 0.375 0.875 0.375 0.875 0.375 0.875 0.375 0.875 0.375 0.875 0.375 0.875 0.375 0.875 0.375 0.875 0.375 0.875 0.375 0.875 0.375 0.875 0.375 0.875 0.375 0.875 0.375 0.875 0.375 0.875 0.375 0.875 0.375 0.875 0.375 0.875 0.375 0.875 0.375 0.875 0.375 0.875 0.375 0.875 0.375 0.875 0.375 0.875 0.375 0.875 0.375 0.875 0.375 0.875 0.375 0.875 0.375 0.875 0.375 0.875 0.375 0.875 0.375 0.875 0.375 0.875 0.375 0.875 0.375 0.875 0.375 0.875 0.375 0.875 0.375 0.875 0.375 0.875 0.375 0.875 0.375 0.875 0.375 0.875 0.375 0.875 0.375 0.875 0.375 0.875 0.375 0.875 0.375 0.875 0.375 0.875 0.375 0.875 0.375 0.875 0.375 0.875 0.375 0.875 0.375 0.875 0.375 0.875 0.375 0.875 0.375 0.875 0.375 0.875 0.375 0.875 0.375 0.875 0.375 0.875 0.375 0.875 0.375 0.875 0.375 0.875 0.375 0.875 0.25 0.6875 0.25 0.625 0.25 0.625 0.25 0.6875 0.25 0.625 0.25 0.5625 0.25 0.5625 0.25 0.625 0.25 0.6875 0.25 0.625 0.25 0.625 0.25 0.6875 0.25 0.625 0.25 0.5625 0.25 0.5625 0.25 0.625 0.25 0.75 0.25 0.6875 0.25 0.6875 0.25 0.75 0.25 0.6875 0.25 0.625 0.25 0.625 0.25 0.6875 0.25 0.625 0.25 0.5625 0.25 0.5625 0.25 0.625 0.25 0.5625 0.25 0.5 0.25 0.5 0.25 0.5625 0.25 0.5625 0.25 0.5 0.25 0.5 0.25 0.5625 0.25 0.5625 0.25 0.5 0.25 0.5 0.25 0.5625 0.25 0.5625 0.25 0.5 0.25 0.5 0.25 0.5625 0.25 0.625 0.25 0.5625 0.25 0.5625 0.25 0.625 0.25 0.6875 0.25 0.625 0.25 0.625 0.25 0.6875 0.25 0.75 0.25 0.6875 0.25 0.6875 0.25 0.75 0.25 0.75 0.25 0.6875 0.25 0.6875 0.25 0.75 0.25 0.75 0.25 0.6875 0.25 0.6875 0.25 0.75 0.250326 0.6875 0.250326 0.625 0.252604 0.625 0.252604 0.6875 0.250326 0.625 0.250326 0.5625 0.252604 0.5625 0.252604 0.625 0.252604 0.6875 0.252604 0.625 0.258789 0.625 0.258789 0.6875 0.252604 0.625 0.252604 0.5625 0.258789 0.5625 0.258789 0.625 0.25 0.75 0.25 0.6875 0.250326 0.6875 0.250326 0.75 0.25 0.6875 0.25 0.625 0.250326 0.625 0.250326 0.6875 0.25 0.625 0.25 0.5625 0.250326 0.5625 0.250326 0.625 0.25 0.5625 0.25 0.5 0.250326 0.5 0.250326 0.5625 0.250326 0.5625 0.250326 0.5 0.252604 0.5 0.252604 0.5625 0.252604 0.5625 0.252604 0.5 0.258789 0.5 0.258789 0.5625 0.258789 0.5625 0.258789 0.5 0.270833 0.5 0.270833 0.5625 0.258789 0.625 0.258789 0.5625 0.270833 0.5625 0.270833 0.625 0.258789 0.6875 0.258789 0.625 0.270833 0.625 0.270833 0.6875 0.258789 0.75 0.258789 0.6875 0.270833 0.6875 0.270833 0.75 0.252604 0.75 0.252604 0.6875 0.258789 0.6875 0.258789 0.75 0.250326 0.75 0.250326 0.6875 0.252604 0.6875 0.252604 0.75 0.25 0.5625 0.25 0.625 0.25 0.625 0.25 0.5625 0.25 0.625 0.25 0.6875 0.25 0.6875 0.25 0.625 0.25 0.5625 0.25 0.625 0.25 0.625 0.25 0.5625 0.25 0.625 0.25 0.6875 0.25 0.6875 0.25 0.625 0.25 0.5 0.25 0.5625 0.25 0.5625 0.25 0.5 0.25 0.5625 0.25 0.625 0.25 0.625 0.25 0.5625 0.25 0.625 0.25 0.6875 0.25 0.6875 0.25 0.625 0.25 0.6875 0.25 0.75 0.25 0.75 0.25 0.6875 0.25 0.6875 0.25 0.75 0.25 0.75 0.25 0.6875 0.25 0.6875 0.25 0.75 0.25 0.75 0.25 0.6875 0.25 0.6875 0.25 0.75 0.25 0.75 0.25 0.6875 0.25 0.625 0.25 0.6875 0.25 0.6875 0.25 0.625 0.25 0.5625 0.25 0.625 0.25 0.625 0.25 0.5625 0.25 0.5 0.25 0.5625 0.25 0.5625 0.25 0.5 0.25 0.5 0.25 0.5625 0.25 0.5625 0.25 0.5 0.25 0.5 0.25 0.5625 0.25 0.5625 0.25 0.5 0.25 0.6875 0.25 0.625 0.25 0.625 0.25 0.6875 0.25 0.625 0.25 0.5625 0.25 0.5625 0.25 0.625 0.25 0.6875 0.25 0.625 0.25 0.625 0.25 0.6875 0.25 0.625 0.25 0.5625 0.25 0.5625 0.25 0.625 0.25 0.75 0.25 0.6875 0.25 0.6875 0.25 0.75 0.25 0.6875 0.25 0.625 0.25 0.625 0.25 0.6875 0.25 0.625 0.25 0.5625 0.25 0.5625 0.25 0.625 0.25 0.5625 0.25 0.5 0.25 0.5 0.25 0.5625 0.25 0.5625 0.25 0.5 0.25 0.5 0.25 0.5625 0.25 0.5625 0.25 0.5 0.25 0.5 0.25 0.5625 0.25 0.5625 0.25 0.5 0.25 0.5 0.25 0.5625 0.25 0.625 0.25 0.5625 0.25 0.5625 0.25 0.625 0.25 0.6875 0.25 0.625 0.25 0.625 0.25 0.6875 0.25 0.75 0.25 0.6875 0.25 0.6875 0.25 0.75 0.25 0.75 0.25 0.6875 0.25 0.6875 0.25 0.75 0.25 0.75 0.25 0.6875 0.25 0.6875 0.25 0.75 0.375 0.875 0.375 0.875 0.375 0.875 0.375 0.875 0.375 0.875 0.375 0.875 0.375 0.875 0.375 0.875 0.375 0.875 0.375 0.875 0.375 0.875 0.375 0.875 0.375 0.875 0.375 0.875 0.375 0.875 0.375 0.875 0.375 0.875 0.375 0.875 0.375 0.875 0.375 0.875 0.375 0.875 0.375 0.875 0.375 0.875 0.375 0.875 0.375 0.875 0.375 0.875 0.375 0.875 0.375 0.875 0.375 0.875 0.375 0.875 0.375 0.875 0.375 0.875 0.375 0.875 0.375 0.875 0.375 0.875 0.375 0.875 0.375 0.875 0.375 0.875 0.375 0.875 0.375 0.875 0.375 0.875 0.375 0.875 0.375 0.875 0.375 0.875 0.375 0.875 0.375 0.875 0.375 0.875 0.375 0.875 0.375 0.875 0.375 0.875 0.375 0.875 0.375 0.875 0.375 0.875 0.375 0.875 0.375 0.875 0.375 0.875 0.375 0.875 0.375 0.875 0.375 0.875 0.375 0.875 0.375 0.875 0.375 0.875 0.375 0.875 0.375 0.875 0.375 0.375 0.375 0.375 0.375 0.375 0.375 0.375 0.375 0.375 0.375 0.375 0.375 0.375 0.375 0.375 0.375 0.375 0.375 0.375 0.375 0.375 0.375 0.375 0.375 0.375 0.375 0.375 0.375 0.375 0.375 0.375 0.375 0.375 0.375 0.375 0.375 0.375 0.375 0.375 0.375 0.375 0.375 0.375 0.375 0.375 0.375 0.375 0.375 0.375 0.375 0.375 0.375 0.375 0.375 0.375 0.375 0.375 0.375 0.375 0.375 0.375 0.375 0.375 0.375 0.375 0.375 0.375 0.375 0.375 0.375 0.375 0.375 0.375 0.375 0.375 0.375 0.375 0.375 0.375 0.375 0.375 0.375 0.375 0.375 0.375 0.375 0.375 0.375 0.375 0.375 0.375 0.375 0.375 0.375 0.375 0.375 0.375 0.375 0.375 0.375 0.375 0.375 0.375 0.375 0.375 0.375 0.375 0.375 0.375 0.375 0.375 0.375 0.375 0.375 0.375 0.375 0.375 0.375 0.375 0.375 0.375 0.375 0.375 0.375 0.375 0.375 0.375 0.25 0.5625 0.25 0.625 0.25 0.625 0.25 0.5625 0.25 0.625 0.25 0.6875 0.25 0.6875 0.25 0.625 0.25 0.5625 0.25 0.625 0.25 0.625 0.25 0.5625 0.25 0.625 0.25 0.6875 0.25 0.6875 0.25 0.625 0.25 0.5 0.25 0.5625 0.25 0.5625 0.25 0.5 0.25 0.5625 0.25 0.625 0.25 0.625 0.25 0.5625 0.25 0.625 0.25 0.6875 0.25 0.6875 0.25 0.625 0.25 0.6875 0.25 0.75 0.25 0.75 0.25 0.6875 0.25 0.6875 0.25 0.75 0.25 0.75 0.25 0.6875 0.25 0.6875 0.25 0.75 0.25 0.75 0.25 0.6875 0.25 0.6875 0.25 0.75 0.25 0.75 0.25 0.6875 0.25 0.625 0.25 0.6875 0.25 0.6875 0.25 0.625 0.25 0.5625 0.25 0.625 0.25 0.625 0.25 0.5625 0.25 0.5 0.25 0.5625 0.25 0.5625 0.25 0.5 0.25 0.5 0.25 0.5625 0.25 0.5625 0.25 0.5 0.25 0.5 0.25 0.5625 0.25 0.5625 0.25 0.5 0.25 0.6875 0.25 0.625 0.25 0.625 0.25 0.6875 0.25 0.625 0.25 0.5625 0.25 0.5625 0.25 0.625 0.25 0.6875 0.25 0.625 0.25 0.625 0.25 0.6875 0.25 0.625 0.25 0.5625 0.25 0.5625 0.25 0.625 0.25 0.75 0.25 0.6875 0.25 0.6875 0.25 0.75 0.25 0.6875 0.25 0.625 0.25 0.625 0.25 0.6875 0.25 0.625 0.25 0.5625 0.25 0.5625 0.25 0.625 0.25 0.5625 0.25 0.5 0.25 0.5 0.25 0.5625 0.25 0.5625 0.25 0.5 0.25 0.5 0.25 0.5625 0.25 0.5625 0.25 0.5 0.25 0.5 0.25 0.5625 0.25 0.5625 0.25 0.5 0.25 0.5 0.25 0.5625 0.25 0.625 0.25 0.5625 0.25 0.5625 0.25 0.625 0.25 0.6875 0.25 0.625 0.25 0.625 0.25 0.6875 0.25 0.75 0.25 0.6875 0.25 0.6875 0.25 0.75 0.25 0.75 0.25 0.6875 0.25 0.6875 0.25 0.75 0.25 0.75 0.25 0.6875 0.25 0.6875 0.25 0.75 0.25 0.5625 0.25 0.625 0.25 0.625 0.25 0.5625 0.25 0.625 0.25 0.6875 0.25 0.6875 0.25 0.625 0.25 0.5625 0.25 0.625 0.25 0.625 0.25 0.5625 0.25 0.625 0.25 0.6875 0.25 0.6875 0.25 0.625 0.25 0.5 0.25 0.5625 0.25 0.5625 0.25 0.5 0.25 0.5625 0.25 0.625 0.25 0.625 0.25 0.5625 0.25 0.625 0.25 0.6875 0.25 0.6875 0.25 0.625 0.25 0.6875 0.25 0.75 0.25 0.75 0.25 0.6875 0.25 0.6875 0.25 0.75 0.25 0.75 0.25 0.6875 0.25 0.6875 0.25 0.75 0.25 0.75 0.25 0.6875 0.25 0.6875 0.25 0.75 0.25 0.75 0.25 0.6875 0.25 0.625 0.25 0.6875 0.25 0.6875 0.25 0.625 0.25 0.5625 0.25 0.625 0.25 0.625 0.25 0.5625 0.25 0.5 0.25 0.5625 0.25 0.5625 0.25 0.5 0.25 0.5 0.25 0.5625 0.25 0.5625 0.25 0.5 0.25 0.5 0.25 0.5625 0.25 0.5625 0.25 0.5 0.375 0.375 0.375 0.375 0.375 0.375 0.375 0.375 0.375 0.375 0.375 0.375 0.375 0.375 0.375 0.375 0.375 0.375 0.375 0.375 0.375 0.375 0.375 0.375 0.375 0.375 0.375 0.375 0.375 0.375 0.375 0.375 0.375 0.375 0.375 0.375 0.375 0.375 0.375 0.375 0.375 0.375 0.375 0.375 0.375 0.375 0.375 0.375 0.375 0.375 0.375 0.375 0.375 0.375 0.375 0.375 0.375 0.375 0.375 0.375 0.375 0.375 0.375 0.375 0.375 0.375 0.375 0.375 0.375 0.375 0.375 0.375 0.375 0.375 0.375 0.375 0.375 0.375 0.375 0.375 0.375 0.375 0.375 0.375 0.375 0.375 0.375 0.375 0.375 0.375 0.375 0.375 0.375 0.375 0.375 0.375 0.375 0.375 0.375 0.375 0.375 0.375 0.375 0.375 0.375 0.375 0.375 0.375 0.375 0.375 0.375 0.375 0.375 0.375 0.375 0.375 0.375 0.375 0.375 0.375 0.375 0.375 0.375 0.375 0.375 0.375 0.375 0.375 0.375 0.875 0.375 0.875 0.375 0.875 0.375 0.875 0.375 0.875 0.375 0.875 0.375 0.875 0.375 0.875 0.375 0.875 0.375 0.875 0.375 0.875 0.375 0.875 0.375 0.875 0.375 0.875 0.375 0.875 0.375 0.875 0.375 0.875 0.375 0.875 0.375 0.875 0.375 0.875 0.375 0.875 0.375 0.875 0.375 0.875 0.375 0.875 0.375 0.875 0.375 0.875 0.375 0.875 0.375 0.875 0.375 0.875 0.375 0.875 0.375 0.875 0.375 0.875 0.375 0.875 0.375 0.875 0.375 0.875 0.375 0.875 0.375 0.875 0.375 0.875 0.375 0.875 0.375 0.875 0.375 0.875 0.375 0.875 0.375 0.875 0.375 0.875 0.375 0.875 0.375 0.875 0.375 0.875 0.375 0.875 0.375 0.875 0.375 0.875 0.375 0.875 0.375 0.875 0.375 0.875 0.375 0.875 0.375 0.875 0.375 0.875 0.375 0.875 0.375 0.875 0.375 0.875 0.375 0.875 0.375 0.875 0.375 0.875 0.375 0.875 0.375 0.875 0.375 0.375 0.375 0.375 0.375 0.375 0.375 0.375 0.375 0.375 0.375 0.375 0.375 0.375 0.375 0.375 0.375 0.375 0.375 0.375 0.375 0.375 0.375 0.375 0.375 0.375 0.375 0.375 0.375 0.375 0.375 0.375 0.375 0.375 0.375 0.375 0.375 0.375 0.375 0.375 0.375 0.375 0.375 0.375 0.375 0.375 0.375 0.375 0.375 0.375 0.375 0.375 0.375 0.375 0.375 0.375 0.375 0.375 0.375 0.375 0.375 0.375 0.375 0.375 0.375 0.375 0.375 0.375 0.375 0.375 0.375 0.375 0.375 0.375 0.375 0.375 0.375 0.375 0.375 0.375 0.375 0.375 0.375 0.375 0.375 0.375 0.375 0.375 0.375 0.375 0.375 0.375 0.375 0.375 0.375 0.375 0.375 0.375 0.375 0.375 0.375 0.375 0.375 0.375 0.375 0.375 0.375 0.375 0.375 0.375 0.375 0.375 0.375 0.375 0.375 0.375 0.375 0.375 0.375 0.375 0.375 0.375 0.375 0.375 0.375 0.375 0.375 0.375 0.25 0.5625 0.25 0.625 0.25 0.625 0.25 0.5625 0.25 0.625 0.25 0.6875 0.25 0.6875 0.25 0.625 0.25 0.5625 0.25 0.625 0.25 0.625 0.25 0.5625 0.25 0.625 0.25 0.6875 0.25 0.6875 0.25 0.625 0.25 0.5 0.25 0.5625 0.25 0.5625 0.25 0.5 0.25 0.5625 0.25 0.625 0.25 0.625 0.25 0.5625 0.25 0.625 0.25 0.6875 0.25 0.6875 0.25 0.625 0.25 0.6875 0.25 0.75 0.25 0.75 0.25 0.6875 0.25 0.6875 0.25 0.75 0.25 0.75 0.25 0.6875 0.25 0.6875 0.25 0.75 0.25 0.75 0.25 0.6875 0.25 0.6875 0.25 0.75 0.25 0.75 0.25 0.6875 0.25 0.625 0.25 0.6875 0.25 0.6875 0.25 0.625 0.25 0.5625 0.25 0.625 0.25 0.625 0.25 0.5625 0.25 0.5 0.25 0.5625 0.25 0.5625 0.25 0.5 0.25 0.5 0.25 0.5625 0.25 0.5625 0.25 0.5 0.25 0.5 0.25 0.5625 0.25 0.5625 0.25 0.5 0.375 0.875 0.375 0.875 0.375 0.875 0.375 0.875 0.375 0.875 0.375 0.875 0.375 0.875 0.375 0.875 0.375 0.875 0.375 0.875 0.375 0.875 0.375 0.875 0.375 0.875 0.375 0.875 0.375 0.875 0.375 0.875 0.375 0.875 0.375 0.875 0.375 0.875 0.375 0.875 0.375 0.875 0.375 0.875 0.375 0.875 0.375 0.875 0.375 0.875 0.375 0.875 0.375 0.875 0.375 0.875 0.375 0.875 0.375 0.875 0.375 0.875 0.375 0.875 0.375 0.875 0.375 0.875 0.375 0.875 0.375 0.875 0.375 0.875 0.375 0.875 0.375 0.875 0.375 0.875 0.375 0.875 0.375 0.875 0.375 0.875 0.375 0.875 0.375 0.875 0.375 0.875 0.375 0.875 0.375 0.875 0.375 0.875 0.375 0.875 0.375 0.875 0.375 0.875 0.375 0.875 0.375 0.875 0.375 0.875 0.375 0.875 0.375 0.875 0.375 0.875 0.375 0.875 0.375 0.875 0.375 0.875 0.375 0.875 0.375 0.875 0.375 0.875 0.375 0.875 0.375 0.875 0.375 0.875 0.375 0.875 0.375 0.875 0.375 0.875 0.375 0.875 0.375 0.875 0.375 0.875 0.375 0.875 0.375 0.875 0.375 0.875 0.375 0.875 0.375 0.875 0.375 0.875 0.375 0.875 0.375 0.875 0.375 0.875 0.375 0.875 0.375 0.875 0.375 0.875 0.375 0.875 0.375 0.875 0.375 0.875 0.375 0.875 0.375 0.875 0.375 0.875 0.375 0.875 0.375 0.875 0.375 0.875 0.375 0.875 0.375 0.875 0.375 0.875 0.375 0.875 0.375 0.875 0.375 0.875 0.375 0.875 0.375 0.875 0.375 0.875 0.375 0.875 0.375 0.875 0.375 0.875 0.375 0.875 0.375 0.875 0.375 0.875 0.375 0.875 0.375 0.875 0.375 0.875 0.375 0.875 0.375 0.875 0.375 0.875 0.375 0.875 0.375 0.875 0.375 0.875 0.375 0.875 0.375 0.875 0.375 0.875 0.375 0.875 0.375 0.875 0.375 0.875 0.375 0.875 0.375 0.875 0.375 0.875 0.375 0.875 0.25 0.6875 0.25 0.625 0.25 0.625 0.25 0.6875 0.25 0.625 0.25 0.5625 0.25 0.5625 0.25 0.625 0.25 0.6875 0.25 0.625 0.25 0.625 0.25 0.6875 0.25 0.625 0.25 0.5625 0.25 0.5625 0.25 0.625 0.25 0.75 0.25 0.6875 0.25 0.6875 0.25 0.75 0.25 0.6875 0.25 0.625 0.25 0.625 0.25 0.6875 0.25 0.625 0.25 0.5625 0.25 0.5625 0.25 0.625 0.25 0.5625 0.25 0.5 0.25 0.5 0.25 0.5625 0.25 0.5625 0.25 0.5 0.25 0.5 0.25 0.5625 0.25 0.5625 0.25 0.5 0.25 0.5 0.25 0.5625 0.25 0.5625 0.25 0.5 0.25 0.5 0.25 0.5625 0.25 0.625 0.25 0.5625 0.25 0.5625 0.25 0.625 0.25 0.6875 0.25 0.625 0.25 0.625 0.25 0.6875 0.25 0.75 0.25 0.6875 0.25 0.6875 0.25 0.75 0.25 0.75 0.25 0.6875 0.25 0.6875 0.25 0.75 0.25 0.75 0.25 0.6875 0.25 0.6875 0.25 0.75 0.25 0.5625 0.25 0.625 0.25 0.625 0.25 0.5625 0.25 0.625 0.25 0.6875 0.25 0.6875 0.25 0.625 0.25 0.5625 0.25 0.625 0.25 0.625 0.25 0.5625 0.25 0.625 0.25 0.6875 0.25 0.6875 0.25 0.625 0.25 0.5 0.25 0.5625 0.25 0.5625 0.25 0.5 0.25 0.5625 0.25 0.625 0.25 0.625 0.25 0.5625 0.25 0.625 0.25 0.6875 0.25 0.6875 0.25 0.625 0.25 0.6875 0.25 0.75 0.25 0.75 0.25 0.6875 0.25 0.6875 0.25 0.75 0.25 0.75 0.25 0.6875 0.25 0.6875 0.25 0.75 0.25 0.75 0.25 0.6875 0.25 0.6875 0.25 0.75 0.25 0.75 0.25 0.6875 0.25 0.625 0.25 0.6875 0.25 0.6875 0.25 0.625 0.25 0.5625 0.25 0.625 0.25 0.625 0.25 0.5625 0.25 0.5 0.25 0.5625 0.25 0.5625 0.25 0.5 0.25 0.5 0.25 0.5625 0.25 0.5625 0.25 0.5 0.25 0.5 0.25 0.5625 0.25 0.5625 0.25 0.5 0.375 0.375 0.375 0.375 0.375 0.375 0.375 0.375 0.375 0.375 0.375 0.375 0.375 0.375 0.375 0.375 0.375 0.375 0.375 0.375 0.375 0.375 0.375 0.375 0.375 0.375 0.375 0.375 0.375 0.375 0.375 0.375 0.375 0.375 0.375 0.375 0.375 0.375 0.375 0.375 0.375 0.375 0.375 0.375 0.375 0.375 0.375 0.375 0.375 0.375 0.375 0.375 0.375 0.375 0.375 0.375 0.375 0.375 0.375 0.375 0.375 0.375 0.375 0.375 0.375 0.375 0.375 0.375 0.375 0.375 0.375 0.375 0.375 0.375 0.375 0.375 0.375 0.375 0.375 0.375 0.375 0.375 0.375 0.375 0.375 0.375 0.375 0.375 0.375 0.375 0.375 0.375 0.375 0.375 0.375 0.375 0.375 0.375 0.375 0.375 0.375 0.375 0.375 0.375 0.375 0.375 0.375 0.375 0.375 0.375 0.375 0.375 0.375 0.375 0.375 0.375 0.375 0.375 0.375 0.375 0.375 0.375 0.375 0.375 0.375 0.375 0.375 0.375 0.25 0.6875 0.25 0.625 0.25 0.625 0.25 0.6875 0.25 0.625 0.25 0.5625 0.25 0.5625 0.25 0.625 0.25 0.6875 0.25 0.625 0.25 0.625 0.25 0.6875 0.25 0.625 0.25 0.5625 0.25 0.5625 0.25 0.625 0.25 0.75 0.25 0.6875 0.25 0.6875 0.25 0.75 0.25 0.6875 0.25 0.625 0.25 0.625 0.25 0.6875 0.25 0.625 0.25 0.5625 0.25 0.5625 0.25 0.625 0.25 0.5625 0.25 0.5 0.25 0.5 0.25 0.5625 0.25 0.5625 0.25 0.5 0.25 0.5 0.25 0.5625 0.25 0.5625 0.25 0.5 0.25 0.5 0.25 0.5625 0.25 0.5625 0.25 0.5 0.25 0.5 0.25 0.5625 0.25 0.625 0.25 0.5625 0.25 0.5625 0.25 0.625 0.25 0.6875 0.25 0.625 0.25 0.625 0.25 0.6875 0.25 0.75 0.25 0.6875 0.25 0.6875 0.25 0.75 0.25 0.75 0.25 0.6875 0.25 0.6875 0.25 0.75 0.25 0.75 0.25 0.6875 0.25 0.6875 0.25 0.75 0.375 0.875 0.375 0.875 0.375 0.875 0.375 0.875 0.375 0.875 0.375 0.875 0.375 0.875 0.375 0.875 0.375 0.875 0.375 0.875 0.375 0.875 0.375 0.875 0.375 0.875 0.375 0.875 0.375 0.875 0.375 0.875 0.375 0.875 0.375 0.875 0.375 0.875 0.375 0.875 0.375 0.875 0.375 0.875 0.375 0.875 0.375 0.875 0.375 0.875 0.375 0.875 0.375 0.875 0.375 0.875 0.375 0.875 0.375 0.875 0.375 0.875 0.375 0.875 0.375 0.875 0.375 0.875 0.375 0.875 0.375 0.875 0.375 0.875 0.375 0.875 0.375 0.875 0.375 0.875 0.375 0.875 0.375 0.875 0.375 0.875 0.375 0.875 0.375 0.875 0.375 0.875 0.375 0.875 0.375 0.875 0.375 0.875 0.375 0.875 0.375 0.875 0.375 0.875 0.375 0.875 0.375 0.875 0.375 0.875 0.375 0.875 0.375 0.875 0.375 0.875 0.375 0.875 0.375 0.875 0.375 0.875 0.375 0.875 0.375 0.875 0.375 0.875 0.375 0.375 0.375 0.375 0.375 0.375 0.375 0.375 0.375 0.375 0.375 0.375 0.375 0.375 0.375 0.375 0.375 0.375 0.375 0.375 0.375 0.375 0.375 0.375 0.375 0.375 0.375 0.375 0.375 0.375 0.375 0.375 0.375 0.375 0.375 0.375 0.375 0.375 0.375 0.375 0.375 0.375 0.375 0.375 0.375 0.375 0.375 0.375 0.375 0.375 0.375 0.375 0.375 0.375 0.375 0.375 0.375 0.375 0.375 0.375 0.375 0.375 0.375 0.375 0.375 0.375 0.375 0.375 0.375 0.375 0.375 0.375 0.375 0.375 0.375 0.375 0.375 0.375 0.375 0.375 0.375 0.375 0.375 0.375 0.375 0.375 0.375 0.375 0.375 0.375 0.375 0.375 0.375 0.375 0.375 0.375 0.375 0.375 0.375 0.375 0.375 0.375 0.375 0.375 0.375 0.375 0.375 0.375 0.375 0.375 0.375 0.375 0.375 0.375 0.375 0.375 0.375 0.375 0.375 0.375 0.375 0.375 0.375 0.375 0.375 0.375 0.375 0.375 0.25 0.5625 0.25 0.625 0.25 0.625 0.25 0.5625 0.25 0.625 0.25 0.6875 0.25 0.6875 0.25 0.625 0.25 0.5625 0.25 0.625 0.25 0.625 0.25 0.5625 0.25 0.625 0.25 0.6875 0.25 0.6875 0.25 0.625 0.25 0.5 0.25 0.5625 0.25 0.5625 0.25 0.5 0.25 0.5625 0.25 0.625 0.25 0.625 0.25 0.5625 0.25 0.625 0.25 0.6875 0.25 0.6875 0.25 0.625 0.25 0.6875 0.25 0.75 0.25 0.75 0.25 0.6875 0.25 0.6875 0.25 0.75 0.25 0.75 0.25 0.6875 0.25 0.6875 0.25 0.75 0.25 0.75 0.25 0.6875 0.25 0.6875 0.25 0.75 0.25 0.75 0.25 0.6875 0.25 0.625 0.25 0.6875 0.25 0.6875 0.25 0.625 0.25 0.5625 0.25 0.625 0.25 0.625 0.25 0.5625 0.25 0.5 0.25 0.5625 0.25 0.5625 0.25 0.5 0.25 0.5 0.25 0.5625 0.25 0.5625 0.25 0.5 0.25 0.5 0.25 0.5625 0.25 0.5625 0.25 0.5 0.25 0.5625 0.25 0.625 0.25 0.625 0.25 0.5625 0.25 0.625 0.25 0.6875 0.25 0.6875 0.25 0.625 0.25 0.5625 0.25 0.625 0.25 0.625 0.25 0.5625 0.25 0.625 0.25 0.6875 0.25 0.6875 0.25 0.625 0.25 0.5 0.25 0.5625 0.25 0.5625 0.25 0.5 0.25 0.5625 0.25 0.625 0.25 0.625 0.25 0.5625 0.25 0.625 0.25 0.6875 0.25 0.6875 0.25 0.625 0.25 0.6875 0.25 0.75 0.25 0.75 0.25 0.6875 0.25 0.6875 0.25 0.75 0.25 0.75 0.25 0.6875 0.25 0.6875 0.25 0.75 0.25 0.75 0.25 0.6875 0.25 0.6875 0.25 0.75 0.25 0.75 0.25 0.6875 0.25 0.625 0.25 0.6875 0.25 0.6875 0.25 0.625 0.25 0.5625 0.25 0.625 0.25 0.625 0.25 0.5625 0.25 0.5 0.25 0.5625 0.25 0.5625 0.25 0.5 0.25 0.5 0.25 0.5625 0.25 0.5625 0.25 0.5 0.25 0.5 0.25 0.5625 0.25 0.5625 0.25 0.5 0.375 0.375 0.375 0.375 0.375 0.375 0.375 0.375 0.375 0.375 0.375 0.375 0.375 0.375 0.375 0.375 0.375 0.375 0.375 0.375 0.375 0.375 0.375 0.375 0.375 0.375 0.375 0.375 0.375 0.375 0.375 0.375 0.375 0.375 0.375 0.375 0.375 0.375 0.375 0.375 0.375 0.375 0.375 0.375 0.375 0.375 0.375 0.375 0.375 0.375 0.375 0.375 0.375 0.375 0.375 0.375 0.375 0.375 0.375 0.375 0.375 0.375 0.375 0.375 0.375 0.375 0.375 0.375 0.375 0.375 0.375 0.375 0.375 0.375 0.375 0.375 0.375 0.375 0.375 0.375 0.375 0.375 0.375 0.375 0.375 0.375 0.375 0.375 0.375 0.375 0.375 0.375 0.375 0.375 0.375 0.375 0.375 0.375 0.375 0.375 0.375 0.375 0.375 0.375 0.375 0.375 0.375 0.375 0.375 0.375 0.375 0.375 0.375 0.375 0.375 0.375 0.375 0.375 0.375 0.375 0.375 0.375 0.375 0.375 0.375 0.375 0.375 0.375 0.375 0.875 0.375 0.875 0.375 0.875 0.375 0.875 0.375 0.875 0.375 0.875 0.375 0.875 0.375 0.875 0.375 0.875 0.375 0.875 0.375 0.875 0.375 0.875 0.375 0.875 0.375 0.875 0.375 0.875 0.375 0.875 0.375 0.875 0.375 0.875 0.375 0.875 0.375 0.875 0.375 0.875 0.375 0.875 0.375 0.875 0.375 0.875 0.375 0.875 0.375 0.875 0.375 0.875 0.375 0.875 0.375 0.875 0.375 0.875 0.375 0.875 0.375 0.875 0.375 0.875 0.375 0.875 0.375 0.875 0.375 0.875 0.375 0.875 0.375 0.875 0.375 0.875 0.375 0.875 0.375 0.875 0.375 0.875 0.375 0.875 0.375 0.875 0.375 0.875 0.375 0.875 0.375 0.875 0.375 0.875 0.375 0.875 0.375 0.875 0.375 0.875 0.375 0.875 0.375 0.875 0.375 0.875 0.375 0.875 0.375 0.875 0.375 0.875 0.375 0.875 0.375 0.875 0.375 0.875 0.375 0.875 0.375 0.875 0.375 0.875 0.375 0.875 0.25 0.6875 0.25 0.625 0.25 0.625 0.25 0.6875 0.25 0.625 0.25 0.5625 0.25 0.5625 0.25 0.625 0.25 0.6875 0.25 0.625 0.25 0.625 0.25 0.6875 0.25 0.625 0.25 0.5625 0.25 0.5625 0.25 0.625 0.25 0.75 0.25 0.6875 0.25 0.6875 0.25 0.75 0.25 0.6875 0.25 0.625 0.25 0.625 0.25 0.6875 0.25 0.625 0.25 0.5625 0.25 0.5625 0.25 0.625 0.25 0.5625 0.25 0.5 0.25 0.5 0.25 0.5625 0.25 0.5625 0.25 0.5 0.25 0.5 0.25 0.5625 0.25 0.5625 0.25 0.5 0.25 0.5 0.25 0.5625 0.25 0.5625 0.25 0.5 0.25 0.5 0.25 0.5625 0.25 0.625 0.25 0.5625 0.25 0.5625 0.25 0.625 0.25 0.6875 0.25 0.625 0.25 0.625 0.25 0.6875 0.25 0.75 0.25 0.6875 0.25 0.6875 0.25 0.75 0.25 0.75 0.25 0.6875 0.25 0.6875 0.25 0.75 0.25 0.75 0.25 0.6875 0.25 0.6875 0.25 0.75 0.25 0.6875 0.25 0.625 0.25 0.625 0.25 0.6875 0.25 0.625 0.25 0.5625 0.25 0.5625 0.25 0.625 0.25 0.6875 0.25 0.625 0.25 0.625 0.25 0.6875 0.25 0.625 0.25 0.5625 0.25 0.5625 0.25 0.625 0.25 0.75 0.25 0.6875 0.25 0.6875 0.25 0.75 0.25 0.6875 0.25 0.625 0.25 0.625 0.25 0.6875 0.25 0.625 0.25 0.5625 0.25 0.5625 0.25 0.625 0.25 0.5625 0.25 0.5 0.25 0.5 0.25 0.5625 0.25 0.5625 0.25 0.5 0.25 0.5 0.25 0.5625 0.25 0.5625 0.25 0.5 0.25 0.5 0.25 0.5625 0.25 0.5625 0.25 0.5 0.25 0.5 0.25 0.5625 0.25 0.625 0.25 0.5625 0.25 0.5625 0.25 0.625 0.25 0.6875 0.25 0.625 0.25 0.625 0.25 0.6875 0.25 0.75 0.25 0.6875 0.25 0.6875 0.25 0.75 0.25 0.75 0.25 0.6875 0.25 0.6875 0.25 0.75 0.25 0.75 0.25 0.6875 0.25 0.6875 0.25 0.75 0.375 0.375 0.375 0.375 0.375 0.375 0.375 0.375 0.375 0.375 0.375 0.375 0.375 0.375 0.375 0.375 0.375 0.375 0.375 0.375 0.375 0.375 0.375 0.375 0.375 0.375 0.375 0.375 0.375 0.375 0.375 0.375 0.375 0.375 0.375 0.375 0.375 0.375 0.375 0.375 0.375 0.375 0.375 0.375 0.375 0.375 0.375 0.375 0.375 0.375 0.375 0.375 0.375 0.375 0.375 0.375 0.375 0.375 0.375 0.375 0.375 0.375 0.375 0.375 0.375 0.375 0.375 0.375 0.375 0.375 0.375 0.375 0.375 0.375 0.375 0.375 0.375 0.375 0.375 0.375 0.375 0.375 0.375 0.375 0.375 0.375 0.375 0.375 0.375 0.375 0.375 0.375 0.375 0.375 0.375 0.375 0.375 0.375 0.375 0.375 0.375 0.375 0.375 0.375 0.375 0.375 0.375 0.375 0.375 0.375 0.375 0.375 0.375 0.375 0.375 0.375 0.375 0.375 0.375 0.375 0.375 0.375 0.375 0.375 0.375 0.375 0.375 0.375 0.25 0.6875 0.25 0.625 0.25 0.625 0.25 0.6875 0.25 0.625 0.25 0.5625 0.25 0.5625 0.25 0.625 0.25 0.6875 0.25 0.625 0.25 0.625 0.25 0.6875 0.25 0.625 0.25 0.5625 0.25 0.5625 0.25 0.625 0.25 0.75 0.25 0.6875 0.25 0.6875 0.25 0.75 0.25 0.6875 0.25 0.625 0.25 0.625 0.25 0.6875 0.25 0.625 0.25 0.5625 0.25 0.5625 0.25 0.625 0.25 0.5625 0.25 0.5 0.25 0.5 0.25 0.5625 0.25 0.5625 0.25 0.5 0.25 0.5 0.25 0.5625 0.25 0.5625 0.25 0.5 0.25 0.5 0.25 0.5625 0.25 0.5625 0.25 0.5 0.25 0.5 0.25 0.5625 0.25 0.625 0.25 0.5625 0.25 0.5625 0.25 0.625 0.25 0.6875 0.25 0.625 0.25 0.625 0.25 0.6875 0.25 0.75 0.25 0.6875 0.25 0.6875 0.25 0.75 0.25 0.75 0.25 0.6875 0.25 0.6875 0.25 0.75 0.25 0.75 0.25 0.6875 0.25 0.6875 0.25 0.75 0.375 0.375 0.375 0.375 0.375 0.375 0.375 0.375 0.375 0.375 0.375 0.375 0.375 0.375 0.375 0.375 0.375 0.375 0.375 0.375 0.375 0.375 0.375 0.375 0.375 0.375 0.375 0.375 0.375 0.375 0.375 0.375 0.375 0.375 0.375 0.375 0.375 0.375 0.375 0.375 0.375 0.375 0.375 0.375 0.375 0.375 0.375 0.375 0.375 0.375 0.375 0.375 0.375 0.375 0.375 0.375 0.375 0.375 0.375 0.375 0.375 0.375 0.375 0.375 0.375 0.375 0.375 0.375 0.375 0.375 0.375 0.375 0.375 0.375 0.375 0.375 0.375 0.375 0.375 0.375 0.375 0.375 0.375 0.375 0.375 0.375 0.375 0.375 0.375 0.375 0.375 0.375 0.375 0.375 0.375 0.375 0.375 0.375 0.375 0.375 0.375 0.375 0.375 0.375 0.375 0.375 0.375 0.375 0.375 0.375 0.375 0.375 0.375 0.375 0.375 0.375 0.375 0.375 0.375 0.375 0.375 0.375 0.375 0.375 0.375 0.375 0.375 0.375 0.25 0.5625 0.25 0.625 0.25 0.625 0.25 0.5625 0.25 0.625 0.25 0.6875 0.25 0.6875 0.25 0.625 0.25 0.5625 0.25 0.625 0.25 0.625 0.25 0.5625 0.25 0.625 0.25 0.6875 0.25 0.6875 0.25 0.625 0.25 0.5 0.25 0.5625 0.25 0.5625 0.25 0.5 0.25 0.5625 0.25 0.625 0.25 0.625 0.25 0.5625 0.25 0.625 0.25 0.6875 0.25 0.6875 0.25 0.625 0.25 0.6875 0.25 0.75 0.25 0.75 0.25 0.6875 0.25 0.6875 0.25 0.75 0.25 0.75 0.25 0.6875 0.25 0.6875 0.25 0.75 0.25 0.75 0.25 0.6875 0.25 0.6875 0.25 0.75 0.25 0.75 0.25 0.6875 0.25 0.625 0.25 0.6875 0.25 0.6875 0.25 0.625 0.25 0.5625 0.25 0.625 0.25 0.625 0.25 0.5625 0.25 0.5 0.25 0.5625 0.25 0.5625 0.25 0.5 0.25 0.5 0.25 0.5625 0.25 0.5625 0.25 0.5 0.25 0.5 0.25 0.5625 0.25 0.5625 0.25 0.5 0.375 0.875 0.375 0.875 0.375 0.875 0.375 0.875 0.375 0.875 0.375 0.875 0.375 0.875 0.375 0.875 0.375 0.875 0.375 0.875 0.375 0.875 0.375 0.875 0.375 0.875 0.375 0.875 0.375 0.875 0.375 0.875 0.375 0.875 0.375 0.875 0.375 0.875 0.375 0.875 0.375 0.875 0.375 0.875 0.375 0.875 0.375 0.875 0.375 0.875 0.375 0.875 0.375 0.875 0.375 0.875 0.375 0.875 0.375 0.875 0.375 0.875 0.375 0.875 0.375 0.875 0.375 0.875 0.375 0.875 0.375 0.875 0.375 0.875 0.375 0.875 0.375 0.875 0.375 0.875 0.375 0.875 0.375 0.875 0.375 0.875 0.375 0.875 0.375 0.875 0.375 0.875 0.375 0.875 0.375 0.875 0.375 0.875 0.375 0.875 0.375 0.875 0.375 0.875 0.375 0.875 0.375 0.875 0.375 0.875 0.375 0.875 0.375 0.875 0.375 0.875 0.375 0.875 0.375 0.875 0.375 0.875 0.375 0.875 0.375 0.875 0.375 0.875 0.25 0.5625 0.25 0.625 0.25 0.625 0.25 0.5625 0.25 0.625 0.25 0.6875 0.25 0.6875 0.25 0.625 0.25 0.5625 0.25 0.625 0.25 0.625 0.25 0.5625 0.25 0.625 0.25 0.6875 0.25 0.6875 0.25 0.625 0.25 0.5 0.25 0.5625 0.25 0.5625 0.25 0.5 0.25 0.5625 0.25 0.625 0.25 0.625 0.25 0.5625 0.25 0.625 0.25 0.6875 0.25 0.6875 0.25 0.625 0.25 0.6875 0.25 0.75 0.25 0.75 0.25 0.6875 0.25 0.6875 0.25 0.75 0.25 0.75 0.25 0.6875 0.25 0.6875 0.25 0.75 0.25 0.75 0.25 0.6875 0.25 0.6875 0.25 0.75 0.25 0.75 0.25 0.6875 0.25 0.625 0.25 0.6875 0.25 0.6875 0.25 0.625 0.25 0.5625 0.25 0.625 0.25 0.625 0.25 0.5625 0.25 0.5 0.25 0.5625 0.25 0.5625 0.25 0.5 0.25 0.5 0.25 0.5625 0.25 0.5625 0.25 0.5 0.25 0.5 0.25 0.5625 0.25 0.5625 0.25 0.5 0.375 0.375 0.375 0.375 0.375 0.375 0.375 0.375 0.375 0.375 0.375 0.375 0.375 0.375 0.375 0.375 0.375 0.375 0.375 0.375 0.375 0.375 0.375 0.375 0.375 0.375 0.375 0.375 0.375 0.375 0.375 0.375 0.375 0.375 0.375 0.375 0.375 0.375 0.375 0.375 0.375 0.375 0.375 0.375 0.375 0.375 0.375 0.375 0.375 0.375 0.375 0.375 0.375 0.375 0.375 0.375 0.375 0.375 0.375 0.375 0.375 0.375 0.375 0.375 0.375 0.375 0.375 0.375 0.375 0.375 0.375 0.375 0.375 0.375 0.375 0.375 0.375 0.375 0.375 0.375 0.375 0.375 0.375 0.375 0.375 0.375 0.375 0.375 0.375 0.375 0.375 0.375 0.375 0.375 0.375 0.375 0.375 0.375 0.375 0.375 0.375 0.375 0.375 0.375 0.375 0.375 0.375 0.375 0.375 0.375 0.375 0.375 0.375 0.375 0.375 0.375 0.375 0.375 0.375 0.375 0.375 0.375 0.375 0.375 0.375 0.375 0.375 0.375 0.375 0.375 0.375 0.375 0.375 0.375 0.375 0.375 0.375 0.375 0.375 0.375 0.375 0.375 0.375 0.375 0.375 0.375 0.375 0.375 0.375 0.375 0.375 0.375 0.375 0.375 0.375 0.375 0.375 0.375 0.375 0.375 0.375 0.375 0.375 0.375 0.375 0.375 0.375 0.375 0.375 0.375 0.375 0.375 0.375 0.375 0.375 0.375 0.375 0.375 0.375 0.375 0.375 0.375 0.375 0.375 0.375 0.375 0.375 0.375 0.375 0.375 0.375 0.375 0.375 0.375 0.375 0.375 0.375 0.375 0.375 0.375 0.375 0.375 0.375 0.375 0.375 0.375 0.375 0.375 0.375 0.375 0.375 0.375 0.375 0.375 0.375 0.375 0.375 0.375 0.375 0.375 0.375 0.375 0.375 0.375 0.375 0.375 0.375 0.375 0.375 0.375 0.375 0.375 0.375 0.375 0.375 0.375 0.375 0.375 0.375 0.375 0.375 0.375 0.375 0.375 0.375 0.375 0.375 0.375 0.375 0.375 0.375 0.375 0.375 0.375 0.375 0.375 0.25 0.5625 0.25 0.625 0.25 0.625 0.25 0.5625 0.25 0.625 0.25 0.6875 0.25 0.6875 0.25 0.625 0.25 0.5625 0.25 0.625 0.25 0.625 0.25 0.5625 0.25 0.625 0.25 0.6875 0.25 0.6875 0.25 0.625 0.25 0.5 0.25 0.5625 0.25 0.5625 0.25 0.5 0.25 0.5625 0.25 0.625 0.25 0.625 0.25 0.5625 0.25 0.625 0.25 0.6875 0.25 0.6875 0.25 0.625 0.25 0.6875 0.25 0.75 0.25 0.75 0.25 0.6875 0.25 0.6875 0.25 0.75 0.25 0.75 0.25 0.6875 0.25 0.6875 0.25 0.75 0.25 0.75 0.25 0.6875 0.25 0.6875 0.25 0.75 0.25 0.75 0.25 0.6875 0.25 0.625 0.25 0.6875 0.25 0.6875 0.25 0.625 0.25 0.5625 0.25 0.625 0.25 0.625 0.25 0.5625 0.25 0.5 0.25 0.5625 0.25 0.5625 0.25 0.5 0.25 0.5 0.25 0.5625 0.25 0.5625 0.25 0.5 0.25 0.5 0.25 0.5625 0.25 0.5625 0.25 0.5 0.375 0.875 0.375 0.875 0.375 0.875 0.375 0.875 0.375 0.875 0.375 0.875 0.375 0.875 0.375 0.875 0.375 0.875 0.375 0.875 0.375 0.875 0.375 0.875 0.375 0.875 0.375 0.875 0.375 0.875 0.375 0.875 0.375 0.875 0.375 0.875 0.375 0.875 0.375 0.875 0.375 0.875 0.375 0.875 0.375 0.875 0.375 0.875 0.375 0.875 0.375 0.875 0.375 0.875 0.375 0.875 0.375 0.875 0.375 0.875 0.375 0.875 0.375 0.875 0.375 0.875 0.375 0.875 0.375 0.875 0.375 0.875 0.375 0.875 0.375 0.875 0.375 0.875 0.375 0.875 0.375 0.875 0.375 0.875 0.375 0.875 0.375 0.875 0.375 0.875 0.375 0.875 0.375 0.875 0.375 0.875 0.375 0.875 0.375 0.875 0.375 0.875 0.375 0.875 0.375 0.875 0.375 0.875 0.375 0.875 0.375 0.875 0.375 0.875 0.375 0.875 0.375 0.875 0.375 0.875 0.375 0.875 0.375 0.875 0.375 0.875 0.375 0.875 0.25 0.6875 0.25 0.625 0.25 0.625 0.25 0.6875 0.25 0.625 0.25 0.5625 0.25 0.5625 0.25 0.625 0.25 0.6875 0.25 0.625 0.25 0.625 0.25 0.6875 0.25 0.625 0.25 0.5625 0.25 0.5625 0.25 0.625 0.25 0.75 0.25 0.6875 0.25 0.6875 0.25 0.75 0.25 0.6875 0.25 0.625 0.25 0.625 0.25 0.6875 0.25 0.625 0.25 0.5625 0.25 0.5625 0.25 0.625 0.25 0.5625 0.25 0.5 0.25 0.5 0.25 0.5625 0.25 0.5625 0.25 0.5 0.25 0.5 0.25 0.5625 0.25 0.5625 0.25 0.5 0.25 0.5 0.25 0.5625 0.25 0.5625 0.25 0.5 0.25 0.5 0.25 0.5625 0.25 0.625 0.25 0.5625 0.25 0.5625 0.25 0.625 0.25 0.6875 0.25 0.625 0.25 0.625 0.25 0.6875 0.25 0.75 0.25 0.6875 0.25 0.6875 0.25 0.75 0.25 0.75 0.25 0.6875 0.25 0.6875 0.25 0.75 0.25 0.75 0.25 0.6875 0.25 0.6875 0.25 0.75 0.25 0.6875 0.25 0.625 0.25 0.625 0.25 0.6875 0.25 0.625 0.25 0.5625 0.25 0.5625 0.25 0.625 0.25 0.6875 0.25 0.625 0.25 0.625 0.25 0.6875 0.25 0.625 0.25 0.5625 0.25 0.5625 0.25 0.625 0.25 0.75 0.25 0.6875 0.25 0.6875 0.25 0.75 0.25 0.6875 0.25 0.625 0.25 0.625 0.25 0.6875 0.25 0.625 0.25 0.5625 0.25 0.5625 0.25 0.625 0.25 0.5625 0.25 0.5 0.25 0.5 0.25 0.5625 0.25 0.5625 0.25 0.5 0.25 0.5 0.25 0.5625 0.25 0.5625 0.25 0.5 0.25 0.5 0.25 0.5625 0.25 0.5625 0.25 0.5 0.25 0.5 0.25 0.5625 0.25 0.625 0.25 0.5625 0.25 0.5625 0.25 0.625 0.25 0.6875 0.25 0.625 0.25 0.625 0.25 0.6875 0.25 0.75 0.25 0.6875 0.25 0.6875 0.25 0.75 0.25 0.75 0.25 0.6875 0.25 0.6875 0.25 0.75 0.25 0.75 0.25 0.6875 0.25 0.6875 0.25 0.75 0.375 0.375 0.375 0.375 0.375 0.375 0.375 0.375 0.375 0.375 0.375 0.375 0.375 0.375 0.375 0.375 0.375 0.375 0.375 0.375 0.375 0.375 0.375 0.375 0.375 0.375 0.375 0.375 0.375 0.375 0.375 0.375 0.375 0.375 0.375 0.375 0.375 0.375 0.375 0.375 0.375 0.375 0.375 0.375 0.375 0.375 0.375 0.375 0.375 0.375 0.375 0.375 0.375 0.375 0.375 0.375 0.375 0.375 0.375 0.375 0.375 0.375 0.375 0.375 0.375 0.375 0.375 0.375 0.375 0.375 0.375 0.375 0.375 0.375 0.375 0.375 0.375 0.375 0.375 0.375 0.375 0.375 0.375 0.375 0.375 0.375 0.375 0.375 0.375 0.375 0.375 0.375 0.375 0.375 0.375 0.375 0.375 0.375 0.375 0.375 0.375 0.375 0.375 0.375 0.375 0.375 0.375 0.375 0.375 0.375 0.375 0.375 0.375 0.375 0.375 0.375 0.375 0.375 0.375 0.375 0.375 0.375 0.375 0.375 0.375 0.375 0.375 0.375 0.25 0.6875 0.25 0.625 0.25 0.625 0.25 0.6875 0.25 0.625 0.25 0.5625 0.25 0.5625 0.25 0.625 0.25 0.6875 0.25 0.625 0.25 0.625 0.25 0.6875 0.25 0.625 0.25 0.5625 0.25 0.5625 0.25 0.625 0.25 0.75 0.25 0.6875 0.25 0.6875 0.25 0.75 0.25 0.6875 0.25 0.625 0.25 0.625 0.25 0.6875 0.25 0.625 0.25 0.5625 0.25 0.5625 0.25 0.625 0.25 0.5625 0.25 0.5 0.25 0.5 0.25 0.5625 0.25 0.5625 0.25 0.5 0.25 0.5 0.25 0.5625 0.25 0.5625 0.25 0.5 0.25 0.5 0.25 0.5625 0.25 0.5625 0.25 0.5 0.25 0.5 0.25 0.5625 0.25 0.625 0.25 0.5625 0.25 0.5625 0.25 0.625 0.25 0.6875 0.25 0.625 0.25 0.625 0.25 0.6875 0.25 0.75 0.25 0.6875 0.25 0.6875 0.25 0.75 0.25 0.75 0.25 0.6875 0.25 0.6875 0.25 0.75 0.25 0.75 0.25 0.6875 0.25 0.6875 0.25 0.75 0.25 0.5625 0.25 0.625 0.25 0.625 0.25 0.5625 0.25 0.625 0.25 0.6875 0.25 0.6875 0.25 0.625 0.25 0.5625 0.25 0.625 0.25 0.625 0.25 0.5625 0.25 0.625 0.25 0.6875 0.25 0.6875 0.25 0.625 0.25 0.5 0.25 0.5625 0.25 0.5625 0.25 0.5 0.25 0.5625 0.25 0.625 0.25 0.625 0.25 0.5625 0.25 0.625 0.25 0.6875 0.25 0.6875 0.25 0.625 0.25 0.6875 0.25 0.75 0.25 0.75 0.25 0.6875 0.25 0.6875 0.25 0.75 0.25 0.75 0.25 0.6875 0.25 0.6875 0.25 0.75 0.25 0.75 0.25 0.6875 0.25 0.6875 0.25 0.75 0.25 0.75 0.25 0.6875 0.25 0.625 0.25 0.6875 0.25 0.6875 0.25 0.625 0.25 0.5625 0.25 0.625 0.25 0.625 0.25 0.5625 0.25 0.5 0.25 0.5625 0.25 0.5625 0.25 0.5 0.25 0.5 0.25 0.5625 0.25 0.5625 0.25 0.5 0.25 0.5 0.25 0.5625 0.25 0.5625 0.25 0.5 0.375 0.875 0.375 0.875 0.375 0.875 0.375 0.875 0.375 0.875 0.375 0.875 0.375 0.875 0.375 0.875 0.375 0.875 0.375 0.875 0.375 0.875 0.375 0.875 0.375 0.875 0.375 0.875 0.375 0.875 0.375 0.875 0.375 0.875 0.375 0.875 0.375 0.875 0.375 0.875 0.375 0.875 0.375 0.875 0.375 0.875 0.375 0.875 0.375 0.875 0.375 0.875 0.375 0.875 0.375 0.875 0.375 0.875 0.375 0.875 0.375 0.875 0.375 0.875 0.375 0.875 0.375 0.875 0.375 0.875 0.375 0.875 0.375 0.875 0.375 0.875 0.375 0.875 0.375 0.875 0.375 0.875 0.375 0.875 0.375 0.875 0.375 0.875 0.375 0.875 0.375 0.875 0.375 0.875 0.375 0.875 0.375 0.875 0.375 0.875 0.375 0.875 0.375 0.875 0.375 0.875 0.375 0.875 0.375 0.875 0.375 0.875 0.375 0.875 0.375 0.875 0.375 0.875 0.375 0.875 0.375 0.875 0.375 0.875 0.375 0.875 0.375 0.875 0.25 0.5625 0.25 0.625 0.25 0.625 0.25 0.5625 0.25 0.625 0.25 0.6875 0.25 0.6875 0.25 0.625 0.25 0.5625 0.25 0.625 0.25 0.625 0.25 0.5625 0.25 0.625 0.25 0.6875 0.25 0.6875 0.25 0.625 0.25 0.5 0.25 0.5625 0.25 0.5625 0.25 0.5 0.25 0.5625 0.25 0.625 0.25 0.625 0.25 0.5625 0.25 0.625 0.25 0.6875 0.25 0.6875 0.25 0.625 0.25 0.6875 0.25 0.75 0.25 0.75 0.25 0.6875 0.25 0.6875 0.25 0.75 0.25 0.75 0.25 0.6875 0.25 0.6875 0.25 0.75 0.25 0.75 0.25 0.6875 0.25 0.6875 0.25 0.75 0.25 0.75 0.25 0.6875 0.25 0.625 0.25 0.6875 0.25 0.6875 0.25 0.625 0.25 0.5625 0.25 0.625 0.25 0.625 0.25 0.5625 0.25 0.5 0.25 0.5625 0.25 0.5625 0.25 0.5 0.25 0.5 0.25 0.5625 0.25 0.5625 0.25 0.5 0.25 0.5 0.25 0.5625 0.25 0.5625 0.25 0.5 0.375 0.375 0.375 0.375 0.375 0.375 0.375 0.375 0.375 0.375 0.375 0.375 0.375 0.375 0.375 0.375 0.375 0.375 0.375 0.375 0.375 0.375 0.375 0.375 0.375 0.375 0.375 0.375 0.375 0.375 0.375 0.375 0.375 0.375 0.375 0.375 0.375 0.375 0.375 0.375 0.375 0.375 0.375 0.375 0.375 0.375 0.375 0.375 0.375 0.375 0.375 0.375 0.375 0.375 0.375 0.375 0.375 0.375 0.375 0.375 0.375 0.375 0.375 0.375 0.375 0.375 0.375 0.375 0.375 0.375 0.375 0.375 0.375 0.375 0.375 0.375 0.375 0.375 0.375 0.375 0.375 0.375 0.375 0.375 0.375 0.375 0.375 0.375 0.375 0.375 0.375 0.375 0.375 0.375 0.375 0.375 0.375 0.375 0.375 0.375 0.375 0.375 0.375 0.375 0.375 0.375 0.375 0.375 0.375 0.375 0.375 0.375 0.375 0.375 0.375 0.375 0.375 0.375 0.375 0.375 0.375 0.375 0.375 0.375 0.375 0.375 0.375 0.375 0.375 0.375 0.375 0.375 0.375 0.375 0.375 0.375 0.375 0.375 0.375 0.375 0.375 0.375 0.375 0.375 0.375 0.375 0.375 0.375 0.375 0.375 0.375 0.375 0.375 0.375 0.375 0.375 0.375 0.375 0.375 0.375 0.375 0.375 0.375 0.375 0.375 0.375 0.375 0.375 0.375 0.375 0.375 0.375 0.375 0.375 0.375 0.375 0.375 0.375 0.375 0.375 0.375 0.375 0.375 0.375 0.375 0.375 0.375 0.375 0.375 0.375 0.375 0.375 0.375 0.375 0.375 0.375 0.375 0.375 0.375 0.375 0.375 0.375 0.375 0.375 0.375 0.375 0.375 0.375 0.375 0.375 0.375 0.375 0.375 0.375 0.375 0.375 0.375 0.375 0.375 0.375 0.375 0.375 0.375 0.375 0.375 0.375 0.375 0.375 0.375 0.375 0.375 0.375 0.375 0.375 0.375 0.375 0.375 0.375 0.375 0.375 0.375 0.375 0.375 0.375 0.375 0.375 0.375 0.375 0.375 0.375 0.375 0.375 0.375 0.375 0.375 0.375 0.375 0.375 0.375 0.375 0.375 0.375 0.375 0.375 0.375 0.375 0.375 0.375 0.375 0.375 0.375 0.375 0.375 0.375 0.375 0.375 0.375 0.375 0.375 0.375 0.375 0.375 0.375 0.375 0.375 0.375 0.375 0.375 0.375 0.375 0.375 0.375 0.375 0.375 0.375 0.375 0.375 0.375 0.375 0.375 0.375 0.375 0.375 0.375 0.375 0.375 0.375 0.375 0.375 0.375 0.375 0.375 0.375 0.375 0.375 0.375 0.375 0.375 0.375 0.375 0.375 0.375 0.375 0.375 0.375 0.375 0.375 0.375 0.375 0.375 0.375 0.375 0.375 0.375 0.375 0.375 0.375 0.375 0.375 0.375 0.375 0.375 0.375 0.375 0.375 0.375 0.375 0.375 0.375 0.375 0.375 0.375 0.375 0.375 0.375 0.375 0.375 0.375 0.375 0.375 0.375 0.375 0.375 0.375 0.375 0.375 0.375 0.375 0.375 0.375 0.375 0.375 0.375 0.375 0.375 0.375 0.375 0.375 0.375 0.375 0.375 0.375 0.375 0.375 0.375 0.875 0.375 0.875 0.375 0.875 0.375 0.875 0.375 0.875 0.375 0.875 0.375 0.875 0.375 0.875 0.375 0.875 0.375 0.875 0.375 0.875 0.375 0.875 0.375 0.875 0.375 0.875 0.375 0.875 0.375 0.875 0.375 0.875 0.375 0.875 0.375 0.875 0.375 0.875 0.375 0.875 0.375 0.875 0.375 0.875 0.375 0.875 0.375 0.875 0.375 0.875 0.375 0.875 0.375 0.875 0.375 0.875 0.375 0.875 0.375 0.875 0.375 0.875 0.375 0.875 0.375 0.875 0.375 0.875 0.375 0.875 0.375 0.875 0.375 0.875 0.375 0.875 0.375 0.875 0.375 0.875 0.375 0.875 0.375 0.875 0.375 0.875 0.375 0.875 0.375 0.875 0.375 0.875 0.375 0.875 0.375 0.875 0.375 0.875 0.375 0.875 0.375 0.875 0.375 0.875 0.375 0.875 0.375 0.875 0.375 0.875 0.375 0.875 0.375 0.875 0.375 0.875 0.375 0.875 0.375 0.875 0.375 0.875 0.375 0.875 0.375 0.875 0.375 0.875 0.375 0.875 0.375 0.875 0.375 0.875 0.375 0.875 0.375 0.875 0.375 0.875 0.375 0.875 0.375 0.875 0.375 0.875 0.375 0.875 0.375 0.875 0.375 0.875 0.375 0.875 0.375 0.875 0.375 0.875 0.375 0.875 0.375 0.875 0.375 0.875 0.375 0.875 0.375 0.875 0.375 0.875 0.375 0.875 0.375 0.875 0.375 0.875 0.375 0.875 0.375 0.875 0.375 0.875 0.375 0.875 0.375 0.875 0.375 0.875 0.375 0.875 0.375 0.875 0.375 0.875 0.375 0.875 0.375 0.875 0.375 0.875 0.375 0.875 0.375 0.875 0.375 0.875 0.375 0.875 0.375 0.875 0.375 0.875 0.375 0.875 0.375 0.875 0.375 0.875 0.375 0.875 0.375 0.875 0.375 0.875 0.375 0.875 0.375 0.875 0.375 0.875 0.375 0.875 0.375 0.875 0.375 0.875 0.375 0.875 0.375 0.875 0.375 0.875 0.375 0.875 0.375 0.875 0.375 0.875 0.375 0.875 0.375 0.875 0.375 0.875 0.374915 0.87381 0.374837 0.873861 0.373698 0.865886 0.374322 0.865479 0.374837 0.873861 0.374766 0.873959 0.373128 0.866672 0.373698 0.865886 0.374322 0.865479 0.373698 0.865886 0.370605 0.844238 0.372745 0.84256 0.373698 0.865886 0.373128 0.866672 0.368581 0.846724 0.370605 0.844238 0.375 0.875 0.375 0.875 0.374915 0.87381 0.374973 0.873942 0.375 0.875 0.375 0.875 0.374837 0.873861 0.374915 0.87381 0.375 0.875 0.375 0.875 0.374766 0.873959 0.374837 0.873861 0.375 0.875 0.375 0.875 0.374756 0.874159 0.374766 0.873959 0.374766 0.873959 0.374756 0.874159 0.373047 0.868273 0.373128 0.866672 0.373128 0.866672 0.373047 0.868273 0.368055 0.85178 0.368581 0.846724 0.368581 0.846724 0.368055 0.85178 0.354167 0.8125 0.359416 0.80736 0.370605 0.844238 0.368581 0.846724 0.359416 0.80736 0.364583 0.802083 0.372745 0.84256 0.370605 0.844238 0.364583 0.802083 0.369778 0.796997 0.374403 0.845432 0.372745 0.84256 0.369778 0.796997 0.375 0.791667 0.374783 0.866536 0.374322 0.865479 0.372745 0.84256 0.374403 0.845432 0.374973 0.873942 0.374915 0.87381 0.374322 0.865479 0.374783 0.866536 0.36499 0.724854 0.35498 0.734863 0.342448 0.647135 0.358724 0.630859 0.35498 0.734863 0.344971 0.744873 0.326172 0.663412 0.342448 0.647135 0.358724 0.630859 0.342448 0.647135 0.327962 0.545736 0.351481 0.522217 0.342448 0.647135 0.326172 0.663412 0.304443 0.569255 0.327962 0.545736 0.375 0.791667 0.369778 0.796997 0.36499 0.724854 0.375 0.714844 0.369778 0.796997 0.364583 0.802083 0.35498 0.734863 0.36499 0.724854 0.364583 0.802083 0.359416 0.80736 0.344971 0.744873 0.35498 0.734863 0.359416 0.80736 0.354167 0.8125 0.334961 0.754883 0.344971 0.744873 0.344971 0.744873 0.334961 0.754883 0.309896 0.679688 0.326172 0.663412 0.326172 0.663412 0.309896 0.679688 0.280924 0.592774 0.304443 0.569255 0.304443 0.569255 0.280924 0.592774 0.25 0.5 0.28125 0.46875 0.327962 0.545736 0.304443 0.569255 0.28125 0.46875 0.3125 0.4375 0.351481 0.522217 0.327962 0.545736 0.3125 0.4375 0.34375 0.40625 0.375 0.498698 0.351481 0.522217 0.34375 0.40625 0.375 0.375 0.375 0.614583 0.358724 0.630859 0.351481 0.522217 0.375 0.498698 0.375 0.714844 0.36499 0.724854 0.358724 0.630859 0.375 0.614583 0.375 0.875 0.375 0.875 0.375 0.875 0.375 0.875 0.375 0.875 0.375 0.875 0.375 0.875 0.375 0.875 0.375 0.875 0.375 0.875 0.375 0.875 0.375 0.875 0.375 0.875 0.375 0.875 0.375 0.875 0.375 0.875 0.375 0.875 0.375 0.875 0.375 0.875 0.375 0.875 0.375 0.875 0.375 0.875 0.375 0.875 0.375 0.875 0.375 0.875 0.375 0.875 0.375 0.875 0.375 0.875 0.375 0.875 0.375 0.875 0.375 0.875 0.375 0.875 0.375 0.875 0.375 0.875 0.375 0.875 0.375 0.875 0.375 0.875 0.375 0.875 0.375 0.875 0.375 0.875 0.375 0.875 0.375 0.875 0.375 0.875 0.375 0.875 0.375 0.875 0.375 0.875 0.375 0.875 0.375 0.875 0.375 0.875 0.375 0.875 0.375 0.875 0.375 0.875 0.375 0.875 0.375 0.875 0.375 0.875 0.375 0.875 0.375 0.875 0.375 0.875 0.375 0.875 0.375 0.875 0.375 0.875 0.375 0.875 0.375 0.875 0.375 0.875 0.25 0.6875 0.25 0.625 0.25 0.625 0.25 0.6875 0.25 0.625 0.25 0.5625 0.25 0.5625 0.25 0.625 0.25 0.6875 0.25 0.625 0.25 0.625 0.25 0.6875 0.25 0.625 0.25 0.5625 0.25 0.5625 0.25 0.625 0.25 0.75 0.25 0.6875 0.25 0.6875 0.25 0.75 0.25 0.6875 0.25 0.625 0.25 0.625 0.25 0.6875 0.25 0.625 0.25 0.5625 0.25 0.5625 0.25 0.625 0.25 0.5625 0.25 0.5 0.25 0.5 0.25 0.5625 0.25 0.5625 0.25 0.5 0.25 0.5 0.25 0.5625 0.25 0.5625 0.25 0.5 0.25 0.5 0.25 0.5625 0.25 0.5625 0.25 0.5 0.25 0.5 0.25 0.5625 0.25 0.625 0.25 0.5625 0.25 0.5625 0.25 0.625 0.25 0.6875 0.25 0.625 0.25 0.625 0.25 0.6875 0.25 0.75 0.25 0.6875 0.25 0.6875 0.25 0.75 0.25 0.75 0.25 0.6875 0.25 0.6875 0.25 0.75 0.25 0.75 0.25 0.6875 0.25 0.6875 0.25 0.75 0.25 0.5625 0.25 0.625 0.25 0.625 0.25 0.5625 0.25 0.625 0.25 0.6875 0.25 0.6875 0.25 0.625 0.25 0.5625 0.25 0.625 0.25 0.625 0.25 0.5625 0.25 0.625 0.25 0.6875 0.25 0.6875 0.25 0.625 0.25 0.5 0.25 0.5625 0.25 0.5625 0.25 0.5 0.25 0.5625 0.25 0.625 0.25 0.625 0.25 0.5625 0.25 0.625 0.25 0.6875 0.25 0.6875 0.25 0.625 0.25 0.6875 0.25 0.75 0.25 0.75 0.25 0.6875 0.25 0.6875 0.25 0.75 0.25 0.75 0.25 0.6875 0.25 0.6875 0.25 0.75 0.25 0.75 0.25 0.6875 0.25 0.6875 0.25 0.75 0.25 0.75 0.25 0.6875 0.25 0.625 0.25 0.6875 0.25 0.6875 0.25 0.625 0.25 0.5625 0.25 0.625 0.25 0.625 0.25 0.5625 0.25 0.5 0.25 0.5625 0.25 0.5625 0.25 0.5 0.25 0.5 0.25 0.5625 0.25 0.5625 0.25 0.5 0.25 0.5 0.25 0.5625 0.25 0.5625 0.25 0.5 0.25 0.6875 0.25 0.625 0.25 0.625 0.25 0.6875 0.25 0.625 0.25 0.5625 0.25 0.5625 0.25 0.625 0.25 0.6875 0.25 0.625 0.25 0.625 0.25 0.6875 0.25 0.625 0.25 0.5625 0.25 0.5625 0.25 0.625 0.25 0.75 0.25 0.6875 0.25 0.6875 0.25 0.75 0.25 0.6875 0.25 0.625 0.25 0.625 0.25 0.6875 0.25 0.625 0.25 0.5625 0.25 0.5625 0.25 0.625 0.25 0.5625 0.25 0.5 0.25 0.5 0.25 0.5625 0.25 0.5625 0.25 0.5 0.25 0.5 0.25 0.5625 0.25 0.5625 0.25 0.5 0.25 0.5 0.25 0.5625 0.25 0.5625 0.25 0.5 0.25 0.5 0.25 0.5625 0.25 0.625 0.25 0.5625 0.25 0.5625 0.25 0.625 0.25 0.6875 0.25 0.625 0.25 0.625 0.25 0.6875 0.25 0.75 0.25 0.6875 0.25 0.6875 0.25 0.75 0.25 0.75 0.25 0.6875 0.25 0.6875 0.25 0.75 0.25 0.75 0.25 0.6875 0.25 0.6875 0.25 0.75 0.375 0.875 0.375 0.875 0.375 0.875 0.375 0.875 0.375 0.875 0.375 0.875 0.375 0.875 0.375 0.875 0.375 0.875 0.375 0.875 0.375 0.875 0.375 0.875 0.375 0.875 0.375 0.875 0.375 0.875 0.375 0.875 0.375 0.875 0.375 0.875 0.375 0.875 0.375 0.875 0.375 0.875 0.375 0.875 0.375 0.875 0.375 0.875 0.375 0.875 0.375 0.875 0.375 0.875 0.375 0.875 0.375 0.875 0.375 0.875 0.375 0.875 0.375 0.875 0.375 0.875 0.375 0.875 0.375 0.875 0.375 0.875 0.375 0.875 0.375 0.875 0.375 0.875 0.375 0.875 0.375 0.875 0.375 0.875 0.375 0.875 0.375 0.875 0.375 0.875 0.375 0.875 0.375 0.875 0.375 0.875 0.375 0.875 0.375 0.875 0.375 0.875 0.375 0.875 0.375 0.875 0.375 0.875 0.375 0.875 0.375 0.875 0.375 0.875 0.375 0.875 0.375 0.875 0.375 0.875 0.375 0.875 0.375 0.875 0.375 0.875 0.375 0.875 0.25 0.5625 0.25 0.625 0.25 0.625 0.25 0.5625 0.25 0.625 0.25 0.6875 0.25 0.6875 0.25 0.625 0.25 0.5625 0.25 0.625 0.25 0.625 0.25 0.5625 0.25 0.625 0.25 0.6875 0.25 0.6875 0.25 0.625 0.25 0.5 0.25 0.5625 0.25 0.5625 0.25 0.5 0.25 0.5625 0.25 0.625 0.25 0.625 0.25 0.5625 0.25 0.625 0.25 0.6875 0.25 0.6875 0.25 0.625 0.25 0.6875 0.25 0.75 0.25 0.75 0.25 0.6875 0.25 0.6875 0.25 0.75 0.25 0.75 0.25 0.6875 0.25 0.6875 0.25 0.75 0.25 0.75 0.25 0.6875 0.25 0.6875 0.25 0.75 0.25 0.75 0.25 0.6875 0.25 0.625 0.25 0.6875 0.25 0.6875 0.25 0.625 0.25 0.5625 0.25 0.625 0.25 0.625 0.25 0.5625 0.25 0.5 0.25 0.5625 0.25 0.5625 0.25 0.5 0.25 0.5 0.25 0.5625 0.25 0.5625 0.25 0.5 0.25 0.5 0.25 0.5625 0.25 0.5625 0.25 0.5 0.375 0.375 0.375 0.375 0.375 0.375 0.375 0.375 0.375 0.375 0.375 0.375 0.375 0.375 0.375 0.375 0.375 0.375 0.375 0.375 0.375 0.375 0.375 0.375 0.375 0.375 0.375 0.375 0.375 0.375 0.375 0.375 0.375 0.375 0.375 0.375 0.375 0.375 0.375 0.375 0.375 0.375 0.375 0.375 0.375 0.375 0.375 0.375 0.375 0.375 0.375 0.375 0.375 0.375 0.375 0.375 0.375 0.375 0.375 0.375 0.375 0.375 0.375 0.375 0.375 0.375 0.375 0.375 0.375 0.375 0.375 0.375 0.375 0.375 0.375 0.375 0.375 0.375 0.375 0.375 0.375 0.375 0.375 0.375 0.375 0.375 0.375 0.375 0.375 0.375 0.375 0.375 0.375 0.375 0.375 0.375 0.375 0.375 0.375 0.375 0.375 0.375 0.375 0.375 0.375 0.375 0.375 0.375 0.375 0.375 0.375 0.375 0.375 0.375 0.375 0.375 0.375 0.375 0.375 0.375 0.375 0.375 0.375 0.375 0.375 0.375 0.375 0.375 0.375 0.875 0.375 0.875 0.375 0.875 0.375 0.875 0.375 0.875 0.375 0.875 0.375 0.875 0.375 0.875 0.375 0.875 0.375 0.875 0.375 0.875 0.375 0.875 0.375 0.875 0.375 0.875 0.375 0.875 0.375 0.875 0.375 0.875 0.375 0.875 0.375 0.875 0.375 0.875 0.375 0.875 0.375 0.875 0.375 0.875 0.375 0.875 0.375 0.875 0.375 0.875 0.375 0.875 0.375 0.875 0.375 0.875 0.375 0.875 0.375 0.875 0.375 0.875 0.375 0.875 0.375 0.875 0.375 0.875 0.375 0.875 0.375 0.875 0.375 0.875 0.375 0.875 0.375 0.875 0.375 0.875 0.375 0.875 0.375 0.875 0.375 0.875 0.375 0.875 0.375 0.875 0.375 0.875 0.375 0.875 0.375 0.875 0.375 0.875 0.375 0.875 0.375 0.875 0.375 0.875 0.375 0.875 0.375 0.875 0.375 0.875 0.375 0.875 0.375 0.875 0.375 0.875 0.375 0.875 0.375 0.875 0.375 0.875 0.375 0.875 0.375 0.875 0.25 0.5625 0.25 0.625 0.25 0.625 0.25 0.5625 0.25 0.625 0.25 0.6875 0.25 0.6875 0.25 0.625 0.25 0.5625 0.25 0.625 0.25 0.625 0.25 0.5625 0.25 0.625 0.25 0.6875 0.25 0.6875 0.25 0.625 0.25 0.5 0.25 0.5625 0.25 0.5625 0.25 0.5 0.25 0.5625 0.25 0.625 0.25 0.625 0.25 0.5625 0.25 0.625 0.25 0.6875 0.25 0.6875 0.25 0.625 0.25 0.6875 0.25 0.75 0.25 0.75 0.25 0.6875 0.25 0.6875 0.25 0.75 0.25 0.75 0.25 0.6875 0.25 0.6875 0.25 0.75 0.25 0.75 0.25 0.6875 0.25 0.6875 0.25 0.75 0.25 0.75 0.25 0.6875 0.25 0.625 0.25 0.6875 0.25 0.6875 0.25 0.625 0.25 0.5625 0.25 0.625 0.25 0.625 0.25 0.5625 0.25 0.5 0.25 0.5625 0.25 0.5625 0.25 0.5 0.25 0.5 0.25 0.5625 0.25 0.5625 0.25 0.5 0.25 0.5 0.25 0.5625 0.25 0.5625 0.25 0.5 0.25 0.5625 0.25 0.625 0.25 0.625 0.25 0.5625 0.25 0.625 0.25 0.6875 0.25 0.6875 0.25 0.625 0.25 0.5625 0.25 0.625 0.25 0.625 0.25 0.5625 0.25 0.625 0.25 0.6875 0.25 0.6875 0.25 0.625 0.25 0.5 0.25 0.5625 0.25 0.5625 0.25 0.5 0.25 0.5625 0.25 0.625 0.25 0.625 0.25 0.5625 0.25 0.625 0.25 0.6875 0.25 0.6875 0.25 0.625 0.25 0.6875 0.25 0.75 0.25 0.75 0.25 0.6875 0.25 0.6875 0.25 0.75 0.25 0.75 0.25 0.6875 0.25 0.6875 0.25 0.75 0.25 0.75 0.25 0.6875 0.25 0.6875 0.25 0.75 0.25 0.75 0.25 0.6875 0.25 0.625 0.25 0.6875 0.25 0.6875 0.25 0.625 0.25 0.5625 0.25 0.625 0.25 0.625 0.25 0.5625 0.25 0.5 0.25 0.5625 0.25 0.5625 0.25 0.5 0.25 0.5 0.25 0.5625 0.25 0.5625 0.25 0.5 0.25 0.5 0.25 0.5625 0.25 0.5625 0.25 0.5 0.25 0.6875 0.25 0.625 0.25 0.625 0.25 0.6875 0.25 0.625 0.25 0.5625 0.25 0.5625 0.25 0.625 0.25 0.6875 0.25 0.625 0.25 0.625 0.25 0.6875 0.25 0.625 0.25 0.5625 0.25 0.5625 0.25 0.625 0.25 0.75 0.25 0.6875 0.25 0.6875 0.25 0.75 0.25 0.6875 0.25 0.625 0.25 0.625 0.25 0.6875 0.25 0.625 0.25 0.5625 0.25 0.5625 0.25 0.625 0.25 0.5625 0.25 0.5 0.25 0.5 0.25 0.5625 0.25 0.5625 0.25 0.5 0.25 0.5 0.25 0.5625 0.25 0.5625 0.25 0.5 0.25 0.5 0.25 0.5625 0.25 0.5625 0.25 0.5 0.25 0.5 0.25 0.5625 0.25 0.625 0.25 0.5625 0.25 0.5625 0.25 0.625 0.25 0.6875 0.25 0.625 0.25 0.625 0.25 0.6875 0.25 0.75 0.25 0.6875 0.25 0.6875 0.25 0.75 0.25 0.75 0.25 0.6875 0.25 0.6875 0.25 0.75 0.25 0.75 0.25 0.6875 0.25 0.6875 0.25 0.75 0.375 0.375 0.375 0.375 0.375 0.375 0.375 0.375 0.375 0.375 0.375 0.375 0.375 0.375 0.375 0.375 0.375 0.375 0.375 0.375 0.375 0.375 0.375 0.375 0.375 0.375 0.375 0.375 0.375 0.375 0.375 0.375 0.375 0.375 0.375 0.375 0.375 0.375 0.375 0.375 0.375 0.375 0.375 0.375 0.375 0.375 0.375 0.375 0.375 0.375 0.375 0.375 0.375 0.375 0.375 0.375 0.375 0.375 0.375 0.375 0.375 0.375 0.375 0.375 0.375 0.375 0.375 0.375 0.375 0.375 0.375 0.375 0.375 0.375 0.375 0.375 0.375 0.375 0.375 0.375 0.375 0.375 0.375 0.375 0.375 0.375 0.375 0.375 0.375 0.375 0.375 0.375 0.375 0.375 0.375 0.375 0.375 0.375 0.375 0.375 0.375 0.375 0.375 0.375 0.375 0.375 0.375 0.375 0.375 0.375 0.375 0.375 0.375 0.375 0.375 0.375 0.375 0.375 0.375 0.375 0.375 0.375 0.375 0.375 0.375 0.375 0.375 0.375 0.25 0.6875 0.25 0.625 0.25 0.625 0.25 0.6875 0.25 0.625 0.25 0.5625 0.25 0.5625 0.25 0.625 0.25 0.6875 0.25 0.625 0.25 0.625 0.25 0.6875 0.25 0.625 0.25 0.5625 0.25 0.5625 0.25 0.625 0.25 0.75 0.25 0.6875 0.25 0.6875 0.25 0.75 0.25 0.6875 0.25 0.625 0.25 0.625 0.25 0.6875 0.25 0.625 0.25 0.5625 0.25 0.5625 0.25 0.625 0.25 0.5625 0.25 0.5 0.25 0.5 0.25 0.5625 0.25 0.5625 0.25 0.5 0.25 0.5 0.25 0.5625 0.25 0.5625 0.25 0.5 0.25 0.5 0.25 0.5625 0.25 0.5625 0.25 0.5 0.25 0.5 0.25 0.5625 0.25 0.625 0.25 0.5625 0.25 0.5625 0.25 0.625 0.25 0.6875 0.25 0.625 0.25 0.625 0.25 0.6875 0.25 0.75 0.25 0.6875 0.25 0.6875 0.25 0.75 0.25 0.75 0.25 0.6875 0.25 0.6875 0.25 0.75 0.25 0.75 0.25 0.6875 0.25 0.6875 0.25 0.75 0.25 0.5625 0.25 0.625 0.25 0.625 0.25 0.5625 0.25 0.625 0.25 0.6875 0.25 0.6875 0.25 0.625 0.25 0.5625 0.25 0.625 0.25 0.625 0.25 0.5625 0.25 0.625 0.25 0.6875 0.25 0.6875 0.25 0.625 0.25 0.5 0.25 0.5625 0.25 0.5625 0.25 0.5 0.25 0.5625 0.25 0.625 0.25 0.625 0.25 0.5625 0.25 0.625 0.25 0.6875 0.25 0.6875 0.25 0.625 0.25 0.6875 0.25 0.75 0.25 0.75 0.25 0.6875 0.25 0.6875 0.25 0.75 0.25 0.75 0.25 0.6875 0.25 0.6875 0.25 0.75 0.25 0.75 0.25 0.6875 0.25 0.6875 0.25 0.75 0.25 0.75 0.25 0.6875 0.25 0.625 0.25 0.6875 0.25 0.6875 0.25 0.625 0.25 0.5625 0.25 0.625 0.25 0.625 0.25 0.5625 0.25 0.5 0.25 0.5625 0.25 0.5625 0.25 0.5 0.25 0.5 0.25 0.5625 0.25 0.5625 0.25 0.5 0.25 0.5 0.25 0.5625 0.25 0.5625 0.25 0.5 0.375 0.375 0.375 0.375 0.375 0.375 0.375 0.375 0.375 0.375 0.375 0.375 0.375 0.375 0.375 0.375 0.375 0.375 0.375 0.375 0.375 0.375 0.375 0.375 0.375 0.375 0.375 0.375 0.375 0.375 0.375 0.375 0.375 0.375 0.375 0.375 0.375 0.375 0.375 0.375 0.375 0.375 0.375 0.375 0.375 0.375 0.375 0.375 0.375 0.375 0.375 0.375 0.375 0.375 0.375 0.375 0.375 0.375 0.375 0.375 0.375 0.375 0.375 0.375 0.375 0.375 0.375 0.375 0.375 0.375 0.375 0.375 0.375 0.375 0.375 0.375 0.375 0.375 0.375 0.375 0.375 0.375 0.375 0.375 0.375 0.375 0.375 0.375 0.375 0.375 0.375 0.375 0.375 0.375 0.375 0.375 0.375 0.375 0.375 0.375 0.375 0.375 0.375 0.375 0.375 0.375 0.375 0.375 0.375 0.375 0.375 0.375 0.375 0.375 0.375 0.375 0.375 0.375 0.375 0.375 0.375 0.375 0.375 0.375 0.375 0.375 0.375 0.375 0.375 0.375 0.375 0.375 0.375 0.375 0.375 0.375 0.375 0.375 0.375 0.375 0.375 0.375 0.375 0.375 0.375 0.375 0.375 0.375 0.375 0.375 0.375 0.375 0.375 0.375 0.375 0.375 0.375 0.375 0.375 0.375 0.375 0.375 0.375 0.375 0.375 0.375 0.375 0.375 0.375 0.375 0.375 0.375 0.375 0.375 0.375 0.375 0.375 0.375 0.375 0.375 0.375 0.375 0.375 0.375 0.375 0.375 0.375 0.375 0.375 0.375 0.375 0.375 0.375 0.375 0.375 0.375 0.375 0.375 0.375 0.375 0.375 0.375 0.375 0.375 0.375 0.375 0.375 0.375 0.375 0.375 0.375 0.375 0.375 0.375 0.375 0.375 0.375 0.375 0.375 0.375 0.375 0.375 0.375 0.375 0.375 0.375 0.375 0.375 0.375 0.375 0.375 0.375 0.375 0.375 0.375 0.375 0.375 0.375 0.375 0.375 0.375 0.375 0.375 0.375 0.375 0.375 0.375 0.375 0.375 0.375 0.375 0.375 0.375 0.375 0.375 0.375 0.25 0.5625 0.25 0.625 0.25 0.625 0.25 0.5625 0.25 0.625 0.25 0.6875 0.25 0.6875 0.25 0.625 0.25 0.5625 0.25 0.625 0.25 0.625 0.25 0.5625 0.25 0.625 0.25 0.6875 0.25 0.6875 0.25 0.625 0.25 0.5 0.25 0.5625 0.25 0.5625 0.25 0.5 0.25 0.5625 0.25 0.625 0.25 0.625 0.25 0.5625 0.25 0.625 0.25 0.6875 0.25 0.6875 0.25 0.625 0.25 0.6875 0.25 0.75 0.25 0.75 0.25 0.6875 0.25 0.6875 0.25 0.75 0.25 0.75 0.25 0.6875 0.25 0.6875 0.25 0.75 0.25 0.75 0.25 0.6875 0.25 0.6875 0.25 0.75 0.25 0.75 0.25 0.6875 0.25 0.625 0.25 0.6875 0.25 0.6875 0.25 0.625 0.25 0.5625 0.25 0.625 0.25 0.625 0.25 0.5625 0.25 0.5 0.25 0.5625 0.25 0.5625 0.25 0.5 0.25 0.5 0.25 0.5625 0.25 0.5625 0.25 0.5 0.25 0.5 0.25 0.5625 0.25 0.5625 0.25 0.5 0.25 0.5625 0.25 0.625 0.25 0.625 0.25 0.5625 0.25 0.625 0.25 0.6875 0.25 0.6875 0.25 0.625 0.25 0.5625 0.25 0.625 0.25 0.625 0.25 0.5625 0.25 0.625 0.25 0.6875 0.25 0.6875 0.25 0.625 0.25 0.5 0.25 0.5625 0.25 0.5625 0.25 0.5 0.25 0.5625 0.25 0.625 0.25 0.625 0.25 0.5625 0.25 0.625 0.25 0.6875 0.25 0.6875 0.25 0.625 0.25 0.6875 0.25 0.75 0.25 0.75 0.25 0.6875 0.25 0.6875 0.25 0.75 0.25 0.75 0.25 0.6875 0.25 0.6875 0.25 0.75 0.25 0.75 0.25 0.6875 0.25 0.6875 0.25 0.75 0.25 0.75 0.25 0.6875 0.25 0.625 0.25 0.6875 0.25 0.6875 0.25 0.625 0.25 0.5625 0.25 0.625 0.25 0.625 0.25 0.5625 0.25 0.5 0.25 0.5625 0.25 0.5625 0.25 0.5 0.25 0.5 0.25 0.5625 0.25 0.5625 0.25 0.5 0.25 0.5 0.25 0.5625 0.25 0.5625 0.25 0.5 0.25 0.6875 0.25 0.625 0.25 0.625 0.25 0.6875 0.25 0.625 0.25 0.5625 0.25 0.5625 0.25 0.625 0.25 0.6875 0.25 0.625 0.25 0.625 0.25 0.6875 0.25 0.625 0.25 0.5625 0.25 0.5625 0.25 0.625 0.25 0.75 0.25 0.6875 0.25 0.6875 0.25 0.75 0.25 0.6875 0.25 0.625 0.25 0.625 0.25 0.6875 0.25 0.625 0.25 0.5625 0.25 0.5625 0.25 0.625 0.25 0.5625 0.25 0.5 0.25 0.5 0.25 0.5625 0.25 0.5625 0.25 0.5 0.25 0.5 0.25 0.5625 0.25 0.5625 0.25 0.5 0.25 0.5 0.25 0.5625 0.25 0.5625 0.25 0.5 0.25 0.5 0.25 0.5625 0.25 0.625 0.25 0.5625 0.25 0.5625 0.25 0.625 0.25 0.6875 0.25 0.625 0.25 0.625 0.25 0.6875 0.25 0.75 0.25 0.6875 0.25 0.6875 0.25 0.75 0.25 0.75 0.25 0.6875 0.25 0.6875 0.25 0.75 0.25 0.75 0.25 0.6875 0.25 0.6875 0.25 0.75 0.375 0.375 0.375 0.375 0.375 0.375 0.375 0.375 0.375 0.375 0.375 0.375 0.375 0.375 0.375 0.375 0.375 0.375 0.375 0.375 0.375 0.375 0.375 0.375 0.375 0.375 0.375 0.375 0.375 0.375 0.375 0.375 0.375 0.375 0.375 0.375 0.375 0.375 0.375 0.375 0.375 0.375 0.375 0.375 0.375 0.375 0.375 0.375 0.375 0.375 0.375 0.375 0.375 0.375 0.375 0.375 0.375 0.375 0.375 0.375 0.375 0.375 0.375 0.375 0.375 0.375 0.375 0.375 0.375 0.375 0.375 0.375 0.375 0.375 0.375 0.375 0.375 0.375 0.375 0.375 0.375 0.375 0.375 0.375 0.375 0.375 0.375 0.375 0.375 0.375 0.375 0.375 0.375 0.375 0.375 0.375 0.375 0.375 0.375 0.375 0.375 0.375 0.375 0.375 0.375 0.375 0.375 0.375 0.375 0.375 0.375 0.375 0.375 0.375 0.375 0.375 0.375 0.375 0.375 0.375 0.375 0.375 0.375 0.375 0.375 0.375 0.375 0.375 0.25 0.6875 0.25 0.625 0.25 0.625 0.25 0.6875 0.25 0.625 0.25 0.5625 0.25 0.5625 0.25 0.625 0.25 0.6875 0.25 0.625 0.25 0.625 0.25 0.6875 0.25 0.625 0.25 0.5625 0.25 0.5625 0.25 0.625 0.25 0.75 0.25 0.6875 0.25 0.6875 0.25 0.75 0.25 0.6875 0.25 0.625 0.25 0.625 0.25 0.6875 0.25 0.625 0.25 0.5625 0.25 0.5625 0.25 0.625 0.25 0.5625 0.25 0.5 0.25 0.5 0.25 0.5625 0.25 0.5625 0.25 0.5 0.25 0.5 0.25 0.5625 0.25 0.5625 0.25 0.5 0.25 0.5 0.25 0.5625 0.25 0.5625 0.25 0.5 0.25 0.5 0.25 0.5625 0.25 0.625 0.25 0.5625 0.25 0.5625 0.25 0.625 0.25 0.6875 0.25 0.625 0.25 0.625 0.25 0.6875 0.25 0.75 0.25 0.6875 0.25 0.6875 0.25 0.75 0.25 0.75 0.25 0.6875 0.25 0.6875 0.25 0.75 0.25 0.75 0.25 0.6875 0.25 0.6875 0.25 0.75 0.25 0.6875 0.25 0.625 0.25 0.625 0.25 0.6875 0.25 0.625 0.25 0.5625 0.25 0.5625 0.25 0.625 0.25 0.6875 0.25 0.625 0.25 0.625 0.25 0.6875 0.25 0.625 0.25 0.5625 0.25 0.5625 0.25 0.625 0.25 0.75 0.25 0.6875 0.25 0.6875 0.25 0.75 0.25 0.6875 0.25 0.625 0.25 0.625 0.25 0.6875 0.25 0.625 0.25 0.5625 0.25 0.5625 0.25 0.625 0.25 0.5625 0.25 0.5 0.25 0.5 0.25 0.5625 0.25 0.5625 0.25 0.5 0.25 0.5 0.25 0.5625 0.25 0.5625 0.25 0.5 0.25 0.5 0.25 0.5625 0.25 0.5625 0.25 0.5 0.25 0.5 0.25 0.5625 0.25 0.625 0.25 0.5625 0.25 0.5625 0.25 0.625 0.25 0.6875 0.25 0.625 0.25 0.625 0.25 0.6875 0.25 0.75 0.25 0.6875 0.25 0.6875 0.25 0.75 0.25 0.75 0.25 0.6875 0.25 0.6875 0.25 0.75 0.25 0.75 0.25 0.6875 0.25 0.6875 0.25 0.75 0.375 0.375 0.375 0.375 0.375 0.375 0.375 0.375 0.375 0.375 0.375 0.375 0.375 0.375 0.375 0.375 0.375 0.375 0.375 0.375 0.375 0.375 0.375 0.375 0.375 0.375 0.375 0.375 0.375 0.375 0.375 0.375 0.375 0.375 0.375 0.375 0.375 0.375 0.375 0.375 0.375 0.375 0.375 0.375 0.375 0.375 0.375 0.375 0.375 0.375 0.375 0.375 0.375 0.375 0.375 0.375 0.375 0.375 0.375 0.375 0.375 0.375 0.375 0.375 0.375 0.375 0.375 0.375 0.375 0.375 0.375 0.375 0.375 0.375 0.375 0.375 0.375 0.375 0.375 0.375 0.375 0.375 0.375 0.375 0.375 0.375 0.375 0.375 0.375 0.375 0.375 0.375 0.375 0.375 0.375 0.375 0.375 0.375 0.375 0.375 0.375 0.375 0.375 0.375 0.375 0.375 0.375 0.375 0.375 0.375 0.375 0.375 0.375 0.375 0.375 0.375 0.375 0.375 0.375 0.375 0.375 0.375 0.375 0.375 0.375 0.375 0.375 0.375 0.375 0.875 0.375 0.875 0.375 0.875 0.375 0.875 0.375 0.875 0.375 0.875 0.375 0.875 0.375 0.875 0.375 0.875 0.375 0.875 0.375 0.875 0.375 0.875 0.375 0.875 0.375 0.875 0.375 0.875 0.375 0.875 0.375 0.875 0.375 0.875 0.375 0.875 0.375 0.875 0.375 0.875 0.375 0.875 0.375 0.875 0.375 0.875 0.375 0.875 0.375 0.875 0.375 0.875 0.375 0.875 0.375 0.875 0.375 0.875 0.375 0.875 0.375 0.875 0.375 0.875 0.375 0.875 0.375 0.875 0.375 0.875 0.375 0.875 0.375 0.875 0.375 0.875 0.375 0.875 0.375 0.875 0.375 0.875 0.375 0.875 0.375 0.875 0.375 0.875 0.375 0.875 0.375 0.875 0.375 0.875 0.375 0.875 0.375 0.875 0.375 0.875 0.375 0.875 0.375 0.875 0.375 0.875 0.375 0.875 0.375 0.875 0.375 0.875 0.375 0.875 0.375 0.875 0.375 0.875 0.375 0.875 0.375 0.875 0.375 0.875 0.375 0.875 0.375 0.375 0.375 0.375 0.375 0.375 0.375 0.375 0.375 0.375 0.375 0.375 0.375 0.375 0.375 0.375 0.375 0.375 0.375 0.375 0.375 0.375 0.375 0.375 0.375 0.375 0.375 0.375 0.375 0.375 0.375 0.375 0.375 0.375 0.375 0.375 0.375 0.375 0.375 0.375 0.375 0.375 0.375 0.375 0.375 0.375 0.375 0.375 0.375 0.375 0.375 0.375 0.375 0.375 0.375 0.375 0.375 0.375 0.375 0.375 0.375 0.375 0.375 0.375 0.375 0.375 0.375 0.375 0.375 0.375 0.375 0.375 0.375 0.375 0.375 0.375 0.375 0.375 0.375 0.375 0.375 0.375 0.375 0.375 0.375 0.375 0.375 0.375 0.375 0.375 0.375 0.375 0.375 0.375 0.375 0.375 0.375 0.375 0.375 0.375 0.375 0.375 0.375 0.375 0.375 0.375 0.375 0.375 0.375 0.375 0.375 0.375 0.375 0.375 0.375 0.375 0.375 0.375 0.375 0.375 0.375 0.375 0.375 0.375 0.375 0.375 0.375 0.375 0.25 0.5625 0.25 0.5625 0.25 0.625 0.25 0.625 0.25 0.5625 0.25 0.5625 0.25 0.625 0.25 0.625 0.25 0.625 0.25 0.625 0.25 0.6875 0.25 0.6875 0.25 0.625 0.25 0.625 0.25 0.6875 0.25 0.6875 0.25 0.5 0.25 0.5 0.25 0.5625 0.25 0.5625 0.25 0.5 0.25 0.5 0.25 0.5625 0.25 0.5625 0.25 0.5 0.25 0.5 0.25 0.5625 0.25 0.5625 0.25 0.5 0.25 0.5 0.25 0.5625 0.25 0.5625 0.25 0.5625 0.25 0.5625 0.25 0.625 0.25 0.625 0.25 0.625 0.25 0.625 0.25 0.6875 0.25 0.6875 0.25 0.6875 0.25 0.6875 0.25 0.75 0.25 0.75 0.25 0.6875 0.25 0.6875 0.25 0.75 0.25 0.75 0.25 0.6875 0.25 0.6875 0.25 0.75 0.25 0.75 0.25 0.6875 0.25 0.6875 0.25 0.75 0.25 0.75 0.25 0.625 0.25 0.625 0.25 0.6875 0.25 0.6875 0.25 0.5625 0.25 0.5625 0.25 0.625 0.25 0.625 0.25 0.6875 0.25 0.6875 0.25 0.625 0.25 0.625 0.25 0.6875 0.25 0.6875 0.25 0.625 0.25 0.625 0.25 0.625 0.25 0.625 0.25 0.5625 0.25 0.5625 0.25 0.625 0.25 0.625 0.25 0.5625 0.25 0.5625 0.25 0.75 0.25 0.75 0.25 0.6875 0.25 0.6875 0.25 0.75 0.25 0.75 0.25 0.6875 0.25 0.6875 0.25 0.75 0.25 0.75 0.25 0.6875 0.25 0.6875 0.25 0.75 0.25 0.75 0.25 0.6875 0.25 0.6875 0.25 0.6875 0.25 0.6875 0.25 0.625 0.25 0.625 0.25 0.625 0.25 0.625 0.25 0.5625 0.25 0.5625 0.25 0.5625 0.25 0.5625 0.25 0.5 0.25 0.5 0.25 0.5625 0.25 0.5625 0.25 0.5 0.25 0.5 0.25 0.5625 0.25 0.5625 0.25 0.5 0.25 0.5 0.25 0.5625 0.25 0.5625 0.25 0.5 0.25 0.5 0.25 0.625 0.25 0.625 0.25 0.5625 0.25 0.5625 0.25 0.6875 0.25 0.6875 0.25 0.625 0.25 0.625 0.375 0.875 0.375 0.875 0.375 0.875 0.375 0.875 0.375 0.875 0.375 0.875 0.375 0.875 0.375 0.875 0.375 0.875 0.375 0.875 0.375 0.875 0.375 0.875 0.375 0.875 0.375 0.875 0.375 0.875 0.375 0.875 0.375 0.875 0.375 0.875 0.375 0.875 0.375 0.875 0.375 0.875 0.375 0.875 0.375 0.875 0.375 0.875 0.375 0.875 0.375 0.875 0.375 0.875 0.375 0.875 0.375 0.875 0.375 0.875 0.375 0.875 0.375 0.875 0.375 0.875 0.375 0.875 0.375 0.875 0.375 0.875 0.375 0.875 0.375 0.875 0.375 0.875 0.375 0.875 0.375 0.875 0.375 0.875 0.375 0.875 0.375 0.875 0.375 0.875 0.375 0.875 0.375 0.875 0.375 0.875 0.375 0.875 0.375 0.875 0.375 0.875 0.375 0.875 0.375 0.875 0.375 0.875 0.375 0.875 0.375 0.875 0.375 0.875 0.375 0.875 0.375 0.875 0.375 0.875 0.375 0.875 0.375 0.875 0.375 0.875 0.375 0.875 0.25 0.6875 0.25 0.6875 0.25 0.625 0.25 0.625 0.25 0.6875 0.25 0.6875 0.25 0.625 0.25 0.625 0.25 0.625 0.25 0.625 0.25 0.5625 0.25 0.5625 0.25 0.625 0.25 0.625 0.25 0.5625 0.25 0.5625 0.25 0.75 0.25 0.75 0.25 0.6875 0.25 0.6875 0.25 0.75 0.25 0.75 0.25 0.6875 0.25 0.6875 0.25 0.75 0.25 0.75 0.25 0.6875 0.25 0.6875 0.25 0.75 0.25 0.75 0.25 0.6875 0.25 0.6875 0.25 0.6875 0.25 0.6875 0.25 0.625 0.25 0.625 0.25 0.625 0.25 0.625 0.25 0.5625 0.25 0.5625 0.25 0.5625 0.25 0.5625 0.25 0.5 0.25 0.5 0.25 0.5625 0.25 0.5625 0.25 0.5 0.25 0.5 0.25 0.5625 0.25 0.5625 0.25 0.5 0.25 0.5 0.25 0.5625 0.25 0.5625 0.25 0.5 0.25 0.5 0.25 0.625 0.25 0.625 0.25 0.5625 0.25 0.5625 0.25 0.6875 0.25 0.6875 0.25 0.625 0.25 0.625 0.25 0.5625 0.25 0.625 0.25 0.625 0.25 0.5625 0.25 0.625 0.25 0.6875 0.25 0.6875 0.25 0.625 0.25 0.5625 0.25 0.625 0.25 0.625 0.25 0.5625 0.25 0.625 0.25 0.6875 0.25 0.6875 0.25 0.625 0.25 0.5 0.25 0.5625 0.25 0.5625 0.25 0.5 0.25 0.5625 0.25 0.625 0.25 0.625 0.25 0.5625 0.25 0.625 0.25 0.6875 0.25 0.6875 0.25 0.625 0.25 0.6875 0.25 0.75 0.25 0.75 0.25 0.6875 0.25 0.6875 0.25 0.75 0.25 0.75 0.25 0.6875 0.25 0.6875 0.25 0.75 0.25 0.75 0.25 0.6875 0.25 0.6875 0.25 0.75 0.25 0.75 0.25 0.6875 0.25 0.625 0.25 0.6875 0.25 0.6875 0.25 0.625 0.25 0.5625 0.25 0.625 0.25 0.625 0.25 0.5625 0.25 0.5 0.25 0.5625 0.25 0.5625 0.25 0.5 0.25 0.5 0.25 0.5625 0.25 0.5625 0.25 0.5 0.25 0.5 0.25 0.5625 0.25 0.5625 0.25 0.5 0.375 0.875 0.375 0.875 0.375 0.875 0.375 0.875 0.375 0.875 0.375 0.875 0.375 0.875 0.375 0.875 0.375 0.875 0.375 0.875 0.375 0.875 0.375 0.875 0.375 0.875 0.375 0.875 0.375 0.875 0.375 0.875 0.375 0.875 0.375 0.875 0.375 0.875 0.375 0.875 0.375 0.875 0.375 0.875 0.375 0.875 0.375 0.875 0.375 0.875 0.375 0.875 0.375 0.875 0.375 0.875 0.375 0.875 0.375 0.875 0.375 0.875 0.375 0.875 0.375 0.875 0.375 0.875 0.375 0.875 0.375 0.875 0.375 0.875 0.375 0.875 0.375 0.875 0.375 0.875 0.375 0.875 0.375 0.875 0.375 0.875 0.375 0.875 0.375 0.875 0.375 0.875 0.375 0.875 0.375 0.875 0.375 0.875 0.375 0.875 0.375 0.875 0.375 0.875 0.375 0.875 0.375 0.875 0.375 0.875 0.375 0.875 0.375 0.875 0.375 0.875 0.375 0.875 0.375 0.875 0.375 0.875 0.375 0.875 0.375 0.875 0.375 0.875 0.25 0.5625 0.25 0.625 0.25 0.625 0.25 0.5625 0.25 0.625 0.25 0.6875 0.25 0.6875 0.25 0.625 0.25 0.5625 0.25 0.625 0.25 0.625 0.25 0.5625 0.25 0.625 0.25 0.6875 0.25 0.6875 0.25 0.625 0.25 0.5 0.25 0.5625 0.25 0.5625 0.25 0.5 0.25 0.5625 0.25 0.625 0.25 0.625 0.25 0.5625 0.25 0.625 0.25 0.6875 0.25 0.6875 0.25 0.625 0.25 0.6875 0.25 0.75 0.25 0.75 0.25 0.6875 0.25 0.6875 0.25 0.75 0.25 0.75 0.25 0.6875 0.25 0.6875 0.25 0.75 0.25 0.75 0.25 0.6875 0.25 0.6875 0.25 0.75 0.25 0.75 0.25 0.6875 0.25 0.625 0.25 0.6875 0.25 0.6875 0.25 0.625 0.25 0.5625 0.25 0.625 0.25 0.625 0.25 0.5625 0.25 0.5 0.25 0.5625 0.25 0.5625 0.25 0.5 0.25 0.5 0.25 0.5625 0.25 0.5625 0.25 0.5 0.25 0.5 0.25 0.5625 0.25 0.5625 0.25 0.5 0.25 0.6875 0.25 0.625 0.25 0.625 0.25 0.6875 0.25 0.625 0.25 0.5625 0.25 0.5625 0.25 0.625 0.25 0.6875 0.25 0.625 0.25 0.625 0.25 0.6875 0.25 0.625 0.25 0.5625 0.25 0.5625 0.25 0.625 0.25 0.75 0.25 0.6875 0.25 0.6875 0.25 0.75 0.25 0.6875 0.25 0.625 0.25 0.625 0.25 0.6875 0.25 0.625 0.25 0.5625 0.25 0.5625 0.25 0.625 0.25 0.5625 0.25 0.5 0.25 0.5 0.25 0.5625 0.25 0.5625 0.25 0.5 0.25 0.5 0.25 0.5625 0.25 0.5625 0.25 0.5 0.25 0.5 0.25 0.5625 0.25 0.5625 0.25 0.5 0.25 0.5 0.25 0.5625 0.25 0.625 0.25 0.5625 0.25 0.5625 0.25 0.625 0.25 0.6875 0.25 0.625 0.25 0.625 0.25 0.6875 0.25 0.75 0.25 0.6875 0.25 0.6875 0.25 0.75 0.25 0.75 0.25 0.6875 0.25 0.6875 0.25 0.75 0.25 0.75 0.25 0.6875 0.25 0.6875 0.25 0.75 0.375 0.375 0.375 0.375 0.375 0.375 0.375 0.375 0.375 0.375 0.375 0.375 0.375 0.375 0.375 0.375 0.375 0.375 0.375 0.375 0.375 0.375 0.375 0.375 0.375 0.375 0.375 0.375 0.375 0.375 0.375 0.375 0.375 0.375 0.375 0.375 0.375 0.375 0.375 0.375 0.375 0.375 0.375 0.375 0.375 0.375 0.375 0.375 0.375 0.375 0.375 0.375 0.375 0.375 0.375 0.375 0.375 0.375 0.375 0.375 0.375 0.375 0.375 0.375 0.375 0.375 0.375 0.375 0.375 0.375 0.375 0.375 0.375 0.375 0.375 0.375 0.375 0.375 0.375 0.375 0.375 0.375 0.375 0.375 0.375 0.375 0.375 0.375 0.375 0.375 0.375 0.375 0.375 0.375 0.375 0.375 0.375 0.375 0.375 0.375 0.375 0.375 0.375 0.375 0.375 0.375 0.375 0.375 0.375 0.375 0.375 0.375 0.375 0.375 0.375 0.375 0.375 0.375 0.375 0.375 0.375 0.375 0.375 0.375 0.375 0.375 0.375 0.375 0.374997 0.874352 0.374973 0.869819 0.375 0.873264 0.375 0.874783 0.374973 0.869819 0.374942 0.858131 0.375 0.869575 0.375 0.873264 0.375 0.874783 0.375 0.873264 0.375 0.874783 0.375 0.874973 0.375 0.873264 0.375 0.869575 0.375 0.874322 0.375 0.874783 0.375 0.875 0.374973 0.873942 0.374997 0.874352 0.375 0.875 0.374973 0.873942 0.374783 0.866537 0.374973 0.869819 0.374997 0.874352 0.374783 0.866537 0.374403 0.845432 0.374942 0.858131 0.374973 0.869819 0.374403 0.845432 0.375 0.791667 0.375 0.839844 0.374942 0.858131 0.374942 0.858131 0.375 0.839844 0.375 0.864583 0.375 0.869575 0.375 0.869575 0.375 0.864583 0.375 0.873698 0.375 0.874322 0.375 0.874322 0.375 0.873698 0.375 0.875 0.375 0.875 0.375 0.874783 0.375 0.874322 0.375 0.875 0.375 0.875 0.375 0.874973 0.375 0.874783 0.375 0.875 0.375 0.875 0.375 0.875 0.375 0.874973 0.375 0.875 0.375 0.875 0.375 0.875 0.375 0.874783 0.375 0.874973 0.375 0.875 0.375 0.875 0.374997 0.874352 0.375 0.874783 0.375 0.875 0.25 0.5625 0.25 0.5625 0.25 0.625 0.25 0.625 0.25 0.5625 0.25 0.5625 0.25 0.625 0.25 0.625 0.25 0.625 0.25 0.625 0.25 0.6875 0.25 0.6875 0.25 0.625 0.25 0.625 0.25 0.6875 0.25 0.6875 0.25 0.5 0.25 0.5 0.25 0.5625 0.25 0.5625 0.25 0.5 0.25 0.5 0.25 0.5625 0.25 0.5625 0.25 0.5 0.25 0.5 0.25 0.5625 0.25 0.5625 0.25 0.5 0.25 0.5 0.25 0.5625 0.25 0.5625 0.25 0.5625 0.25 0.5625 0.25 0.625 0.25 0.625 0.25 0.625 0.25 0.625 0.25 0.6875 0.25 0.6875 0.25 0.6875 0.25 0.6875 0.25 0.75 0.25 0.75 0.25 0.6875 0.25 0.6875 0.25 0.75 0.25 0.75 0.25 0.6875 0.25 0.6875 0.25 0.75 0.25 0.75 0.25 0.6875 0.25 0.6875 0.25 0.75 0.25 0.75 0.25 0.625 0.25 0.625 0.25 0.6875 0.25 0.6875 0.25 0.5625 0.25 0.5625 0.25 0.625 0.25 0.625 0.25 0.6875 0.25 0.625 0.25 0.625 0.25 0.6875 0.25 0.625 0.25 0.5625 0.25 0.5625 0.25 0.625 0.25 0.6875 0.25 0.625 0.25 0.625 0.25 0.6875 0.25 0.625 0.25 0.5625 0.25 0.5625 0.25 0.625 0.25 0.75 0.25 0.6875 0.25 0.6875 0.25 0.75 0.25 0.6875 0.25 0.625 0.25 0.625 0.25 0.6875 0.25 0.625 0.25 0.5625 0.25 0.5625 0.25 0.625 0.25 0.5625 0.25 0.5 0.25 0.5 0.25 0.5625 0.25 0.5625 0.25 0.5 0.25 0.5 0.25 0.5625 0.25 0.5625 0.25 0.5 0.25 0.5 0.25 0.5625 0.25 0.5625 0.25 0.5 0.25 0.5 0.25 0.5625 0.25 0.625 0.25 0.5625 0.25 0.5625 0.25 0.625 0.25 0.6875 0.25 0.625 0.25 0.625 0.25 0.6875 0.25 0.75 0.25 0.6875 0.25 0.6875 0.25 0.75 0.25 0.75 0.25 0.6875 0.25 0.6875 0.25 0.75 0.25 0.75 0.25 0.6875 0.25 0.6875 0.25 0.75 0.375 0.375 0.375 0.375 0.375 0.375 0.375 0.375 0.375 0.375 0.375 0.375 0.375 0.375 0.375 0.375 0.375 0.375 0.375 0.375 0.375 0.375 0.375 0.375 0.375 0.375 0.375 0.375 0.375 0.375 0.375 0.375 0.375 0.375 0.375 0.375 0.375 0.375 0.375 0.375 0.375 0.375 0.375 0.375 0.375 0.375 0.375 0.375 0.375 0.375 0.375 0.375 0.375 0.375 0.375 0.375 0.375 0.375 0.375 0.375 0.375 0.375 0.375 0.375 0.375 0.375 0.375 0.375 0.375 0.375 0.375 0.375 0.375 0.375 0.375 0.375 0.375 0.375 0.375 0.375 0.375 0.375 0.375 0.375 0.375 0.375 0.375 0.375 0.375 0.375 0.375 0.375 0.375 0.375 0.375 0.375 0.375 0.375 0.375 0.375 0.375 0.375 0.375 0.375 0.375 0.375 0.375 0.375 0.375 0.375 0.375 0.375 0.375 0.375 0.375 0.375 0.375 0.375 0.375 0.375 0.375 0.375 0.375 0.375 0.375 0.375 0.375 0.375 0.25 0.5625 0.25 0.5625 0.25 0.625 0.25 0.625 0.25 0.5625 0.25 0.5625 0.25 0.625 0.25 0.625 0.25 0.625 0.25 0.625 0.25 0.6875 0.25 0.6875 0.25 0.625 0.25 0.625 0.25 0.6875 0.25 0.6875 0.25 0.5 0.25 0.5 0.25 0.5625 0.25 0.5625 0.25 0.5 0.25 0.5 0.25 0.5625 0.25 0.5625 0.25 0.5 0.25 0.5 0.25 0.5625 0.25 0.5625 0.25 0.5 0.25 0.5 0.25 0.5625 0.25 0.5625 0.25 0.5625 0.25 0.5625 0.25 0.625 0.25 0.625 0.25 0.625 0.25 0.625 0.25 0.6875 0.25 0.6875 0.25 0.6875 0.25 0.6875 0.25 0.75 0.25 0.75 0.25 0.6875 0.25 0.6875 0.25 0.75 0.25 0.75 0.25 0.6875 0.25 0.6875 0.25 0.75 0.25 0.75 0.25 0.6875 0.25 0.6875 0.25 0.75 0.25 0.75 0.25 0.625 0.25 0.625 0.25 0.6875 0.25 0.6875 0.25 0.5625 0.25 0.5625 0.25 0.625 0.25 0.625 0.25 0.6875 0.25 0.625 0.25 0.625 0.25 0.6875 0.25 0.625 0.25 0.5625 0.25 0.5625 0.25 0.625 0.25 0.6875 0.25 0.625 0.25 0.625 0.25 0.6875 0.25 0.625 0.25 0.5625 0.25 0.5625 0.25 0.625 0.25 0.75 0.25 0.6875 0.25 0.6875 0.25 0.75 0.25 0.6875 0.25 0.625 0.25 0.625 0.25 0.6875 0.25 0.625 0.25 0.5625 0.25 0.5625 0.25 0.625 0.25 0.5625 0.25 0.5 0.25 0.5 0.25 0.5625 0.25 0.5625 0.25 0.5 0.25 0.5 0.25 0.5625 0.25 0.5625 0.25 0.5 0.25 0.5 0.25 0.5625 0.25 0.5625 0.25 0.5 0.25 0.5 0.25 0.5625 0.25 0.625 0.25 0.5625 0.25 0.5625 0.25 0.625 0.25 0.6875 0.25 0.625 0.25 0.625 0.25 0.6875 0.25 0.75 0.25 0.6875 0.25 0.6875 0.25 0.75 0.25 0.75 0.25 0.6875 0.25 0.6875 0.25 0.75 0.25 0.75 0.25 0.6875 0.25 0.6875 0.25 0.75 0.375 0.875 0.375 0.875 0.375 0.875 0.375 0.875 0.375 0.875 0.375 0.875 0.375 0.875 0.375 0.875 0.375 0.875 0.375 0.875 0.375 0.875 0.375 0.875 0.375 0.875 0.375 0.875 0.375 0.875 0.375 0.875 0.375 0.875 0.375 0.875 0.375 0.875 0.375 0.875 0.375 0.875 0.375 0.875 0.375 0.875 0.375 0.875 0.375 0.875 0.375 0.875 0.375 0.875 0.375 0.875 0.375 0.875 0.375 0.875 0.375 0.875 0.375 0.875 0.375 0.875 0.375 0.875 0.375 0.875 0.375 0.875 0.375 0.875 0.375 0.875 0.375 0.875 0.375 0.875 0.375 0.875 0.375 0.875 0.375 0.875 0.375 0.875 0.375 0.875 0.375 0.875 0.375 0.875 0.375 0.875 0.375 0.875 0.375 0.875 0.375 0.875 0.375 0.875 0.375 0.875 0.375 0.875 0.375 0.875 0.375 0.875 0.375 0.875 0.375 0.875 0.375 0.875 0.375 0.875 0.375 0.875 0.375 0.875 0.375 0.875 0.375 0.875 0.375 0.375 0.375 0.375 0.375 0.375 0.375 0.375 0.375 0.375 0.375 0.375 0.375 0.375 0.375 0.375 0.375 0.375 0.375 0.375 0.375 0.375 0.375 0.375 0.375 0.375 0.375 0.375 0.375 0.375 0.375 0.375 0.375 0.375 0.375 0.375 0.375 0.375 0.375 0.375 0.375 0.375 0.375 0.375 0.375 0.375 0.375 0.375 0.375 0.375 0.375 0.375 0.375 0.375 0.375 0.375 0.375 0.375 0.375 0.375 0.375 0.375 0.375 0.375 0.375 0.375 0.375 0.375 0.375 0.375 0.375 0.375 0.375 0.375 0.375 0.375 0.375 0.375 0.375 0.375 0.375 0.375 0.375 0.375 0.375 0.375 0.375 0.375 0.375 0.375 0.375 0.375 0.375 0.375 0.375 0.375 0.375 0.375 0.375 0.375 0.375 0.375 0.375 0.375 0.375 0.375 0.375 0.375 0.375 0.375 0.375 0.375 0.375 0.375 0.375 0.375 0.375 0.375 0.375 0.375 0.375 0.375 0.375 0.375 0.375 0.375 0.375 0.375 0.25 0.6875 0.25 0.6875 0.25 0.625 0.25 0.625 0.25 0.6875 0.25 0.6875 0.25 0.625 0.25 0.625 0.25 0.625 0.25 0.625 0.25 0.5625 0.25 0.5625 0.25 0.625 0.25 0.625 0.25 0.5625 0.25 0.5625 0.25 0.75 0.25 0.75 0.25 0.6875 0.25 0.6875 0.25 0.75 0.25 0.75 0.25 0.6875 0.25 0.6875 0.25 0.75 0.25 0.75 0.25 0.6875 0.25 0.6875 0.25 0.75 0.25 0.75 0.25 0.6875 0.25 0.6875 0.25 0.6875 0.25 0.6875 0.25 0.625 0.25 0.625 0.25 0.625 0.25 0.625 0.25 0.5625 0.25 0.5625 0.25 0.5625 0.25 0.5625 0.25 0.5 0.25 0.5 0.25 0.5625 0.25 0.5625 0.25 0.5 0.25 0.5 0.25 0.5625 0.25 0.5625 0.25 0.5 0.25 0.5 0.25 0.5625 0.25 0.5625 0.25 0.5 0.25 0.5 0.25 0.625 0.25 0.625 0.25 0.5625 0.25 0.5625 0.25 0.6875 0.25 0.6875 0.25 0.625 0.25 0.625 0.375 0.875 0.375 0.875 0.375 0.875 0.375 0.875 0.375 0.875 0.375 0.875 0.375 0.875 0.375 0.875 0.375 0.875 0.375 0.875 0.375 0.875 0.375 0.875 0.375 0.875 0.375 0.875 0.375 0.875 0.375 0.875 0.375 0.875 0.375 0.875 0.375 0.875 0.375 0.875 0.375 0.875 0.375 0.875 0.375 0.875 0.375 0.875 0.375 0.875 0.375 0.875 0.375 0.875 0.375 0.875 0.375 0.875 0.375 0.875 0.375 0.875 0.375 0.875 0.375 0.875 0.375 0.875 0.375 0.875 0.375 0.875 0.375 0.875 0.375 0.875 0.375 0.875 0.375 0.875 0.375 0.875 0.375 0.875 0.375 0.875 0.375 0.875 0.375 0.875 0.375 0.875 0.375 0.875 0.375 0.875 0.375 0.875 0.375 0.875 0.375 0.875 0.375 0.875 0.375 0.875 0.375 0.875 0.375 0.875 0.375 0.875 0.375 0.875 0.375 0.875 0.375 0.875 0.375 0.875 0.375 0.875 0.375 0.875 0.375 0.875 0.375 0.875 0.375 0.875 0.375 0.875 0.375 0.875 0.375 0.875 0.375 0.875 0.375 0.875 0.375 0.875 0.375 0.875 0.375 0.875 0.375 0.875 0.375 0.875 0.375 0.875 0.375 0.875 0.375 0.875 0.375 0.875 0.375 0.875 0.375 0.875 0.375 0.875 0.375 0.875 0.375 0.875 0.375 0.875 0.375 0.875 0.375 0.875 0.375 0.875 0.375 0.875 0.375 0.875 0.375 0.875 0.375 0.875 0.375 0.875 0.375 0.875 0.375 0.875 0.375 0.875 0.375 0.875 0.375 0.875 0.375 0.875 0.375 0.875 0.375 0.875 0.375 0.875 0.375 0.875 0.375 0.875 0.375 0.875 0.375 0.875 0.375 0.875 0.375 0.875 0.375 0.875 0.375 0.875 0.375 0.875 0.375 0.875 0.375 0.875 0.375 0.875 0.375 0.875 0.375 0.875 0.375 0.875 0.375 0.875 0.375 0.875 0.375 0.875 0.375 0.875 0.375 0.875 0.375 0.875 0.375 0.875 0.375 0.875 0.375 0.875 0.375 0.875 0.375 0.875 0.375 0.874844 0.375 0.874729 0.375 0.87283 0.375 0.873752 0.375 0.874729 0.375 0.874681 0.375 0.87245 0.375 0.87283 0.375 0.873752 0.375 0.87283 0.375 0.867459 0.375 0.870327 0.375 0.87283 0.375 0.87245 0.375 0.866367 0.375 0.867459 0.375 0.875 0.375 0.875 0.375 0.874844 0.375 0.875 0.375 0.875 0.375 0.875 0.375 0.874729 0.375 0.874844 0.375 0.875 0.375 0.875 0.375 0.874681 0.375 0.874729 0.375 0.875 0.375 0.875 0.375 0.874675 0.375 0.874681 0.375 0.874681 0.375 0.874675 0.375 0.872396 0.375 0.87245 0.375 0.87245 0.375 0.872396 0.375 0.866211 0.375 0.866367 0.375 0.866367 0.375 0.866211 0.375 0.854167 0.375 0.854384 0.375 0.867459 0.375 0.866367 0.375 0.854384 0.375 0.855903 0.375 0.870327 0.375 0.867459 0.375 0.855903 0.375 0.860433 0.375 0.875 0.375 0.870327 0.375 0.860433 0.375 0.875 0.375 0.875 0.375 0.873752 0.375 0.870327 0.375 0.875 0.375 0.875 0.375 0.874844 0.375 0.873752 0.375 0.875 0.25 0.5625 0.25 0.625 0.25 0.625 0.25 0.5625 0.25 0.625 0.25 0.6875 0.25 0.6875 0.25 0.625 0.25 0.5625 0.25 0.625 0.25 0.625 0.25 0.5625 0.25 0.625 0.25 0.6875 0.25 0.6875 0.25 0.625 0.25 0.5 0.25 0.5625 0.25 0.5625 0.25 0.5 0.25 0.5625 0.25 0.625 0.25 0.625 0.25 0.5625 0.25 0.625 0.25 0.6875 0.25 0.6875 0.25 0.625 0.25 0.6875 0.25 0.75 0.25 0.75 0.25 0.6875 0.25 0.6875 0.25 0.75 0.25 0.75 0.25 0.6875 0.25 0.6875 0.25 0.75 0.25 0.75 0.25 0.6875 0.25 0.6875 0.25 0.75 0.25 0.75 0.25 0.6875 0.25 0.625 0.25 0.6875 0.25 0.6875 0.25 0.625 0.25 0.5625 0.25 0.625 0.25 0.625 0.25 0.5625 0.25 0.5 0.25 0.5625 0.25 0.5625 0.25 0.5 0.25 0.5 0.25 0.5625 0.25 0.5625 0.25 0.5 0.25 0.5 0.25 0.5625 0.25 0.5625 0.25 0.5 0.375 0.383633 0.375 0.37755 0.375 0.37717 0.375 0.382541 0.375 0.37755 0.375 0.375319 0.375 0.375271 0.375 0.37717 0.375 0.382541 0.375 0.37717 0.375 0.376248 0.375 0.379673 0.375 0.37717 0.375 0.375271 0.375 0.375156 0.375 0.376248 0.375 0.395833 0.375 0.383789 0.375 0.383633 0.375 0.395616 0.375 0.383789 0.375 0.377604 0.375 0.37755 0.375 0.383633 0.375 0.377604 0.375 0.375326 0.375 0.375319 0.375 0.37755 0.375 0.375326 0.375 0.375 0.375 0.375 0.375 0.375319 0.375 0.375319 0.375 0.375 0.375 0.375 0.375 0.375271 0.375 0.375271 0.375 0.375 0.375 0.375 0.375 0.375156 0.375 0.375156 0.375 0.375 0.375 0.375 0.375 0.375 0.375 0.376248 0.375 0.375156 0.375 0.375 0.375 0.375 0.375 0.379673 0.375 0.376248 0.375 0.375 0.375 0.375 0.375 0.389567 0.375 0.379673 0.375 0.375 0.375 0.375 0.375 0.394097 0.375 0.382541 0.375 0.379673 0.375 0.389567 0.375 0.395616 0.375 0.383633 0.375 0.382541 0.375 0.394097 0.4375 0.340868 0.5 0.340983 0.5 0.354601 0.4375 0.353678 0.5 0.340983 0.5625 0.34103 0.5625 0.35498 0.5 0.354601 0.4375 0.353678 0.5 0.354601 0.500108 0.369086 0.437731 0.366218 0.5 0.354601 0.5625 0.35498 0.562514 0.370178 0.500108 0.369086 0.375 0.326389 0.4375 0.326389 0.4375 0.340868 0.375 0.340712 0.4375 0.326389 0.5 0.326389 0.5 0.340983 0.4375 0.340868 0.5 0.326389 0.5625 0.326389 0.5625 0.34103 0.5 0.340983 0.5625 0.326389 0.625 0.326389 0.625 0.341037 0.5625 0.34103 0.5625 0.34103 0.625 0.341037 0.625 0.355035 0.5625 0.35498 0.5625 0.35498 0.625 0.355035 0.625 0.370334 0.562514 0.370178 0.562514 0.370178 0.625 0.370334 0.625 0.388889 0.562609 0.388672 0.500108 0.369086 0.562514 0.370178 0.562609 0.388672 0.500868 0.387153 0.437731 0.366218 0.500108 0.369086 0.500868 0.387153 0.440104 0.382632 0.375 0.361545 0.437731 0.366218 0.440104 0.382632 0.375 0.368055 0.375 0.352431 0.4375 0.353678 0.437731 0.366218 0.375 0.361545 0.375 0.340712 0.4375 0.340868 0.4375 0.353678 0.375 0.352431 0.375 0.375 0.375 0.375 0.375 0.375 0.375 0.375 0.375 0.375 0.375 0.375 0.375 0.375 0.375 0.375 0.375 0.375 0.375 0.375 0.375 0.375 0.375 0.375 0.375 0.375 0.375 0.375 0.375 0.375 0.375 0.375 0.375 0.375 0.375 0.375 0.375 0.375 0.375 0.375 0.375 0.375 0.375 0.375 0.375 0.375 0.375 0.375 0.375 0.375 0.375 0.375 0.375 0.375 0.375 0.375 0.375 0.375 0.375 0.375 0.375 0.375 0.375 0.375 0.375 0.375 0.375 0.375 0.375 0.375 0.375 0.375 0.375 0.375 0.375 0.375 0.375 0.375 0.375 0.375 0.375 0.375 0.375 0.375 0.375 0.375 0.375 0.375 0.375 0.375 0.375 0.375 0.375 0.375 0.375 0.375 0.375 0.375 0.375 0.375 0.375 0.375 0.375 0.375 0.375 0.375 0.375 0.375 0.375 0.375 0.375 0.375 0.375 0.375 0.375 0.375 0.375 0.375 0.375 0.375 0.375 0.375 0.375 0.375 0.375 0.375 0.375 0.375 0.375 0.875 0.375 0.875 0.375 0.875 0.375 0.875 0.375 0.875 0.375 0.875 0.375 0.875 0.375 0.875 0.375 0.875 0.375 0.875 0.375 0.875 0.375 0.875 0.375 0.875 0.375 0.875 0.375 0.875 0.375 0.875 0.375 0.875 0.375 0.875 0.375 0.875 0.375 0.875 0.375 0.875 0.375 0.875 0.375 0.875 0.375 0.875 0.375 0.875 0.375 0.875 0.375 0.875 0.375 0.875 0.375 0.875 0.375 0.875 0.375 0.875 0.375 0.875 0.375 0.875 0.375 0.875 0.375 0.875 0.375 0.875 0.375 0.875 0.375 0.875 0.375 0.875 0.375 0.875 0.375 0.875 0.375 0.875 0.375 0.875 0.375 0.875 0.375 0.875 0.375 0.875 0.375 0.875 0.375 0.875 0.375 0.875 0.375 0.875 0.375 0.875 0.375 0.875 0.375 0.875 0.375 0.875 0.375 0.875 0.375 0.875 0.375 0.875 0.375 0.875 0.375 0.875 0.375 0.875 0.375 0.875 0.375 0.875 0.375 0.875 0.375 0.875 0.375 0.875 0.375 0.875 0.375 0.875 0.375 0.875 0.375 0.875 0.375 0.875 0.375 0.875 0.375 0.875 0.375 0.875 0.375 0.875 0.375 0.875 0.375 0.875 0.375 0.875 0.375 0.875 0.375 0.875 0.375 0.875 0.375 0.875 0.375 0.875 0.375 0.875 0.375 0.875 0.375 0.875 0.375 0.875 0.375 0.875 0.375 0.875 0.375 0.875 0.375 0.875 0.375 0.875 0.375 0.875 0.375 0.875 0.375 0.875 0.375 0.875 0.375 0.875 0.375 0.875 0.375 0.875 0.375 0.875 0.375 0.875 0.375 0.875 0.375 0.875 0.375 0.875 0.375 0.875 0.375 0.875 0.375 0.875 0.375 0.875 0.375 0.875 0.375 0.875 0.375 0.875 0.375 0.875 0.375 0.875 0.375 0.875 0.375 0.875 0.375 0.875 0.375 0.875 0.375 0.875 0.375 0.875 0.375 0.875 0.375 0.875 0.375 0.875 0.375 0.875 0.375 0.875 0.375 0.875 0.375 0.875 0.375 0.875 0.375 0.875 0.375 0.875 0.25 0.6875 0.25 0.6875 0.25 0.625 0.25 0.625 0.25 0.6875 0.25 0.6875 0.25 0.625 0.25 0.625 0.25 0.625 0.25 0.625 0.25 0.5625 0.25 0.5625 0.25 0.625 0.25 0.625 0.25 0.5625 0.25 0.5625 0.25 0.75 0.25 0.75 0.25 0.6875 0.25 0.6875 0.25 0.75 0.25 0.75 0.25 0.6875 0.25 0.6875 0.25 0.75 0.25 0.75 0.25 0.6875 0.25 0.6875 0.25 0.75 0.25 0.75 0.25 0.6875 0.25 0.6875 0.25 0.6875 0.25 0.6875 0.25 0.625 0.25 0.625 0.25 0.625 0.25 0.625 0.25 0.5625 0.25 0.5625 0.25 0.5625 0.25 0.5625 0.25 0.5 0.25 0.5 0.25 0.5625 0.25 0.5625 0.25 0.5 0.25 0.5 0.25 0.5625 0.25 0.5625 0.25 0.5 0.25 0.5 0.25 0.5625 0.25 0.5625 0.25 0.5 0.25 0.5 0.25 0.625 0.25 0.625 0.25 0.5625 0.25 0.5625 0.25 0.6875 0.25 0.6875 0.25 0.625 0.25 0.625 0.375 0.375 0.375 0.375 0.375 0.375 0.375 0.375 0.375 0.375 0.375 0.375 0.375 0.375 0.375 0.375 0.375 0.375 0.375 0.375 0.375 0.375 0.375 0.375 0.375 0.375 0.375 0.375 0.375 0.375 0.375 0.375 0.375 0.375 0.375 0.375 0.375 0.375 0.375 0.375 0.375 0.375 0.375 0.375 0.375 0.375 0.375 0.375 0.375 0.375 0.375 0.375 0.375 0.375 0.375 0.375 0.375 0.375 0.375 0.375 0.375 0.375 0.375 0.375 0.375 0.375 0.375 0.375 0.375 0.375 0.375 0.375 0.375 0.375 0.375 0.375 0.375 0.375 0.375 0.375 0.375 0.375 0.375 0.375 0.375 0.375 0.375 0.375 0.375 0.375 0.375 0.375 0.375 0.375 0.375 0.375 0.375 0.375 0.375 0.375 0.375 0.375 0.375 0.375 0.375 0.375 0.375 0.375 0.375 0.375 0.375 0.375 0.375 0.375 0.375 0.375 0.375 0.375 0.375 0.375 0.375 0.375 0.375 0.375 0.375 0.375 0.375 0.375 0.25 0.5625 0.25 0.5625 0.25 0.625 0.25 0.625 0.25 0.5625 0.25 0.5625 0.25 0.625 0.25 0.625 0.25 0.625 0.25 0.625 0.25 0.6875 0.25 0.6875 0.25 0.625 0.25 0.625 0.25 0.6875 0.25 0.6875 0.25 0.5 0.25 0.5 0.25 0.5625 0.25 0.5625 0.25 0.5 0.25 0.5 0.25 0.5625 0.25 0.5625 0.25 0.5 0.25 0.5 0.25 0.5625 0.25 0.5625 0.25 0.5 0.25 0.5 0.25 0.5625 0.25 0.5625 0.25 0.5625 0.25 0.5625 0.25 0.625 0.25 0.625 0.25 0.625 0.25 0.625 0.25 0.6875 0.25 0.6875 0.25 0.6875 0.25 0.6875 0.25 0.75 0.25 0.75 0.25 0.6875 0.25 0.6875 0.25 0.75 0.25 0.75 0.25 0.6875 0.25 0.6875 0.25 0.75 0.25 0.75 0.25 0.6875 0.25 0.6875 0.25 0.75 0.25 0.75 0.25 0.625 0.25 0.625 0.25 0.6875 0.25 0.6875 0.25 0.5625 0.25 0.5625 0.25 0.625 0.25 0.625 0.375 0.875 0.375 0.875 0.375 0.875 0.375 0.875 0.375 0.875 0.375 0.875 0.375 0.875 0.375 0.875 0.375 0.875 0.375 0.875 0.375 0.875 0.375 0.875 0.375 0.875 0.375 0.875 0.375 0.875 0.375 0.875 0.375 0.875 0.375 0.875 0.375 0.875 0.375 0.875 0.375 0.875 0.375 0.875 0.375 0.875 0.375 0.875 0.375 0.875 0.375 0.875 0.375 0.875 0.375 0.875 0.375 0.875 0.375 0.875 0.375 0.875 0.375 0.875 0.375 0.875 0.375 0.875 0.375 0.875 0.375 0.875 0.375 0.875 0.375 0.875 0.375 0.875 0.375 0.875 0.375 0.875 0.375 0.875 0.375 0.875 0.375 0.875 0.375 0.875 0.375 0.875 0.375 0.875 0.375 0.875 0.375 0.875 0.375 0.875 0.375 0.875 0.375 0.875 0.375 0.875 0.375 0.875 0.375 0.875 0.375 0.875 0.375 0.875 0.375 0.875 0.375 0.875 0.375 0.875 0.375 0.875 0.375 0.875 0.375 0.875 0.375 0.875 0.375 0.375 0.375 0.375 0.375 0.375 0.375 0.375 0.375 0.375 0.375 0.375 0.375 0.375 0.375 0.375 0.375 0.375 0.375 0.375 0.375 0.375 0.375 0.375 0.375 0.375 0.375 0.375 0.375 0.375 0.375 0.375 0.375 0.375 0.375 0.375 0.375 0.375 0.375 0.375 0.375 0.375 0.375 0.375 0.375 0.375 0.375 0.375 0.375 0.375 0.375 0.375 0.375 0.375 0.375 0.375 0.375 0.375 0.375 0.375 0.375 0.375 0.375 0.375 0.375 0.375 0.375 0.375 0.375 0.375 0.375 0.375 0.375 0.375 0.375 0.375 0.375 0.375 0.375 0.375 0.375 0.375 0.375 0.375 0.375 0.375 0.375 0.375 0.375 0.375 0.375 0.375 0.375 0.375 0.375 0.375 0.375 0.375 0.375 0.375 0.375 0.375 0.375 0.375 0.375 0.375 0.375 0.375 0.375 0.375 0.375 0.375 0.375 0.375 0.375 0.375 0.375 0.375 0.375 0.375 0.375 0.375 0.375 0.375 0.375 0.375 0.375 0.375 0.25 0.5625 0.25 0.625 0.25 0.625 0.25 0.5625 0.25 0.625 0.25 0.6875 0.25 0.6875 0.25 0.625 0.25 0.5625 0.25 0.625 0.25 0.625 0.25 0.5625 0.25 0.625 0.25 0.6875 0.25 0.6875 0.25 0.625 0.25 0.5 0.25 0.5625 0.25 0.5625 0.25 0.5 0.25 0.5625 0.25 0.625 0.25 0.625 0.25 0.5625 0.25 0.625 0.25 0.6875 0.25 0.6875 0.25 0.625 0.25 0.6875 0.25 0.75 0.25 0.75 0.25 0.6875 0.25 0.6875 0.25 0.75 0.25 0.75 0.25 0.6875 0.25 0.6875 0.25 0.75 0.25 0.75 0.25 0.6875 0.25 0.6875 0.25 0.75 0.25 0.75 0.25 0.6875 0.25 0.625 0.25 0.6875 0.25 0.6875 0.25 0.625 0.25 0.5625 0.25 0.625 0.25 0.625 0.25 0.5625 0.25 0.5 0.25 0.5625 0.25 0.5625 0.25 0.5 0.25 0.5 0.25 0.5625 0.25 0.5625 0.25 0.5 0.25 0.5 0.25 0.5625 0.25 0.5625 0.25 0.5 0.25 0.6875 0.25 0.625 0.25 0.625 0.25 0.6875 0.25 0.625 0.25 0.5625 0.25 0.5625 0.25 0.625 0.25 0.6875 0.25 0.625 0.25 0.625 0.25 0.6875 0.25 0.625 0.25 0.5625 0.25 0.5625 0.25 0.625 0.25 0.75 0.25 0.6875 0.25 0.6875 0.25 0.75 0.25 0.6875 0.25 0.625 0.25 0.625 0.25 0.6875 0.25 0.625 0.25 0.5625 0.25 0.5625 0.25 0.625 0.25 0.5625 0.25 0.5 0.25 0.5 0.25 0.5625 0.25 0.5625 0.25 0.5 0.25 0.5 0.25 0.5625 0.25 0.5625 0.25 0.5 0.25 0.5 0.25 0.5625 0.25 0.5625 0.25 0.5 0.25 0.5 0.25 0.5625 0.25 0.625 0.25 0.5625 0.25 0.5625 0.25 0.625 0.25 0.6875 0.25 0.625 0.25 0.625 0.25 0.6875 0.25 0.75 0.25 0.6875 0.25 0.6875 0.25 0.75 0.25 0.75 0.25 0.6875 0.25 0.6875 0.25 0.75 0.25 0.75 0.25 0.6875 0.25 0.6875 0.25 0.75 0.375 0.875 0.375 0.875 0.375 0.875 0.375 0.875 0.375 0.875 0.375 0.875 0.375 0.875 0.375 0.875 0.375 0.875 0.375 0.875 0.375 0.875 0.375 0.875 0.375 0.875 0.375 0.875 0.375 0.875 0.375 0.875 0.375 0.875 0.375 0.875 0.375 0.875 0.375 0.875 0.375 0.875 0.375 0.875 0.375 0.875 0.375 0.875 0.375 0.875 0.375 0.875 0.375 0.875 0.375 0.875 0.375 0.875 0.375 0.875 0.375 0.875 0.375 0.875 0.375 0.875 0.375 0.875 0.375 0.875 0.375 0.875 0.375 0.875 0.375 0.875 0.375 0.875 0.375 0.875 0.375 0.875 0.375 0.875 0.375 0.875 0.375 0.875 0.375 0.875 0.375 0.875 0.375 0.875 0.375 0.875 0.375 0.875 0.375 0.875 0.375 0.875 0.375 0.875 0.375 0.875 0.375 0.875 0.375 0.875 0.375 0.875 0.375 0.875 0.375 0.875 0.375 0.875 0.375 0.875 0.375 0.875 0.375 0.875 0.375 0.875 0.375 0.875 0.375 0.375 0.375 0.375 0.375 0.375 0.375 0.375 0.375 0.375 0.375 0.375 0.375 0.375 0.375 0.375 0.375 0.375 0.375 0.375 0.375 0.375 0.375 0.375 0.375 0.375 0.375 0.375 0.375 0.375 0.375 0.375 0.375 0.375 0.375 0.375 0.375 0.375 0.375 0.375 0.375 0.375 0.375 0.375 0.375 0.375 0.375 0.375 0.375 0.375 0.375 0.375 0.375 0.375 0.375 0.375 0.375 0.375 0.375 0.375 0.375 0.375 0.375 0.375 0.375 0.375 0.375 0.375 0.375 0.375 0.375 0.375 0.375 0.375 0.375 0.375 0.375 0.375 0.375 0.375 0.375 0.375 0.375 0.375 0.375 0.375 0.375 0.375 0.375 0.375 0.375 0.375 0.375 0.375 0.375 0.375 0.375 0.375 0.375 0.375 0.375 0.375 0.375 0.375 0.375 0.375 0.375 0.375 0.375 0.375 0.375 0.375 0.375 0.375 0.375 0.375 0.375 0.375 0.375 0.375 0.375 0.375 0.375 0.375 0.375 0.375 0.375 0.375 0.25 0.6875 0.25 0.625 0.25 0.625 0.25 0.6875 0.25 0.625 0.25 0.5625 0.25 0.5625 0.25 0.625 0.25 0.6875 0.25 0.625 0.25 0.625 0.25 0.6875 0.25 0.625 0.25 0.5625 0.25 0.5625 0.25 0.625 0.25 0.75 0.25 0.6875 0.25 0.6875 0.25 0.75 0.25 0.6875 0.25 0.625 0.25 0.625 0.25 0.6875 0.25 0.625 0.25 0.5625 0.25 0.5625 0.25 0.625 0.25 0.5625 0.25 0.5 0.25 0.5 0.25 0.5625 0.25 0.5625 0.25 0.5 0.25 0.5 0.25 0.5625 0.25 0.5625 0.25 0.5 0.25 0.5 0.25 0.5625 0.25 0.5625 0.25 0.5 0.25 0.5 0.25 0.5625 0.25 0.625 0.25 0.5625 0.25 0.5625 0.25 0.625 0.25 0.6875 0.25 0.625 0.25 0.625 0.25 0.6875 0.25 0.75 0.25 0.6875 0.25 0.6875 0.25 0.75 0.25 0.75 0.25 0.6875 0.25 0.6875 0.25 0.75 0.25 0.75 0.25 0.6875 0.25 0.6875 0.25 0.75 0.25 0.5625 0.25 0.625 0.25 0.625 0.25 0.5625 0.25 0.625 0.25 0.6875 0.25 0.6875 0.25 0.625 0.25 0.5625 0.25 0.625 0.25 0.625 0.25 0.5625 0.25 0.625 0.25 0.6875 0.25 0.6875 0.25 0.625 0.25 0.5 0.25 0.5625 0.25 0.5625 0.25 0.5 0.25 0.5625 0.25 0.625 0.25 0.625 0.25 0.5625 0.25 0.625 0.25 0.6875 0.25 0.6875 0.25 0.625 0.25 0.6875 0.25 0.75 0.25 0.75 0.25 0.6875 0.25 0.6875 0.25 0.75 0.25 0.75 0.25 0.6875 0.25 0.6875 0.25 0.75 0.25 0.75 0.25 0.6875 0.25 0.6875 0.25 0.75 0.25 0.75 0.25 0.6875 0.25 0.625 0.25 0.6875 0.25 0.6875 0.25 0.625 0.25 0.5625 0.25 0.625 0.25 0.625 0.25 0.5625 0.25 0.5 0.25 0.5625 0.25 0.5625 0.25 0.5 0.25 0.5 0.25 0.5625 0.25 0.5625 0.25 0.5 0.25 0.5 0.25 0.5625 0.25 0.5625 0.25 0.5 0.375 0.875 0.375 0.875 0.375 0.875 0.375 0.875 0.375 0.875 0.375 0.875 0.375 0.875 0.375 0.875 0.375 0.875 0.375 0.875 0.375 0.875 0.375 0.875 0.375 0.875 0.375 0.875 0.375 0.875 0.375 0.875 0.375 0.875 0.375 0.875 0.375 0.875 0.375 0.875 0.375 0.875 0.375 0.875 0.375 0.875 0.375 0.875 0.375 0.875 0.375 0.875 0.375 0.875 0.375 0.875 0.375 0.875 0.375 0.875 0.375 0.875 0.375 0.875 0.375 0.875 0.375 0.875 0.375 0.875 0.375 0.875 0.375 0.875 0.375 0.875 0.375 0.875 0.375 0.875 0.375 0.875 0.375 0.875 0.375 0.875 0.375 0.875 0.375 0.875 0.375 0.875 0.375 0.875 0.375 0.875 0.375 0.875 0.375 0.875 0.375 0.875 0.375 0.875 0.375 0.875 0.375 0.875 0.375 0.875 0.375 0.875 0.375 0.875 0.375 0.875 0.375 0.875 0.375 0.875 0.375 0.875 0.375 0.875 0.375 0.875 0.375 0.875 0.25 0.5625 0.25 0.625 0.25 0.625 0.25 0.5625 0.25 0.625 0.25 0.6875 0.25 0.6875 0.25 0.625 0.25 0.5625 0.25 0.625 0.25 0.625 0.25 0.5625 0.25 0.625 0.25 0.6875 0.25 0.6875 0.25 0.625 0.25 0.5 0.25 0.5625 0.25 0.5625 0.25 0.5 0.25 0.5625 0.25 0.625 0.25 0.625 0.25 0.5625 0.25 0.625 0.25 0.6875 0.25 0.6875 0.25 0.625 0.25 0.6875 0.25 0.75 0.25 0.75 0.25 0.6875 0.25 0.6875 0.25 0.75 0.25 0.75 0.25 0.6875 0.25 0.6875 0.25 0.75 0.25 0.75 0.25 0.6875 0.25 0.6875 0.25 0.75 0.25 0.75 0.25 0.6875 0.25 0.625 0.25 0.6875 0.25 0.6875 0.25 0.625 0.25 0.5625 0.25 0.625 0.25 0.625 0.25 0.5625 0.25 0.5 0.25 0.5625 0.25 0.5625 0.25 0.5 0.25 0.5 0.25 0.5625 0.25 0.5625 0.25 0.5 0.25 0.5 0.25 0.5625 0.25 0.5625 0.25 0.5 0.25 0.6875 0.25 0.625 0.25 0.625 0.25 0.6875 0.25 0.625 0.25 0.5625 0.25 0.5625 0.25 0.625 0.25 0.6875 0.25 0.625 0.25 0.625 0.25 0.6875 0.25 0.625 0.25 0.5625 0.25 0.5625 0.25 0.625 0.25 0.75 0.25 0.6875 0.25 0.6875 0.25 0.75 0.25 0.6875 0.25 0.625 0.25 0.625 0.25 0.6875 0.25 0.625 0.25 0.5625 0.25 0.5625 0.25 0.625 0.25 0.5625 0.25 0.5 0.25 0.5 0.25 0.5625 0.25 0.5625 0.25 0.5 0.25 0.5 0.25 0.5625 0.25 0.5625 0.25 0.5 0.25 0.5 0.25 0.5625 0.25 0.5625 0.25 0.5 0.25 0.5 0.25 0.5625 0.25 0.625 0.25 0.5625 0.25 0.5625 0.25 0.625 0.25 0.6875 0.25 0.625 0.25 0.625 0.25 0.6875 0.25 0.75 0.25 0.6875 0.25 0.6875 0.25 0.75 0.25 0.75 0.25 0.6875 0.25 0.6875 0.25 0.75 0.25 0.75 0.25 0.6875 0.25 0.6875 0.25 0.75 0.375 0.375 0.375 0.375 0.375 0.375 0.375 0.375 0.375 0.375 0.375 0.375 0.375 0.375 0.375 0.375 0.375 0.375 0.375 0.375 0.375 0.375 0.375 0.375 0.375 0.375 0.375 0.375 0.375 0.375 0.375 0.375 0.375 0.375 0.375 0.375 0.375 0.375 0.375 0.375 0.375 0.375 0.375 0.375 0.375 0.375 0.375 0.375 0.375 0.375 0.375 0.375 0.375 0.375 0.375 0.375 0.375 0.375 0.375 0.375 0.375 0.375 0.375 0.375 0.375 0.375 0.375 0.375 0.375 0.375 0.375 0.375 0.375 0.375 0.375 0.375 0.375 0.375 0.375 0.375 0.375 0.375 0.375 0.375 0.375 0.375 0.375 0.375 0.375 0.375 0.375 0.375 0.375 0.375 0.375 0.375 0.375 0.375 0.375 0.375 0.375 0.375 0.375 0.375 0.375 0.375 0.375 0.375 0.375 0.375 0.375 0.375 0.375 0.375 0.375 0.375 0.375 0.375 0.375 0.375 0.375 0.375 0.375 0.375 0.375 0.375 0.375 0.375 0.375 0.375 0.375 0.375 0.375 0.375 0.375 0.375 0.375 0.375 0.375 0.375 0.375 0.375 0.375 0.375 0.375 0.375 0.375 0.375 0.375 0.375 0.375 0.375 0.375 0.375 0.375 0.375 0.375 0.375 0.375 0.375 0.375 0.375 0.375 0.375 0.375 0.375 0.375 0.375 0.375 0.375 0.375 0.375 0.375 0.375 0.375 0.375 0.375 0.375 0.375 0.375 0.375 0.375 0.375 0.375 0.375 0.375 0.375 0.375 0.375 0.375 0.375 0.375 0.375 0.375 0.375 0.375 0.375 0.375 0.375 0.375 0.375 0.375 0.375 0.375 0.375 0.375 0.375 0.375 0.375 0.375 0.375 0.375 0.375 0.375 0.375 0.375 0.375 0.375 0.375 0.375 0.375 0.375 0.375 0.375 0.375 0.375 0.375 0.375 0.375 0.375 0.375 0.375 0.375 0.375 0.375 0.375 0.375 0.375 0.375 0.375 0.375 0.375 0.375 0.375 0.375 0.375 0.375 0.375 0.375 0.375 0.375 0.375 0.375 0.375 0.375 0.375 0.370826 0.862247 0.373725 0.871067 0.374566 0.873698 0.373644 0.870931 0.373725 0.871067 0.374841 0.874508 0.374946 0.874837 0.374566 0.873698 0.373644 0.870931 0.374566 0.873698 0.374946 0.874837 0.37483 0.874492 0.374566 0.873698 0.374946 0.874837 0.374993 0.87498 0.374946 0.874837 0.354167 0.8125 0.368056 0.85178 0.370826 0.862247 0.366211 0.848633 0.368056 0.85178 0.373047 0.868273 0.373725 0.871067 0.370826 0.862247 0.373047 0.868273 0.374756 0.874159 0.374841 0.874508 0.373725 0.871067 0.374756 0.874159 0.375 0.875 0.375 0.875 0.374841 0.874508 0.374841 0.874508 0.375 0.875 0.375 0.875 0.374946 0.874837 0.374946 0.874837 0.375 0.875 0.375 0.875 0.374993 0.87498 0.374993 0.87498 0.375 0.875 0.375 0.875 0.375 0.875 0.374946 0.874837 0.374993 0.87498 0.375 0.875 0.375 0.875 0.37483 0.874492 0.374946 0.874837 0.375 0.875 0.375 0.875 0.374674 0.874023 0.37483 0.874492 0.375 0.875 0.375 0.875 0.372396 0.867188 0.373644 0.870931 0.37483 0.874492 0.374674 0.874023 0.366211 0.848633 0.370826 0.862247 0.373644 0.870931 0.372396 0.867188 0.25 0.6875 0.25 0.625 0.25 0.625 0.25 0.6875 0.25 0.625 0.25 0.5625 0.25 0.5625 0.25 0.625 0.25 0.6875 0.25 0.625 0.25 0.625 0.25 0.6875 0.25 0.625 0.25 0.5625 0.25 0.5625 0.25 0.625 0.25 0.75 0.25 0.6875 0.25 0.6875 0.25 0.75 0.25 0.6875 0.25 0.625 0.25 0.625 0.25 0.6875 0.25 0.625 0.25 0.5625 0.25 0.5625 0.25 0.625 0.25 0.5625 0.25 0.5 0.25 0.5 0.25 0.5625 0.25 0.5625 0.25 0.5 0.25 0.5 0.25 0.5625 0.25 0.5625 0.25 0.5 0.25 0.5 0.25 0.5625 0.25 0.5625 0.25 0.5 0.25 0.5 0.25 0.5625 0.25 0.625 0.25 0.5625 0.25 0.5625 0.25 0.625 0.25 0.6875 0.25 0.625 0.25 0.625 0.25 0.6875 0.25 0.75 0.25 0.6875 0.25 0.6875 0.25 0.75 0.25 0.75 0.25 0.6875 0.25 0.6875 0.25 0.75 0.25 0.75 0.25 0.6875 0.25 0.6875 0.25 0.75 0.25 0.5625 0.25 0.625 0.25 0.625 0.25 0.5625 0.25 0.625 0.25 0.6875 0.25 0.6875 0.25 0.625 0.25 0.5625 0.25 0.625 0.25 0.625 0.25 0.5625 0.25 0.625 0.25 0.6875 0.25 0.6875 0.25 0.625 0.25 0.5 0.25 0.5625 0.25 0.5625 0.25 0.5 0.25 0.5625 0.25 0.625 0.25 0.625 0.25 0.5625 0.25 0.625 0.25 0.6875 0.25 0.6875 0.25 0.625 0.25 0.6875 0.25 0.75 0.25 0.75 0.25 0.6875 0.25 0.6875 0.25 0.75 0.25 0.75 0.25 0.6875 0.25 0.6875 0.25 0.75 0.25 0.75 0.25 0.6875 0.25 0.6875 0.25 0.75 0.25 0.75 0.25 0.6875 0.25 0.625 0.25 0.6875 0.25 0.6875 0.25 0.625 0.25 0.5625 0.25 0.625 0.25 0.625 0.25 0.5625 0.25 0.5 0.25 0.5625 0.25 0.5625 0.25 0.5 0.25 0.5 0.25 0.5625 0.25 0.5625 0.25 0.5 0.25 0.5 0.25 0.5625 0.25 0.5625 0.25 0.5 0.4375 0.259006 0.5 0.259006 0.5 0.287326 0.4375 0.287326 0.5 0.259006 0.5625 0.259006 0.5625 0.287326 0.5 0.287326 0.4375 0.287326 0.5 0.287326 0.5 0.309136 0.4375 0.309136 0.5 0.287326 0.5625 0.287326 0.5625 0.309136 0.5 0.309136 0.375 0.222222 0.4375 0.222222 0.4375 0.259006 0.375 0.259006 0.4375 0.222222 0.5 0.222222 0.5 0.259006 0.4375 0.259006 0.5 0.222222 0.5625 0.222222 0.5625 0.259006 0.5 0.259006 0.5625 0.222222 0.625 0.222222 0.625 0.259006 0.5625 0.259006 0.5625 0.259006 0.625 0.259006 0.625 0.287326 0.5625 0.287326 0.5625 0.287326 0.625 0.287326 0.625 0.309136 0.5625 0.309136 0.5625 0.309136 0.625 0.309136 0.625 0.326389 0.5625 0.326389 0.5 0.309136 0.5625 0.309136 0.5625 0.326389 0.5 0.326389 0.4375 0.309136 0.5 0.309136 0.5 0.326389 0.4375 0.326389 0.375 0.309136 0.4375 0.309136 0.4375 0.326389 0.375 0.326389 0.375 0.287326 0.4375 0.287326 0.4375 0.309136 0.375 0.309136 0.375 0.259006 0.4375 0.259006 0.4375 0.287326 0.375 0.287326 0.145725 0.5625 0.165799 0.5625 0.165799 0.625 0.145725 0.625 0.165799 0.5625 0.18457 0.5625 0.18457 0.625 0.165799 0.625 0.145725 0.625 0.165799 0.625 0.165799 0.6875 0.145725 0.6875 0.165799 0.625 0.18457 0.625 0.18457 0.6875 0.165799 0.6875 0.125 0.5 0.145725 0.5 0.145725 0.5625 0.125 0.5625 0.145725 0.5 0.165799 0.5 0.165799 0.5625 0.145725 0.5625 0.165799 0.5 0.18457 0.5 0.18457 0.5625 0.165799 0.5625 0.18457 0.5 0.201389 0.5 0.201389 0.5625 0.18457 0.5625 0.18457 0.5625 0.201389 0.5625 0.201389 0.625 0.18457 0.625 0.18457 0.625 0.201389 0.625 0.201389 0.6875 0.18457 0.6875 0.18457 0.6875 0.201389 0.6875 0.201389 0.75 0.18457 0.75 0.165799 0.6875 0.18457 0.6875 0.18457 0.75 0.165799 0.75 0.145725 0.6875 0.165799 0.6875 0.165799 0.75 0.145725 0.75 0.125 0.6875 0.145725 0.6875 0.145725 0.75 0.125 0.75 0.125 0.625 0.145725 0.625 0.145725 0.6875 0.125 0.6875 0.125 0.5625 0.145725 0.5625 0.145725 0.625 0.125 0.625 0.754666 0.5625 0.769965 0.5625 0.769965 0.625 0.754666 0.625 0.769965 0.5625 0.783963 0.5625 0.783963 0.625 0.769965 0.625 0.754666 0.625 0.769965 0.625 0.769965 0.6875 0.754666 0.6875 0.769965 0.625 0.783963 0.625 0.783963 0.6875 0.769965 0.6875 0.736111 0.5 0.754666 0.5 0.754666 0.5625 0.736111 0.5625 0.754666 0.5 0.769965 0.5 0.769965 0.5625 0.754666 0.5625 0.769965 0.5 0.783963 0.5 0.783963 0.5625 0.769965 0.5625 0.783963 0.5 0.798611 0.5 0.798611 0.5625 0.783963 0.5625 0.783963 0.5625 0.798611 0.5625 0.798611 0.625 0.783963 0.625 0.783963 0.625 0.798611 0.625 0.798611 0.6875 0.783963 0.6875 0.783963 0.6875 0.798611 0.6875 0.798611 0.75 0.783963 0.75 0.769965 0.6875 0.783963 0.6875 0.783963 0.75 0.769965 0.75 0.754666 0.6875 0.769965 0.6875 0.769965 0.75 0.754666 0.75 0.736111 0.6875 0.754666 0.6875 0.754666 0.75 0.736111 0.75 0.736111 0.625 0.754666 0.625 0.754666 0.6875 0.736111 0.6875 0.736111 0.5625 0.754666 0.5625 0.754666 0.625 0.736111 0.625 0.437731 0.883782 0.500108 0.880914 0.5 0.895399 0.4375 0.896322 0.500108 0.880914 0.562514 0.879822 0.5625 0.89502 0.5 0.895399 0.4375 0.896322 0.5 0.895399 0.5 0.909017 0.4375 0.909132 0.5 0.895399 0.5625 0.89502 0.5625 0.908969 0.5 0.909017 0.375 0.881944 0.440104 0.867368 0.437731 0.883782 0.375 0.888455 0.440104 0.867368 0.500868 0.862847 0.500108 0.880914 0.437731 0.883782 0.500868 0.862847 0.562609 0.861328 0.562514 0.879822 0.500108 0.880914 0.562609 0.861328 0.625 0.861111 0.625 0.879666 0.562514 0.879822 0.562514 0.879822 0.625 0.879666 0.625 0.894965 0.5625 0.89502 0.5625 0.89502 0.625 0.894965 0.625 0.908963 0.5625 0.908969 0.5625 0.908969 0.625 0.908963 0.625 0.923611 0.5625 0.923611 0.5 0.909017 0.5625 0.908969 0.5625 0.923611 0.5 0.923611 0.4375 0.909132 0.5 0.909017 0.5 0.923611 0.4375 0.923611 0.375 0.909288 0.4375 0.909132 0.4375 0.923611 0.375 0.923611 0.375 0.897569 0.4375 0.896322 0.4375 0.909132 0.375 0.909288 0.375 0.888455 0.437731 0.883782 0.4375 0.896322 0.375 0.897569 0.375 0.875 0.375 0.875 0.375 0.875 0.375 0.875 0.375 0.875 0.375 0.875 0.375 0.875 0.375 0.875 0.375 0.875 0.375 0.875 0.375 0.875 0.375 0.875 0.375 0.875 0.375 0.875 0.375 0.875 0.375 0.875 0.375 0.875 0.375 0.875 0.375 0.875 0.375 0.875 0.375 0.875 0.375 0.875 0.375 0.875 0.375 0.875 0.375 0.875 0.375 0.875 0.375 0.875 0.375 0.875 0.375 0.875 0.375 0.875 0.375 0.875 0.375 0.875 0.375 0.875 0.375 0.875 0.375 0.875 0.375 0.875 0.375 0.875 0.375 0.875 0.375 0.875 0.375 0.875 0.375 0.875 0.375 0.875 0.375 0.875 0.375 0.875 0.375 0.875 0.375 0.875 0.375 0.875 0.375 0.875 0.375 0.875 0.375 0.875 0.375 0.875 0.375 0.875 0.375 0.875 0.375 0.875 0.375 0.875 0.375 0.875 0.375 0.875 0.375 0.875 0.375 0.875 0.375 0.875 0.375 0.875 0.375 0.875 0.375 0.875 0.375 0.875 </float_array>
     <technique_common>
      <accessor source="#ID13-array" count="9856" stride="2">
       <param name="S" type="float"/>
       <param name="T" type="float"/>
      </accessor>
     </technique_common>
    </source>
    <vertices id="geometrySource8-vertices">
     <input semantic="POSITION" source="#geometrySource8"/>
     <input semantic="NORMAL" source="#geometrySource10"/>
    </vertices>
    <triangles count="4928" material="geometryElement14">
     <input semantic="VERTEX" offset="0" source="#geometrySource8-vertices"/>
     <input semantic="NORMAL" offset="0" source="#geometrySource10"/>
     <input semantic="TEXCOORD" offset="0" source="#geometrySource12" set="1"/>
     <p>0 1 2 0 2 3 4 5 6 4 6 7 8 9 10 8 10 11 12 13 14 12 14 15 16 17 18 16 18 19 20 21 22 20 22 23 24 25 26 24 26 27 28 29 30 28 30 31 32 33 34 32 34 35 36 37 38 36 38 39 40 41 42 40 42 43 44 45 46 44 46 47 48 49 50 48 50 51 52 53 54 52 54 55 56 57 58 56 58 59 60 61 62 60 62 63 64 65 66 64 66 67 68 69 70 68 70 71 72 73 74 72 74 75 76 77 78 76 78 79 80 81 82 80 82 83 84 85 86 84 86 87 88 89 90 88 90 91 92 93 94 92 94 95 96 97 98 96 98 99 100 101 102 100 102 103 104 105 106 104 106 107 108 109 110 108 110 111 112 113 114 112 114 115 116 117 118 116 118 119 120 121 122 120 122 123 124 125 126 124 126 127 128 129 130 128 130 131 132 133 134 132 134 135 136 137 138 136 138 139 140 141 142 140 142 143 144 145 146 144 146 147 148 149 150 148 150 151 152 153 154 152 154 155 156 157 158 156 158 159 160 161 162 160 162 163 164 165 166 164 166 167 168 169 170 168 170 171 172 173 174 172 174 175 176 177 178 176 178 179 180 181 182 180 182 183 184 185 186 184 186 187 188 189 190 188 190 191 192 193 194 192 194 195 196 197 198 196 198 199 200 201 202 200 202 203 204 205 206 204 206 207 208 209 210 208 210 211 212 213 214 212 214 215 216 217 218 216 218 219 220 221 222 220 222 223 224 225 226 224 226 227 228 229 230 228 230 231 232 233 234 232 234 235 236 237 238 236 238 239 240 241 242 240 242 243 244 245 246 244 246 247 248 249 250 248 250 251 252 253 254 252 254 255 256 257 258 256 258 259 260 261 262 260 262 263 264 265 266 264 266 267 268 269 270 268 270 271 272 273 274 272 274 275 276 277 278 276 278 279 280 281 282 280 282 283 284 285 286 284 286 287 288 289 290 288 290 291 292 293 294 292 294 295 296 297 298 296 298 299 300 301 302 300 302 303 304 305 306 304 306 307 308 309 310 308 310 311 312 313 314 312 314 315 316 317 318 316 318 319 320 321 322 320 322 323 324 325 326 324 326 327 328 329 330 328 330 331 332 333 334 332 334 335 336 337 338 336 338 339 340 341 342 340 342 343 344 345 346 344 346 347 348 349 350 348 350 351 352 353 354 352 354 355 356 357 358 356 358 359 360 361 362 360 362 363 364 365 366 364 366 367 368 369 370 368 370 371 372 373 374 372 374 375 376 377 378 376 378 379 380 381 382 380 382 383 384 385 386 384 386 387 388 389 390 388 390 391 392 393 394 392 394 395 396 397 398 396 398 399 400 401 402 400 402 403 404 405 406 404 406 407 408 409 410 408 410 411 412 413 414 412 414 415 416 417 418 416 418 419 420 421 422 420 422 423 424 425 426 424 426 427 428 429 430 428 430 431 432 433 434 432 434 435 436 437 438 436 438 439 440 441 442 440 442 443 444 445 446 444 446 447 448 449 450 448 450 451 452 453 454 452 454 455 456 457 458 456 458 459 460 461 462 460 462 463 464 465 466 464 466 467 468 469 470 468 470 471 472 473 474 472 474 475 476 477 478 476 478 479 480 481 482 480 482 483 484 485 486 484 486 487 488 489 490 488 490 491 492 493 494 492 494 495 496 497 498 496 498 499 500 501 502 500 502 503 504 505 506 504 506 507 508 509 510 508 510 511 512 513 514 512 514 515 516 517 518 516 518 519 520 521 522 520 522 523 524 525 526 524 526 527 528 529 530 528 530 531 532 533 534 532 534 535 536 537 538 536 538 539 540 541 542 540 542 543 544 545 546 544 546 547 548 549 550 548 550 551 552 553 554 552 554 555 556 557 558 556 558 559 560 561 562 560 562 563 564 565 566 564 566 567 568 569 570 568 570 571 572 573 574 572 574 575 576 577 578 576 578 579 580 581 582 580 582 583 584 585 586 584 586 587 588 589 590 588 590 591 592 593 594 592 594 595 596 597 598 596 598 599 600 601 602 600 602 603 604 605 606 604 606 607 608 609 610 608 610 611 612 613 614 612 614 615 616 617 618 616 618 619 620 621 622 620 622 623 624 625 626 624 626 627 628 629 630 628 630 631 632 633 634 632 634 635 636 637 638 636 638 639 640 641 642 640 642 643 644 645 646 644 646 647 648 649 650 648 650 651 652 653 654 652 654 655 656 657 658 656 658 659 660 661 662 660 662 663 664 665 666 664 666 667 668 669 670 668 670 671 672 673 674 672 674 675 676 677 678 676 678 679 680 681 682 680 682 683 684 685 686 684 686 687 688 689 690 688 690 691 692 693 694 692 694 695 696 697 698 696 698 699 700 701 702 700 702 703 704 705 706 704 706 707 708 709 710 708 710 711 712 713 714 712 714 715 716 717 718 716 718 719 720 721 722 720 722 723 724 725 726 724 726 727 728 729 730 728 730 731 732 733 734 732 734 735 736 737 738 736 738 739 740 741 742 740 742 743 744 745 746 744 746 747 748 749 750 748 750 751 752 753 754 752 754 755 756 757 758 756 758 759 760 761 762 760 762 763 764 765 766 764 766 767 768 769 770 768 770 771 772 773 774 772 774 775 776 777 778 776 778 779 780 781 782 780 782 783 784 785 786 784 786 787 788 789 790 788 790 791 792 793 794 792 794 795 796 797 798 796 798 799 800 801 802 800 802 803 804 805 806 804 806 807 808 809 810 808 810 811 812 813 814 812 814 815 816 817 818 816 818 819 820 821 822 820 822 823 824 825 826 824 826 827 828 829 830 828 830 831 832 833 834 832 834 835 836 837 838 836 838 839 840 841 842 840 842 843 844 845 846 844 846 847 848 849 850 848 850 851 852 853 854 852 854 855 856 857 858 856 858 859 860 861 862 860 862 863 864 865 866 864 866 867 868 869 870 868 870 871 872 873 874 872 874 875 876 877 878 876 878 879 880 881 882 880 882 883 884 885 886 884 886 887 888 889 890 888 890 891 892 893 894 892 894 895 896 897 898 896 898 899 900 901 902 900 902 903 904 905 906 904 906 907 908 909 910 908 910 911 912 913 914 912 914 915 916 917 918 916 918 919 920 921 922 920 922 923 924 925 926 924 926 927 928 929 930 928 930 931 932 933 934 932 934 935 936 937 938 936 938 939 940 941 942 940 942 943 944 945 946 944 946 947 948 949 950 948 950 951 952 953 954 952 954 955 956 957 958 956 958 959 960 961 962 960 962 963 964 965 966 964 966 967 968 969 970 968 970 971 972 973 974 972 974 975 976 977 978 976 978 979 980 981 982 980 982 983 984 985 986 984 986 987 988 989 990 988 990 991 992 993 994 992 994 995 996 997 998 996 998 999 1000 1001 1002 1000 1002 1003 1004 1005 1006 1004 1006 1007 1008 1009 1010 1008 1010 1011 1012 1013 1014 1012 1014 1015 1016 1017 1018 1016 1018 1019 1020 1021 1022 1020 1022 1023 1024 1025 1026 1024 1026 1027 1028 1029 1030 1028 1030 1031 1032 1033 1034 1032 1034 1035 1036 1037 1038 1036 1038 1039 1040 1041 1042 1040 1042 1043 1044 1045 1046 1044 1046 1047 1048 1049 1050 1048 1050 1051 1052 1053 1054 1052 1054 1055 1056 1057 1058 1056 1058 1059 1060 1061 1062 1060 1062 1063 1064 1065 1066 1064 1066 1067 1068 1069 1070 1068 1070 1071 1072 1073 1074 1072 1074 1075 1076 1077 1078 1076 1078 1079 1080 1081 1082 1080 1082 1083 1084 1085 1086 1084 1086 1087 1088 1089 1090 1088 1090 1091 1092 1093 1094 1092 1094 1095 1096 1097 1098 1096 1098 1099 1100 1101 1102 1100 1102 1103 1104 1105 1106 1104 1106 1107 1108 1109 1110 1108 1110 1111 1112 1113 1114 1112 1114 1115 1116 1117 1118 1116 1118 1119 1120 1121 1122 1120 1122 1123 1124 1125 1126 1124 1126 1127 1128 1129 1130 1128 1130 1131 1132 1133 1134 1132 1134 1135 1136 1137 1138 1136 1138 1139 1140 1141 1142 1140 1142 1143 1144 1145 1146 1144 1146 1147 1148 1149 1150 1148 1150 1151 1152 1153 1154 1152 1154 1155 1156 1157 1158 1156 1158 1159 1160 1161 1162 1160 1162 1163 1164 1165 1166 1164 1166 1167 1168 1169 1170 1168 1170 1171 1172 1173 1174 1172 1174 1175 1176 1177 1178 1176 1178 1179 1180 1181 1182 1180 1182 1183 1184 1185 1186 1184 1186 1187 1188 1189 1190 1188 1190 1191 1192 1193 1194 1192 1194 1195 1196 1197 1198 1196 1198 1199 1200 1201 1202 1200 1202 1203 1204 1205 1206 1204 1206 1207 1208 1209 1210 1208 1210 1211 1212 1213 1214 1212 1214 1215 1216 1217 1218 1216 1218 1219 1220 1221 1222 1220 1222 1223 1224 1225 1226 1224 1226 1227 1228 1229 1230 1228 1230 1231 1232 1233 1234 1232 1234 1235 1236 1237 1238 1236 1238 1239 1240 1241 1242 1240 1242 1243 1244 1245 1246 1244 1246 1247 1248 1249 1250 1248 1250 1251 1252 1253 1254 1252 1254 1255 1256 1257 1258 1256 1258 1259 1260 1261 1262 1260 1262 1263 1264 1265 1266 1264 1266 1267 1268 1269 1270 1268 1270 1271 1272 1273 1274 1272 1274 1275 1276 1277 1278 1276 1278 1279 1280 1281 1282 1280 1282 1283 1284 1285 1286 1284 1286 1287 1288 1289 1290 1288 1290 1291 1292 1293 1294 1292 1294 1295 1296 1297 1298 1296 1298 1299 1300 1301 1302 1300 1302 1303 1304 1305 1306 1304 1306 1307 1308 1309 1310 1308 1310 1311 1312 1313 1314 1312 1314 1315 1316 1317 1318 1316 1318 1319 1320 1321 1322 1320 1322 1323 1324 1325 1326 1324 1326 1327 1328 1329 1330 1328 1330 1331 1332 1333 1334 1332 1334 1335 1336 1337 1338 1336 1338 1339 1340 1341 1342 1340 1342 1343 1344 1345 1346 1344 1346 1347 1348 1349 1350 1348 1350 1351 1352 1353 1354 1352 1354 1355 1356 1357 1358 1356 1358 1359 1360 1361 1362 1360 1362 1363 1364 1365 1366 1364 1366 1367 1368 1369 1370 1368 1370 1371 1372 1373 1374 1372 1374 1375 1376 1377 1378 1376 1378 1379 1380 1381 1382 1380 1382 1383 1384 1385 1386 1384 1386 1387 1388 1389 1390 1388 1390 1391 1392 1393 1394 1392 1394 1395 1396 1397 1398 1396 1398 1399 1400 1401 1402 1400 1402 1403 1404 1405 1406 1404 1406 1407 1408 1409 1410 1408 1410 1411 1412 1413 1414 1412 1414 1415 1416 1417 1418 1416 1418 1419 1420 1421 1422 1420 1422 1423 1424 1425 1426 1424 1426 1427 1428 1429 1430 1428 1430 1431 1432 1433 1434 1432 1434 1435 1436 1437 1438 1436 1438 1439 1440 1441 1442 1440 1442 1443 1444 1445 1446 1444 1446 1447 1448 1449 1450 1448 1450 1451 1452 1453 1454 1452 1454 1455 1456 1457 1458 1456 1458 1459 1460 1461 1462 1460 1462 1463 1464 1465 1466 1464 1466 1467 1468 1469 1470 1468 1470 1471 1472 1473 1474 1472 1474 1475 1476 1477 1478 1476 1478 1479 1480 1481 1482 1480 1482 1483 1484 1485 1486 1484 1486 1487 1488 1489 1490 1488 1490 1491 1492 1493 1494 1492 1494 1495 1496 1497 1498 1496 1498 1499 1500 1501 1502 1500 1502 1503 1504 1505 1506 1504 1506 1507 1508 1509 1510 1508 1510 1511 1512 1513 1514 1512 1514 1515 1516 1517 1518 1516 1518 1519 1520 1521 1522 1520 1522 1523 1524 1525 1526 1524 1526 1527 1528 1529 1530 1528 1530 1531 1532 1533 1534 1532 1534 1535 1536 1537 1538 1536 1538 1539 1540 1541 1542 1540 1542 1543 1544 1545 1546 1544 1546 1547 1548 1549 1550 1548 1550 1551 1552 1553 1554 1552 1554 1555 1556 1557 1558 1556 1558 1559 1560 1561 1562 1560 1562 1563 1564 1565 1566 1564 1566 1567 1568 1569 1570 1568 1570 1571 1572 1573 1574 1572 1574 1575 1576 1577 1578 1576 1578 1579 1580 1581 1582 1580 1582 1583 1584 1585 1586 1584 1586 1587 1588 1589 1590 1588 1590 1591 1592 1593 1594 1592 1594 1595 1596 1597 1598 1596 1598 1599 1600 1601 1602 1600 1602 1603 1604 1605 1606 1604 1606 1607 1608 1609 1610 1608 1610 1611 1612 1613 1614 1612 1614 1615 1616 1617 1618 1616 1618 1619 1620 1621 1622 1620 1622 1623 1624 1625 1626 1624 1626 1627 1628 1629 1630 1628 1630 1631 1632 1633 1634 1632 1634 1635 1636 1637 1638 1636 1638 1639 1640 1641 1642 1640 1642 1643 1644 1645 1646 1644 1646 1647 1648 1649 1650 1648 1650 1651 1652 1653 1654 1652 1654 1655 1656 1657 1658 1656 1658 1659 1660 1661 1662 1660 1662 1663 1664 1665 1666 1664 1666 1667 1668 1669 1670 1668 1670 1671 1672 1673 1674 1672 1674 1675 1676 1677 1678 1676 1678 1679 1680 1681 1682 1680 1682 1683 1684 1685 1686 1684 1686 1687 1688 1689 1690 1688 1690 1691 1692 1693 1694 1692 1694 1695 1696 1697 1698 1696 1698 1699 1700 1701 1702 1700 1702 1703 1704 1705 1706 1704 1706 1707 1708 1709 1710 1708 1710 1711 1712 1713 1714 1712 1714 1715 1716 1717 1718 1716 1718 1719 1720 1721 1722 1720 1722 1723 1724 1725 1726 1724 1726 1727 1728 1729 1730 1728 1730 1731 1732 1733 1734 1732 1734 1735 1736 1737 1738 1736 1738 1739 1740 1741 1742 1740 1742 1743 1744 1745 1746 1744 1746 1747 1748 1749 1750 1748 1750 1751 1752 1753 1754 1752 1754 1755 1756 1757 1758 1756 1758 1759 1760 1761 1762 1760 1762 1763 1764 1765 1766 1764 1766 1767 1768 1769 1770 1768 1770 1771 1772 1773 1774 1772 1774 1775 1776 1777 1778 1776 1778 1779 1780 1781 1782 1780 1782 1783 1784 1785 1786 1784 1786 1787 1788 1789 1790 1788 1790 1791 1792 1793 1794 1792 1794 1795 1796 1797 1798 1796 1798 1799 1800 1801 1802 1800 1802 1803 1804 1805 1806 1804 1806 1807 1808 1809 1810 1808 1810 1811 1812 1813 1814 1812 1814 1815 1816 1817 1818 1816 1818 1819 1820 1821 1822 1820 1822 1823 1824 1825 1826 1824 1826 1827 1828 1829 1830 1828 1830 1831 1832 1833 1834 1832 1834 1835 1836 1837 1838 1836 1838 1839 1840 1841 1842 1840 1842 1843 1844 1845 1846 1844 1846 1847 1848 1849 1850 1848 1850 1851 1852 1853 1854 1852 1854 1855 1856 1857 1858 1856 1858 1859 1860 1861 1862 1860 1862 1863 1864 1865 1866 1864 1866 1867 1868 1869 1870 1868 1870 1871 1872 1873 1874 1872 1874 1875 1876 1877 1878 1876 1878 1879 1880 1881 1882 1880 1882 1883 1884 1885 1886 1884 1886 1887 1888 1889 1890 1888 1890 1891 1892 1893 1894 1892 1894 1895 1896 1897 1898 1896 1898 1899 1900 1901 1902 1900 1902 1903 1904 1905 1906 1904 1906 1907 1908 1909 1910 1908 1910 1911 1912 1913 1914 1912 1914 1915 1916 1917 1918 1916 1918 1919 1920 1921 1922 1920 1922 1923 1924 1925 1926 1924 1926 1927 1928 1929 1930 1928 1930 1931 1932 1933 1934 1932 1934 1935 1936 1937 1938 1936 1938 1939 1940 1941 1942 1940 1942 1943 1944 1945 1946 1944 1946 1947 1948 1949 1950 1948 1950 1951 1952 1953 1954 1952 1954 1955 1956 1957 1958 1956 1958 1959 1960 1961 1962 1960 1962 1963 1964 1965 1966 1964 1966 1967 1968 1969 1970 1968 1970 1971 1972 1973 1974 1972 1974 1975 1976 1977 1978 1976 1978 1979 1980 1981 1982 1980 1982 1983 1984 1985 1986 1984 1986 1987 1988 1989 1990 1988 1990 1991 1992 1993 1994 1992 1994 1995 1996 1997 1998 1996 1998 1999 2000 2001 2002 2000 2002 2003 2004 2005 2006 2004 2006 2007 2008 2009 2010 2008 2010 2011 2012 2013 2014 2012 2014 2015 2016 2017 2018 2016 2018 2019 2020 2021 2022 2020 2022 2023 2024 2025 2026 2024 2026 2027 2028 2029 2030 2028 2030 2031 2032 2033 2034 2032 2034 2035 2036 2037 2038 2036 2038 2039 2040 2041 2042 2040 2042 2043 2044 2045 2046 2044 2046 2047 2048 2049 2050 2048 2050 2051 2052 2053 2054 2052 2054 2055 2056 2057 2058 2056 2058 2059 2060 2061 2062 2060 2062 2063 2064 2065 2066 2064 2066 2067 2068 2069 2070 2068 2070 2071 2072 2073 2074 2072 2074 2075 2076 2077 2078 2076 2078 2079 2080 2081 2082 2080 2082 2083 2084 2085 2086 2084 2086 2087 2088 2089 2090 2088 2090 2091 2092 2093 2094 2092 2094 2095 2096 2097 2098 2096 2098 2099 2100 2101 2102 2100 2102 2103 2104 2105 2106 2104 2106 2107 2108 2109 2110 2108 2110 2111 2112 2113 2114 2112 2114 2115 2116 2117 2118 2116 2118 2119 2120 2121 2122 2120 2122 2123 2124 2125 2126 2124 2126 2127 2128 2129 2130 2128 2130 2131 2132 2133 2134 2132 2134 2135 2136 2137 2138 2136 2138 2139 2140 2141 2142 2140 2142 2143 2144 2145 2146 2144 2146 2147 2148 2149 2150 2148 2150 2151 2152 2153 2154 2152 2154 2155 2156 2157 2158 2156 2158 2159 2160 2161 2162 2160 2162 2163 2164 2165 2166 2164 2166 2167 2168 2169 2170 2168 2170 2171 2172 2173 2174 2172 2174 2175 2176 2177 2178 2176 2178 2179 2180 2181 2182 2180 2182 2183 2184 2185 2186 2184 2186 2187 2188 2189 2190 2188 2190 2191 2192 2193 2194 2192 2194 2195 2196 2197 2198 2196 2198 2199 2200 2201 2202 2200 2202 2203 2204 2205 2206 2204 2206 2207 2208 2209 2210 2208 2210 2211 2212 2213 2214 2212 2214 2215 2216 2217 2218 2216 2218 2219 2220 2221 2222 2220 2222 2223 2224 2225 2226 2224 2226 2227 2228 2229 2230 2228 2230 2231 2232 2233 2234 2232 2234 2235 2236 2237 2238 2236 2238 2239 2240 2241 2242 2240 2242 2243 2244 2245 2246 2244 2246 2247 2248 2249 2250 2248 2250 2251 2252 2253 2254 2252 2254 2255 2256 2257 2258 2256 2258 2259 2260 2261 2262 2260 2262 2263 2264 2265 2266 2264 2266 2267 2268 2269 2270 2268 2270 2271 2272 2273 2274 2272 2274 2275 2276 2277 2278 2276 2278 2279 2280 2281 2282 2280 2282 2283 2284 2285 2286 2284 2286 2287 2288 2289 2290 2288 2290 2291 2292 2293 2294 2292 2294 2295 2296 2297 2298 2296 2298 2299 2300 2301 2302 2300 2302 2303 2304 2305 2306 2304 2306 2307 2308 2309 2310 2308 2310 2311 2312 2313 2314 2312 2314 2315 2316 2317 2318 2316 2318 2319 2320 2321 2322 2320 2322 2323 2324 2325 2326 2324 2326 2327 2328 2329 2330 2328 2330 2331 2332 2333 2334 2332 2334 2335 2336 2337 2338 2336 2338 2339 2340 2341 2342 2340 2342 2343 2344 2345 2346 2344 2346 2347 2348 2349 2350 2348 2350 2351 2352 2353 2354 2352 2354 2355 2356 2357 2358 2356 2358 2359 2360 2361 2362 2360 2362 2363 2364 2365 2366 2364 2366 2367 2368 2369 2370 2368 2370 2371 2372 2373 2374 2372 2374 2375 2376 2377 2378 2376 2378 2379 2380 2381 2382 2380 2382 2383 2384 2385 2386 2384 2386 2387 2388 2389 2390 2388 2390 2391 2392 2393 2394 2392 2394 2395 2396 2397 2398 2396 2398 2399 2400 2401 2402 2400 2402 2403 2404 2405 2406 2404 2406 2407 2408 2409 2410 2408 2410 2411 2412 2413 2414 2412 2414 2415 2416 2417 2418 2416 2418 2419 2420 2421 2422 2420 2422 2423 2424 2425 2426 2424 2426 2427 2428 2429 2430 2428 2430 2431 2432 2433 2434 2432 2434 2435 2436 2437 2438 2436 2438 2439 2440 2441 2442 2440 2442 2443 2444 2445 2446 2444 2446 2447 2448 2449 2450 2448 2450 2451 2452 2453 2454 2452 2454 2455 2456 2457 2458 2456 2458 2459 2460 2461 2462 2460 2462 2463 2464 2465 2466 2464 2466 2467 2468 2469 2470 2468 2470 2471 2472 2473 2474 2472 2474 2475 2476 2477 2478 2476 2478 2479 2480 2481 2482 2480 2482 2483 2484 2485 2486 2484 2486 2487 2488 2489 2490 2488 2490 2491 2492 2493 2494 2492 2494 2495 2496 2497 2498 2496 2498 2499 2500 2501 2502 2500 2502 2503 2504 2505 2506 2504 2506 2507 2508 2509 2510 2508 2510 2511 2512 2513 2514 2512 2514 2515 2516 2517 2518 2516 2518 2519 2520 2521 2522 2520 2522 2523 2524 2525 2526 2524 2526 2527 2528 2529 2530 2528 2530 2531 2532 2533 2534 2532 2534 2535 2536 2537 2538 2536 2538 2539 2540 2541 2542 2540 2542 2543 2544 2545 2546 2544 2546 2547 2548 2549 2550 2548 2550 2551 2552 2553 2554 2552 2554 2555 2556 2557 2558 2556 2558 2559 2560 2561 2562 2560 2562 2563 2564 2565 2566 2564 2566 2567 2568 2569 2570 2568 2570 2571 2572 2573 2574 2572 2574 2575 2576 2577 2578 2576 2578 2579 2580 2581 2582 2580 2582 2583 2584 2585 2586 2584 2586 2587 2588 2589 2590 2588 2590 2591 2592 2593 2594 2592 2594 2595 2596 2597 2598 2596 2598 2599 2600 2601 2602 2600 2602 2603 2604 2605 2606 2604 2606 2607 2608 2609 2610 2608 2610 2611 2612 2613 2614 2612 2614 2615 2616 2617 2618 2616 2618 2619 2620 2621 2622 2620 2622 2623 2624 2625 2626 2624 2626 2627 2628 2629 2630 2628 2630 2631 2632 2633 2634 2632 2634 2635 2636 2637 2638 2636 2638 2639 2640 2641 2642 2640 2642 2643 2644 2645 2646 2644 2646 2647 2648 2649 2650 2648 2650 2651 2652 2653 2654 2652 2654 2655 2656 2657 2658 2656 2658 2659 2660 2661 2662 2660 2662 2663 2664 2665 2666 2664 2666 2667 2668 2669 2670 2668 2670 2671 2672 2673 2674 2672 2674 2675 2676 2677 2678 2676 2678 2679 2680 2681 2682 2680 2682 2683 2684 2685 2686 2684 2686 2687 2688 2689 2690 2688 2690 2691 2692 2693 2694 2692 2694 2695 2696 2697 2698 2696 2698 2699 2700 2701 2702 2700 2702 2703 2704 2705 2706 2704 2706 2707 2708 2709 2710 2708 2710 2711 2712 2713 2714 2712 2714 2715 2716 2717 2718 2716 2718 2719 2720 2721 2722 2720 2722 2723 2724 2725 2726 2724 2726 2727 2728 2729 2730 2728 2730 2731 2732 2733 2734 2732 2734 2735 2736 2737 2738 2736 2738 2739 2740 2741 2742 2740 2742 2743 2744 2745 2746 2744 2746 2747 2748 2749 2750 2748 2750 2751 2752 2753 2754 2752 2754 2755 2756 2757 2758 2756 2758 2759 2760 2761 2762 2760 2762 2763 2764 2765 2766 2764 2766 2767 2768 2769 2770 2768 2770 2771 2772 2773 2774 2772 2774 2775 2776 2777 2778 2776 2778 2779 2780 2781 2782 2780 2782 2783 2784 2785 2786 2784 2786 2787 2788 2789 2790 2788 2790 2791 2792 2793 2794 2792 2794 2795 2796 2797 2798 2796 2798 2799 2800 2801 2802 2800 2802 2803 2804 2805 2806 2804 2806 2807 2808 2809 2810 2808 2810 2811 2812 2813 2814 2812 2814 2815 2816 2817 2818 2816 2818 2819 2820 2821 2822 2820 2822 2823 2824 2825 2826 2824 2826 2827 2828 2829 2830 2828 2830 2831 2832 2833 2834 2832 2834 2835 2836 2837 2838 2836 2838 2839 2840 2841 2842 2840 2842 2843 2844 2845 2846 2844 2846 2847 2848 2849 2850 2848 2850 2851 2852 2853 2854 2852 2854 2855 2856 2857 2858 2856 2858 2859 2860 2861 2862 2860 2862 2863 2864 2865 2866 2864 2866 2867 2868 2869 2870 2868 2870 2871 2872 2873 2874 2872 2874 2875 2876 2877 2878 2876 2878 2879 2880 2881 2882 2880 2882 2883 2884 2885 2886 2884 2886 2887 2888 2889 2890 2888 2890 2891 2892 2893 2894 2892 2894 2895 2896 2897 2898 2896 2898 2899 2900 2901 2902 2900 2902 2903 2904 2905 2906 2904 2906 2907 2908 2909 2910 2908 2910 2911 2912 2913 2914 2912 2914 2915 2916 2917 2918 2916 2918 2919 2920 2921 2922 2920 2922 2923 2924 2925 2926 2924 2926 2927 2928 2929 2930 2928 2930 2931 2932 2933 2934 2932 2934 2935 2936 2937 2938 2936 2938 2939 2940 2941 2942 2940 2942 2943 2944 2945 2946 2944 2946 2947 2948 2949 2950 2948 2950 2951 2952 2953 2954 2952 2954 2955 2956 2957 2958 2956 2958 2959 2960 2961 2962 2960 2962 2963 2964 2965 2966 2964 2966 2967 2968 2969 2970 2968 2970 2971 2972 2973 2974 2972 2974 2975 2976 2977 2978 2976 2978 2979 2980 2981 2982 2980 2982 2983 2984 2985 2986 2984 2986 2987 2988 2989 2990 2988 2990 2991 2992 2993 2994 2992 2994 2995 2996 2997 2998 2996 2998 2999 3000 3001 3002 3000 3002 3003 3004 3005 3006 3004 3006 3007 3008 3009 3010 3008 3010 3011 3012 3013 3014 3012 3014 3015 3016 3017 3018 3016 3018 3019 3020 3021 3022 3020 3022 3023 3024 3025 3026 3024 3026 3027 3028 3029 3030 3028 3030 3031 3032 3033 3034 3032 3034 3035 3036 3037 3038 3036 3038 3039 3040 3041 3042 3040 3042 3043 3044 3045 3046 3044 3046 3047 3048 3049 3050 3048 3050 3051 3052 3053 3054 3052 3054 3055 3056 3057 3058 3056 3058 3059 3060 3061 3062 3060 3062 3063 3064 3065 3066 3064 3066 3067 3068 3069 3070 3068 3070 3071 3072 3073 3074 3072 3074 3075 3076 3077 3078 3076 3078 3079 3080 3081 3082 3080 3082 3083 3084 3085 3086 3084 3086 3087 3088 3089 3090 3088 3090 3091 3092 3093 3094 3092 3094 3095 3096 3097 3098 3096 3098 3099 3100 3101 3102 3100 3102 3103 3104 3105 3106 3104 3106 3107 3108 3109 3110 3108 3110 3111 3112 3113 3114 3112 3114 3115 3116 3117 3118 3116 3118 3119 3120 3121 3122 3120 3122 3123 3124 3125 3126 3124 3126 3127 3128 3129 3130 3128 3130 3131 3132 3133 3134 3132 3134 3135 3136 3137 3138 3136 3138 3139 3140 3141 3142 3140 3142 3143 3144 3145 3146 3144 3146 3147 3148 3149 3150 3148 3150 3151 3152 3153 3154 3152 3154 3155 3156 3157 3158 3156 3158 3159 3160 3161 3162 3160 3162 3163 3164 3165 3166 3164 3166 3167 3168 3169 3170 3168 3170 3171 3172 3173 3174 3172 3174 3175 3176 3177 3178 3176 3178 3179 3180 3181 3182 3180 3182 3183 3184 3185 3186 3184 3186 3187 3188 3189 3190 3188 3190 3191 3192 3193 3194 3192 3194 3195 3196 3197 3198 3196 3198 3199 3200 3201 3202 3200 3202 3203 3204 3205 3206 3204 3206 3207 3208 3209 3210 3208 3210 3211 3212 3213 3214 3212 3214 3215 3216 3217 3218 3216 3218 3219 3220 3221 3222 3220 3222 3223 3224 3225 3226 3224 3226 3227 3228 3229 3230 3228 3230 3231 3232 3233 3234 3232 3234 3235 3236 3237 3238 3236 3238 3239 3240 3241 3242 3240 3242 3243 3244 3245 3246 3244 3246 3247 3248 3249 3250 3248 3250 3251 3252 3253 3254 3252 3254 3255 3256 3257 3258 3256 3258 3259 3260 3261 3262 3260 3262 3263 3264 3265 3266 3264 3266 3267 3268 3269 3270 3268 3270 3271 3272 3273 3274 3272 3274 3275 3276 3277 3278 3276 3278 3279 3280 3281 3282 3280 3282 3283 3284 3285 3286 3284 3286 3287 3288 3289 3290 3288 3290 3291 3292 3293 3294 3292 3294 3295 3296 3297 3298 3296 3298 3299 3300 3301 3302 3300 3302 3303 3304 3305 3306 3304 3306 3307 3308 3309 3310 3308 3310 3311 3312 3313 3314 3312 3314 3315 3316 3317 3318 3316 3318 3319 3320 3321 3322 3320 3322 3323 3324 3325 3326 3324 3326 3327 3328 3329 3330 3328 3330 3331 3332 3333 3334 3332 3334 3335 3336 3337 3338 3336 3338 3339 3340 3341 3342 3340 3342 3343 3344 3345 3346 3344 3346 3347 3348 3349 3350 3348 3350 3351 3352 3353 3354 3352 3354 3355 3356 3357 3358 3356 3358 3359 3360 3361 3362 3360 3362 3363 3364 3365 3366 3364 3366 3367 3368 3369 3370 3368 3370 3371 3372 3373 3374 3372 3374 3375 3376 3377 3378 3376 3378 3379 3380 3381 3382 3380 3382 3383 3384 3385 3386 3384 3386 3387 3388 3389 3390 3388 3390 3391 3392 3393 3394 3392 3394 3395 3396 3397 3398 3396 3398 3399 3400 3401 3402 3400 3402 3403 3404 3405 3406 3404 3406 3407 3408 3409 3410 3408 3410 3411 3412 3413 3414 3412 3414 3415 3416 3417 3418 3416 3418 3419 3420 3421 3422 3420 3422 3423 3424 3425 3426 3424 3426 3427 3428 3429 3430 3428 3430 3431 3432 3433 3434 3432 3434 3435 3436 3437 3438 3436 3438 3439 3440 3441 3442 3440 3442 3443 3444 3445 3446 3444 3446 3447 3448 3449 3450 3448 3450 3451 3452 3453 3454 3452 3454 3455 3456 3457 3458 3456 3458 3459 3460 3461 3462 3460 3462 3463 3464 3465 3466 3464 3466 3467 3468 3469 3470 3468 3470 3471 3472 3473 3474 3472 3474 3475 3476 3477 3478 3476 3478 3479 3480 3481 3482 3480 3482 3483 3484 3485 3486 3484 3486 3487 3488 3489 3490 3488 3490 3491 3492 3493 3494 3492 3494 3495 3496 3497 3498 3496 3498 3499 3500 3501 3502 3500 3502 3503 3504 3505 3506 3504 3506 3507 3508 3509 3510 3508 3510 3511 3512 3513 3514 3512 3514 3515 3516 3517 3518 3516 3518 3519 3520 3521 3522 3520 3522 3523 3524 3525 3526 3524 3526 3527 3528 3529 3530 3528 3530 3531 3532 3533 3534 3532 3534 3535 3536 3537 3538 3536 3538 3539 3540 3541 3542 3540 3542 3543 3544 3545 3546 3544 3546 3547 3548 3549 3550 3548 3550 3551 3552 3553 3554 3552 3554 3555 3556 3557 3558 3556 3558 3559 3560 3561 3562 3560 3562 3563 3564 3565 3566 3564 3566 3567 3568 3569 3570 3568 3570 3571 3572 3573 3574 3572 3574 3575 3576 3577 3578 3576 3578 3579 3580 3581 3582 3580 3582 3583 3584 3585 3586 3584 3586 3587 3588 3589 3590 3588 3590 3591 3592 3593 3594 3592 3594 3595 3596 3597 3598 3596 3598 3599 3600 3601 3602 3600 3602 3603 3604 3605 3606 3604 3606 3607 3608 3609 3610 3608 3610 3611 3612 3613 3614 3612 3614 3615 3616 3617 3618 3616 3618 3619 3620 3621 3622 3620 3622 3623 3624 3625 3626 3624 3626 3627 3628 3629 3630 3628 3630 3631 3632 3633 3634 3632 3634 3635 3636 3637 3638 3636 3638 3639 3640 3641 3642 3640 3642 3643 3644 3645 3646 3644 3646 3647 3648 3649 3650 3648 3650 3651 3652 3653 3654 3652 3654 3655 3656 3657 3658 3656 3658 3659 3660 3661 3662 3660 3662 3663 3664 3665 3666 3664 3666 3667 3668 3669 3670 3668 3670 3671 3672 3673 3674 3672 3674 3675 3676 3677 3678 3676 3678 3679 3680 3681 3682 3680 3682 3683 3684 3685 3686 3684 3686 3687 3688 3689 3690 3688 3690 3691 3692 3693 3694 3692 3694 3695 3696 3697 3698 3696 3698 3699 3700 3701 3702 3700 3702 3703 3704 3705 3706 3704 3706 3707 3708 3709 3710 3708 3710 3711 3712 3713 3714 3712 3714 3715 3716 3717 3718 3716 3718 3719 3720 3721 3722 3720 3722 3723 3724 3725 3726 3724 3726 3727 3728 3729 3730 3728 3730 3731 3732 3733 3734 3732 3734 3735 3736 3737 3738 3736 3738 3739 3740 3741 3742 3740 3742 3743 3744 3745 3746 3744 3746 3747 3748 3749 3750 3748 3750 3751 3752 3753 3754 3752 3754 3755 3756 3757 3758 3756 3758 3759 3760 3761 3762 3760 3762 3763 3764 3765 3766 3764 3766 3767 3768 3769 3770 3768 3770 3771 3772 3773 3774 3772 3774 3775 3776 3777 3778 3776 3778 3779 3780 3781 3782 3780 3782 3783 3784 3785 3786 3784 3786 3787 3788 3789 3790 3788 3790 3791 3792 3793 3794 3792 3794 3795 3796 3797 3798 3796 3798 3799 3800 3801 3802 3800 3802 3803 3804 3805 3806 3804 3806 3807 3808 3809 3810 3808 3810 3811 3812 3813 3814 3812 3814 3815 3816 3817 3818 3816 3818 3819 3820 3821 3822 3820 3822 3823 3824 3825 3826 3824 3826 3827 3828 3829 3830 3828 3830 3831 3832 3833 3834 3832 3834 3835 3836 3837 3838 3836 3838 3839 3840 3841 3842 3840 3842 3843 3844 3845 3846 3844 3846 3847 3848 3849 3850 3848 3850 3851 3852 3853 3854 3852 3854 3855 3856 3857 3858 3856 3858 3859 3860 3861 3862 3860 3862 3863 3864 3865 3866 3864 3866 3867 3868 3869 3870 3868 3870 3871 3872 3873 3874 3872 3874 3875 3876 3877 3878 3876 3878 3879 3880 3881 3882 3880 3882 3883 3884 3885 3886 3884 3886 3887 3888 3889 3890 3888 3890 3891 3892 3893 3894 3892 3894 3895 3896 3897 3898 3896 3898 3899 3900 3901 3902 3900 3902 3903 3904 3905 3906 3904 3906 3907 3908 3909 3910 3908 3910 3911 3912 3913 3914 3912 3914 3915 3916 3917 3918 3916 3918 3919 3920 3921 3922 3920 3922 3923 3924 3925 3926 3924 3926 3927 3928 3929 3930 3928 3930 3931 3932 3933 3934 3932 3934 3935 3936 3937 3938 3936 3938 3939 3940 3941 3942 3940 3942 3943 3944 3945 3946 3944 3946 3947 3948 3949 3950 3948 3950 3951 3952 3953 3954 3952 3954 3955 3956 3957 3958 3956 3958 3959 3960 3961 3962 3960 3962 3963 3964 3965 3966 3964 3966 3967 3968 3969 3970 3968 3970 3971 3972 3973 3974 3972 3974 3975 3976 3977 3978 3976 3978 3979 3980 3981 3982 3980 3982 3983 3984 3985 3986 3984 3986 3987 3988 3989 3990 3988 3990 3991 3992 3993 3994 3992 3994 3995 3996 3997 3998 3996 3998 3999 4000 4001 4002 4000 4002 4003 4004 4005 4006 4004 4006 4007 4008 4009 4010 4008 4010 4011 4012 4013 4014 4012 4014 4015 4016 4017 4018 4016 4018 4019 4020 4021 4022 4020 4022 4023 4024 4025 4026 4024 4026 4027 4028 4029 4030 4028 4030 4031 4032 4033 4034 4032 4034 4035 4036 4037 4038 4036 4038 4039 4040 4041 4042 4040 4042 4043 4044 4045 4046 4044 4046 4047 4048 4049 4050 4048 4050 4051 4052 4053 4054 4052 4054 4055 4056 4057 4058 4056 4058 4059 4060 4061 4062 4060 4062 4063 4064 4065 4066 4064 4066 4067 4068 4069 4070 4068 4070 4071 4072 4073 4074 4072 4074 4075 4076 4077 4078 4076 4078 4079 4080 4081 4082 4080 4082 4083 4084 4085 4086 4084 4086 4087 4088 4089 4090 4088 4090 4091 4092 4093 4094 4092 4094 4095 4096 4097 4098 4096 4098 4099 4100 4101 4102 4100 4102 4103 4104 4105 4106 4104 4106 4107 4108 4109 4110 4108 4110 4111 4112 4113 4114 4112 4114 4115 4116 4117 4118 4116 4118 4119 4120 4121 4122 4120 4122 4123 4124 4125 4126 4124 4126 4127 4128 4129 4130 4128 4130 4131 4132 4133 4134 4132 4134 4135 4136 4137 4138 4136 4138 4139 4140 4141 4142 4140 4142 4143 4144 4145 4146 4144 4146 4147 4148 4149 4150 4148 4150 4151 4152 4153 4154 4152 4154 4155 4156 4157 4158 4156 4158 4159 4160 4161 4162 4160 4162 4163 4164 4165 4166 4164 4166 4167 4168 4169 4170 4168 4170 4171 4172 4173 4174 4172 4174 4175 4176 4177 4178 4176 4178 4179 4180 4181 4182 4180 4182 4183 4184 4185 4186 4184 4186 4187 4188 4189 4190 4188 4190 4191 4192 4193 4194 4192 4194 4195 4196 4197 4198 4196 4198 4199 4200 4201 4202 4200 4202 4203 4204 4205 4206 4204 4206 4207 4208 4209 4210 4208 4210 4211 4212 4213 4214 4212 4214 4215 4216 4217 4218 4216 4218 4219 4220 4221 4222 4220 4222 4223 4224 4225 4226 4224 4226 4227 4228 4229 4230 4228 4230 4231 4232 4233 4234 4232 4234 4235 4236 4237 4238 4236 4238 4239 4240 4241 4242 4240 4242 4243 4244 4245 4246 4244 4246 4247 4248 4249 4250 4248 4250 4251 4252 4253 4254 4252 4254 4255 4256 4257 4258 4256 4258 4259 4260 4261 4262 4260 4262 4263 4264 4265 4266 4264 4266 4267 4268 4269 4270 4268 4270 4271 4272 4273 4274 4272 4274 4275 4276 4277 4278 4276 4278 4279 4280 4281 4282 4280 4282 4283 4284 4285 4286 4284 4286 4287 4288 4289 4290 4288 4290 4291 4292 4293 4294 4292 4294 4295 4296 4297 4298 4296 4298 4299 4300 4301 4302 4300 4302 4303 4304 4305 4306 4304 4306 4307 4308 4309 4310 4308 4310 4311 4312 4313 4314 4312 4314 4315 4316 4317 4318 4316 4318 4319 4320 4321 4322 4320 4322 4323 4324 4325 4326 4324 4326 4327 4328 4329 4330 4328 4330 4331 4332 4333 4334 4332 4334 4335 4336 4337 4338 4336 4338 4339 4340 4341 4342 4340 4342 4343 4344 4345 4346 4344 4346 4347 4348 4349 4350 4348 4350 4351 4352 4353 4354 4352 4354 4355 4356 4357 4358 4356 4358 4359 4360 4361 4362 4360 4362 4363 4364 4365 4366 4364 4366 4367 4368 4369 4370 4368 4370 4371 4372 4373 4374 4372 4374 4375 4376 4377 4378 4376 4378 4379 4380 4381 4382 4380 4382 4383 4384 4385 4386 4384 4386 4387 4388 4389 4390 4388 4390 4391 4392 4393 4394 4392 4394 4395 4396 4397 4398 4396 4398 4399 4400 4401 4402 4400 4402 4403 4404 4405 4406 4404 4406 4407 4408 4409 4410 4408 4410 4411 4412 4413 4414 4412 4414 4415 4416 4417 4418 4416 4418 4419 4420 4421 4422 4420 4422 4423 4424 4425 4426 4424 4426 4427 4428 4429 4430 4428 4430 4431 4432 4433 4434 4432 4434 4435 4436 4437 4438 4436 4438 4439 4440 4441 4442 4440 4442 4443 4444 4445 4446 4444 4446 4447 4448 4449 4450 4448 4450 4451 4452 4453 4454 4452 4454 4455 4456 4457 4458 4456 4458 4459 4460 4461 4462 4460 4462 4463 4464 4465 4466 4464 4466 4467 4468 4469 4470 4468 4470 4471 4472 4473 4474 4472 4474 4475 4476 4477 4478 4476 4478 4479 4480 4481 4482 4480 4482 4483 4484 4485 4486 4484 4486 4487 4488 4489 4490 4488 4490 4491 4492 4493 4494 4492 4494 4495 4496 4497 4498 4496 4498 4499 4500 4501 4502 4500 4502 4503 4504 4505 4506 4504 4506 4507 4508 4509 4510 4508 4510 4511 4512 4513 4514 4512 4514 4515 4516 4517 4518 4516 4518 4519 4520 4521 4522 4520 4522 4523 4524 4525 4526 4524 4526 4527 4528 4529 4530 4528 4530 4531 4532 4533 4534 4532 4534 4535 4536 4537 4538 4536 4538 4539 4540 4541 4542 4540 4542 4543 4544 4545 4546 4544 4546 4547 4548 4549 4550 4548 4550 4551 4552 4553 4554 4552 4554 4555 4556 4557 4558 4556 4558 4559 4560 4561 4562 4560 4562 4563 4564 4565 4566 4564 4566 4567 4568 4569 4570 4568 4570 4571 4572 4573 4574 4572 4574 4575 4576 4577 4578 4576 4578 4579 4580 4581 4582 4580 4582 4583 4584 4585 4586 4584 4586 4587 4588 4589 4590 4588 4590 4591 4592 4593 4594 4592 4594 4595 4596 4597 4598 4596 4598 4599 4600 4601 4602 4600 4602 4603 4604 4605 4606 4604 4606 4607 4608 4609 4610 4608 4610 4611 4612 4613 4614 4612 4614 4615 4616 4617 4618 4616 4618 4619 4620 4621 4622 4620 4622 4623 4624 4625 4626 4624 4626 4627 4628 4629 4630 4628 4630 4631 4632 4633 4634 4632 4634 4635 4636 4637 4638 4636 4638 4639 4640 4641 4642 4640 4642 4643 4644 4645 4646 4644 4646 4647 4648 4649 4650 4648 4650 4651 4652 4653 4654 4652 4654 4655 4656 4657 4658 4656 4658 4659 4660 4661 4662 4660 4662 4663 4664 4665 4666 4664 4666 4667 4668 4669 4670 4668 4670 4671 4672 4673 4674 4672 4674 4675 4676 4677 4678 4676 4678 4679 4680 4681 4682 4680 4682 4683 4684 4685 4686 4684 4686 4687 4688 4689 4690 4688 4690 4691 4692 4693 4694 4692 4694 4695 4696 4697 4698 4696 4698 4699 4700 4701 4702 4700 4702 4703 4704 4705 4706 4704 4706 4707 4708 4709 4710 4708 4710 4711 4712 4713 4714 4712 4714 4715 4716 4717 4718 4716 4718 4719 4720 4721 4722 4720 4722 4723 4724 4725 4726 4724 4726 4727 4728 4729 4730 4728 4730 4731 4732 4733 4734 4732 4734 4735 4736 4737 4738 4736 4738 4739 4740 4741 4742 4740 4742 4743 4744 4745 4746 4744 4746 4747 4748 4749 4750 4748 4750 4751 4752 4753 4754 4752 4754 4755 4756 4757 4758 4756 4758 4759 4760 4761 4762 4760 4762 4763 4764 4765 4766 4764 4766 4767 4768 4769 4770 4768 4770 4771 4772 4773 4774 4772 4774 4775 4776 4777 4778 4776 4778 4779 4780 4781 4782 4780 4782 4783 4784 4785 4786 4784 4786 4787 4788 4789 4790 4788 4790 4791 4792 4793 4794 4792 4794 4795 4796 4797 4798 4796 4798 4799 4800 4801 4802 4800 4802 4803 4804 4805 4806 4804 4806 4807 4808 4809 4810 4808 4810 4811 4812 4813 4814 4812 4814 4815 4816 4817 4818 4816 4818 4819 4820 4821 4822 4820 4822 4823 4824 4825 4826 4824 4826 4827 4828 4829 4830 4828 4830 4831 4832 4833 4834 4832 4834 4835 4836 4837 4838 4836 4838 4839 4840 4841 4842 4840 4842 4843 4844 4845 4846 4844 4846 4847 4848 4849 4850 4848 4850 4851 4852 4853 4854 4852 4854 4855 4856 4857 4858 4856 4858 4859 4860 4861 4862 4860 4862 4863 4864 4865 4866 4864 4866 4867 4868 4869 4870 4868 4870 4871 4872 4873 4874 4872 4874 4875 4876 4877 4878 4876 4878 4879 4880 4881 4882 4880 4882 4883 4884 4885 4886 4884 4886 4887 4888 4889 4890 4888 4890 4891 4892 4893 4894 4892 4894 4895 4896 4897 4898 4896 4898 4899 4900 4901 4902 4900 4902 4903 4904 4905 4906 4904 4906 4907 4908 4909 4910 4908 4910 4911 4912 4913 4914 4912 4914 4915 4916 4917 4918 4916 4918 4919 4920 4921 4922 4920 4922 4923 4924 4925 4926 4924 4926 4927 4928 4929 4930 4928 4930 4931 4932 4933 4934 4932 4934 4935 4936 4937 4938 4936 4938 4939 4940 4941 4942 4940 4942 4943 4944 4945 4946 4944 4946 4947 4948 4949 4950 4948 4950 4951 4952 4953 4954 4952 4954 4955 4956 4957 4958 4956 4958 4959 4960 4961 4962 4960 4962 4963 4964 4965 4966 4964 4966 4967 4968 4969 4970 4968 4970 4971 4972 4973 4974 4972 4974 4975 4976 4977 4978 4976 4978 4979 4980 4981 4982 4980 4982 4983 4984 4985 4986 4984 4986 4987 4988 4989 4990 4988 4990 4991 4992 4993 4994 4992 4994 4995 4996 4997 4998 4996 4998 4999 5000 5001 5002 5000 5002 5003 5004 5005 5006 5004 5006 5007 5008 5009 5010 5008 5010 5011 5012 5013 5014 5012 5014 5015 5016 5017 5018 5016 5018 5019 5020 5021 5022 5020 5022 5023 5024 5025 5026 5024 5026 5027 5028 5029 5030 5028 5030 5031 5032 5033 5034 5032 5034 5035 5036 5037 5038 5036 5038 5039 5040 5041 5042 5040 5042 5043 5044 5045 5046 5044 5046 5047 5048 5049 5050 5048 5050 5051 5052 5053 5054 5052 5054 5055 5056 5057 5058 5056 5058 5059 5060 5061 5062 5060 5062 5063 5064 5065 5066 5064 5066 5067 5068 5069 5070 5068 5070 5071 5072 5073 5074 5072 5074 5075 5076 5077 5078 5076 5078 5079 5080 5081 5082 5080 5082 5083 5084 5085 5086 5084 5086 5087 5088 5089 5090 5088 5090 5091 5092 5093 5094 5092 5094 5095 5096 5097 5098 5096 5098 5099 5100 5101 5102 5100 5102 5103 5104 5105 5106 5104 5106 5107 5108 5109 5110 5108 5110 5111 5112 5113 5114 5112 5114 5115 5116 5117 5118 5116 5118 5119 5120 5121 5122 5120 5122 5123 5124 5125 5126 5124 5126 5127 5128 5129 5130 5128 5130 5131 5132 5133 5134 5132 5134 5135 5136 5137 5138 5136 5138 5139 5140 5141 5142 5140 5142 5143 5144 5145 5146 5144 5146 5147 5148 5149 5150 5148 5150 5151 5152 5153 5154 5152 5154 5155 5156 5157 5158 5156 5158 5159 5160 5161 5162 5160 5162 5163 5164 5165 5166 5164 5166 5167 5168 5169 5170 5168 5170 5171 5172 5173 5174 5172 5174 5175 5176 5177 5178 5176 5178 5179 5180 5181 5182 5180 5182 5183 5184 5185 5186 5184 5186 5187 5188 5189 5190 5188 5190 5191 5192 5193 5194 5192 5194 5195 5196 5197 5198 5196 5198 5199 5200 5201 5202 5200 5202 5203 5204 5205 5206 5204 5206 5207 5208 5209 5210 5208 5210 5211 5212 5213 5214 5212 5214 5215 5216 5217 5218 5216 5218 5219 5220 5221 5222 5220 5222 5223 5224 5225 5226 5224 5226 5227 5228 5229 5230 5228 5230 5231 5232 5233 5234 5232 5234 5235 5236 5237 5238 5236 5238 5239 5240 5241 5242 5240 5242 5243 5244 5245 5246 5244 5246 5247 5248 5249 5250 5248 5250 5251 5252 5253 5254 5252 5254 5255 5256 5257 5258 5256 5258 5259 5260 5261 5262 5260 5262 5263 5264 5265 5266 5264 5266 5267 5268 5269 5270 5268 5270 5271 5272 5273 5274 5272 5274 5275 5276 5277 5278 5276 5278 5279 5280 5281 5282 5280 5282 5283 5284 5285 5286 5284 5286 5287 5288 5289 5290 5288 5290 5291 5292 5293 5294 5292 5294 5295 5296 5297 5298 5296 5298 5299 5300 5301 5302 5300 5302 5303 5304 5305 5306 5304 5306 5307 5308 5309 5310 5308 5310 5311 5312 5313 5314 5312 5314 5315 5316 5317 5318 5316 5318 5319 5320 5321 5322 5320 5322 5323 5324 5325 5326 5324 5326 5327 5328 5329 5330 5328 5330 5331 5332 5333 5334 5332 5334 5335 5336 5337 5338 5336 5338 5339 5340 5341 5342 5340 5342 5343 5344 5345 5346 5344 5346 5347 5348 5349 5350 5348 5350 5351 5352 5353 5354 5352 5354 5355 5356 5357 5358 5356 5358 5359 5360 5361 5362 5360 5362 5363 5364 5365 5366 5364 5366 5367 5368 5369 5370 5368 5370 5371 5372 5373 5374 5372 5374 5375 5376 5377 5378 5376 5378 5379 5380 5381 5382 5380 5382 5383 5384 5385 5386 5384 5386 5387 5388 5389 5390 5388 5390 5391 5392 5393 5394 5392 5394 5395 5396 5397 5398 5396 5398 5399 5400 5401 5402 5400 5402 5403 5404 5405 5406 5404 5406 5407 5408 5409 5410 5408 5410 5411 5412 5413 5414 5412 5414 5415 5416 5417 5418 5416 5418 5419 5420 5421 5422 5420 5422 5423 5424 5425 5426 5424 5426 5427 5428 5429 5430 5428 5430 5431 5432 5433 5434 5432 5434 5435 5436 5437 5438 5436 5438 5439 5440 5441 5442 5440 5442 5443 5444 5445 5446 5444 5446 5447 5448 5449 5450 5448 5450 5451 5452 5453 5454 5452 5454 5455 5456 5457 5458 5456 5458 5459 5460 5461 5462 5460 5462 5463 5464 5465 5466 5464 5466 5467 5468 5469 5470 5468 5470 5471 5472 5473 5474 5472 5474 5475 5476 5477 5478 5476 5478 5479 5480 5481 5482 5480 5482 5483 5484 5485 5486 5484 5486 5487 5488 5489 5490 5488 5490 5491 5492 5493 5494 5492 5494 5495 5496 5497 5498 5496 5498 5499 5500 5501 5502 5500 5502 5503 5504 5505 5506 5504 5506 5507 5508 5509 5510 5508 5510 5511 5512 5513 5514 5512 5514 5515 5516 5517 5518 5516 5518 5519 5520 5521 5522 5520 5522 5523 5524 5525 5526 5524 5526 5527 5528 5529 5530 5528 5530 5531 5532 5533 5534 5532 5534 5535 5536 5537 5538 5536 5538 5539 5540 5541 5542 5540 5542 5543 5544 5545 5546 5544 5546 5547 5548 5549 5550 5548 5550 5551 5552 5553 5554 5552 5554 5555 5556 5557 5558 5556 5558 5559 5560 5561 5562 5560 5562 5563 5564 5565 5566 5564 5566 5567 5568 5569 5570 5568 5570 5571 5572 5573 5574 5572 5574 5575 5576 5577 5578 5576 5578 5579 5580 5581 5582 5580 5582 5583 5584 5585 5586 5584 5586 5587 5588 5589 5590 5588 5590 5591 5592 5593 5594 5592 5594 5595 5596 5597 5598 5596 5598 5599 5600 5601 5602 5600 5602 5603 5604 5605 5606 5604 5606 5607 5608 5609 5610 5608 5610 5611 5612 5613 5614 5612 5614 5615 5616 5617 5618 5616 5618 5619 5620 5621 5622 5620 5622 5623 5624 5625 5626 5624 5626 5627 5628 5629 5630 5628 5630 5631 5632 5633 5634 5632 5634 5635 5636 5637 5638 5636 5638 5639 5640 5641 5642 5640 5642 5643 5644 5645 5646 5644 5646 5647 5648 5649 5650 5648 5650 5651 5652 5653 5654 5652 5654 5655 5656 5657 5658 5656 5658 5659 5660 5661 5662 5660 5662 5663 5664 5665 5666 5664 5666 5667 5668 5669 5670 5668 5670 5671 5672 5673 5674 5672 5674 5675 5676 5677 5678 5676 5678 5679 5680 5681 5682 5680 5682 5683 5684 5685 5686 5684 5686 5687 5688 5689 5690 5688 5690 5691 5692 5693 5694 5692 5694 5695 5696 5697 5698 5696 5698 5699 5700 5701 5702 5700 5702 5703 5704 5705 5706 5704 5706 5707 5708 5709 5710 5708 5710 5711 5712 5713 5714 5712 5714 5715 5716 5717 5718 5716 5718 5719 5720 5721 5722 5720 5722 5723 5724 5725 5726 5724 5726 5727 5728 5729 5730 5728 5730 5731 5732 5733 5734 5732 5734 5735 5736 5737 5738 5736 5738 5739 5740 5741 5742 5740 5742 5743 5744 5745 5746 5744 5746 5747 5748 5749 5750 5748 5750 5751 5752 5753 5754 5752 5754 5755 5756 5757 5758 5756 5758 5759 5760 5761 5762 5760 5762 5763 5764 5765 5766 5764 5766 5767 5768 5769 5770 5768 5770 5771 5772 5773 5774 5772 5774 5775 5776 5777 5778 5776 5778 5779 5780 5781 5782 5780 5782 5783 5784 5785 5786 5784 5786 5787 5788 5789 5790 5788 5790 5791 5792 5793 5794 5792 5794 5795 5796 5797 5798 5796 5798 5799 5800 5801 5802 5800 5802 5803 5804 5805 5806 5804 5806 5807 5808 5809 5810 5808 5810 5811 5812 5813 5814 5812 5814 5815 5816 5817 5818 5816 5818 5819 5820 5821 5822 5820 5822 5823 5824 5825 5826 5824 5826 5827 5828 5829 5830 5828 5830 5831 5832 5833 5834 5832 5834 5835 5836 5837 5838 5836 5838 5839 5840 5841 5842 5840 5842 5843 5844 5845 5846 5844 5846 5847 5848 5849 5850 5848 5850 5851 5852 5853 5854 5852 5854 5855 5856 5857 5858 5856 5858 5859 5860 5861 5862 5860 5862 5863 5864 5865 5866 5864 5866 5867 5868 5869 5870 5868 5870 5871 5872 5873 5874 5872 5874 5875 5876 5877 5878 5876 5878 5879 5880 5881 5882 5880 5882 5883 5884 5885 5886 5884 5886 5887 5888 5889 5890 5888 5890 5891 5892 5893 5894 5892 5894 5895 5896 5897 5898 5896 5898 5899 5900 5901 5902 5900 5902 5903 5904 5905 5906 5904 5906 5907 5908 5909 5910 5908 5910 5911 5912 5913 5914 5912 5914 5915 5916 5917 5918 5916 5918 5919 5920 5921 5922 5920 5922 5923 5924 5925 5926 5924 5926 5927 5928 5929 5930 5928 5930 5931 5932 5933 5934 5932 5934 5935 5936 5937 5938 5936 5938 5939 5940 5941 5942 5940 5942 5943 5944 5945 5946 5944 5946 5947 5948 5949 5950 5948 5950 5951 5952 5953 5954 5952 5954 5955 5956 5957 5958 5956 5958 5959 5960 5961 5962 5960 5962 5963 5964 5965 5966 5964 5966 5967 5968 5969 5970 5968 5970 5971 5972 5973 5974 5972 5974 5975 5976 5977 5978 5976 5978 5979 5980 5981 5982 5980 5982 5983 5984 5985 5986 5984 5986 5987 5988 5989 5990 5988 5990 5991 5992 5993 5994 5992 5994 5995 5996 5997 5998 5996 5998 5999 6000 6001 6002 6000 6002 6003 6004 6005 6006 6004 6006 6007 6008 6009 6010 6008 6010 6011 6012 6013 6014 6012 6014 6015 6016 6017 6018 6016 6018 6019 6020 6021 6022 6020 6022 6023 6024 6025 6026 6024 6026 6027 6028 6029 6030 6028 6030 6031 6032 6033 6034 6032 6034 6035 6036 6037 6038 6036 6038 6039 6040 6041 6042 6040 6042 6043 6044 6045 6046 6044 6046 6047 6048 6049 6050 6048 6050 6051 6052 6053 6054 6052 6054 6055 6056 6057 6058 6056 6058 6059 6060 6061 6062 6060 6062 6063 6064 6065 6066 6064 6066 6067 6068 6069 6070 6068 6070 6071 6072 6073 6074 6072 6074 6075 6076 6077 6078 6076 6078 6079 6080 6081 6082 6080 6082 6083 6084 6085 6086 6084 6086 6087 6088 6089 6090 6088 6090 6091 6092 6093 6094 6092 6094 6095 6096 6097 6098 6096 6098 6099 6100 6101 6102 6100 6102 6103 6104 6105 6106 6104 6106 6107 6108 6109 6110 6108 6110 6111 6112 6113 6114 6112 6114 6115 6116 6117 6118 6116 6118 6119 6120 6121 6122 6120 6122 6123 6124 6125 6126 6124 6126 6127 6128 6129 6130 6128 6130 6131 6132 6133 6134 6132 6134 6135 6136 6137 6138 6136 6138 6139 6140 6141 6142 6140 6142 6143 6144 6145 6146 6144 6146 6147 6148 6149 6150 6148 6150 6151 6152 6153 6154 6152 6154 6155 6156 6157 6158 6156 6158 6159 6160 6161 6162 6160 6162 6163 6164 6165 6166 6164 6166 6167 6168 6169 6170 6168 6170 6171 6172 6173 6174 6172 6174 6175 6176 6177 6178 6176 6178 6179 6180 6181 6182 6180 6182 6183 6184 6185 6186 6184 6186 6187 6188 6189 6190 6188 6190 6191 6192 6193 6194 6192 6194 6195 6196 6197 6198 6196 6198 6199 6200 6201 6202 6200 6202 6203 6204 6205 6206 6204 6206 6207 6208 6209 6210 6208 6210 6211 6212 6213 6214 6212 6214 6215 6216 6217 6218 6216 6218 6219 6220 6221 6222 6220 6222 6223 6224 6225 6226 6224 6226 6227 6228 6229 6230 6228 6230 6231 6232 6233 6234 6232 6234 6235 6236 6237 6238 6236 6238 6239 6240 6241 6242 6240 6242 6243 6244 6245 6246 6244 6246 6247 6248 6249 6250 6248 6250 6251 6252 6253 6254 6252 6254 6255 6256 6257 6258 6256 6258 6259 6260 6261 6262 6260 6262 6263 6264 6265 6266 6264 6266 6267 6268 6269 6270 6268 6270 6271 6272 6273 6274 6272 6274 6275 6276 6277 6278 6276 6278 6279 6280 6281 6282 6280 6282 6283 6284 6285 6286 6284 6286 6287 6288 6289 6290 6288 6290 6291 6292 6293 6294 6292 6294 6295 6296 6297 6298 6296 6298 6299 6300 6301 6302 6300 6302 6303 6304 6305 6306 6304 6306 6307 6308 6309 6310 6308 6310 6311 6312 6313 6314 6312 6314 6315 6316 6317 6318 6316 6318 6319 6320 6321 6322 6320 6322 6323 6324 6325 6326 6324 6326 6327 6328 6329 6330 6328 6330 6331 6332 6333 6334 6332 6334 6335 6336 6337 6338 6336 6338 6339 6340 6341 6342 6340 6342 6343 6344 6345 6346 6344 6346 6347 6348 6349 6350 6348 6350 6351 6352 6353 6354 6352 6354 6355 6356 6357 6358 6356 6358 6359 6360 6361 6362 6360 6362 6363 6364 6365 6366 6364 6366 6367 6368 6369 6370 6368 6370 6371 6372 6373 6374 6372 6374 6375 6376 6377 6378 6376 6378 6379 6380 6381 6382 6380 6382 6383 6384 6385 6386 6384 6386 6387 6388 6389 6390 6388 6390 6391 6392 6393 6394 6392 6394 6395 6396 6397 6398 6396 6398 6399 6400 6401 6402 6400 6402 6403 6404 6405 6406 6404 6406 6407 6408 6409 6410 6408 6410 6411 6412 6413 6414 6412 6414 6415 6416 6417 6418 6416 6418 6419 6420 6421 6422 6420 6422 6423 6424 6425 6426 6424 6426 6427 6428 6429 6430 6428 6430 6431 6432 6433 6434 6432 6434 6435 6436 6437 6438 6436 6438 6439 6440 6441 6442 6440 6442 6443 6444 6445 6446 6444 6446 6447 6448 6449 6450 6448 6450 6451 6452 6453 6454 6452 6454 6455 6456 6457 6458 6456 6458 6459 6460 6461 6462 6460 6462 6463 6464 6465 6466 6464 6466 6467 6468 6469 6470 6468 6470 6471 6472 6473 6474 6472 6474 6475 6476 6477 6478 6476 6478 6479 6480 6481 6482 6480 6482 6483 6484 6485 6486 6484 6486 6487 6488 6489 6490 6488 6490 6491 6492 6493 6494 6492 6494 6495 6496 6497 6498 6496 6498 6499 6500 6501 6502 6500 6502 6503 6504 6505 6506 6504 6506 6507 6508 6509 6510 6508 6510 6511 6512 6513 6514 6512 6514 6515 6516 6517 6518 6516 6518 6519 6520 6521 6522 6520 6522 6523 6524 6525 6526 6524 6526 6527 6528 6529 6530 6528 6530 6531 6532 6533 6534 6532 6534 6535 6536 6537 6538 6536 6538 6539 6540 6541 6542 6540 6542 6543 6544 6545 6546 6544 6546 6547 6548 6549 6550 6548 6550 6551 6552 6553 6554 6552 6554 6555 6556 6557 6558 6556 6558 6559 6560 6561 6562 6560 6562 6563 6564 6565 6566 6564 6566 6567 6568 6569 6570 6568 6570 6571 6572 6573 6574 6572 6574 6575 6576 6577 6578 6576 6578 6579 6580 6581 6582 6580 6582 6583 6584 6585 6586 6584 6586 6587 6588 6589 6590 6588 6590 6591 6592 6593 6594 6592 6594 6595 6596 6597 6598 6596 6598 6599 6600 6601 6602 6600 6602 6603 6604 6605 6606 6604 6606 6607 6608 6609 6610 6608 6610 6611 6612 6613 6614 6612 6614 6615 6616 6617 6618 6616 6618 6619 6620 6621 6622 6620 6622 6623 6624 6625 6626 6624 6626 6627 6628 6629 6630 6628 6630 6631 6632 6633 6634 6632 6634 6635 6636 6637 6638 6636 6638 6639 6640 6641 6642 6640 6642 6643 6644 6645 6646 6644 6646 6647 6648 6649 6650 6648 6650 6651 6652 6653 6654 6652 6654 6655 6656 6657 6658 6656 6658 6659 6660 6661 6662 6660 6662 6663 6664 6665 6666 6664 6666 6667 6668 6669 6670 6668 6670 6671 6672 6673 6674 6672 6674 6675 6676 6677 6678 6676 6678 6679 6680 6681 6682 6680 6682 6683 6684 6685 6686 6684 6686 6687 6688 6689 6690 6688 6690 6691 6692 6693 6694 6692 6694 6695 6696 6697 6698 6696 6698 6699 6700 6701 6702 6700 6702 6703 6704 6705 6706 6704 6706 6707 6708 6709 6710 6708 6710 6711 6712 6713 6714 6712 6714 6715 6716 6717 6718 6716 6718 6719 6720 6721 6722 6720 6722 6723 6724 6725 6726 6724 6726 6727 6728 6729 6730 6728 6730 6731 6732 6733 6734 6732 6734 6735 6736 6737 6738 6736 6738 6739 6740 6741 6742 6740 6742 6743 6744 6745 6746 6744 6746 6747 6748 6749 6750 6748 6750 6751 6752 6753 6754 6752 6754 6755 6756 6757 6758 6756 6758 6759 6760 6761 6762 6760 6762 6763 6764 6765 6766 6764 6766 6767 6768 6769 6770 6768 6770 6771 6772 6773 6774 6772 6774 6775 6776 6777 6778 6776 6778 6779 6780 6781 6782 6780 6782 6783 6784 6785 6786 6784 6786 6787 6788 6789 6790 6788 6790 6791 6792 6793 6794 6792 6794 6795 6796 6797 6798 6796 6798 6799 6800 6801 6802 6800 6802 6803 6804 6805 6806 6804 6806 6807 6808 6809 6810 6808 6810 6811 6812 6813 6814 6812 6814 6815 6816 6817 6818 6816 6818 6819 6820 6821 6822 6820 6822 6823 6824 6825 6826 6824 6826 6827 6828 6829 6830 6828 6830 6831 6832 6833 6834 6832 6834 6835 6836 6837 6838 6836 6838 6839 6840 6841 6842 6840 6842 6843 6844 6845 6846 6844 6846 6847 6848 6849 6850 6848 6850 6851 6852 6853 6854 6852 6854 6855 6856 6857 6858 6856 6858 6859 6860 6861 6862 6860 6862 6863 6864 6865 6866 6864 6866 6867 6868 6869 6870 6868 6870 6871 6872 6873 6874 6872 6874 6875 6876 6877 6878 6876 6878 6879 6880 6881 6882 6880 6882 6883 6884 6885 6886 6884 6886 6887 6888 6889 6890 6888 6890 6891 6892 6893 6894 6892 6894 6895 6896 6897 6898 6896 6898 6899 6900 6901 6902 6900 6902 6903 6904 6905 6906 6904 6906 6907 6908 6909 6910 6908 6910 6911 6912 6913 6914 6912 6914 6915 6916 6917 6918 6916 6918 6919 6920 6921 6922 6920 6922 6923 6924 6925 6926 6924 6926 6927 6928 6929 6930 6928 6930 6931 6932 6933 6934 6932 6934 6935 6936 6937 6938 6936 6938 6939 6940 6941 6942 6940 6942 6943 6944 6945 6946 6944 6946 6947 6948 6949 6950 6948 6950 6951 6952 6953 6954 6952 6954 6955 6956 6957 6958 6956 6958 6959 6960 6961 6962 6960 6962 6963 6964 6965 6966 6964 6966 6967 6968 6969 6970 6968 6970 6971 6972 6973 6974 6972 6974 6975 6976 6977 6978 6976 6978 6979 6980 6981 6982 6980 6982 6983 6984 6985 6986 6984 6986 6987 6988 6989 6990 6988 6990 6991 6992 6993 6994 6992 6994 6995 6996 6997 6998 6996 6998 6999 7000 7001 7002 7000 7002 7003 7004 7005 7006 7004 7006 7007 7008 7009 7010 7008 7010 7011 7012 7013 7014 7012 7014 7015 7016 7017 7018 7016 7018 7019 7020 7021 7022 7020 7022 7023 7024 7025 7026 7024 7026 7027 7028 7029 7030 7028 7030 7031 7032 7033 7034 7032 7034 7035 7036 7037 7038 7036 7038 7039 7040 7041 7042 7040 7042 7043 7044 7045 7046 7044 7046 7047 7048 7049 7050 7048 7050 7051 7052 7053 7054 7052 7054 7055 7056 7057 7058 7056 7058 7059 7060 7061 7062 7060 7062 7063 7064 7065 7066 7064 7066 7067 7068 7069 7070 7068 7070 7071 7072 7073 7074 7072 7074 7075 7076 7077 7078 7076 7078 7079 7080 7081 7082 7080 7082 7083 7084 7085 7086 7084 7086 7087 7088 7089 7090 7088 7090 7091 7092 7093 7094 7092 7094 7095 7096 7097 7098 7096 7098 7099 7100 7101 7102 7100 7102 7103 7104 7105 7106 7104 7106 7107 7108 7109 7110 7108 7110 7111 7112 7113 7114 7112 7114 7115 7116 7117 7118 7116 7118 7119 7120 7121 7122 7120 7122 7123 7124 7125 7126 7124 7126 7127 7128 7129 7130 7128 7130 7131 7132 7133 7134 7132 7134 7135 7136 7137 7138 7136 7138 7139 7140 7141 7142 7140 7142 7143 7144 7145 7146 7144 7146 7147 7148 7149 7150 7148 7150 7151 7152 7153 7154 7152 7154 7155 7156 7157 7158 7156 7158 7159 7160 7161 7162 7160 7162 7163 7164 7165 7166 7164 7166 7167 7168 7169 7170 7168 7170 7171 7172 7173 7174 7172 7174 7175 7176 7177 7178 7176 7178 7179 7180 7181 7182 7180 7182 7183 7184 7185 7186 7184 7186 7187 7188 7189 7190 7188 7190 7191 7192 7193 7194 7192 7194 7195 7196 7197 7198 7196 7198 7199 7200 7201 7202 7200 7202 7203 7204 7205 7206 7204 7206 7207 7208 7209 7210 7208 7210 7211 7212 7213 7214 7212 7214 7215 7216 7217 7218 7216 7218 7219 7220 7221 7222 7220 7222 7223 7224 7225 7226 7224 7226 7227 7228 7229 7230 7228 7230 7231 7232 7233 7234 7232 7234 7235 7236 7237 7238 7236 7238 7239 7240 7241 7242 7240 7242 7243 7244 7245 7246 7244 7246 7247 7248 7249 7250 7248 7250 7251 7252 7253 7254 7252 7254 7255 7256 7257 7258 7256 7258 7259 7260 7261 7262 7260 7262 7263 7264 7265 7266 7264 7266 7267 7268 7269 7270 7268 7270 7271 7272 7273 7274 7272 7274 7275 7276 7277 7278 7276 7278 7279 7280 7281 7282 7280 7282 7283 7284 7285 7286 7284 7286 7287 7288 7289 7290 7288 7290 7291 7292 7293 7294 7292 7294 7295 7296 7297 7298 7296 7298 7299 7300 7301 7302 7300 7302 7303 7304 7305 7306 7304 7306 7307 7308 7309 7310 7308 7310 7311 7312 7313 7314 7312 7314 7315 7316 7317 7318 7316 7318 7319 7320 7321 7322 7320 7322 7323 7324 7325 7326 7324 7326 7327 7328 7329 7330 7328 7330 7331 7332 7333 7334 7332 7334 7335 7336 7337 7338 7336 7338 7339 7340 7341 7342 7340 7342 7343 7344 7345 7346 7344 7346 7347 7348 7349 7350 7348 7350 7351 7352 7353 7354 7352 7354 7355 7356 7357 7358 7356 7358 7359 7360 7361 7362 7360 7362 7363 7364 7365 7366 7364 7366 7367 7368 7369 7370 7368 7370 7371 7372 7373 7374 7372 7374 7375 7376 7377 7378 7376 7378 7379 7380 7381 7382 7380 7382 7383 7384 7385 7386 7384 7386 7387 7388 7389 7390 7388 7390 7391 7392 7393 7394 7392 7394 7395 7396 7397 7398 7396 7398 7399 7400 7401 7402 7400 7402 7403 7404 7405 7406 7404 7406 7407 7408 7409 7410 7408 7410 7411 7412 7413 7414 7412 7414 7415 7416 7417 7418 7416 7418 7419 7420 7421 7422 7420 7422 7423 7424 7425 7426 7424 7426 7427 7428 7429 7430 7428 7430 7431 7432 7433 7434 7432 7434 7435 7436 7437 7438 7436 7438 7439 7440 7441 7442 7440 7442 7443 7444 7445 7446 7444 7446 7447 7448 7449 7450 7448 7450 7451 7452 7453 7454 7452 7454 7455 7456 7457 7458 7456 7458 7459 7460 7461 7462 7460 7462 7463 7464 7465 7466 7464 7466 7467 7468 7469 7470 7468 7470 7471 7472 7473 7474 7472 7474 7475 7476 7477 7478 7476 7478 7479 7480 7481 7482 7480 7482 7483 7484 7485 7486 7484 7486 7487 7488 7489 7490 7488 7490 7491 7492 7493 7494 7492 7494 7495 7496 7497 7498 7496 7498 7499 7500 7501 7502 7500 7502 7503 7504 7505 7506 7504 7506 7507 7508 7509 7510 7508 7510 7511 7512 7513 7514 7512 7514 7515 7516 7517 7518 7516 7518 7519 7520 7521 7522 7520 7522 7523 7524 7525 7526 7524 7526 7527 7528 7529 7530 7528 7530 7531 7532 7533 7534 7532 7534 7535 7536 7537 7538 7536 7538 7539 7540 7541 7542 7540 7542 7543 7544 7545 7546 7544 7546 7547 7548 7549 7550 7548 7550 7551 7552 7553 7554 7552 7554 7555 7556 7557 7558 7556 7558 7559 7560 7561 7562 7560 7562 7563 7564 7565 7566 7564 7566 7567 7568 7569 7570 7568 7570 7571 7572 7573 7574 7572 7574 7575 7576 7577 7578 7576 7578 7579 7580 7581 7582 7580 7582 7583 7584 7585 7586 7584 7586 7587 7588 7589 7590 7588 7590 7591 7592 7593 7594 7592 7594 7595 7596 7597 7598 7596 7598 7599 7600 7601 7602 7600 7602 7603 7604 7605 7606 7604 7606 7607 7608 7609 7610 7608 7610 7611 7612 7613 7614 7612 7614 7615 7616 7617 7618 7616 7618 7619 7620 7621 7622 7620 7622 7623 7624 7625 7626 7624 7626 7627 7628 7629 7630 7628 7630 7631 7632 7633 7634 7632 7634 7635 7636 7637 7638 7636 7638 7639 7640 7641 7642 7640 7642 7643 7644 7645 7646 7644 7646 7647 7648 7649 7650 7648 7650 7651 7652 7653 7654 7652 7654 7655 7656 7657 7658 7656 7658 7659 7660 7661 7662 7660 7662 7663 7664 7665 7666 7664 7666 7667 7668 7669 7670 7668 7670 7671 7672 7673 7674 7672 7674 7675 7676 7677 7678 7676 7678 7679 7680 7681 7682 7680 7682 7683 7684 7685 7686 7684 7686 7687 7688 7689 7690 7688 7690 7691 7692 7693 7694 7692 7694 7695 7696 7697 7698 7696 7698 7699 7700 7701 7702 7700 7702 7703 7704 7705 7706 7704 7706 7707 7708 7709 7710 7708 7710 7711 7712 7713 7714 7712 7714 7715 7716 7717 7718 7716 7718 7719 7720 7721 7722 7720 7722 7723 7724 7725 7726 7724 7726 7727 7728 7729 7730 7728 7730 7731 7732 7733 7734 7732 7734 7735 7736 7737 7738 7736 7738 7739 7740 7741 7742 7740 7742 7743 7744 7745 7746 7744 7746 7747 7748 7749 7750 7748 7750 7751 7752 7753 7754 7752 7754 7755 7756 7757 7758 7756 7758 7759 7760 7761 7762 7760 7762 7763 7764 7765 7766 7764 7766 7767 7768 7769 7770 7768 7770 7771 7772 7773 7774 7772 7774 7775 7776 7777 7778 7776 7778 7779 7780 7781 7782 7780 7782 7783 7784 7785 7786 7784 7786 7787 7788 7789 7790 7788 7790 7791 7792 7793 7794 7792 7794 7795 7796 7797 7798 7796 7798 7799 7800 7801 7802 7800 7802 7803 7804 7805 7806 7804 7806 7807 7808 7809 7810 7808 7810 7811 7812 7813 7814 7812 7814 7815 7816 7817 7818 7816 7818 7819 7820 7821 7822 7820 7822 7823 7824 7825 7826 7824 7826 7827 7828 7829 7830 7828 7830 7831 7832 7833 7834 7832 7834 7835 7836 7837 7838 7836 7838 7839 7840 7841 7842 7840 7842 7843 7844 7845 7846 7844 7846 7847 7848 7849 7850 7848 7850 7851 7852 7853 7854 7852 7854 7855 7856 7857 7858 7856 7858 7859 7860 7861 7862 7860 7862 7863 7864 7865 7866 7864 7866 7867 7868 7869 7870 7868 7870 7871 7872 7873 7874 7872 7874 7875 7876 7877 7878 7876 7878 7879 7880 7881 7882 7880 7882 7883 7884 7885 7886 7884 7886 7887 7888 7889 7890 7888 7890 7891 7892 7893 7894 7892 7894 7895 7896 7897 7898 7896 7898 7899 7900 7901 7902 7900 7902 7903 7904 7905 7906 7904 7906 7907 7908 7909 7910 7908 7910 7911 7912 7913 7914 7912 7914 7915 7916 7917 7918 7916 7918 7919 7920 7921 7922 7920 7922 7923 7924 7925 7926 7924 7926 7927 7928 7929 7930 7928 7930 7931 7932 7933 7934 7932 7934 7935 7936 7937 7938 7936 7938 7939 7940 7941 7942 7940 7942 7943 7944 7945 7946 7944 7946 7947 7948 7949 7950 7948 7950 7951 7952 7953 7954 7952 7954 7955 7956 7957 7958 7956 7958 7959 7960 7961 7962 7960 7962 7963 7964 7965 7966 7964 7966 7967 7968 7969 7970 7968 7970 7971 7972 7973 7974 7972 7974 7975 7976 7977 7978 7976 7978 7979 7980 7981 7982 7980 7982 7983 7984 7985 7986 7984 7986 7987 7988 7989 7990 7988 7990 7991 7992 7993 7994 7992 7994 7995 7996 7997 7998 7996 7998 7999 8000 8001 8002 8000 8002 8003 8004 8005 8006 8004 8006 8007 8008 8009 8010 8008 8010 8011 8012 8013 8014 8012 8014 8015 8016 8017 8018 8016 8018 8019 8020 8021 8022 8020 8022 8023 8024 8025 8026 8024 8026 8027 8028 8029 8030 8028 8030 8031 8032 8033 8034 8032 8034 8035 8036 8037 8038 8036 8038 8039 8040 8041 8042 8040 8042 8043 8044 8045 8046 8044 8046 8047 8048 8049 8050 8048 8050 8051 8052 8053 8054 8052 8054 8055 8056 8057 8058 8056 8058 8059 8060 8061 8062 8060 8062 8063 8064 8065 8066 8064 8066 8067 8068 8069 8070 8068 8070 8071 8072 8073 8074 8072 8074 8075 8076 8077 8078 8076 8078 8079 8080 8081 8082 8080 8082 8083 8084 8085 8086 8084 8086 8087 8088 8089 8090 8088 8090 8091 8092 8093 8094 8092 8094 8095 8096 8097 8098 8096 8098 8099 8100 8101 8102 8100 8102 8103 8104 8105 8106 8104 8106 8107 8108 8109 8110 8108 8110 8111 8112 8113 8114 8112 8114 8115 8116 8117 8118 8116 8118 8119 8120 8121 8122 8120 8122 8123 8124 8125 8126 8124 8126 8127 8128 8129 8130 8128 8130 8131 8132 8133 8134 8132 8134 8135 8136 8137 8138 8136 8138 8139 8140 8141 8142 8140 8142 8143 8144 8145 8146 8144 8146 8147 8148 8149 8150 8148 8150 8151 8152 8153 8154 8152 8154 8155 8156 8157 8158 8156 8158 8159 8160 8161 8162 8160 8162 8163 8164 8165 8166 8164 8166 8167 8168 8169 8170 8168 8170 8171 8172 8173 8174 8172 8174 8175 8176 8177 8178 8176 8178 8179 8180 8181 8182 8180 8182 8183 8184 8185 8186 8184 8186 8187 8188 8189 8190 8188 8190 8191 8192 8193 8194 8192 8194 8195 8196 8197 8198 8196 8198 8199 8200 8201 8202 8200 8202 8203 8204 8205 8206 8204 8206 8207 8208 8209 8210 8208 8210 8211 8212 8213 8214 8212 8214 8215 8216 8217 8218 8216 8218 8219 8220 8221 8222 8220 8222 8223 8224 8225 8226 8224 8226 8227 8228 8229 8230 8228 8230 8231 8232 8233 8234 8232 8234 8235 8236 8237 8238 8236 8238 8239 8240 8241 8242 8240 8242 8243 8244 8245 8246 8244 8246 8247 8248 8249 8250 8248 8250 8251 8252 8253 8254 8252 8254 8255 8256 8257 8258 8256 8258 8259 8260 8261 8262 8260 8262 8263 8264 8265 8266 8264 8266 8267 8268 8269 8270 8268 8270 8271 8272 8273 8274 8272 8274 8275 8276 8277 8278 8276 8278 8279 8280 8281 8282 8280 8282 8283 8284 8285 8286 8284 8286 8287 8288 8289 8290 8288 8290 8291 8292 8293 8294 8292 8294 8295 8296 8297 8298 8296 8298 8299 8300 8301 8302 8300 8302 8303 8304 8305 8306 8304 8306 8307 8308 8309 8310 8308 8310 8311 8312 8313 8314 8312 8314 8315 8316 8317 8318 8316 8318 8319 8320 8321 8322 8320 8322 8323 8324 8325 8326 8324 8326 8327 8328 8329 8330 8328 8330 8331 8332 8333 8334 8332 8334 8335 8336 8337 8338 8336 8338 8339 8340 8341 8342 8340 8342 8343 8344 8345 8346 8344 8346 8347 8348 8349 8350 8348 8350 8351 8352 8353 8354 8352 8354 8355 8356 8357 8358 8356 8358 8359 8360 8361 8362 8360 8362 8363 8364 8365 8366 8364 8366 8367 8368 8369 8370 8368 8370 8371 8372 8373 8374 8372 8374 8375 8376 8377 8378 8376 8378 8379 8380 8381 8382 8380 8382 8383 8384 8385 8386 8384 8386 8387 8388 8389 8390 8388 8390 8391 8392 8393 8394 8392 8394 8395 8396 8397 8398 8396 8398 8399 8400 8401 8402 8400 8402 8403 8404 8405 8406 8404 8406 8407 8408 8409 8410 8408 8410 8411 8412 8413 8414 8412 8414 8415 8416 8417 8418 8416 8418 8419 8420 8421 8422 8420 8422 8423 8424 8425 8426 8424 8426 8427 8428 8429 8430 8428 8430 8431 8432 8433 8434 8432 8434 8435 8436 8437 8438 8436 8438 8439 8440 8441 8442 8440 8442 8443 8444 8445 8446 8444 8446 8447 8448 8449 8450 8448 8450 8451 8452 8453 8454 8452 8454 8455 8456 8457 8458 8456 8458 8459 8460 8461 8462 8460 8462 8463 8464 8465 8466 8464 8466 8467 8468 8469 8470 8468 8470 8471 8472 8473 8474 8472 8474 8475 8476 8477 8478 8476 8478 8479 8480 8481 8482 8480 8482 8483 8484 8485 8486 8484 8486 8487 8488 8489 8490 8488 8490 8491 8492 8493 8494 8492 8494 8495 8496 8497 8498 8496 8498 8499 8500 8501 8502 8500 8502 8503 8504 8505 8506 8504 8506 8507 8508 8509 8510 8508 8510 8511 8512 8513 8514 8512 8514 8515 8516 8517 8518 8516 8518 8519 8520 8521 8522 8520 8522 8523 8524 8525 8526 8524 8526 8527 8528 8529 8530 8528 8530 8531 8532 8533 8534 8532 8534 8535 8536 8537 8538 8536 8538 8539 8540 8541 8542 8540 8542 8543 8544 8545 8546 8544 8546 8547 8548 8549 8550 8548 8550 8551 8552 8553 8554 8552 8554 8555 8556 8557 8558 8556 8558 8559 8560 8561 8562 8560 8562 8563 8564 8565 8566 8564 8566 8567 8568 8569 8570 8568 8570 8571 8572 8573 8574 8572 8574 8575 8576 8577 8578 8576 8578 8579 8580 8581 8582 8580 8582 8583 8584 8585 8586 8584 8586 8587 8588 8589 8590 8588 8590 8591 8592 8593 8594 8592 8594 8595 8596 8597 8598 8596 8598 8599 8600 8601 8602 8600 8602 8603 8604 8605 8606 8604 8606 8607 8608 8609 8610 8608 8610 8611 8612 8613 8614 8612 8614 8615 8616 8617 8618 8616 8618 8619 8620 8621 8622 8620 8622 8623 8624 8625 8626 8624 8626 8627 8628 8629 8630 8628 8630 8631 8632 8633 8634 8632 8634 8635 8636 8637 8638 8636 8638 8639 8640 8641 8642 8640 8642 8643 8644 8645 8646 8644 8646 8647 8648 8649 8650 8648 8650 8651 8652 8653 8654 8652 8654 8655 8656 8657 8658 8656 8658 8659 8660 8661 8662 8660 8662 8663 8664 8665 8666 8664 8666 8667 8668 8669 8670 8668 8670 8671 8672 8673 8674 8672 8674 8675 8676 8677 8678 8676 8678 8679 8680 8681 8682 8680 8682 8683 8684 8685 8686 8684 8686 8687 8688 8689 8690 8688 8690 8691 8692 8693 8694 8692 8694 8695 8696 8697 8698 8696 8698 8699 8700 8701 8702 8700 8702 8703 8704 8705 8706 8704 8706 8707 8708 8709 8710 8708 8710 8711 8712 8713 8714 8712 8714 8715 8716 8717 8718 8716 8718 8719 8720 8721 8722 8720 8722 8723 8724 8725 8726 8724 8726 8727 8728 8729 8730 8728 8730 8731 8732 8733 8734 8732 8734 8735 8736 8737 8738 8736 8738 8739 8740 8741 8742 8740 8742 8743 8744 8745 8746 8744 8746 8747 8748 8749 8750 8748 8750 8751 8752 8753 8754 8752 8754 8755 8756 8757 8758 8756 8758 8759 8760 8761 8762 8760 8762 8763 8764 8765 8766 8764 8766 8767 8768 8769 8770 8768 8770 8771 8772 8773 8774 8772 8774 8775 8776 8777 8778 8776 8778 8779 8780 8781 8782 8780 8782 8783 8784 8785 8786 8784 8786 8787 8788 8789 8790 8788 8790 8791 8792 8793 8794 8792 8794 8795 8796 8797 8798 8796 8798 8799 8800 8801 8802 8800 8802 8803 8804 8805 8806 8804 8806 8807 8808 8809 8810 8808 8810 8811 8812 8813 8814 8812 8814 8815 8816 8817 8818 8816 8818 8819 8820 8821 8822 8820 8822 8823 8824 8825 8826 8824 8826 8827 8828 8829 8830 8828 8830 8831 8832 8833 8834 8832 8834 8835 8836 8837 8838 8836 8838 8839 8840 8841 8842 8840 8842 8843 8844 8845 8846 8844 8846 8847 8848 8849 8850 8848 8850 8851 8852 8853 8854 8852 8854 8855 8856 8857 8858 8856 8858 8859 8860 8861 8862 8860 8862 8863 8864 8865 8866 8864 8866 8867 8868 8869 8870 8868 8870 8871 8872 8873 8874 8872 8874 8875 8876 8877 8878 8876 8878 8879 8880 8881 8882 8880 8882 8883 8884 8885 8886 8884 8886 8887 8888 8889 8890 8888 8890 8891 8892 8893 8894 8892 8894 8895 8896 8897 8898 8896 8898 8899 8900 8901 8902 8900 8902 8903 8904 8905 8906 8904 8906 8907 8908 8909 8910 8908 8910 8911 8912 8913 8914 8912 8914 8915 8916 8917 8918 8916 8918 8919 8920 8921 8922 8920 8922 8923 8924 8925 8926 8924 8926 8927 8928 8929 8930 8928 8930 8931 8932 8933 8934 8932 8934 8935 8936 8937 8938 8936 8938 8939 8940 8941 8942 8940 8942 8943 8944 8945 8946 8944 8946 8947 8948 8949 8950 8948 8950 8951 8952 8953 8954 8952 8954 8955 8956 8957 8958 8956 8958 8959 8960 8961 8962 8960 8962 8963 8964 8965 8966 8964 8966 8967 8968 8969 8970 8968 8970 8971 8972 8973 8974 8972 8974 8975 8976 8977 8978 8976 8978 8979 8980 8981 8982 8980 8982 8983 8984 8985 8986 8984 8986 8987 8988 8989 8990 8988 8990 8991 8992 8993 8994 8992 8994 8995 8996 8997 8998 8996 8998 8999 9000 9001 9002 9000 9002 9003 9004 9005 9006 9004 9006 9007 9008 9009 9010 9008 9010 9011 9012 9013 9014 9012 9014 9015 9016 9017 9018 9016 9018 9019 9020 9021 9022 9020 9022 9023 9024 9025 9026 9024 9026 9027 9028 9029 9030 9028 9030 9031 9032 9033 9034 9032 9034 9035 9036 9037 9038 9036 9038 9039 9040 9041 9042 9040 9042 9043 9044 9045 9046 9044 9046 9047 9048 9049 9050 9048 9050 9051 9052 9053 9054 9052 9054 9055 9056 9057 9058 9056 9058 9059 9060 9061 9062 9060 9062 9063 9064 9065 9066 9064 9066 9067 9068 9069 9070 9068 9070 9071 9072 9073 9074 9072 9074 9075 9076 9077 9078 9076 9078 9079 9080 9081 9082 9080 9082 9083 9084 9085 9086 9084 9086 9087 9088 9089 9090 9088 9090 9091 9092 9093 9094 9092 9094 9095 9096 9097 9098 9096 9098 9099 9100 9101 9102 9100 9102 9103 9104 9105 9106 9104 9106 9107 9108 9109 9110 9108 9110 9111 9112 9113 9114 9112 9114 9115 9116 9117 9118 9116 9118 9119 9120 9121 9122 9120 9122 9123 9124 9125 9126 9124 9126 9127 9128 9129 9130 9128 9130 9131 9132 9133 9134 9132 9134 9135 9136 9137 9138 9136 9138 9139 9140 9141 9142 9140 9142 9143 9144 9145 9146 9144 9146 9147 9148 9149 9150 9148 9150 9151 9152 9153 9154 9152 9154 9155 9156 9157 9158 9156 9158 9159 9160 9161 9162 9160 9162 9163 9164 9165 9166 9164 9166 9167 9168 9169 9170 9168 9170 9171 9172 9173 9174 9172 9174 9175 9176 9177 9178 9176 9178 9179 9180 9181 9182 9180 9182 9183 9184 9185 9186 9184 9186 9187 9188 9189 9190 9188 9190 9191 9192 9193 9194 9192 9194 9195 9196 9197 9198 9196 9198 9199 9200 9201 9202 9200 9202 9203 9204 9205 9206 9204 9206 9207 9208 9209 9210 9208 9210 9211 9212 9213 9214 9212 9214 9215 9216 9217 9218 9216 9218 9219 9220 9221 9222 9220 9222 9223 9224 9225 9226 9224 9226 9227 9228 9229 9230 9228 9230 9231 9232 9233 9234 9232 9234 9235 9236 9237 9238 9236 9238 9239 9240 9241 9242 9240 9242 9243 9244 9245 9246 9244 9246 9247 9248 9249 9250 9248 9250 9251 9252 9253 9254 9252 9254 9255 9256 9257 9258 9256 9258 9259 9260 9261 9262 9260 9262 9263 9264 9265 9266 9264 9266 9267 9268 9269 9270 9268 9270 9271 9272 9273 9274 9272 9274 9275 9276 9277 9278 9276 9278 9279 9280 9281 9282 9280 9282 9283 9284 9285 9286 9284 9286 9287 9288 9289 9290 9288 9290 9291 9292 9293 9294 9292 9294 9295 9296 9297 9298 9296 9298 9299 9300 9301 9302 9300 9302 9303 9304 9305 9306 9304 9306 9307 9308 9309 9310 9308 9310 9311 9312 9313 9314 9312 9314 9315 9316 9317 9318 9316 9318 9319 9320 9321 9322 9320 9322 9323 9324 9325 9326 9324 9326 9327 9328 9329 9330 9328 9330 9331 9332 9333 9334 9332 9334 9335 9336 9337 9338 9336 9338 9339 9340 9341 9342 9340 9342 9343 9344 9345 9346 9344 9346 9347 9348 9349 9350 9348 9350 9351 9352 9353 9354 9352 9354 9355 9356 9357 9358 9356 9358 9359 9360 9361 9362 9360 9362 9363 9364 9365 9366 9364 9366 9367 9368 9369 9370 9368 9370 9371 9372 9373 9374 9372 9374 9375 9376 9377 9378 9376 9378 9379 9380 9381 9382 9380 9382 9383 9384 9385 9386 9384 9386 9387 9388 9389 9390 9388 9390 9391 9392 9393 9394 9392 9394 9395 9396 9397 9398 9396 9398 9399 9400 9401 9402 9400 9402 9403 9404 9405 9406 9404 9406 9407 9408 9409 9410 9408 9410 9411 9412 9413 9414 9412 9414 9415 9416 9417 9418 9416 9418 9419 9420 9421 9422 9420 9422 9423 9424 9425 9426 9424 9426 9427 9428 9429 9430 9428 9430 9431 9432 9433 9434 9432 9434 9435 9436 9437 9438 9436 9438 9439 9440 9441 9442 9440 9442 9443 9444 9445 9446 9444 9446 9447 9448 9449 9450 9448 9450 9451 9452 9453 9454 9452 9454 9455 9456 9457 9458 9456 9458 9459 9460 9461 9462 9460 9462 9463 9464 9465 9466 9464 9466 9467 9468 9469 9470 9468 9470 9471 9472 9473 9474 9472 9474 9475 9476 9477 9478 9476 9478 9479 9480 9481 9482 9480 9482 9483 9484 9485 9486 9484 9486 9487 9488 9489 9490 9488 9490 9491 9492 9493 9494 9492 9494 9495 9496 9497 9498 9496 9498 9499 9500 9501 9502 9500 9502 9503 9504 9505 9506 9504 9506 9507 9508 9509 9510 9508 9510 9511 9512 9513 9514 9512 9514 9515 9516 9517 9518 9516 9518 9519 9520 9521 9522 9520 9522 9523 9524 9525 9526 9524 9526 9527 9528 9529 9530 9528 9530 9531 9532 9533 9534 9532 9534 9535 9536 9537 9538 9536 9538 9539 9540 9541 9542 9540 9542 9543 9544 9545 9546 9544 9546 9547 9548 9549 9550 9548 9550 9551 9552 9553 9554 9552 9554 9555 9556 9557 9558 9556 9558 9559 9560 9561 9562 9560 9562 9563 9564 9565 9566 9564 9566 9567 9568 9569 9570 9568 9570 9571 9572 9573 9574 9572 9574 9575 9576 9577 9578 9576 9578 9579 9580 9581 9582 9580 9582 9583 9584 9585 9586 9584 9586 9587 9588 9589 9590 9588 9590 9591 9592 9593 9594 9592 9594 9595 9596 9597 9598 9596 9598 9599 9600 9601 9602 9600 9602 9603 9604 9605 9606 9604 9606 9607 9608 9609 9610 9608 9610 9611 9612 9613 9614 9612 9614 9615 9616 9617 9618 9616 9618 9619 9620 9621 9622 9620 9622 9623 9624 9625 9626 9624 9626 9627 9628 9629 9630 9628 9630 9631 9632 9633 9634 9632 9634 9635 9636 9637 9638 9636 9638 9639 9640 9641 9642 9640 9642 9643 9644 9645 9646 9644 9646 9647 9648 9649 9650 9648 9650 9651 9652 9653 9654 9652 9654 9655 9656 9657 9658 9656 9658 9659 9660 9661 9662 9660 9662 9663 9664 9665 9666 9664 9666 9667 9668 9669 9670 9668 9670 9671 9672 9673 9674 9672 9674 9675 9676 9677 9678 9676 9678 9679 9680 9681 9682 9680 9682 9683 9684 9685 9686 9684 9686 9687 9688 9689 9690 9688 9690 9691 9692 9693 9694 9692 9694 9695 9696 9697 9698 9696 9698 9699 9700 9701 9702 9700 9702 9703 9704 9705 9706 9704 9706 9707 9708 9709 9710 9708 9710 9711 9712 9713 9714 9712 9714 9715 9716 9717 9718 9716 9718 9719 9720 9721 9722 9720 9722 9723 9724 9725 9726 9724 9726 9727 9728 9729 9730 9728 9730 9731 9732 9733 9734 9732 9734 9735 9736 9737 9738 9736 9738 9739 9740 9741 9742 9740 9742 9743 9744 9745 9746 9744 9746 9747 9748 9749 9750 9748 9750 9751 9752 9753 9754 9752 9754 9755 9756 9757 9758 9756 9758 9759 9760 9761 9762 9760 9762 9763 9764 9765 9766 9764 9766 9767 9768 9769 9770 9768 9770 9771 9772 9773 9774 9772 9774 9775 9776 9777 9778 9776 9778 9779 9780 9781 9782 9780 9782 9783 9784 9785 9786 9784 9786 9787 9788 9789 9790 9788 9790 9791 9792 9793 9794 9792 9794 9795 9796 9797 9798 9796 9798 9799 9800 9801 9802 9800 9802 9803 9804 9805 9806 9804 9806 9807 9808 9809 9810 9808 9810 9811 9812 9813 9814 9812 9814 9815 9816 9817 9818 9816 9818 9819 9820 9821 9822 9820 9822 9823 9824 9825 9826 9824 9826 9827 9828 9829 9830 9828 9830 9831 9832 9833 9834 9832 9834 9835 9836 9837 9838 9836 9838 9839 9840 9841 9842 9840 9842 9843 9844 9845 9846 9844 9846 9847 9848 9849 9850 9848 9850 9851 9852 9853 9854 9852 9854 9855 </p>
    </triangles>
   </mesh>
  </geometry>
 </library_geometries>
 <library_visual_scenes>
  <visual_scene id="scene15">
   <node id="fog" name="fog">
    <matrix sid="SID_1">1 0 0 0 0 1 0 8 0 0 1 0 0 0 0 1 </matrix>
    <instance_geometry url="#geometry7"/>
   </node>
  </visual_scene>
 </library_visual_scenes>
 <scene>
  <instance_visual_scene url="#scene15"/>
 </scene>
</COLLADA>
