<?xml version="1.0" encoding="UTF-8"?>
<COLLADA xmlns="http://www.collada.org/2005/11/COLLADASchema" version="1.4.1">
 <asset>
  <contributor>
   <authoring_tool>SceneKit Collada Exporter v1.0</authoring_tool>
  </contributor>
  <created>2026-04-02T01:34:05Z</created>
  <modified>2026-04-02T01:34:05Z</modified>
  <unit meter="1.000000"/>
  <up_axis>Y_UP</up_axis>
 </asset>
 <library_animations>
  <animation id="cloud-clean_move_003_transform" name="cloud-clean_move_003_transform">
   <animation id="keyframedAnimations1">
    <source id="genericSource2">
     <float_array id="cloud-clean_move_003_transform3-array" count="481">0 0.0333333 0.0666667 0.1 0.133333 0.166667 0.2 0.233333 0.266667 0.3 0.333333 0.366667 0.4 0.433333 0.466667 0.5 0.533333 0.566667 0.6 0.633333 0.666667 0.7 0.733333 0.766667 0.8 0.833333 0.866667 0.9 0.933333 0.966667 1 1.03333 1.06667 1.1 1.13333 1.16667 1.2 1.23333 1.26667 1.3 1.33333 1.36667 1.4 1.43333 1.46667 1.5 1.53333 1.56667 1.6 1.63333 1.66667 1.7 1.73333 1.76667 1.8 1.83333 1.86667 1.9 1.93333 1.96667 2 2.03333 2.06667 2.1 2.13333 2.16667 2.2 2.23333 2.26667 2.3 2.33333 2.36667 2.4 2.43333 2.46667 2.5 2.53333 2.56667 2.6 2.63333 2.66667 2.7 2.73333 2.76667 2.8 2.83333 2.86667 2.9 2.93333 2.96667 3 3.03333 3.06667 3.1 3.13333 3.16667 3.2 3.23333 3.26667 3.3 3.33333 3.36667 3.4 3.43333 3.46667 3.5 3.53333 3.56667 3.6 3.63333 3.66667 3.7 3.73333 3.76667 3.8 3.83333 3.86667 3.9 3.93333 3.96667 4 4.03333 4.06667 4.1 4.13333 4.16667 4.2 4.23333 4.26667 4.3 4.33333 4.36667 4.4 4.43333 4.46667 4.5 4.53333 4.56667 4.6 4.63333 4.66667 4.7 4.73333 4.76667 4.8 4.83333 4.86667 4.9 4.93333 4.96667 5 5.03333 5.06667 5.1 5.13333 5.16667 5.2 5.23333 5.26667 5.3 5.33333 5.36667 5.4 5.43333 5.46667 5.5 5.53333 5.56667 5.6 5.63333 5.66667 5.7 5.73333 5.76667 5.8 5.83333 5.86667 5.9 5.93333 5.96667 6 6.03333 6.06667 6.1 6.13333 6.16667 6.2 6.23333 6.26667 6.3 6.33333 6.36667 6.4 6.43333 6.46667 6.5 6.53333 6.56667 6.6 6.63333 6.66667 6.7 6.73333 6.76667 6.8 6.83333 6.86667 6.9 6.93333 6.96667 7 7.03333 7.06667 7.1 7.13333 7.16667 7.2 7.23333 7.26667 7.3 7.33333 7.36667 7.4 7.43333 7.46667 7.5 7.53333 7.56667 7.6 7.63333 7.66667 7.7 7.73333 7.76667 7.8 7.83333 7.86667 7.9 7.93333 7.96667 8 8.03333 8.06667 8.1 8.13333 8.16667 8.2 8.23333 8.26667 8.3 8.33333 8.36667 8.4 8.43333 8.46667 8.5 8.53333 8.56667 8.6 8.63333 8.66667 8.7 8.73333 8.76667 8.8 8.83333 8.86667 8.9 8.93333 8.96667 9 9.03333 9.06667 9.1 9.13333 9.16667 9.2 9.23333 9.26667 9.3 9.33333 9.36667 9.4 9.43333 9.46667 9.5 9.53333 9.56667 9.6 9.63333 9.66667 9.7 9.73333 9.76667 9.8 9.83333 9.86667 9.9 9.93333 9.96667 10 10.0333 10.0667 10.1 10.1333 10.1667 10.2 10.2333 10.2667 10.3 10.3333 10.3667 10.4 10.4333 10.4667 10.5 10.5333 10.5667 10.6 10.6333 10.6667 10.7 10.7333 10.7667 10.8 10.8333 10.8667 10.9 10.9333 10.9667 11 11.0333 11.0667 11.1 11.1333 11.1667 11.2 11.2333 11.2667 11.3 11.3333 11.3667 11.4 11.4333 11.4667 11.5 11.5333 11.5667 11.6 11.6333 11.6667 11.7 11.7333 11.7667 11.8 11.8333 11.8667 11.9 11.9333 11.9667 12 12.0333 12.0667 12.1 12.1333 12.1667 12.2 12.2333 12.2667 12.3 12.3333 12.3667 12.4 12.4333 12.4667 12.5 12.5333 12.5667 12.6 12.6333 12.6667 12.7 12.7333 12.7667 12.8 12.8333 12.8667 12.9 12.9333 12.9667 13 13.0333 13.0667 13.1 13.1333 13.1667 13.2 13.2333 13.2667 13.3 13.3333 13.3667 13.4 13.4333 13.4667 13.5 13.5333 13.5667 13.6 13.6333 13.6667 13.7 13.7333 13.7667 13.8 13.8333 13.8667 13.9 13.9333 13.9667 14 14.0333 14.0667 14.1 14.1333 14.1667 14.2 14.2333 14.2667 14.3 14.3333 14.3667 14.4 14.4333 14.4667 14.5 14.5333 14.5667 14.6 14.6333 14.6667 14.7 14.7333 14.7667 14.8 14.8333 14.8667 14.9 14.9333 14.9667 15 15.0333 15.0667 15.1 15.1333 15.1667 15.2 15.2333 15.2667 15.3 15.3333 15.3667 15.4 15.4333 15.4667 15.5 15.5333 15.5667 15.6 15.6333 15.6667 15.7 15.7333 15.7667 15.8 15.8333 15.8667 15.9 15.9333 15.9667 16 </float_array>
     <technique_common>
      <accessor source="#cloud-clean_move_003_transform3-array" count="481" stride="1">
       <param name="TIME" type="float"/>
      </accessor>
     </technique_common>
    </source>
    <source id="genericSource4">
     <float_array id="cloud-clean_move_003_transform5-array" count="7696">1 0 0 0 0 1 0 -9.31323e-10 0 0 1 -4 0 0 0 1 0.999915 0 -0.0130652 0.101256 -0 1 0 -9.31323e-10 0.0130652 0 0.999915 -3.99945 0 0 0 1 0.999658 0 -0.0261647 0.192407 -0 1 0 -9.31323e-10 0.0261647 0 0.999658 -3.99783 0 0 0 1 0.999229 0 -0.03926 0.276183 -0 1 0 -9.31323e-10 0.03926 0 0.999229 -3.99519 0 0 0 1 0.998629 0 -0.0523399 0.354263 -0 1 0 -9.31323e-10 0.0523399 0 0.998629 -3.99157 0 0 0 1 0.997859 0 -0.0654077 0.427772 -0 1 0 -9.31323e-10 0.0654077 0 0.997859 -3.98701 0 0 0 1 0.996917 0 -0.0784602 0.497503 -0 1 0 -9.31323e-10 0.0784602 0 0.996917 -3.98153 0 0 0 1 0.995805 0 -0.0915025 0.564043 -0 1 0 -9.31323e-10 0.0915025 0 0.995805 -3.97519 0 0 0 1 0.994522 0 -0.104529 0.62784 -0 1 0 -9.31323e-10 0.104529 0 0.994522 -3.96799 0 0 0 1 0.993068 0 -0.117539 0.689245 -0 1 0 -9.31323e-10 0.117539 0 0.993068 -3.95999 0 0 0 1 0.991445 0 -0.130527 0.748539 -0 1 0 -9.31323e-10 0.130527 0 0.991445 -3.95119 0 0 0 1 0.989652 0 -0.143492 0.80595 -0 1 0 -9.31323e-10 0.143492 0 0.989652 -3.94163 0 0 0 1 0.987688 0 -0.156434 0.861669 -0 1 0 -9.31323e-10 0.156434 0 0.987688 -3.93133 0 0 0 1 0.985556 0 -0.169349 0.915854 -0 1 0 -9.31323e-10 0.169349 0 0.985556 -3.92032 0 0 0 1 0.983255 0 -0.182236 0.968643 -0 1 0 -9.31323e-10 0.182236 0 0.983255 -3.90861 0 0 0 1 0.980785 0 -0.195089 1.02015 -0 1 0 -9.31323e-10 0.195089 0 0.980785 -3.89622 0 0 0 1 0.978148 0 -0.207911 1.07047 -0 1 0 -9.31323e-10 0.207911 0 0.978148 -3.88318 0 0 0 1 0.975342 0 -0.220698 1.11971 -0 1 0 -9.31323e-10 0.220698 0 0.975342 -3.8695 0 0 0 1 0.97237 0 -0.233445 1.16792 -0 1 0 -9.31323e-10 0.233445 0 0.97237 -3.8552 0 0 0 1 0.969231 0 -0.246153 1.21519 -0 1 0 -9.31323e-10 0.246153 0 0.969231 -3.84029 0 0 0 1 0.965926 0 -0.258818 1.26157 -0 1 0 -9.31323e-10 0.258818 0 0.965926 -3.82479 0 0 0 1 0.962455 0 -0.27144 1.30711 -0 1 0 -9.31323e-10 0.27144 0 0.962455 -3.80871 0 0 0 1 0.95882 0 -0.284015 1.35187 -0 1 0 -9.31323e-10 0.284015 0 0.95882 -3.79207 0 0 0 1 0.95502 0 -0.296541 1.39588 -0 1 0 -9.31323e-10 0.296541 0 0.95502 -3.77488 0 0 0 1 0.951056 0 -0.309017 1.4392 -0 1 0 -9.31323e-10 0.309017 0 0.951056 -3.75715 0 0 0 1 0.94693 0 -0.321439 1.48185 -0 1 0 -9.31323e-10 0.321439 0 0.94693 -3.7389 0 0 0 1 0.942641 0 -0.333807 1.52386 -0 1 0 -9.31323e-10 0.333807 0 0.942641 -3.72013 0 0 0 1 0.938191 0 -0.346117 1.56527 -0 1 0 -9.31323e-10 0.346117 0 0.938191 -3.70085 0 0 0 1 0.93358 0 -0.358369 1.6061 -0 1 0 -9.31323e-10 0.358369 0 0.93358 -3.68108 0 0 0 1 0.928809 0 -0.370558 1.64638 -0 1 0 -9.31323e-10 0.370558 0 0.928809 -3.66082 0 0 0 1 0.92388 0 -0.382683 1.68613 -0 1 0 -9.31323e-10 0.382683 0 0.92388 -3.64009 0 0 0 1 0.918791 0 -0.394743 1.72538 -0 1 0 -9.31323e-10 0.394743 0 0.918791 -3.61889 0 0 0 1 0.913545 0 -0.406737 1.76414 -0 1 0 -9.31323e-10 0.406737 0 0.913545 -3.59723 0 0 0 1 0.908143 0 -0.418659 1.80243 -0 1 0 -9.31323e-10 0.418659 0 0.908143 -3.57511 0 0 0 1 0.902585 0 -0.430511 1.84027 -0 1 0 -9.31323e-10 0.430511 0 0.902585 -3.55255 0 0 0 1 0.896873 0 -0.442288 1.87767 -0 1 0 -9.31323e-10 0.442288 0 0.896873 -3.52956 0 0 0 1 0.891006 0 -0.453991 1.91466 -0 1 0 -9.31323e-10 0.453991 0 0.891006 -3.50613 0 0 0 1 0.884987 0 -0.465615 1.95124 -0 1 0 -9.31323e-10 0.465615 0 0.884987 -3.48228 0 0 0 1 0.878817 0 -0.477158 1.98743 -0 1 0 -9.31323e-10 0.477158 0 0.878817 -3.45801 0 0 0 1 0.872496 0 -0.488621 2.02323 -0 1 0 -9.31323e-10 0.488621 0 0.872496 -3.43333 0 0 0 1 0.866025 0 -0.5 2.05867 -0 1 0 -9.31323e-10 0.5 0 0.866025 -3.40824 0 0 0 1 0.859406 0 -0.511293 2.09374 -0 1 0 -9.31323e-10 0.511293 0 0.859406 -3.38275 0 0 0 1 0.85264 0 -0.522499 2.12847 -0 1 0 -9.31323e-10 0.522499 0 0.85264 -3.35687 0 0 0 1 0.845728 0 -0.533614 2.16286 -0 1 0 -9.31323e-10 0.533614 0 0.845728 -3.33059 0 0 0 1 0.838671 0 -0.544639 2.19692 -0 1 0 -9.31323e-10 0.544639 0 0.838671 -3.30392 0 0 0 1 0.83147 0 -0.55557 2.23066 -0 1 0 -9.31323e-10 0.55557 0 0.83147 -3.27687 0 0 0 1 0.824126 0 -0.566406 2.26408 -0 1 0 -9.31323e-10 0.566406 0 0.824126 -3.24944 0 0 0 1 0.816641 0 -0.577145 2.2972 -0 1 0 -9.31323e-10 0.577145 0 0.816641 -3.22164 0 0 0 1 0.809017 0 -0.587785 2.33002 -0 1 0 -9.31323e-10 0.587785 0 0.809017 -3.19346 0 0 0 1 0.801254 0 -0.598325 2.36255 -0 1 0 -9.31323e-10 0.598325 0 0.801254 -3.16491 0 0 0 1 0.793353 0 -0.608761 2.39478 -0 1 0 -9.31323e-10 0.608761 0 0.793353 -3.136 0 0 0 1 0.785317 0 -0.619094 2.42674 -0 1 0 -9.31323e-10 0.619094 0 0.785317 -3.10673 0 0 0 1 0.777146 0 -0.629321 2.45843 -0 1 0 -9.31323e-10 0.629321 0 0.777146 -3.07709 0 0 0 1 0.768842 0 -0.639439 2.48984 -0 1 0 -9.31323e-10 0.639439 0 0.768842 -3.0471 0 0 0 1 0.760406 0 -0.649448 2.52099 -0 1 0 -9.31323e-10 0.649448 0 0.760406 -3.01675 0 0 0 1 0.75184 0 -0.659346 2.55188 -0 1 0 -9.31323e-10 0.659346 0 0.75184 -2.98605 0 0 0 1 0.743145 0 -0.669131 2.58251 -0 1 0 -9.31323e-10 0.669131 0 0.743145 -2.95499 0 0 0 1 0.734323 0 -0.678801 2.61289 -0 1 0 -9.31323e-10 0.678801 0 0.734323 -2.92359 0 0 0 1 0.725375 0 -0.688354 2.64303 -0 1 0 -9.31323e-10 0.688354 0 0.725375 -2.89184 0 0 0 1 0.716302 0 -0.697791 2.67292 -0 1 0 -9.31323e-10 0.697791 0 0.716302 -2.85974 0 0 0 1 0.707107 0 -0.707107 2.70257 -0 1 0 -9.31323e-10 0.707107 0 0.707107 -2.82729 0 0 0 1 0.697791 0 -0.716302 2.73198 -0 1 0 -9.31323e-10 0.716302 0 0.697791 -2.7945 0 0 0 1 0.688355 0 -0.725374 2.76116 -0 1 0 -9.31323e-10 0.725374 0 0.688355 -2.76136 0 0 0 1 0.678801 0 -0.734322 2.79011 -0 1 0 -9.31323e-10 0.734322 0 0.678801 -2.72788 0 0 0 1 0.669131 0 -0.743145 2.81883 -0 1 0 -9.31323e-10 0.743145 0 0.669131 -2.69406 0 0 0 1 0.659346 0 -0.75184 2.84732 -0 1 0 -9.31323e-10 0.75184 0 0.659346 -2.65989 0 0 0 1 0.649448 0 -0.760406 2.87559 -0 1 0 -9.31323e-10 0.760406 0 0.649448 -2.62538 0 0 0 1 0.639439 0 -0.768842 2.90364 -0 1 0 -9.31323e-10 0.768842 0 0.639439 -2.59052 0 0 0 1 0.62932 0 -0.777146 2.93147 -0 1 0 -9.31323e-10 0.777146 0 0.62932 -2.55532 0 0 0 1 0.619094 0 -0.785317 2.95908 -0 1 0 -9.31323e-10 0.785317 0 0.619094 -2.51978 0 0 0 1 0.608762 0 -0.793353 2.98647 -0 1 0 -9.31323e-10 0.793353 0 0.608762 -2.48388 0 0 0 1 0.598325 0 -0.801254 3.01364 -0 1 0 -9.31323e-10 0.801254 0 0.598325 -2.44764 0 0 0 1 0.587785 0 -0.809017 3.04061 -0 1 0 -9.31323e-10 0.809017 0 0.587785 -2.41105 0 0 0 1 0.577145 0 -0.816642 3.06736 -0 1 0 -9.31323e-10 0.816642 0 0.577145 -2.3741 0 0 0 1 0.566406 0 -0.824126 3.09389 -0 1 0 -9.31323e-10 0.824126 0 0.566406 -2.33681 0 0 0 1 0.55557 0 -0.83147 3.12022 -0 1 0 -9.31323e-10 0.83147 0 0.55557 -2.29915 0 0 0 1 0.544639 0 -0.83867 3.14633 -0 1 0 -9.31323e-10 0.83867 0 0.544639 -2.26114 0 0 0 1 0.533615 0 -0.845728 3.17223 -0 1 0 -9.31323e-10 0.845728 0 0.533615 -2.22277 0 0 0 1 0.522498 0 -0.85264 3.19792 -0 1 0 -9.31323e-10 0.85264 0 0.522498 -2.18403 0 0 0 1 0.511293 0 -0.859406 3.2234 -0 1 0 -9.31323e-10 0.859406 0 0.511293 -2.14491 0 0 0 1 0.5 0 -0.866025 3.24867 -0 1 0 -9.31323e-10 0.866025 0 0.5 -2.10543 0 0 0 1 0.488621 0 -0.872496 3.27372 -0 1 0 -9.31323e-10 0.872496 0 0.488621 -2.06557 0 0 0 1 0.477159 0 -0.878817 3.29856 -0 1 0 -9.31323e-10 0.878817 0 0.477159 -2.02533 0 0 0 1 0.465615 0 -0.884988 3.32318 -0 1 0 -9.31323e-10 0.884988 0 0.465615 -1.98469 0 0 0 1 0.453991 0 -0.891006 3.34759 -0 1 0 -9.31323e-10 0.891006 0 0.453991 -1.94367 0 0 0 1 0.442289 0 -0.896873 3.37179 -0 1 0 -9.31323e-10 0.896873 0 0.442289 -1.90224 0 0 0 1 0.430511 0 -0.902585 3.39576 -0 1 0 -9.31323e-10 0.902585 0 0.430511 -1.8604 0 0 0 1 0.418659 0 -0.908143 3.41951 -0 1 0 -9.31323e-10 0.908143 0 0.418659 -1.81815 0 0 0 1 0.406736 0 -0.913545 3.44304 -0 1 0 -9.31323e-10 0.913545 0 0.406736 -1.77547 0 0 0 1 0.394744 0 -0.918791 3.46634 -0 1 0 -9.31323e-10 0.918791 0 0.394744 -1.73236 0 0 0 1 0.382683 0 -0.923879 3.48941 -0 1 0 -9.31323e-10 0.923879 0 0.382683 -1.6888 0 0 0 1 0.370557 0 -0.92881 3.51224 -0 1 0 -9.31323e-10 0.92881 0 0.370557 -1.64479 0 0 0 1 0.358368 0 -0.93358 3.53484 -0 1 0 -9.31323e-10 0.93358 0 0.358368 -1.60032 0 0 0 1 0.346117 0 -0.938191 3.55719 -0 1 0 -9.31323e-10 0.938191 0 0.346117 -1.55536 0 0 0 1 0.333807 0 -0.942641 3.5793 -0 1 0 -9.31323e-10 0.942641 0 0.333807 -1.5099 0 0 0 1 0.32144 0 -0.94693 3.60115 -0 1 0 -9.31323e-10 0.94693 0 0.32144 -1.46394 0 0 0 1 0.309017 0 -0.951056 3.62274 -0 1 0 -9.31323e-10 0.951056 0 0.309017 -1.41745 0 0 0 1 0.296542 0 -0.95502 3.64406 -0 1 0 -9.31323e-10 0.95502 0 0.296542 -1.37041 0 0 0 1 0.284015 0 -0.95882 3.66511 -0 1 0 -9.31323e-10 0.95882 0 0.284015 -1.3228 0 0 0 1 0.271441 0 -0.962455 3.68587 -0 1 0 -9.31323e-10 0.962455 0 0.271441 -1.2746 0 0 0 1 0.258819 0 -0.965926 3.70634 -0 1 0 -9.31323e-10 0.965926 0 0.258819 -1.22578 0 0 0 1 0.246154 0 -0.969231 3.7265 -0 1 0 -9.31323e-10 0.969231 0 0.246154 -1.17632 0 0 0 1 0.233446 0 -0.97237 3.74633 -0 1 0 -9.31323e-10 0.97237 0 0.233446 -1.12617 0 0 0 1 0.220697 0 -0.975342 3.76584 -0 1 0 -9.31323e-10 0.975342 0 0.220697 -1.0753 0 0 0 1 0.207912 0 -0.978148 3.78498 -0 1 0 -9.31323e-10 0.978148 0 0.207912 -1.02368 0 0 0 1 0.19509 0 -0.980785 3.80376 -0 1 0 -9.31323e-10 0.980785 0 0.19509 -0.971246 0 0 0 1 0.182236 0 -0.983255 3.82213 -0 1 0 -9.31323e-10 0.983255 0 0.182236 -0.917952 0 0 0 1 0.16935 0 -0.985556 3.84009 -0 1 0 -9.31323e-10 0.985556 0 0.16935 -0.863736 0 0 0 1 0.156434 0 -0.987688 3.85759 -0 1 0 -9.31323e-10 0.987688 0 0.156434 -0.808521 0 0 0 1 0.143493 0 -0.989651 3.8746 -0 1 0 -9.31323e-10 0.989651 0 0.143493 -0.752224 0 0 0 1 0.130526 0 -0.991445 3.89107 -0 1 0 -9.31323e-10 0.991445 0 0.130526 -0.694744 0 0 0 1 0.117537 0 -0.993068 3.90696 -0 1 0 -9.31323e-10 0.993068 0 0.117537 -0.635957 0 0 0 1 0.104529 0 -0.994522 3.92219 -0 1 0 -9.31323e-10 0.994522 0 0.104529 -0.575716 0 0 0 1 0.0915018 0 -0.995805 3.93668 -0 1 0 -9.31323e-10 0.995805 0 0.0915018 -0.513841 0 0 0 1 0.0784592 0 -0.996917 3.95033 -0 1 0 -9.31323e-10 0.996917 0 0.0784592 -0.450096 0 0 0 1 0.0654032 0 -0.997859 3.96299 -0 1 0 -9.31323e-10 0.997859 0 0.0654032 -0.384187 0 0 0 1 0.0523363 0 -0.998629 3.97447 -0 1 0 -9.31323e-10 0.998629 0 0.0523363 -0.315713 0 0 0 1 0.03926 0 -0.999229 3.98451 -0 1 0 -9.31323e-10 0.999229 0 0.03926 -0.244124 0 0 0 1 0.026177 0 -0.999657 3.99267 -0 1 0 -9.31323e-10 0.999657 0 0.026177 -0.168622 0 0 0 1 0.0130899 0 -0.999914 3.99828 -0 1 0 -9.31323e-10 0.999914 0 0.0130899 -0.0879625 0 0 0 1 1.78814e-07 0 -1 4 -0 1 0 -9.31323e-10 1 0 1.78814e-07 0 0 0 0 1 -0.0130899 0 -0.999914 3.99813 -0 1 0 -9.31323e-10 0.999914 0 -0.0130899 0.0900657 0 0 0 1 -0.0261767 0 -0.999657 3.99458 -0 1 0 -9.31323e-10 0.999657 0 -0.0261767 0.175408 0 0 0 1 -0.0392597 0 -0.999229 3.98948 -0 1 0 -9.31323e-10 0.999229 0 -0.0392597 0.256804 0 0 0 1 -0.0523359 0 -0.998629 3.98292 -0 1 0 -9.31323e-10 0.998629 0 -0.0523359 0.334821 0 0 0 1 -0.0654031 0 -0.997859 3.97499 -0 1 0 -9.31323e-10 0.997859 0 -0.0654031 0.409906 0 0 0 1 -0.0784589 0 -0.996917 3.96579 -0 1 0 -9.31323e-10 0.996917 0 -0.0784589 0.482404 0 0 0 1 -0.0915015 0 -0.995805 3.95539 -0 1 0 -9.31323e-10 0.995805 0 -0.0915015 0.5526 0 0 0 1 -0.104528 0 -0.994522 3.94385 -0 1 0 -9.31323e-10 0.994522 0 -0.104528 0.620726 0 0 0 1 -0.117537 0 -0.993068 3.93123 -0 1 0 -9.31323e-10 0.993068 0 -0.117537 0.686973 0 0 0 1 -0.130526 0 -0.991445 3.9176 -0 1 0 -9.31323e-10 0.991445 0 -0.130526 0.751504 0 0 0 1 -0.143492 0 -0.989651 3.903 -0 1 0 -9.31323e-10 0.989651 0 -0.143492 0.814456 0 0 0 1 -0.156434 0 -0.987688 3.88749 -0 1 0 -9.31323e-10 0.987688 0 -0.156434 0.875949 0 0 0 1 -0.16935 0 -0.985556 3.8711 -0 1 0 -9.31323e-10 0.985556 0 -0.16935 0.936087 0 0 0 1 -0.182235 0 -0.983255 3.85387 -0 1 0 -9.31323e-10 0.983255 0 -0.182235 0.994957 0 0 0 1 -0.19509 0 -0.980785 3.83585 -0 1 0 -9.31323e-10 0.980785 0 -0.19509 1.05264 0 0 0 1 -0.207912 0 -0.978148 3.81706 -0 1 0 -9.31323e-10 0.978148 0 -0.207912 1.10921 0 0 0 1 -0.220697 0 -0.975342 3.79755 -0 1 0 -9.31323e-10 0.975342 0 -0.220697 1.16472 0 0 0 1 -0.233445 0 -0.97237 3.77732 -0 1 0 -9.31323e-10 0.97237 0 -0.233445 1.21924 0 0 0 1 -0.246153 0 -0.969231 3.75643 -0 1 0 -9.31323e-10 0.969231 0 -0.246153 1.27281 0 0 0 1 -0.258819 0 -0.965926 3.73489 -0 1 0 -9.31323e-10 0.965926 0 -0.258819 1.32548 0 0 0 1 -0.27144 0 -0.962455 3.71272 -0 1 0 -9.31323e-10 0.962455 0 -0.27144 1.37728 0 0 0 1 -0.284015 0 -0.95882 3.68995 -0 1 0 -9.31323e-10 0.95882 0 -0.284015 1.42826 0 0 0 1 -0.296542 0 -0.95502 3.6666 -0 1 0 -9.31323e-10 0.95502 0 -0.296542 1.47844 0 0 0 1 -0.309017 0 -0.951056 3.64269 -0 1 0 -9.31323e-10 0.951056 0 -0.309017 1.52787 0 0 0 1 -0.32144 0 -0.94693 3.61824 -0 1 0 -9.31323e-10 0.94693 0 -0.32144 1.57657 0 0 0 1 -0.333807 0 -0.942641 3.59326 -0 1 0 -9.31323e-10 0.942641 0 -0.333807 1.62455 0 0 0 1 -0.346117 0 -0.938191 3.56778 -0 1 0 -9.31323e-10 0.938191 0 -0.346117 1.67186 0 0 0 1 -0.358368 0 -0.93358 3.54181 -0 1 0 -9.31323e-10 0.93358 0 -0.358368 1.71851 0 0 0 1 -0.370557 0 -0.92881 3.51536 -0 1 0 -9.31323e-10 0.92881 0 -0.370557 1.76452 0 0 0 1 -0.382683 0 -0.923879 3.48845 -0 1 0 -9.31323e-10 0.923879 0 -0.382683 1.8099 0 0 0 1 -0.394744 0 -0.918791 3.46109 -0 1 0 -9.31323e-10 0.918791 0 -0.394744 1.85469 0 0 0 1 -0.406736 0 -0.913545 3.4333 -0 1 0 -9.31323e-10 0.913545 0 -0.406736 1.89888 0 0 0 1 -0.41866 0 -0.908143 3.40509 -0 1 0 -9.31323e-10 0.908143 0 -0.41866 1.94251 0 0 0 1 -0.430511 0 -0.902585 3.37646 -0 1 0 -9.31323e-10 0.902585 0 -0.430511 1.98557 0 0 0 1 -0.442289 0 -0.896873 3.34743 -0 1 0 -9.31323e-10 0.896873 0 -0.442289 2.02809 0 0 0 1 -0.45399 0 -0.891006 3.31802 -0 1 0 -9.31323e-10 0.891006 0 -0.45399 2.07008 0 0 0 1 -0.465614 0 -0.884988 3.28822 -0 1 0 -9.31323e-10 0.884988 0 -0.465614 2.11155 0 0 0 1 -0.477159 0 -0.878817 3.25806 -0 1 0 -9.31323e-10 0.878817 0 -0.477159 2.1525 0 0 0 1 -0.488621 0 -0.872496 3.22754 -0 1 0 -9.31323e-10 0.872496 0 -0.488621 2.19295 0 0 0 1 -0.5 0 -0.866025 3.19666 0 1 0 -9.31323e-10 0.866025 -0 -0.5 2.23291 0 0 0 1 -0.511293 0 -0.859406 3.16544 0 1 0 -9.31323e-10 0.859406 -0 -0.511293 2.27239 0 0 0 1 -0.522499 0 -0.85264 3.13389 0 1 0 -9.31323e-10 0.85264 -0 -0.522499 2.31139 0 0 0 1 -0.533614 0 -0.845728 3.102 0 1 0 -9.31323e-10 0.845728 -0 -0.533614 2.34992 0 0 0 1 -0.544639 0 -0.838671 3.0698 0 1 0 -9.31323e-10 0.838671 -0 -0.544639 2.38799 0 0 0 1 -0.55557 0 -0.83147 3.03729 0 1 0 -9.31323e-10 0.83147 -0 -0.55557 2.4256 0 0 0 1 -0.566406 0 -0.824126 3.00447 0 1 0 -9.31323e-10 0.824126 -0 -0.566406 2.46277 0 0 0 1 -0.577145 0 -0.816642 2.97135 0 1 0 -9.31323e-10 0.816642 -0 -0.577145 2.49949 0 0 0 1 -0.587785 0 -0.809017 2.93794 0 1 0 -9.31323e-10 0.809017 -0 -0.587785 2.53577 0 0 0 1 -0.598324 0 -0.801254 2.90424 0 1 0 -9.31323e-10 0.801254 -0 -0.598324 2.57162 0 0 0 1 -0.608761 0 -0.793353 2.87026 0 1 0 -9.31323e-10 0.793353 -0 -0.608761 2.60704 0 0 0 1 -0.619094 0 -0.785317 2.836 0 1 0 -9.31323e-10 0.785317 -0 -0.619094 2.64203 0 0 0 1 -0.62932 0 -0.777146 2.80148 0 1 0 -9.31323e-10 0.777146 -0 -0.62932 2.6766 0 0 0 1 -0.639439 0 -0.768842 2.76669 0 1 0 -9.31323e-10 0.768842 -0 -0.639439 2.71076 0 0 0 1 -0.649448 0 -0.760406 2.73164 0 1 0 -9.31323e-10 0.760406 -0 -0.649448 2.74449 0 0 0 1 -0.659346 0 -0.751839 2.69634 0 1 0 -9.31323e-10 0.751839 -0 -0.659346 2.77782 0 0 0 1 -0.669131 0 -0.743145 2.66078 0 1 0 -9.31323e-10 0.743145 -0 -0.669131 2.81074 0 0 0 1 -0.6788 0 -0.734322 2.62498 0 1 0 -9.31323e-10 0.734322 -0 -0.6788 2.84325 0 0 0 1 -0.688354 0 -0.725374 2.58894 0 1 0 -9.31323e-10 0.725374 -0 -0.688354 2.87535 0 0 0 1 -0.69779 0 -0.716302 2.55266 0 1 0 -9.31323e-10 0.716302 -0 -0.69779 2.90705 0 0 0 1 -0.707107 0 -0.707107 2.51615 0 1 0 -9.31323e-10 0.707107 -0 -0.707107 2.93835 0 0 0 1 -0.716302 0 -0.69779 2.47942 0 1 0 -9.31323e-10 0.69779 -0 -0.716302 2.96925 0 0 0 1 -0.725374 0 -0.688354 2.44245 0 1 0 -9.31323e-10 0.688354 -0 -0.725374 2.99975 0 0 0 1 -0.734322 0 -0.6788 2.40527 0 1 0 -9.31323e-10 0.6788 -0 -0.734322 3.02985 0 0 0 1 -0.743145 0 -0.669131 2.36787 0 1 0 -9.31323e-10 0.669131 -0 -0.743145 3.05956 0 0 0 1 -0.75184 0 -0.659345 2.33025 0 1 0 -9.31323e-10 0.659345 -0 -0.75184 3.08886 0 0 0 1 -0.760406 0 -0.649448 2.29242 0 1 0 -9.31323e-10 0.649448 -0 -0.760406 3.11777 0 0 0 1 -0.768842 0 -0.639439 2.25439 0 1 0 -9.31323e-10 0.639439 -0 -0.768842 3.14628 0 0 0 1 -0.777146 0 -0.62932 2.21615 0 1 0 -9.31323e-10 0.62932 -0 -0.777146 3.1744 0 0 0 1 -0.785317 0 -0.619094 2.17771 0 1 0 -9.31323e-10 0.619094 -0 -0.785317 3.20211 0 0 0 1 -0.793353 0 -0.608761 2.13907 0 1 0 -9.31323e-10 0.608761 -0 -0.793353 3.22943 0 0 0 1 -0.801253 0 -0.598325 2.10024 0 1 0 -9.31323e-10 0.598325 -0 -0.801253 3.25635 0 0 0 1 -0.809017 0 -0.587785 2.06121 0 1 0 -9.31323e-10 0.587785 -0 -0.809017 3.28287 0 0 0 1 -0.816641 0 -0.577145 2.02199 0 1 0 -9.31323e-10 0.577145 -0 -0.816641 3.30898 0 0 0 1 -0.824126 0 -0.566406 1.98259 0 1 0 -9.31323e-10 0.566406 -0 -0.824126 3.33469 0 0 0 1 -0.831469 0 -0.55557 1.943 0 1 0 -9.31323e-10 0.55557 -0 -0.831469 3.36 0 0 0 1 -0.838671 0 -0.544639 1.90323 0 1 0 -9.31323e-10 0.544639 -0 -0.838671 3.3849 0 0 0 1 -0.845728 0 -0.533614 1.86328 0 1 0 -9.31323e-10 0.533614 -0 -0.845728 3.4094 0 0 0 1 -0.85264 0 -0.522499 1.82315 0 1 0 -9.31323e-10 0.522499 -0 -0.85264 3.43348 0 0 0 1 -0.859406 0 -0.511293 1.78285 0 1 0 -9.31323e-10 0.511293 -0 -0.859406 3.45715 0 0 0 1 -0.866025 0 -0.5 1.74237 0 1 0 -9.31323e-10 0.5 -0 -0.866025 3.4804 0 0 0 1 -0.872496 0 -0.488621 1.70172 0 1 0 -9.31323e-10 0.488621 -0 -0.872496 3.50323 0 0 0 1 -0.878817 0 -0.477159 1.66091 0 1 0 -9.31323e-10 0.477159 -0 -0.878817 3.52564 0 0 0 1 -0.884987 0 -0.465614 1.61993 0 1 0 -9.31323e-10 0.465614 -0 -0.884987 3.54763 0 0 0 1 -0.891006 0 -0.453991 1.57878 0 1 0 -9.31323e-10 0.453991 -0 -0.891006 3.56918 0 0 0 1 -0.896873 0 -0.442289 1.53747 0 1 0 -9.31323e-10 0.442289 -0 -0.896873 3.59031 0 0 0 1 -0.902585 0 -0.430511 1.49599 0 1 0 -9.31323e-10 0.430511 -0 -0.902585 3.61099 0 0 0 1 -0.908143 0 -0.41866 1.45436 0 1 0 -9.31323e-10 0.41866 -0 -0.908143 3.63123 0 0 0 1 -0.913545 0 -0.406736 1.41257 0 1 0 -9.31323e-10 0.406736 -0 -0.913545 3.65103 0 0 0 1 -0.918791 0 -0.394744 1.37063 0 1 0 -9.31323e-10 0.394744 -0 -0.918791 3.67037 0 0 0 1 -0.923879 0 -0.382683 1.32853 0 1 0 -9.31323e-10 0.382683 -0 -0.923879 3.68926 0 0 0 1 -0.928809 0 -0.370557 1.28627 0 1 0 -9.31323e-10 0.370557 -0 -0.928809 3.70768 0 0 0 1 -0.93358 0 -0.358368 1.24387 0 1 0 -9.31323e-10 0.358368 -0 -0.93358 3.72564 0 0 0 1 -0.938191 0 -0.346117 1.20132 0 1 0 -9.31323e-10 0.346117 -0 -0.938191 3.74311 0 0 0 1 -0.942641 0 -0.333807 1.15861 0 1 0 -9.31323e-10 0.333807 -0 -0.942641 3.76011 0 0 0 1 -0.94693 0 -0.321439 1.11576 0 1 0 -9.31323e-10 0.321439 -0 -0.94693 3.77662 0 0 0 1 -0.951056 0 -0.309017 1.07277 0 1 0 -9.31323e-10 0.309017 -0 -0.951056 3.79264 0 0 0 1 -0.95502 0 -0.296542 1.02963 0 1 0 -9.31323e-10 0.296542 -0 -0.95502 3.80815 0 0 0 1 -0.958819 0 -0.284015 0.98635 0 1 0 -9.31323e-10 0.284015 -0 -0.958819 3.82314 0 0 0 1 -0.962455 0 -0.271441 0.942926 0 1 0 -9.31323e-10 0.271441 -0 -0.962455 3.83762 0 0 0 1 -0.965926 0 -0.258819 0.899361 0 1 0 -9.31323e-10 0.258819 -0 -0.965926 3.85157 0 0 0 1 -0.969231 0 -0.246153 0.855657 0 1 0 -9.31323e-10 0.246153 -0 -0.969231 3.86498 0 0 0 1 -0.97237 0 -0.233446 0.811814 0 1 0 -9.31323e-10 0.233446 -0 -0.97237 3.87784 0 0 0 1 -0.975342 0 -0.220697 0.767834 0 1 0 -9.31323e-10 0.220697 -0 -0.975342 3.89014 0 0 0 1 -0.978147 0 -0.207912 0.723719 0 1 0 -9.31323e-10 0.207912 -0 -0.978147 3.90187 0 0 0 1 -0.980785 0 -0.19509 0.679467 0 1 0 -9.31323e-10 0.19509 -0 -0.980785 3.91302 0 0 0 1 -0.983255 0 -0.182236 0.635081 0 1 0 -9.31323e-10 0.182236 -0 -0.983255 3.92358 0 0 0 1 -0.985556 0 -0.16935 0.590562 0 1 0 -9.31323e-10 0.16935 -0 -0.985556 3.93352 0 0 0 1 -0.987688 0 -0.156434 0.545909 0 1 0 -9.31323e-10 0.156434 -0 -0.987688 3.94285 0 0 0 1 -0.989651 0 -0.143492 0.501126 0 1 0 -9.31323e-10 0.143492 -0 -0.989651 3.95154 0 0 0 1 -0.991445 0 -0.130526 0.456209 0 1 0 -9.31323e-10 0.130526 -0 -0.991445 3.95957 0 0 0 1 -0.993068 0 -0.117537 0.411165 0 1 0 -9.31323e-10 0.117537 -0 -0.993068 3.96694 0 0 0 1 -0.994522 0 -0.104528 0.36599 0 1 0 -9.31323e-10 0.104528 -0 -0.994522 3.97363 0 0 0 1 -0.995804 0 -0.0915017 0.320687 0 1 0 -9.31323e-10 0.0915017 -0 -0.995804 3.97961 0 0 0 1 -0.996917 0 -0.078459 0.275255 0 1 0 -9.31323e-10 0.078459 -0 -0.996917 3.98487 0 0 0 1 -0.997859 0 -0.0654028 0.229694 0 1 0 -9.31323e-10 0.0654028 -0 -0.997859 3.98938 0 0 0 1 -0.998629 0 -0.0523358 0.184008 0 1 0 -9.31323e-10 0.0523358 -0 -0.998629 3.99313 0 0 0 1 -0.999229 0 -0.0392597 0.138195 0 1 0 -9.31323e-10 0.0392597 -0 -0.999229 3.9961 0 0 0 1 -0.999657 0 -0.0261764 0.0922552 0 1 0 -9.31323e-10 0.0261764 -0 -0.999657 3.99825 0 0 0 1 -0.999914 0 -0.0130898 0.0461916 0 1 0 -9.31323e-10 0.0130898 -0 -0.999914 3.99956 0 0 0 1 -1 0 1.50996e-07 0 0 1 -0 -9.31323e-10 -1.50996e-07 0 -1 4 0 0 0 1 -0.999914 0 0.0130897 -0.0463138 0 1 -0 -9.31323e-10 -0.0130897 0 -0.999914 3.99958 0 0 0 1 -0.999657 0 0.0261772 -0.092744 0 1 -0 -9.31323e-10 -0.0261772 0 -0.999657 3.99834 0 0 0 1 -0.999229 0 0.0392595 -0.139281 0 1 -0 -9.31323e-10 -0.0392595 0 -0.999229 3.99628 0 0 0 1 -0.998629 0 0.0523358 -0.185918 0 1 -0 -9.31323e-10 -0.0523358 0 -0.998629 3.99341 0 0 0 1 -0.997859 0 0.0654034 -0.232648 0 1 -0 -9.31323e-10 -0.0654034 0 -0.997859 3.98973 0 0 0 1 -0.996917 0 0.078459 -0.279459 0 1 -0 -9.31323e-10 -0.078459 0 -0.996917 3.98525 0 0 0 1 -0.995804 0 0.0915017 -0.326343 0 1 -0 -9.31323e-10 -0.0915017 0 -0.995804 3.97998 0 0 0 1 -0.994522 0 0.104528 -0.373292 0 1 -0 -9.31323e-10 -0.104528 0 -0.994522 3.97393 0 0 0 1 -0.993068 0 0.117537 -0.420299 0 1 -0 -9.31323e-10 -0.117537 0 -0.993068 3.96709 0 0 0 1 -0.991445 0 0.130526 -0.467355 0 1 -0 -9.31323e-10 -0.130526 0 -0.991445 3.95949 0 0 0 1 -0.989651 0 0.143493 -0.51445 0 1 -0 -9.31323e-10 -0.143493 0 -0.989651 3.95112 0 0 0 1 -0.987688 0 0.156435 -0.561577 0 1 -0 -9.31323e-10 -0.156435 0 -0.987688 3.942 0 0 0 1 -0.985556 0 0.169349 -0.608725 0 1 -0 -9.31323e-10 -0.169349 0 -0.985556 3.93213 0 0 0 1 -0.983255 0 0.182235 -0.655888 0 1 -0 -9.31323e-10 -0.182235 0 -0.983255 3.92151 0 0 0 1 -0.980785 0 0.195091 -0.703059 0 1 -0 -9.31323e-10 -0.195091 0 -0.980785 3.91016 0 0 0 1 -0.978147 0 0.207912 -0.750226 0 1 -0 -9.31323e-10 -0.207912 0 -0.978147 3.89807 0 0 0 1 -0.975342 0 0.220697 -0.797381 0 1 -0 -9.31323e-10 -0.220697 0 -0.975342 3.88527 0 0 0 1 -0.97237 0 0.233445 -0.844516 0 1 -0 -9.31323e-10 -0.233445 0 -0.97237 3.87175 0 0 0 1 -0.969231 0 0.246153 -0.891623 0 1 -0 -9.31323e-10 -0.246153 0 -0.969231 3.85752 0 0 0 1 -0.965925 0 0.258819 -0.938695 0 1 -0 -9.31323e-10 -0.258819 0 -0.965925 3.84259 0 0 0 1 -0.962455 0 0.27144 -0.985721 0 1 -0 -9.31323e-10 -0.27144 0 -0.962455 3.82697 0 0 0 1 -0.95882 0 0.284016 -1.03269 0 1 -0 -9.31323e-10 -0.284016 0 -0.95882 3.81066 0 0 0 1 -0.95502 0 0.296541 -1.0796 0 1 -0 -9.31323e-10 -0.296541 0 -0.95502 3.79367 0 0 0 1 -0.951056 0 0.309017 -1.12644 0 1 -0 -9.31323e-10 -0.309017 0 -0.951056 3.776 0 0 0 1 -0.94693 0 0.32144 -1.1732 0 1 -0 -9.31323e-10 -0.32144 0 -0.94693 3.75767 0 0 0 1 -0.942641 0 0.333807 -1.21987 0 1 -0 -9.31323e-10 -0.333807 0 -0.942641 3.73868 0 0 0 1 -0.938191 0 0.346117 -1.26645 0 1 -0 -9.31323e-10 -0.346117 0 -0.938191 3.71903 0 0 0 1 -0.93358 0 0.358368 -1.31292 0 1 -0 -9.31323e-10 -0.358368 0 -0.93358 3.69874 0 0 0 1 -0.928809 0 0.370557 -1.35928 0 1 -0 -9.31323e-10 -0.370557 0 -0.928809 3.67781 0 0 0 1 -0.923879 0 0.382683 -1.40551 0 1 -0 -9.31323e-10 -0.382683 0 -0.923879 3.65625 0 0 0 1 -0.918791 0 0.394744 -1.45162 0 1 -0 -9.31323e-10 -0.394744 0 -0.918791 3.63406 0 0 0 1 -0.913545 0 0.406737 -1.49759 0 1 -0 -9.31323e-10 -0.406737 0 -0.913545 3.61126 0 0 0 1 -0.908143 0 0.41866 -1.54341 0 1 -0 -9.31323e-10 -0.41866 0 -0.908143 3.58784 0 0 0 1 -0.902585 0 0.430511 -1.58907 0 1 -0 -9.31323e-10 -0.430511 0 -0.902585 3.56382 0 0 0 1 -0.896872 0 0.442289 -1.63457 0 1 -0 -9.31323e-10 -0.442289 0 -0.896872 3.53921 0 0 0 1 -0.891006 0 0.453991 -1.6799 0 1 -0 -9.31323e-10 -0.453991 0 -0.891006 3.514 0 0 0 1 -0.884987 0 0.465615 -1.72504 0 1 -0 -9.31323e-10 -0.465615 0 -0.884987 3.48821 0 0 0 1 -0.878817 0 0.477159 -1.77 0 1 -0 -9.31323e-10 -0.477159 0 -0.878817 3.46184 0 0 0 1 -0.872496 0 0.488621 -1.81476 0 1 -0 -9.31323e-10 -0.488621 0 -0.872496 3.43491 0 0 0 1 -0.866025 0 0.5 -1.85931 0 1 -0 -9.31323e-10 -0.5 0 -0.866025 3.40741 0 0 0 1 -0.859406 0 0.511293 -1.90364 0 1 -0 -9.31323e-10 -0.511293 0 -0.859406 3.37935 0 0 0 1 -0.85264 0 0.522499 -1.94775 0 1 -0 -9.31323e-10 -0.522499 0 -0.85264 3.35075 0 0 0 1 -0.845728 0 0.533614 -1.99163 0 1 -0 -9.31323e-10 -0.533614 0 -0.845728 3.32161 0 0 0 1 -0.83867 0 0.544639 -2.03527 0 1 -0 -9.31323e-10 -0.544639 0 -0.83867 3.29193 0 0 0 1 -0.831469 0 0.55557 -2.07866 0 1 -0 -9.31323e-10 -0.55557 0 -0.831469 3.26172 0 0 0 1 -0.824126 0 0.566406 -2.12179 0 1 -0 -9.31323e-10 -0.566406 0 -0.824126 3.23099 0 0 0 1 -0.816641 0 0.577145 -2.16466 0 1 -0 -9.31323e-10 -0.577145 0 -0.816641 3.19975 0 0 0 1 -0.809017 0 0.587785 -2.20725 0 1 -0 -9.31323e-10 -0.587785 0 -0.809017 3.168 0 0 0 1 -0.801254 0 0.598324 -2.24955 0 1 -0 -9.31323e-10 -0.598324 0 -0.801254 3.13575 0 0 0 1 -0.793353 0 0.608762 -2.29157 0 1 -0 -9.31323e-10 -0.608762 0 -0.793353 3.10301 0 0 0 1 -0.785317 0 0.619094 -2.33328 0 1 -0 -9.31323e-10 -0.619094 0 -0.785317 3.06978 0 0 0 1 -0.777146 0 0.62932 -2.37469 0 1 -0 -9.31323e-10 -0.62932 0 -0.777146 3.03607 0 0 0 1 -0.768842 0 0.639439 -2.41577 0 1 -0 -9.31323e-10 -0.639439 0 -0.768842 3.00189 0 0 0 1 -0.760406 0 0.649448 -2.45654 0 1 -0 -9.31323e-10 -0.649448 0 -0.760406 2.96725 0 0 0 1 -0.75184 0 0.659346 -2.49697 0 1 -0 -9.31323e-10 -0.659346 0 -0.75184 2.93215 0 0 0 1 -0.743145 0 0.669131 -2.53705 0 1 -0 -9.31323e-10 -0.669131 0 -0.743145 2.89659 0 0 0 1 -0.734322 0 0.678801 -2.57679 0 1 -0 -9.31323e-10 -0.678801 0 -0.734322 2.86059 0 0 0 1 -0.725374 0 0.688354 -2.61616 0 1 -0 -9.31323e-10 -0.688354 0 -0.725374 2.82416 0 0 0 1 -0.716302 0 0.69779 -2.65516 0 1 -0 -9.31323e-10 -0.69779 0 -0.716302 2.78729 0 0 0 1 -0.707106 0 0.707107 -2.69379 0 1 -0 -9.31323e-10 -0.707107 0 -0.707106 2.75 0 0 0 1 -0.697789 0 0.716303 -2.73204 0 1 -0 -9.31323e-10 -0.716303 0 -0.697789 2.71229 0 0 0 1 -0.688356 0 0.725373 -2.76988 0 1 -0 -9.31323e-10 -0.725373 0 -0.688356 2.67418 0 0 0 1 -0.6788 0 0.734322 -2.80733 0 1 -0 -9.31323e-10 -0.734322 0 -0.6788 2.63566 0 0 0 1 -0.669129 0 0.743146 -2.84437 0 1 -0 -9.31323e-10 -0.743146 0 -0.669129 2.59674 0 0 0 1 -0.659346 0 0.751839 -2.88098 0 1 -0 -9.31323e-10 -0.751839 0 -0.659346 2.55744 0 0 0 1 -0.649448 0 0.760406 -2.91717 0 1 -0 -9.31323e-10 -0.760406 0 -0.649448 2.51775 0 0 0 1 -0.639437 0 0.768843 -2.95292 0 1 -0 -9.31323e-10 -0.768843 0 -0.639437 2.47768 0 0 0 1 -0.629321 0 0.777145 -2.98822 0 1 -0 -9.31323e-10 -0.777145 0 -0.629321 2.43726 0 0 0 1 -0.619093 0 0.785317 -3.02308 0 1 -0 -9.31323e-10 -0.785317 0 -0.619093 2.39647 0 0 0 1 -0.60876 0 0.793354 -3.05747 0 1 -0 -9.31323e-10 -0.793354 0 -0.60876 2.35532 0 0 0 1 -0.598325 0 0.801253 -3.09139 0 1 -0 -9.31323e-10 -0.801253 0 -0.598325 2.31384 0 0 0 1 -0.587785 0 0.809017 -3.12483 0 1 -0 -9.31323e-10 -0.809017 0 -0.587785 2.272 0 0 0 1 -0.577143 0 0.816643 -3.15779 0 1 -0 -9.31323e-10 -0.816643 0 -0.577143 2.22983 0 0 0 1 -0.566407 0 0.824125 -3.19024 0 1 -0 -9.31323e-10 -0.824125 0 -0.566407 2.18735 0 0 0 1 -0.55557 0 0.831469 -3.2222 0 1 -0 -9.31323e-10 -0.831469 0 -0.55557 2.14453 0 0 0 1 -0.544637 0 0.838671 -3.25364 0 1 -0 -9.31323e-10 -0.838671 0 -0.544637 2.1014 0 0 0 1 -0.533615 0 0.845727 -3.28455 0 1 -0 -9.31323e-10 -0.845727 0 -0.533615 2.05798 0 0 0 1 -0.522498 0 0.85264 -3.31494 0 1 -0 -9.31323e-10 -0.85264 0 -0.522498 2.01425 0 0 0 1 -0.511292 0 0.859407 -3.3448 0 1 -0 -9.31323e-10 -0.859407 0 -0.511292 1.97023 0 0 0 1 -0.500001 0 0.866025 -3.3741 0 1 -0 -9.31323e-10 -0.866025 0 -0.500001 1.92593 0 0 0 1 -0.488621 0 0.872496 -3.40285 0 1 -0 -9.31323e-10 -0.872496 0 -0.488621 1.88134 0 0 0 1 -0.477157 0 0.878818 -3.43103 0 1 -0 -9.31323e-10 -0.878818 0 -0.477157 1.83649 0 0 0 1 -0.465616 0 0.884987 -3.45864 0 1 -0 -9.31323e-10 -0.884987 0 -0.465616 1.79138 0 0 0 1 -0.45399 0 0.891007 -3.48567 0 1 -0 -9.31323e-10 -0.891007 0 -0.45399 1.746 0 0 0 1 -0.442287 0 0.896873 -3.51211 0 1 -0 -9.31323e-10 -0.896873 0 -0.442287 1.70037 0 0 0 1 -0.430512 0 0.902584 -3.53795 0 1 -0 -9.31323e-10 -0.902584 0 -0.430512 1.65451 0 0 0 1 -0.41866 0 0.908143 -3.56319 0 1 -0 -9.31323e-10 -0.908143 0 -0.41866 1.60841 0 0 0 1 -0.406735 0 0.913546 -3.58781 0 1 -0 -9.31323e-10 -0.913546 0 -0.406735 1.56207 0 0 0 1 -0.394745 0 0.918791 -3.6118 0 1 -0 -9.31323e-10 -0.918791 0 -0.394745 1.51553 0 0 0 1 -0.382684 0 0.923879 -3.63517 0 1 -0 -9.31323e-10 -0.923879 0 -0.382684 1.46875 0 0 0 1 -0.370556 0 0.92881 -3.6579 0 1 -0 -9.31323e-10 -0.92881 0 -0.370556 1.42177 0 0 0 1 -0.358369 0 0.93358 -3.67997 0 1 -0 -9.31323e-10 -0.93358 0 -0.358369 1.3746 0 0 0 1 -0.346116 0 0.938191 -3.70139 0 1 -0 -9.31323e-10 -0.938191 0 -0.346116 1.32722 0 0 0 1 -0.333806 0 0.942642 -3.72214 0 1 -0 -9.31323e-10 -0.942642 0 -0.333806 1.27965 0 0 0 1 -0.32144 0 0.94693 -3.74222 0 1 -0 -9.31323e-10 -0.94693 0 -0.32144 1.23192 0 0 0 1 -0.309016 0 0.951057 -3.76161 0 1 -0 -9.31323e-10 -0.951057 0 -0.309016 1.184 0 0 0 1 -0.296539 0 0.95502 -3.78031 0 1 -0 -9.31323e-10 -0.95502 0 -0.296539 1.13591 0 0 0 1 -0.284016 0 0.958819 -3.79831 0 1 -0 -9.31323e-10 -0.958819 0 -0.284016 1.08768 0 0 0 1 -0.27144 0 0.962455 -3.81561 0 1 -0 -9.31323e-10 -0.962455 0 -0.27144 1.03928 0 0 0 1 -0.258818 0 0.965926 -3.83219 0 1 -0 -9.31323e-10 -0.965926 0 -0.258818 0.990737 0 0 0 1 -0.246154 0 0.969231 -3.84803 0 1 -0 -9.31323e-10 -0.969231 0 -0.246154 0.942065 0 0 0 1 -0.233446 0 0.97237 -3.86315 0 1 -0 -9.31323e-10 -0.97237 0 -0.233446 0.89325 0 0 0 1 -0.220696 0 0.975342 -3.87753 0 1 -0 -9.31323e-10 -0.975342 0 -0.220696 0.844308 0 0 0 1 -0.207913 0 0.978147 -3.89114 0 1 -0 -9.31323e-10 -0.978147 0 -0.207913 0.795264 0 0 0 1 -0.19509 0 0.980785 -3.90401 0 1 -0 -9.31323e-10 -0.980785 0 -0.19509 0.746094 0 0 0 1 -0.182234 0 0.983255 -3.9161 0 1 -0 -9.31323e-10 -0.983255 0 -0.182234 0.696818 0 0 0 1 -0.169351 0 0.985556 -3.92742 0 1 -0 -9.31323e-10 -0.985556 0 -0.169351 0.647463 0 0 0 1 -0.156434 0 0.987688 -3.93795 0 1 -0 -9.31323e-10 -0.987688 0 -0.156434 0.598 0 0 0 1 -0.143491 0 0.989651 -3.94769 0 1 -0 -9.31323e-10 -0.989651 0 -0.143491 0.548455 0 0 0 1 -0.130527 0 0.991445 -3.95663 0 1 -0 -9.31323e-10 -0.991445 0 -0.130527 0.498847 0 0 0 1 -0.117537 0 0.993068 -3.96476 0 1 -0 -9.31323e-10 -0.993068 0 -0.117537 0.449156 0 0 0 1 -0.104527 0 0.994522 -3.97206 0 1 -0 -9.31323e-10 -0.994522 0 -0.104527 0.399402 0 0 0 1 -0.0915033 0 0.995805 -3.97854 0 1 -0 -9.31323e-10 -0.995805 0 -0.0915033 0.349609 0 0 0 1 -0.0784589 0 0.996917 -3.98418 0 1 -0 -9.31323e-10 -0.996917 0 -0.0784589 0.29975 0 0 0 1 -0.0654019 0 0.997859 -3.98898 0 1 -0 -9.31323e-10 -0.997859 0 -0.0654019 0.249851 0 0 0 1 -0.0523373 0 0.998629 -3.99292 0 1 -0 -9.31323e-10 -0.998629 0 -0.0523373 0.199931 0 0 0 1 -0.0392597 0 0.999229 -3.99601 0 1 -0 -9.31323e-10 -0.999229 0 -0.0392597 0.149968 0 0 0 1 -0.026175 0 0.999657 -3.99822 0 1 -0 -9.31323e-10 -0.999657 0 -0.026175 0.099985 0 0 0 1 -0.0130907 0 0.999914 -3.99955 0 1 -0 -9.31323e-10 -0.999914 0 -0.0130907 0.0500044 0 0 0 1 1.78814e-07 0 1 -4 0 1 -0 -9.31323e-10 -1 0 1.78814e-07 0 0 0 0 1 0.0130914 0 0.999914 -3.99962 0 1 -0 -9.31323e-10 -0.999914 0 0.0130914 -0.0500046 0 0 0 1 0.0261762 0 0.999657 -3.99849 0 1 -0 -9.31323e-10 -0.999657 0 0.0261762 -0.099985 0 0 0 1 0.03926 0 0.999229 -3.99663 0 1 -0 -9.31323e-10 -0.999229 0 0.03926 -0.149969 0 0 0 1 0.0523375 0 0.998629 -3.99407 0 1 -0 -9.31323e-10 -0.998629 0 0.0523375 -0.19993 0 0 0 1 0.0654026 0 0.997859 -3.99083 0 1 -0 -9.31323e-10 -0.997859 0 0.0654026 -0.249851 0 0 0 1 0.0784597 0 0.996917 -3.98691 0 1 -0 -9.31323e-10 -0.996917 0 0.0784597 -0.29975 0 0 0 1 0.091503 0 0.995805 -3.98235 0 1 -0 -9.31323e-10 -0.995805 0 0.091503 -0.349609 0 0 0 1 0.104527 0 0.994522 -3.97715 0 1 -0 -9.31323e-10 -0.994522 0 0.104527 -0.399402 0 0 0 1 0.117538 0 0.993068 -3.97134 0 1 -0 -9.31323e-10 -0.993068 0 0.117538 -0.449156 0 0 0 1 0.130528 0 0.991445 -3.96492 0 1 -0 -9.31323e-10 -0.991445 0 0.130528 -0.498847 0 0 0 1 0.143492 0 0.989651 -3.95791 0 1 -0 -9.31323e-10 -0.989651 0 0.143492 -0.548455 0 0 0 1 0.156435 0 0.987688 -3.95033 0 1 -0 -9.31323e-10 -0.987688 0 0.156435 -0.598 0 0 0 1 0.169351 0 0.985556 -3.94217 0 1 -0 -9.31323e-10 -0.985556 0 0.169351 -0.647463 0 0 0 1 0.182234 0 0.983255 -3.93347 0 1 -0 -9.31323e-10 -0.983255 0 0.182234 -0.696818 0 0 0 1 0.19509 0 0.980785 -3.92421 0 1 -0 -9.31323e-10 -0.980785 0 0.19509 -0.746094 0 0 0 1 0.207914 0 0.978147 -3.91443 0 1 -0 -9.31323e-10 -0.978147 0 0.207914 -0.795265 0 0 0 1 0.220696 0 0.975343 -3.90412 0 1 -0 -9.31323e-10 -0.975343 0 0.220696 -0.844308 0 0 0 1 0.233445 0 0.97237 -3.89329 0 1 -0 -9.31323e-10 -0.97237 0 0.233445 -0.89325 0 0 0 1 0.246155 0 0.96923 -3.88196 0 1 -0 -9.31323e-10 -0.96923 0 0.246155 -0.942065 0 0 0 1 0.258818 0 0.965926 -3.87013 0 1 -0 -9.31323e-10 -0.965926 0 0.258818 -0.990737 0 0 0 1 0.271441 0 0.962455 -3.8578 0 1 -0 -9.31323e-10 -0.962455 0 0.271441 -1.03928 0 0 0 1 0.284017 0 0.958819 -3.84499 0 1 -0 -9.31323e-10 -0.958819 0 0.284017 -1.08768 0 0 0 1 0.29654 0 0.95502 -3.83171 0 1 -0 -9.31323e-10 -0.95502 0 0.29654 -1.13591 0 0 0 1 0.309017 0 0.951056 -3.81795 0 1 -0 -9.31323e-10 -0.951056 0 0.309017 -1.184 0 0 0 1 0.32144 0 0.94693 -3.80372 0 1 -0 -9.31323e-10 -0.94693 0 0.32144 -1.23192 0 0 0 1 0.333806 0 0.942642 -3.78904 0 1 -0 -9.31323e-10 -0.942642 0 0.333806 -1.27965 0 0 0 1 0.346117 0 0.938191 -3.7739 0 1 -0 -9.31323e-10 -0.938191 0 0.346117 -1.32722 0 0 0 1 0.35837 0 0.93358 -3.75831 0 1 -0 -9.31323e-10 -0.93358 0 0.35837 -1.3746 0 0 0 1 0.370556 0 0.92881 -3.74228 0 1 -0 -9.31323e-10 -0.92881 0 0.370556 -1.42177 0 0 0 1 0.382684 0 0.923879 -3.7258 0 1 -0 -9.31323e-10 -0.923879 0 0.382684 -1.46875 0 0 0 1 0.394746 0 0.91879 -3.70888 0 1 -0 -9.31323e-10 -0.91879 0 0.394746 -1.51553 0 0 0 1 0.406736 0 0.913546 -3.69154 0 1 -0 -9.31323e-10 -0.913546 0 0.406736 -1.56207 0 0 0 1 0.41866 0 0.908143 -3.67376 0 1 -0 -9.31323e-10 -0.908143 0 0.41866 -1.60841 0 0 0 1 0.430513 0 0.902584 -3.65555 0 1 -0 -9.31323e-10 -0.902584 0 0.430513 -1.65451 0 0 0 1 0.442288 0 0.896873 -3.63692 0 1 -0 -9.31323e-10 -0.896873 0 0.442288 -1.70037 0 0 0 1 0.45399 0 0.891006 -3.61787 0 1 -0 -9.31323e-10 -0.891006 0 0.45399 -1.746 0 0 0 1 0.465616 0 0.884987 -3.5984 0 1 -0 -9.31323e-10 -0.884987 0 0.465616 -1.79138 0 0 0 1 0.477158 0 0.878818 -3.57851 0 1 -0 -9.31323e-10 -0.878818 0 0.477158 -1.83649 0 0 0 1 0.488621 0 0.872496 -3.55821 0 1 -0 -9.31323e-10 -0.872496 0 0.488621 -1.88134 0 0 0 1 0.500001 0 0.866025 -3.53749 0 1 -0 -9.31323e-10 -0.866025 0 0.500001 -1.92593 0 0 0 1 0.511292 0 0.859407 -3.51637 0 1 -0 -9.31323e-10 -0.859407 0 0.511292 -1.97023 0 0 0 1 0.522499 0 0.85264 -3.49482 0 1 -0 -9.31323e-10 -0.85264 0 0.522499 -2.01425 0 0 0 1 0.533616 0 0.845727 -3.47287 0 1 -0 -9.31323e-10 -0.845727 0 0.533616 -2.05798 0 0 0 1 0.544638 0 0.838671 -3.45052 0 1 -0 -9.31323e-10 -0.838671 0 0.544638 -2.1014 0 0 0 1 0.55557 0 0.83147 -3.42776 0 1 -0 -9.31323e-10 -0.83147 0 0.55557 -2.14453 0 0 0 1 0.566408 0 0.824125 -3.40458 0 1 -0 -9.31323e-10 -0.824125 0 0.566408 -2.18735 0 0 0 1 0.577144 0 0.816642 -3.381 0 1 -0 -9.31323e-10 -0.816642 0 0.577144 -2.22983 0 0 0 1 0.587786 0 0.809017 -3.35701 0 1 -0 -9.31323e-10 -0.809017 0 0.587786 -2.272 0 0 0 1 0.598325 0 0.801253 -3.33262 0 1 -0 -9.31323e-10 -0.801253 0 0.598325 -2.31384 0 0 0 1 0.608761 0 0.793354 -3.30782 0 1 -0 -9.31323e-10 -0.793354 0 0.608761 -2.35532 0 0 0 1 0.619094 0 0.785317 -3.2826 0 1 -0 -9.31323e-10 -0.785317 0 0.619094 -2.39647 0 0 0 1 0.629322 0 0.777145 -3.25698 0 1 -0 -9.31323e-10 -0.777145 0 0.629322 -2.43726 0 0 0 1 0.639438 0 0.768843 -3.23095 0 1 -0 -9.31323e-10 -0.768843 0 0.639438 -2.47768 0 0 0 1 0.649448 0 0.760406 -3.2045 0 1 -0 -9.31323e-10 -0.760406 0 0.649448 -2.51775 0 0 0 1 0.659347 0 0.751839 -3.17764 0 1 -0 -9.31323e-10 -0.751839 0 0.659347 -2.55744 0 0 0 1 0.66913 0 0.743145 -3.15037 0 1 -0 -9.31323e-10 -0.743145 0 0.66913 -2.59674 0 0 0 1 0.678801 0 0.734322 -3.12268 0 1 -0 -9.31323e-10 -0.734322 0 0.678801 -2.63566 0 0 0 1 0.688356 0 0.725373 -3.09456 0 1 -0 -9.31323e-10 -0.725373 0 0.688356 -2.67418 0 0 0 1 0.697789 0 0.716303 -3.06604 0 1 -0 -9.31323e-10 -0.716303 0 0.697789 -2.71229 0 0 0 1 0.707107 0 0.707106 -3.03707 0 1 -0 -9.31323e-10 -0.707106 0 0.707107 -2.75 0 0 0 1 0.716303 0 0.697789 -3.00768 0 1 -0 -9.31323e-10 -0.697789 0 0.716303 -2.7873 0 0 0 1 0.725373 0 0.688356 -2.97787 0 1 -0 -9.31323e-10 -0.688356 0 0.725373 -2.82415 0 0 0 1 0.734322 0 0.678801 -2.94761 0 1 -0 -9.31323e-10 -0.678801 0 0.734322 -2.86059 0 0 0 1 0.743146 0 0.66913 -2.91691 0 1 -0 -9.31323e-10 -0.66913 0 0.743146 -2.8966 0 0 0 1 0.751839 0 0.659346 -2.88578 0 1 -0 -9.31323e-10 -0.659346 0 0.751839 -2.93214 0 0 0 1 0.760406 0 0.649448 -2.8542 0 1 -0 -9.31323e-10 -0.649448 0 0.760406 -2.96725 0 0 0 1 0.768843 0 0.639437 -2.82216 0 1 -0 -9.31323e-10 -0.639437 0 0.768843 -3.0019 0 0 0 1 0.777145 0 0.629322 -2.78967 0 1 -0 -9.31323e-10 -0.629322 0 0.777145 -3.03607 0 0 0 1 0.785317 0 0.619093 -2.75671 0 1 -0 -9.31323e-10 -0.619093 0 0.785317 -3.06978 0 0 0 1 0.793354 0 0.60876 -2.72328 0 1 -0 -9.31323e-10 -0.60876 0 0.793354 -3.10301 0 0 0 1 0.801253 0 0.598325 -2.68938 0 1 -0 -9.31323e-10 -0.598325 0 0.801253 -3.13575 0 0 0 1 0.809017 0 0.587785 -2.65499 0 1 -0 -9.31323e-10 -0.587785 0 0.809017 -3.168 0 0 0 1 0.816643 0 0.577144 -2.62011 0 1 -0 -9.31323e-10 -0.577144 0 0.816643 -3.19975 0 0 0 1 0.824126 0 0.566407 -2.58475 0 1 -0 -9.31323e-10 -0.566407 0 0.824126 -3.23099 0 0 0 1 0.83147 0 0.55557 -2.54887 0 1 -0 -9.31323e-10 -0.55557 0 0.83147 -3.26172 0 0 0 1 0.838671 0 0.544638 -2.51248 0 1 -0 -9.31323e-10 -0.544638 0 0.838671 -3.29193 0 0 0 1 0.845727 0 0.533615 -2.47558 0 1 -0 -9.31323e-10 -0.533615 0 0.845727 -3.3216 0 0 0 1 0.85264 0 0.522499 -2.43813 0 1 -0 -9.31323e-10 -0.522499 0 0.85264 -3.35075 0 0 0 1 0.859407 0 0.511292 -2.40014 0 1 -0 -9.31323e-10 -0.511292 0 0.859407 -3.37936 0 0 0 1 0.866025 0 0.500001 -2.3616 0 1 -0 -9.31323e-10 -0.500001 0 0.866025 -3.4074 0 0 0 1 0.872496 0 0.488621 -2.32249 0 1 -0 -9.31323e-10 -0.488621 0 0.872496 -3.43491 0 0 0 1 0.878818 0 0.477157 -2.28281 0 1 -0 -9.31323e-10 -0.477157 0 0.878818 -3.46185 0 0 0 1 0.884987 0 0.465616 -2.24254 0 1 -0 -9.31323e-10 -0.465616 0 0.884987 -3.48821 0 0 0 1 0.891006 0 0.453991 -2.20166 0 1 -0 -9.31323e-10 -0.453991 0 0.891006 -3.514 0 0 0 1 0.896873 0 0.442288 -2.16015 0 1 -0 -9.31323e-10 -0.442288 0 0.896873 -3.53921 0 0 0 1 0.902585 0 0.430512 -2.11802 0 1 -0 -9.31323e-10 -0.430512 0 0.902585 -3.56382 0 0 0 1 0.908144 0 0.418659 -2.07523 0 1 -0 -9.31323e-10 -0.418659 0 0.908144 -3.58784 0 0 0 1 0.913546 0 0.406735 -2.03176 0 1 -0 -9.31323e-10 -0.406735 0 0.913546 -3.61126 0 0 0 1 0.918791 0 0.394745 -1.98762 0 1 -0 -9.31323e-10 -0.394745 0 0.918791 -3.63406 0 0 0 1 0.923879 0 0.382684 -1.94275 0 1 -0 -9.31323e-10 -0.382684 0 0.923879 -3.65625 0 0 0 1 0.92881 0 0.370557 -1.89714 0 1 -0 -9.31323e-10 -0.370557 0 0.92881 -3.67781 0 0 0 1 0.93358 0 0.35837 -1.85079 0 1 -0 -9.31323e-10 -0.35837 0 0.93358 -3.69874 0 0 0 1 0.938192 0 0.346117 -1.80364 0 1 -0 -9.31323e-10 -0.346117 0 0.938192 -3.71903 0 0 0 1 0.942642 0 0.333806 -1.75568 0 1 -0 -9.31323e-10 -0.333806 0 0.942642 -3.73868 0 0 0 1 0.94693 0 0.32144 -1.70688 0 1 -0 -9.31323e-10 -0.32144 0 0.94693 -3.75767 0 0 0 1 0.951056 0 0.309017 -1.65719 0 1 -0 -9.31323e-10 -0.309017 0 0.951056 -3.776 0 0 0 1 0.955021 0 0.296539 -1.60659 0 1 -0 -9.31323e-10 -0.296539 0 0.955021 -3.79367 0 0 0 1 0.95882 0 0.284015 -1.55506 0 1 -0 -9.31323e-10 -0.284015 0 0.95882 -3.81066 0 0 0 1 0.962455 0 0.27144 -1.50251 0 1 -0 -9.31323e-10 -0.27144 0 0.962455 -3.82697 0 0 0 1 0.965926 0 0.258818 -1.44892 0 1 -0 -9.31323e-10 -0.258818 0 0.965926 -3.84259 0 0 0 1 0.969231 0 0.246154 -1.39425 0 1 -0 -9.31323e-10 -0.246154 0 0.969231 -3.85752 0 0 0 1 0.97237 0 0.233445 -1.33842 0 1 -0 -9.31323e-10 -0.233445 0 0.97237 -3.87175 0 0 0 1 0.975343 0 0.220696 -1.28138 0 1 -0 -9.31323e-10 -0.220696 0 0.975343 -3.88527 0 0 0 1 0.978147 0 0.207912 -1.22307 0 1 -0 -9.31323e-10 -0.207912 0 0.978147 -3.89807 0 0 0 1 0.980785 0 0.195089 -1.1634 0 1 -0 -9.31323e-10 -0.195089 0 0.980785 -3.91016 0 0 0 1 0.983255 0 0.182233 -1.10228 0 1 -0 -9.31323e-10 -0.182233 0 0.983255 -3.92151 0 0 0 1 0.985556 0 0.169349 -1.03965 0 1 -0 -9.31323e-10 -0.169349 0 0.985556 -3.93212 0 0 0 1 0.987688 0 0.156434 -0.975352 0 1 -0 -9.31323e-10 -0.156434 0 0.987688 -3.942 0 0 0 1 0.989652 0 0.14349 -0.909288 0 1 -0 -9.31323e-10 -0.14349 0 0.989652 -3.95112 0 0 0 1 0.991445 0 0.130526 -0.841334 0 1 -0 -9.31323e-10 -0.130526 0 0.991445 -3.95949 0 0 0 1 0.993068 0 0.117539 -0.771294 0 1 -0 -9.31323e-10 -0.117539 0 0.993068 -3.96709 0 0 0 1 0.994522 0 0.104525 -0.698993 0 1 -0 -9.31323e-10 -0.104525 0 0.994522 -3.97393 0 0 0 1 0.995805 0 0.0915025 -0.624239 0 1 -0 -9.31323e-10 -0.0915025 0 0.995805 -3.97998 0 0 0 1 0.996917 0 0.0784572 -0.546719 0 1 -0 -9.31323e-10 -0.0784572 0 0.996917 -3.98525 0 0 0 1 0.997859 0 0.0654077 -0.466144 0 1 -0 -9.31323e-10 -0.0654077 0 0.997859 -3.98973 0 0 0 1 0.998629 0 0.0523399 -0.382154 0 1 -0 -9.31323e-10 -0.0523399 0 0.998629 -3.99341 0 0 0 1 0.999229 0 0.03926 -0.294228 0 1 -0 -9.31323e-10 -0.03926 0 0.999229 -3.99628 0 0 0 1 0.999658 0 0.0261647 -0.201783 0 1 -0 -9.31323e-10 -0.0261647 0 0.999658 -3.99834 0 0 0 1 0.999915 0 0.0130652 -0.104077 0 1 -0 -9.31323e-10 -0.0130652 0 0.999915 -3.99958 0 0 0 1 1 0 0 0 0 1 0 -9.31323e-10 0 0 1 -4 0 0 0 1 </float_array>
     <technique_common>
      <accessor source="#cloud-clean_move_003_transform5-array" count="481" stride="16">
       <param name="TRANSFORM" type="float4x4"/>
      </accessor>
     </technique_common>
    </source>
    <sampler id="cloud-clean_move_003_transform6">
     <input semantic="INPUT" source="#genericSource2"/>
     <input semantic="OUTPUT" source="#genericSource4"/>
    </sampler>
    <channel source="#cloud-clean_move_003_transform6" target="cloud-clean/SID_1"/>
   </animation>
  </animation>
 </library_animations>
 <library_geometries>
  <geometry id="geometry7">
   <mesh>
    <source id="geometrySource8">
     <float_array id="ID9-array" count="5952">0.00302553 0.444425 -0.830957 0.00302529 0.617312 -0.923368 0.183265 0.617312 -0.905616 0.165237 0.444425 -0.814982 0.00302529 1.7071 -0.706595 0.00302529 1.83147 -0.555059 0.111412 1.83147 -0.544384 0.140975 1.7071 -0.693009 0.00302553 0.292888 -0.706595 0.00302553 0.444425 -0.830957 0.165237 0.444425 -0.814982 0.140975 0.292888 -0.693009 0.00302529 1.55556 -0.830958 0.00302529 1.7071 -0.706595 0.140975 1.7071 -0.693009 0.165237 1.55556 -0.814982 0.00302529 0.168526 -0.555059 0.00302553 0.292888 -0.706595 0.140975 0.292888 -0.693009 0.111412 0.168526 -0.544384 0.00302529 1.38268 -0.923368 0.00302529 1.55556 -0.830958 0.165237 1.55556 -0.814982 0.183265 1.38268 -0.905616 0.00302529 0.0761156 -0.382172 0.00302529 0.168526 -0.555059 0.111412 0.168526 -0.544384 0.0776832 0.0761156 -0.374819 0.00302529 1.19509 -0.980274 0.00302529 1.38268 -0.923368 0.183265 1.38268 -0.905616 0.194367 1.19509 -0.961428 0.00302529 0.0192099 -0.194578 0.00302529 0.0761156 -0.382172 0.0776832 0.0761156 -0.374819 0.0410855 0.0192099 -0.19083 0.00302529 0.999995 -0.999489 0.00302529 1.19509 -0.980274 0.194367 1.19509 -0.961428 0.198115 0.999995 -0.980274 0.00302529 1.98078 -0.194579 0.00302505 1.99999 0.000511911 0.0410855 1.98078 -0.19083 0.00302529 -4.74136e-06 0.000511681 0.00302529 0.0192099 -0.194578 0.0410855 0.0192099 -0.19083 0.00302529 0.804905 -0.980274 0.00302529 0.999995 -0.999489 0.198115 0.999995 -0.980274 0.194367 0.804905 -0.961428 0.00302529 1.92387 -0.382172 0.00302529 1.98078 -0.194579 0.0410855 1.98078 -0.19083 0.0776832 1.92387 -0.374819 0.00302529 0.617312 -0.923368 0.00302529 0.804905 -0.980274 0.194367 0.804905 -0.961428 0.183265 0.617312 -0.905616 0.00302529 1.83147 -0.555059 0.00302529 1.92387 -0.382172 0.0776832 1.92387 -0.374819 0.111412 1.83147 -0.544384 0.183265 0.617312 -0.905616 0.194367 0.804905 -0.961428 0.378356 0.804905 -0.905616 0.356579 0.617312 -0.853042 0.111412 1.83147 -0.544384 0.0776832 1.92387 -0.374819 0.149472 1.92387 -0.353042 0.215633 1.83147 -0.512769 0.165237 0.444425 -0.814982 0.183265 0.617312 -0.905616 0.356579 0.617312 -0.853042 0.321215 0.444425 -0.767666 0.140975 1.7071 -0.693009 0.111412 1.83147 -0.544384 0.215633 1.83147 -0.512769 0.273623 1.7071 -0.65277 0.140975 0.292888 -0.693009 0.165237 0.444425 -0.814982 0.321215 0.444425 -0.767666 0.273623 0.292888 -0.65277 0.165237 1.55556 -0.814982 0.140975 1.7071 -0.693009 0.273623 1.7071 -0.65277 0.321215 1.55556 -0.767666 0.111412 0.168526 -0.544384 0.140975 0.292888 -0.693009 0.273623 0.292888 -0.65277 0.215633 0.168526 -0.512769 0.183265 1.38268 -0.905616 0.165237 1.55556 -0.814982 0.321215 1.55556 -0.767666 0.356579 1.38268 -0.853042 0.0776832 0.0761156 -0.374819 0.111412 0.168526 -0.544384 0.215633 0.168526 -0.512769 0.149472 0.0761156 -0.353042 0.194367 1.19509 -0.961428 0.183265 1.38268 -0.905616 0.356579 1.38268 -0.853042 0.378356 1.19509 -0.905616 0.0410855 0.0192099 -0.19083 0.0776832 0.0761156 -0.374819 0.149472 0.0761156 -0.353042 0.0776832 0.0192099 -0.179728 0.198115 0.999995 -0.980274 0.194367 1.19509 -0.961428 0.378356 1.19509 -0.905616 0.385709 0.999995 -0.923368 0.0410855 1.98078 -0.19083 0.00302505 1.99999 0.000511911 0.0776832 1.98078 -0.179729 0.00302529 -4.74136e-06 0.000511681 0.0410855 0.0192099 -0.19083 0.0776832 0.0192099 -0.179728 0.194367 0.804905 -0.961428 0.198115 0.999995 -0.980274 0.385709 0.999995 -0.923368 0.378356 0.804905 -0.905616 0.0776832 1.92387 -0.374819 0.0410855 1.98078 -0.19083 0.0776832 1.98078 -0.179729 0.149472 1.92387 -0.353042 0.149472 0.0761156 -0.353042 0.215633 0.168526 -0.512769 0.311684 0.168526 -0.461428 0.215633 0.0761156 -0.317678 0.378356 1.19509 -0.905616 0.356579 1.38268 -0.853042 0.516306 1.38268 -0.767666 0.547921 1.19509 -0.814982 0.0776832 0.0192099 -0.179728 0.149472 0.0761156 -0.353042 0.215633 0.0761156 -0.317678 0.111412 0.0192099 -0.1617 0.385709 0.999995 -0.923368 0.378356 1.19509 -0.905616 0.547921 1.19509 -0.814982 0.558596 0.999995 -0.830958 0.0776832 1.98078 -0.179729 0.00302505 1.99999 0.000511911 0.111412 1.98078 -0.1617 0.00302529 -4.74136e-06 0.000511681 0.0776832 0.0192099 -0.179728 0.111412 0.0192099 -0.1617 0.378356 0.804905 -0.905616 0.385709 0.999995 -0.923368 0.558596 0.999995 -0.830958 0.547921 0.804905 -0.814982 0.149472 1.92387 -0.353042 0.0776832 1.98078 -0.179729 0.111412 1.98078 -0.1617 0.215633 1.92387 -0.317678 0.356579 0.617312 -0.853042 0.378356 0.804905 -0.905616 0.547921 0.804905 -0.814982 0.516306 0.617312 -0.767666 0.215633 1.83147 -0.512769 0.149472 1.92387 -0.353042 0.215633 1.92387 -0.317678 0.311684 1.83147 -0.461428 0.321215 0.444425 -0.767666 0.356579 0.617312 -0.853042 0.516306 0.617312 -0.767666 0.464965 0.444425 -0.69083 0.273623 1.7071 -0.65277 0.215633 1.83147 -0.512769 0.311684 1.83147 -0.461428 0.395873 1.7071 -0.587426 0.273623 0.292888 -0.65277 0.321215 0.444425 -0.767666 0.464965 0.444425 -0.69083 0.395873 0.292888 -0.587426 0.321215 1.55556 -0.767666 0.273623 1.7071 -0.65277 0.395873 1.7071 -0.587426 0.464965 1.55556 -0.69083 0.215633 0.168526 -0.512769 0.273623 0.292888 -0.65277 0.395873 0.292888 -0.587426 0.311684 0.168526 -0.461428 0.356579 1.38268 -0.853042 0.321215 1.55556 -0.767666 0.464965 1.55556 -0.69083 0.516306 1.38268 -0.767666 0.311684 1.83147 -0.461428 0.215633 1.92387 -0.317678 0.273624 1.92387 -0.270087 0.395873 1.83147 -0.392336 0.464965 0.444425 -0.69083 0.516306 0.617312 -0.767666 0.656307 0.617312 -0.65277 0.590963 0.444425 -0.587426 0.395873 1.7071 -0.587426 0.311684 1.83147 -0.461428 0.395873 1.83147 -0.392336 0.503025 1.7071 -0.499489 0.395873 0.292888 -0.587426 0.464965 0.444425 -0.69083 0.590963 0.444425 -0.587426 0.503025 0.292888 -0.499489 0.464965 1.55556 -0.69083 0.395873 1.7071 -0.587426 0.503025 1.7071 -0.499489 0.590963 1.55556 -0.587426 0.311684 0.168526 -0.461428 0.395873 0.292888 -0.587426 0.503025 0.292888 -0.499489 0.395873 0.168526 -0.392336 0.516306 1.38268 -0.767666 0.464965 1.55556 -0.69083 0.590963 1.55556 -0.587426 0.656307 1.38268 -0.65277 0.215633 0.0761156 -0.317678 0.311684 0.168526 -0.461428 0.395873 0.168526 -0.392336 0.273623 0.0761156 -0.270086 0.547921 1.19509 -0.814982 0.516306 1.38268 -0.767666 0.656307 1.38268 -0.65277 0.696545 1.19509 -0.693008 0.111412 0.0192099 -0.1617 0.215633 0.0761156 -0.317678 0.273623 0.0761156 -0.270086 0.140975 0.0192099 -0.137438 0.558596 0.999995 -0.830958 0.547921 1.19509 -0.814982 0.696545 1.19509 -0.693008 0.710132 0.999995 -0.706595 0.111412 1.98078 -0.1617 0.00302505 1.99999 0.000511911 0.140975 1.98078 -0.137438 0.00302529 -4.74136e-06 0.000511681 0.111412 0.0192099 -0.1617 0.140975 0.0192099 -0.137438 0.547921 0.804905 -0.814982 0.558596 0.999995 -0.830958 0.710132 0.999995 -0.706595 0.696545 0.804905 -0.693008 0.215633 1.92387 -0.317678 0.111412 1.98078 -0.1617 0.140975 1.98078 -0.137438 0.273624 1.92387 -0.270087 0.516306 0.617312 -0.767666 0.547921 0.804905 -0.814982 0.696545 0.804905 -0.693008 0.656307 0.617312 -0.65277 0.696545 1.19509 -0.693008 0.656307 1.38268 -0.65277 0.771203 1.38268 -0.512769 0.818519 1.19509 -0.544384 0.140975 0.0192099 -0.137438 0.273623 0.0761156 -0.270086 0.321215 0.0761156 -0.212096 0.165237 0.0192099 -0.107875 0.710132 0.999995 -0.706595 0.696545 1.19509 -0.693008 0.818519 1.19509 -0.544384 0.834495 0.999995 -0.555059 0.140975 1.98078 -0.137438 0.00302505 1.99999 0.000511911 0.165237 1.98078 -0.107875 0.00302529 -4.74136e-06 0.000511681 0.140975 0.0192099 -0.137438 0.165237 0.0192099 -0.107875 0.696545 0.804905 -0.693008 0.710132 0.999995 -0.706595 0.834495 0.999995 -0.555059 0.818519 0.804905 -0.544384 0.273624 1.92387 -0.270087 0.140975 1.98078 -0.137438 0.165237 1.98078 -0.107875 0.321215 1.92387 -0.212096 0.656307 0.617312 -0.65277 0.696545 0.804905 -0.693008 0.818519 0.804905 -0.544384 0.771203 0.617312 -0.512769 0.395873 1.83147 -0.392336 0.273624 1.92387 -0.270087 0.321215 1.92387 -0.212096 0.464965 1.83147 -0.308147 0.590963 0.444425 -0.587426 0.656307 0.617312 -0.65277 0.771203 0.617312 -0.512769 0.694367 0.444425 -0.461428 0.503025 1.7071 -0.499489 0.395873 1.83147 -0.392336 0.464965 1.83147 -0.308147 0.590963 1.7071 -0.392336 0.503025 0.292888 -0.499489 0.590963 0.444425 -0.587426 0.694367 0.444425 -0.461428 0.590963 0.292888 -0.392336 0.590963 1.55556 -0.587426 0.503025 1.7071 -0.499489 0.590963 1.7071 -0.392336 0.694367 1.55556 -0.461428 0.395873 0.168526 -0.392336 0.503025 0.292888 -0.499489 0.590963 0.292888 -0.392336 0.464965 0.168526 -0.308147 0.656307 1.38268 -0.65277 0.590963 1.55556 -0.587426 0.694367 1.55556 -0.461428 0.771203 1.38268 -0.512769 0.273623 0.0761156 -0.270086 0.395873 0.168526 -0.392336 0.464965 0.168526 -0.308147 0.321215 0.0761156 -0.212096 0.694367 0.444425 -0.461428 0.771203 0.617312 -0.512769 0.856579 0.617312 -0.353042 0.771203 0.444425 -0.317678 0.590963 1.7071 -0.392336 0.464965 1.83147 -0.308147 0.516306 1.83147 -0.212096 0.656307 1.7071 -0.270086 0.590963 0.292888 -0.392336 0.694367 0.444425 -0.461428 0.771203 0.444425 -0.317678 0.656307 0.292888 -0.270086 0.694367 1.55556 -0.461428 0.590963 1.7071 -0.392336 0.656307 1.7071 -0.270086 0.771203 1.55556 -0.317678 0.464965 0.168526 -0.308147 0.590963 0.292888 -0.392336 0.656307 0.292888 -0.270086 0.516306 0.168526 -0.212096 0.771203 1.38268 -0.512769 0.694367 1.55556 -0.461428 0.771203 1.55556 -0.317678 0.856579 1.38268 -0.353042 0.321215 0.0761156 -0.212096 0.464965 0.168526 -0.308147 0.516306 0.168526 -0.212096 0.356579 0.0761156 -0.145935 0.818519 1.19509 -0.544384 0.771203 1.38268 -0.512769 0.856579 1.38268 -0.353042 0.909153 1.19509 -0.374819 0.165237 0.0192099 -0.107875 0.321215 0.0761156 -0.212096 0.356579 0.0761156 -0.145935 0.183265 0.0192099 -0.0741462 0.834495 0.999995 -0.555059 0.818519 1.19509 -0.544384 0.909153 1.19509 -0.374819 0.926905 0.999995 -0.382172 0.165237 1.98078 -0.107875 0.00302505 1.99999 0.000511911 0.183265 1.98078 -0.0741463 0.00302529 -4.74136e-06 0.000511681 0.165237 0.0192099 -0.107875 0.183265 0.0192099 -0.0741462 0.818519 0.804905 -0.544384 0.834495 0.999995 -0.555059 0.926905 0.999995 -0.382172 0.909153 0.804905 -0.374819 0.321215 1.92387 -0.212096 0.165237 1.98078 -0.107875 0.183265 1.98078 -0.0741463 0.356579 1.92387 -0.145935 0.771203 0.617312 -0.512769 0.818519 0.804905 -0.544384 0.909153 0.804905 -0.374819 0.856579 0.617312 -0.353042 0.464965 1.83147 -0.308147 0.321215 1.92387 -0.212096 0.356579 1.92387 -0.145935 0.516306 1.83147 -0.212096 0.183265 0.0192099 -0.0741462 0.356579 0.0761156 -0.145935 0.378356 0.0761156 -0.0741462 0.194367 0.0192099 -0.0375485 0.926905 0.999995 -0.382172 0.909153 1.19509 -0.374819 0.964965 1.19509 -0.19083 0.983811 0.999995 -0.194579 0.183265 1.98078 -0.0741463 0.00302505 1.99999 0.000511911 0.194367 1.98078 -0.0375486 0.00302529 -4.74136e-06 0.000511681 0.183265 0.0192099 -0.0741462 0.194367 0.0192099 -0.0375485 0.909153 0.804905 -0.374819 0.926905 0.999995 -0.382172 0.983811 0.999995 -0.194579 0.964965 0.804905 -0.19083 0.356579 1.92387 -0.145935 0.183265 1.98078 -0.0741463 0.194367 1.98078 -0.0375486 0.378356 1.92387 -0.0741462 0.856579 0.617312 -0.353042 0.909153 0.804905 -0.374819 0.964965 0.804905 -0.19083 0.909153 0.617312 -0.179728 0.516306 1.83147 -0.212096 0.356579 1.92387 -0.145935 0.378356 1.92387 -0.0741462 0.547921 1.83147 -0.107875 0.771203 0.444425 -0.317678 0.856579 0.617312 -0.353042 0.909153 0.617312 -0.179728 0.818519 0.444425 -0.1617 0.656307 1.7071 -0.270086 0.516306 1.83147 -0.212096 0.547921 1.83147 -0.107875 0.696545 1.7071 -0.137438 0.656307 0.292888 -0.270086 0.771203 0.444425 -0.317678 0.818519 0.444425 -0.1617 0.696545 0.292888 -0.137438 0.771203 1.55556 -0.317678 0.656307 1.7071 -0.270086 0.696545 1.7071 -0.137438 0.818519 1.55556 -0.1617 0.516306 0.168526 -0.212096 0.656307 0.292888 -0.270086 0.696545 0.292888 -0.137438 0.547921 0.168526 -0.107875 0.856579 1.38268 -0.353042 0.771203 1.55556 -0.317678 0.818519 1.55556 -0.1617 0.909153 1.38268 -0.179728 0.356579 0.0761156 -0.145935 0.516306 0.168526 -0.212096 0.547921 0.168526 -0.107875 0.378356 0.0761156 -0.0741462 0.909153 1.19509 -0.374819 0.856579 1.38268 -0.353042 0.909153 1.38268 -0.179728 0.964965 1.19509 -0.19083 0.696545 1.7071 -0.137438 0.547921 1.83147 -0.107875 0.558596 1.83147 0.000511666 0.710132 1.7071 0.000511674 0.696545 0.292888 -0.137438 0.818519 0.444425 -0.1617 0.834495 0.444425 0.000511689 0.710132 0.292888 0.000511674 0.818519 1.55556 -0.1617 0.696545 1.7071 -0.137438 0.710132 1.7071 0.000511674 0.834495 1.55556 0.000511689 0.547921 0.168526 -0.107875 0.696545 0.292888 -0.137438 0.710132 0.292888 0.000511674 0.558596 0.168526 0.000511696 0.909153 1.38268 -0.179728 0.818519 1.55556 -0.1617 0.834495 1.55556 0.000511689 0.926905 1.38268 0.000511629 0.378356 0.0761156 -0.0741462 0.547921 0.168526 -0.107875 0.558596 0.168526 0.000511696 0.385709 0.0761156 0.000511659 0.964965 1.19509 -0.19083 0.909153 1.38268 -0.179728 0.926905 1.38268 0.000511629 0.983811 1.19509 0.000511748 0.194367 0.0192099 -0.0375485 0.378356 0.0761156 -0.0741462 0.385709 0.0761156 0.000511659 0.198115 0.0192099 0.000511663 0.983811 0.999995 -0.194579 0.964965 1.19509 -0.19083 0.983811 1.19509 0.000511748 1.00303 0.999995 0.000511733 0.194367 1.98078 -0.0375486 0.00302505 1.99999 0.000511911 0.198116 1.98078 0.000511682 0.00302529 -4.74136e-06 0.000511681 0.194367 0.0192099 -0.0375485 0.198115 0.0192099 0.000511663 0.964965 0.804905 -0.19083 0.983811 0.999995 -0.194579 1.00303 0.999995 0.000511733 0.983811 0.804905 0.000511748 0.378356 1.92387 -0.0741462 0.194367 1.98078 -0.0375486 0.198116 1.98078 0.000511682 0.385709 1.92387 0.000511674 0.909153 0.617312 -0.179728 0.964965 0.804905 -0.19083 0.983811 0.804905 0.000511748 0.926905 0.617312 0.000511584 0.547921 1.83147 -0.107875 0.378356 1.92387 -0.0741462 0.385709 1.92387 0.000511674 0.558596 1.83147 0.000511666 0.818519 0.444425 -0.1617 0.909153 0.617312 -0.179728 0.926905 0.617312 0.000511584 0.834495 0.444425 0.000511689 1.00303 0.999995 0.000511733 0.983811 1.19509 0.000511748 0.964965 1.19509 0.191853 0.983811 0.999995 0.195602 0.198116 1.98078 0.000511682 0.00302505 1.99999 0.000511911 0.194367 1.98078 0.038572 0.00302529 -4.74136e-06 0.000511681 0.198115 0.0192099 0.000511663 0.194367 0.0192099 0.0385719 0.983811 0.804905 0.000511748 1.00303 0.999995 0.000511733 0.983811 0.999995 0.195602 0.964965 0.804905 0.191853 0.385709 1.92387 0.000511674 0.198116 1.98078 0.000511682 0.194367 1.98078 0.038572 0.378356 1.92387 0.0751696 0.926905 0.617312 0.000511584 0.983811 0.804905 0.000511748 0.964965 0.804905 0.191853 0.909153 0.617312 0.180752 0.558596 1.83147 0.000511666 0.385709 1.92387 0.000511674 0.378356 1.92387 0.0751696 0.547921 1.83147 0.108898 0.834495 0.444425 0.000511689 0.926905 0.617312 0.000511584 0.909153 0.617312 0.180752 0.818519 0.444425 0.162723 0.710132 1.7071 0.000511674 0.558596 1.83147 0.000511666 0.547921 1.83147 0.108898 0.696545 1.7071 0.138461 0.710132 0.292888 0.000511674 0.834495 0.444425 0.000511689 0.818519 0.444425 0.162723 0.696545 0.292888 0.138461 0.834495 1.55556 0.000511689 0.710132 1.7071 0.000511674 0.696545 1.7071 0.138461 0.818519 1.55556 0.162723 0.558596 0.168526 0.000511696 0.710132 0.292888 0.000511674 0.696545 0.292888 0.138461 0.547921 0.168526 0.108898 0.926905 1.38268 0.000511629 0.834495 1.55556 0.000511689 0.818519 1.55556 0.162723 0.909153 1.38268 0.180752 0.385709 0.0761156 0.000511659 0.558596 0.168526 0.000511696 0.547921 0.168526 0.108898 0.378356 0.0761156 0.0751695 0.983811 1.19509 0.000511748 0.926905 1.38268 0.000511629 0.909153 1.38268 0.180752 0.964965 1.19509 0.191853 0.198115 0.0192099 0.000511663 0.385709 0.0761156 0.000511659 0.378356 0.0761156 0.0751695 0.194367 0.0192099 0.0385719 0.696545 0.292888 0.138461 0.818519 0.444425 0.162723 0.771203 0.444425 0.318701 0.656307 0.292888 0.27111 0.818519 1.55556 0.162723 0.696545 1.7071 0.138461 0.656307 1.7071 0.27111 0.771203 1.55556 0.318701 0.547921 0.168526 0.108898 0.696545 0.292888 0.138461 0.656307 0.292888 0.27111 0.516305 0.168526 0.213119 0.909153 1.38268 0.180752 0.818519 1.55556 0.162723 0.771203 1.55556 0.318701 0.856579 1.38268 0.354065 0.378356 0.0761156 0.0751695 0.547921 0.168526 0.108898 0.516305 0.168526 0.213119 0.356579 0.0761156 0.146958 0.964965 1.19509 0.191853 0.909153 1.38268 0.180752 0.856579 1.38268 0.354065 0.909153 1.19509 0.375842 0.194367 0.0192099 0.0385719 0.378356 0.0761156 0.0751695 0.356579 0.0761156 0.146958 0.183265 0.0192099 0.0751695 0.983811 0.999995 0.195602 0.964965 1.19509 0.191853 0.909153 1.19509 0.375842 0.926905 0.999995 0.383195 0.194367 1.98078 0.038572 0.00302505 1.99999 0.000511911 0.183265 1.98078 0.0751696 0.00302529 -4.74136e-06 0.000511681 0.194367 0.0192099 0.0385719 0.183265 0.0192099 0.0751695 0.964965 0.804905 0.191853 0.983811 0.999995 0.195602 0.926905 0.999995 0.383195 0.909153 0.804905 0.375842 0.378356 1.92387 0.0751696 0.194367 1.98078 0.038572 0.183265 1.98078 0.0751696 0.356579 1.92387 0.146958 0.909153 0.617312 0.180752 0.964965 0.804905 0.191853 0.909153 0.804905 0.375842 0.856579 0.617312 0.354065 0.547921 1.83147 0.108898 0.378356 1.92387 0.0751696 0.356579 1.92387 0.146958 0.516306 1.83147 0.213119 0.818519 0.444425 0.162723 0.909153 0.617312 0.180752 0.856579 0.617312 0.354065 0.771203 0.444425 0.318701 0.696545 1.7071 0.138461 0.547921 1.83147 0.108898 0.516306 1.83147 0.213119 0.656307 1.7071 0.27111 0.00302529 -4.74136e-06 0.000511681 0.183265 0.0192099 0.0751695 0.165237 0.0192099 0.108898 0.909153 0.804905 0.375842 0.926905 0.999995 0.383195 0.834495 0.999995 0.556082 0.818518 0.804905 0.545407 0.356579 1.92387 0.146958 0.183265 1.98078 0.0751696 0.165237 1.98078 0.108898 0.321215 1.92387 0.213119 0.856579 0.617312 0.354065 0.909153 0.804905 0.375842 0.818518 0.804905 0.545407 0.771203 0.617312 0.513792 0.516306 1.83147 0.213119 0.356579 1.92387 0.146958 0.321215 1.92387 0.213119 0.464965 1.83147 0.30917 0.771203 0.444425 0.318701 0.856579 0.617312 0.354065 0.771203 0.617312 0.513792 0.694367 0.444425 0.462451 0.656307 1.7071 0.27111 0.516306 1.83147 0.213119 0.464965 1.83147 0.30917 0.590963 1.7071 0.393359 0.656307 0.292888 0.27111 0.771203 0.444425 0.318701 0.694367 0.444425 0.462451 0.590963 0.292888 0.393359 0.771203 1.55556 0.318701 0.656307 1.7071 0.27111 0.590963 1.7071 0.393359 0.694367 1.55556 0.462451 0.516305 0.168526 0.213119 0.656307 0.292888 0.27111 0.590963 0.292888 0.393359 0.464965 0.168526 0.30917 0.856579 1.38268 0.354065 0.771203 1.55556 0.318701 0.694367 1.55556 0.462451 0.771203 1.38268 0.513792 0.356579 0.0761156 0.146958 0.516305 0.168526 0.213119 0.464965 0.168526 0.30917 0.321215 0.0761156 0.213119 0.909153 1.19509 0.375842 0.856579 1.38268 0.354065 0.771203 1.38268 0.513792 0.818518 1.19509 0.545407 0.183265 0.0192099 0.0751695 0.356579 0.0761156 0.146958 0.321215 0.0761156 0.213119 0.165237 0.0192099 0.108898 0.926905 0.999995 0.383195 0.909153 1.19509 0.375842 0.818518 1.19509 0.545407 0.834495 0.999995 0.556082 0.183265 1.98078 0.0751696 0.00302505 1.99999 0.000511911 0.165237 1.98078 0.108898 0.464965 0.168526 0.30917 0.590963 0.292888 0.393359 0.503025 0.292888 0.500512 0.395873 0.168526 0.393359 0.771203 1.38268 0.513792 0.694367 1.55556 0.462451 0.590963 1.55556 0.588449 0.656307 1.38268 0.653793 0.321215 0.0761156 0.213119 0.464965 0.168526 0.30917 0.395873 0.168526 0.393359 0.273623 0.0761156 0.27111 0.818518 1.19509 0.545407 0.771203 1.38268 0.513792 0.656307 1.38268 0.653793 0.696545 1.19509 0.694031 0.165237 0.0192099 0.108898 0.321215 0.0761156 0.213119 0.273623 0.0761156 0.27111 0.140975 0.0192099 0.138461 0.834495 0.999995 0.556082 0.818518 1.19509 0.545407 0.696545 1.19509 0.694031 0.710132 0.999995 0.707619 0.165237 1.98078 0.108898 0.00302505 1.99999 0.000511911 0.140975 1.98078 0.138462 0.00302529 -4.74136e-06 0.000511681 0.165237 0.0192099 0.108898 0.140975 0.0192099 0.138461 0.818518 0.804905 0.545407 0.834495 0.999995 0.556082 0.710132 0.999995 0.707619 0.696545 0.804905 0.694031 0.321215 1.92387 0.213119 0.165237 1.98078 0.108898 0.140975 1.98078 0.138462 0.273623 1.92387 0.27111 0.771203 0.617312 0.513792 0.818518 0.804905 0.545407 0.696545 0.804905 0.694031 0.656307 0.617312 0.653793 0.464965 1.83147 0.30917 0.321215 1.92387 0.213119 0.273623 1.92387 0.27111 0.395873 1.83147 0.393359 0.694367 0.444425 0.462451 0.771203 0.617312 0.513792 0.656307 0.617312 0.653793 0.590963 0.444425 0.588449 0.590963 1.7071 0.393359 0.464965 1.83147 0.30917 0.395873 1.83147 0.393359 0.503025 1.7071 0.500512 0.590963 0.292888 0.393359 0.694367 0.444425 0.462451 0.590963 0.444425 0.588449 0.503025 0.292888 0.500512 0.694367 1.55556 0.462451 0.590963 1.7071 0.393359 0.503025 1.7071 0.500512 0.590963 1.55556 0.588449 0.273623 1.92387 0.27111 0.140975 1.98078 0.138462 0.111412 1.98078 0.162724 0.215633 1.92387 0.318702 0.656307 0.617312 0.653793 0.696545 0.804905 0.694031 0.54792 0.804905 0.816005 0.516306 0.617312 0.76869 0.395873 1.83147 0.393359 0.273623 1.92387 0.27111 0.215633 1.92387 0.318702 0.311684 1.83147 0.462451 0.590963 0.444425 0.588449 0.656307 0.617312 0.653793 0.516306 0.617312 0.76869 0.464965 0.444425 0.691853 0.503025 1.7071 0.500512 0.395873 1.83147 0.393359 0.311684 1.83147 0.462451 0.395873 1.7071 0.588449 0.503025 0.292888 0.500512 0.590963 0.444425 0.588449 0.464965 0.444425 0.691853 0.395873 0.292888 0.588449 0.590963 1.55556 0.588449 0.503025 1.7071 0.500512 0.395873 1.7071 0.588449 0.464965 1.55556 0.691853 0.395873 0.168526 0.393359 0.503025 0.292888 0.500512 0.395873 0.292888 0.588449 0.311684 0.168526 0.462451 0.656307 1.38268 0.653793 0.590963 1.55556 0.588449 0.464965 1.55556 0.691853 0.516306 1.38268 0.76869 0.273623 0.0761156 0.27111 0.395873 0.168526 0.393359 0.311684 0.168526 0.462451 0.215633 0.0761156 0.318701 0.696545 1.19509 0.694031 0.656307 1.38268 0.653793 0.516306 1.38268 0.76869 0.54792 1.19509 0.816005 0.140975 0.0192099 0.138461 0.273623 0.0761156 0.27111 0.215633 0.0761156 0.318701 0.111411 0.0192099 0.162723 0.710132 0.999995 0.707619 0.696545 1.19509 0.694031 0.54792 1.19509 0.816005 0.558595 0.999995 0.831981 0.140975 1.98078 0.138462 0.00302505 1.99999 0.000511911 0.111412 1.98078 0.162724 0.00302529 -4.74136e-06 0.000511681 0.140975 0.0192099 0.138461 0.111411 0.0192099 0.162723 0.696545 0.804905 0.694031 0.710132 0.999995 0.707619 0.558595 0.999995 0.831981 0.54792 0.804905 0.816005 0.516306 1.38268 0.76869 0.464965 1.55556 0.691853 0.321215 1.55556 0.768689 0.356579 1.38268 0.854065 0.215633 0.0761156 0.318701 0.311684 0.168526 0.462451 0.215633 0.168526 0.513792 0.149472 0.0761156 0.354065 0.54792 1.19509 0.816005 0.516306 1.38268 0.76869 0.356579 1.38268 0.854065 0.378356 1.19509 0.906639 0.111411 0.0192099 0.162723 0.215633 0.0761156 0.318701 0.149472 0.0761156 0.354065 0.0776832 0.0192099 0.180752 0.558595 0.999995 0.831981 0.54792 1.19509 0.816005 0.378356 1.19509 0.906639 0.385709 0.999995 0.924391 0.111412 1.98078 0.162724 0.00302505 1.99999 0.000511911 0.0776832 1.98078 0.180752 0.00302529 -4.74136e-06 0.000511681 0.111411 0.0192099 0.162723 0.0776832 0.0192099 0.180752 0.54792 0.804905 0.816005 0.558595 0.999995 0.831981 0.385709 0.999995 0.924391 0.378356 0.804905 0.906639 0.215633 1.92387 0.318702 0.111412 1.98078 0.162724 0.0776832 1.98078 0.180752 0.149472 1.92387 0.354065 0.516306 0.617312 0.76869 0.54792 0.804905 0.816005 0.378356 0.804905 0.906639 0.356579 0.617312 0.854065 0.311684 1.83147 0.462451 0.215633 1.92387 0.318702 0.149472 1.92387 0.354065 0.215633 1.83147 0.513792 0.464965 0.444425 0.691853 0.516306 0.617312 0.76869 0.356579 0.617312 0.854065 0.321215 0.444425 0.768689 0.395873 1.7071 0.588449 0.311684 1.83147 0.462451 0.215633 1.83147 0.513792 0.273623 1.7071 0.653793 0.395873 0.292888 0.588449 0.464965 0.444425 0.691853 0.321215 0.444425 0.768689 0.273623 0.292888 0.653793 0.464965 1.55556 0.691853 0.395873 1.7071 0.588449 0.273623 1.7071 0.653793 0.321215 1.55556 0.768689 0.311684 0.168526 0.462451 0.395873 0.292888 0.588449 0.273623 0.292888 0.653793 0.215633 0.168526 0.513792 0.356579 0.617312 0.854065 0.378356 0.804905 0.906639 0.194367 0.804905 0.962451 0.183265 0.617312 0.906639 0.215633 1.83147 0.513792 0.149472 1.92387 0.354065 0.0776832 1.92387 0.375842 0.111412 1.83147 0.545407 0.321215 0.444425 0.768689 0.356579 0.617312 0.854065 0.183265 0.617312 0.906639 0.165237 0.444425 0.816005 0.273623 1.7071 0.653793 0.215633 1.83147 0.513792 0.111412 1.83147 0.545407 0.140975 1.7071 0.694032 0.273623 0.292888 0.653793 0.321215 0.444425 0.768689 0.165237 0.444425 0.816005 0.140975 0.292888 0.694032 0.321215 1.55556 0.768689 0.273623 1.7071 0.653793 0.140975 1.7071 0.694032 0.165237 1.55556 0.816005 0.215633 0.168526 0.513792 0.273623 0.292888 0.653793 0.140975 0.292888 0.694032 0.111411 0.168526 0.545407 0.356579 1.38268 0.854065 0.321215 1.55556 0.768689 0.165237 1.55556 0.816005 0.183265 1.38268 0.906639 0.149472 0.0761156 0.354065 0.215633 0.168526 0.513792 0.111411 0.168526 0.545407 0.0776832 0.0761156 0.375842 0.378356 1.19509 0.906639 0.356579 1.38268 0.854065 0.183265 1.38268 0.906639 0.194367 1.19509 0.962451 0.0776832 0.0192099 0.180752 0.149472 0.0761156 0.354065 0.0776832 0.0761156 0.375842 0.0410855 0.0192099 0.191853 0.385709 0.999995 0.924391 0.378356 1.19509 0.906639 0.194367 1.19509 0.962451 0.198115 0.999995 0.981297 0.0776832 1.98078 0.180752 0.00302505 1.99999 0.000511911 0.0410855 1.98078 0.191854 0.00302529 -4.74136e-06 0.000511681 0.0776832 0.0192099 0.180752 0.0410855 0.0192099 0.191853 0.378356 0.804905 0.906639 0.385709 0.999995 0.924391 0.198115 0.999995 0.981297 0.194367 0.804905 0.962451 0.149472 1.92387 0.354065 0.0776832 1.98078 0.180752 0.0410855 1.98078 0.191854 0.0776832 1.92387 0.375842 0.0776832 0.0761156 0.375842 0.111411 0.168526 0.545407 0.00302529 0.168526 0.556082 0.00302529 0.0761156 0.383195 0.194367 1.19509 0.962451 0.183265 1.38268 0.906639 0.00302529 1.38268 0.924391 0.00302529 1.19509 0.981297 0.0410855 0.0192099 0.191853 0.0776832 0.0761156 0.375842 0.00302529 0.0761156 0.383195 0.00302529 0.0192099 0.195602 0.198115 0.999995 0.981297 0.194367 1.19509 0.962451 0.00302529 1.19509 0.981297 0.00302529 0.999995 1.00051 0.0410855 1.98078 0.191854 0.00302505 1.99999 0.000511911 0.00302529 1.98078 0.195602 0.00302529 -4.74136e-06 0.000511681 0.0410855 0.0192099 0.191853 0.00302529 0.0192099 0.195602 0.194367 0.804905 0.962451 0.198115 0.999995 0.981297 0.00302529 0.999995 1.00051 0.00302529 0.804905 0.981297 0.0776832 1.92387 0.375842 0.0410855 1.98078 0.191854 0.00302529 1.98078 0.195602 0.00302529 1.92387 0.383195 0.183265 0.617312 0.906639 0.194367 0.804905 0.962451 0.00302529 0.804905 0.981297 0.00302529 0.617312 0.924391 0.111412 1.83147 0.545407 0.0776832 1.92387 0.375842 0.00302529 1.92387 0.383195 0.00302529 1.83147 0.556082 0.165237 0.444425 0.816005 0.183265 0.617312 0.906639 0.00302529 0.617312 0.924391 0.00302529 0.444425 0.831981 0.140975 1.7071 0.694032 0.111412 1.83147 0.545407 0.00302529 1.83147 0.556082 0.00302529 1.7071 0.707618 0.140975 0.292888 0.694032 0.165237 0.444425 0.816005 0.00302529 0.444425 0.831981 0.00302529 0.292888 0.707618 0.165237 1.55556 0.816005 0.140975 1.7071 0.694032 0.00302529 1.7071 0.707618 0.00302529 1.55556 0.831981 0.111411 0.168526 0.545407 0.140975 0.292888 0.694032 0.00302529 0.292888 0.707618 0.00302529 0.168526 0.556082 0.183265 1.38268 0.906639 0.165237 1.55556 0.816005 0.00302529 1.55556 0.831981 0.00302529 1.38268 0.924391 0.00302529 1.83147 0.556082 0.00302529 1.92387 0.383195 -0.0716325 1.92387 0.375842 -0.105361 1.83147 0.545407 0.00302529 0.444425 0.831981 0.00302529 0.617312 0.924391 -0.177215 0.617312 0.906639 -0.159186 0.444425 0.816005 0.00302529 1.7071 0.707618 0.00302529 1.83147 0.556082 -0.105361 1.83147 0.545407 -0.134924 1.7071 0.694031 0.00302529 0.292888 0.707618 0.00302529 0.444425 0.831981 -0.159186 0.444425 0.816005 -0.134924 0.292888 0.694031 0.00302529 1.55556 0.831981 0.00302529 1.7071 0.707618 -0.134924 1.7071 0.694031 -0.159186 1.55556 0.816005 0.00302529 0.168526 0.556082 0.00302529 0.292888 0.707618 -0.134924 0.292888 0.694031 -0.105361 0.168526 0.545407 0.00302529 1.38268 0.924391 0.00302529 1.55556 0.831981 -0.159186 1.55556 0.816005 -0.177215 1.38268 0.906639 0.00302529 0.0761156 0.383195 0.00302529 0.168526 0.556082 -0.105361 0.168526 0.545407 -0.0716325 0.0761156 0.375842 0.00302529 1.19509 0.981297 0.00302529 1.38268 0.924391 -0.177215 1.38268 0.906639 -0.188316 1.19509 0.962451 0.00302529 0.0192099 0.195602 0.00302529 0.0761156 0.383195 -0.0716325 0.0761156 0.375842 -0.0350349 0.0192099 0.191853 0.00302529 0.999995 1.00051 0.00302529 1.19509 0.981297 -0.188316 1.19509 0.962451 -0.192065 0.999995 0.981297 0.00302529 1.98078 0.195602 0.00302505 1.99999 0.000511911 -0.035035 1.98078 0.191853 0.00302529 -4.74136e-06 0.000511681 0.00302529 0.0192099 0.195602 -0.0350349 0.0192099 0.191853 0.00302529 0.804905 0.981297 0.00302529 0.999995 1.00051 -0.192065 0.999995 0.981297 -0.188316 0.804905 0.962451 0.00302529 1.92387 0.383195 0.00302529 1.98078 0.195602 -0.035035 1.98078 0.191853 -0.0716325 1.92387 0.375842 0.00302529 0.617312 0.924391 0.00302529 0.804905 0.981297 -0.188316 0.804905 0.962451 -0.177215 0.617312 0.906639 -0.188316 1.19509 0.962451 -0.177215 1.38268 0.906639 -0.350528 1.38268 0.854065 -0.372305 1.19509 0.906639 -0.0350349 0.0192099 0.191853 -0.0716325 0.0761156 0.375842 -0.143421 0.0761156 0.354065 -0.0716325 0.0192099 0.180752 -0.192065 0.999995 0.981297 -0.188316 1.19509 0.962451 -0.372305 1.19509 0.906639 -0.379658 0.999995 0.924391 -0.035035 1.98078 0.191853 0.00302505 1.99999 0.000511911 -0.0716326 1.98078 0.180752 0.00302529 -4.74136e-06 0.000511681 -0.0350349 0.0192099 0.191853 -0.0716325 0.0192099 0.180752 -0.188316 0.804905 0.962451 -0.192065 0.999995 0.981297 -0.379658 0.999995 0.924391 -0.372305 0.804905 0.906639 -0.0716325 1.92387 0.375842 -0.035035 1.98078 0.191853 -0.0716326 1.98078 0.180752 -0.143421 1.92387 0.354065 -0.177215 0.617312 0.906639 -0.188316 0.804905 0.962451 -0.372305 0.804905 0.906639 -0.350528 0.617312 0.854065 -0.105361 1.83147 0.545407 -0.0716325 1.92387 0.375842 -0.143421 1.92387 0.354065 -0.209582 1.83147 0.513792 -0.159186 0.444425 0.816005 -0.177215 0.617312 0.906639 -0.350528 0.617312 0.854065 -0.315164 0.444425 0.768689 -0.134924 1.7071 0.694031 -0.105361 1.83147 0.545407 -0.209582 1.83147 0.513792 -0.267573 1.7071 0.653793 -0.134924 0.292888 0.694031 -0.159186 0.444425 0.816005 -0.315164 0.444425 0.768689 -0.267573 0.292888 0.653793 -0.159186 1.55556 0.816005 -0.134924 1.7071 0.694031 -0.267573 1.7071 0.653793 -0.315164 1.55556 0.768689 -0.105361 0.168526 0.545407 -0.134924 0.292888 0.694031 -0.267573 0.292888 0.653793 -0.209582 0.168526 0.513792 -0.177215 1.38268 0.906639 -0.159186 1.55556 0.816005 -0.315164 1.55556 0.768689 -0.350528 1.38268 0.854065 -0.0716325 0.0761156 0.375842 -0.105361 0.168526 0.545407 -0.209582 0.168526 0.513792 -0.143421 0.0761156 0.354065 -0.315164 0.444425 0.768689 -0.350528 0.617312 0.854065 -0.510255 0.617312 0.768689 -0.458914 0.444425 0.691853 -0.267573 1.7071 0.653793 -0.209582 1.83147 0.513792 -0.305633 1.83147 0.462451 -0.389822 1.7071 0.588449 -0.267573 0.292888 0.653793 -0.315164 0.444425 0.768689 -0.458914 0.444425 0.691853 -0.389822 0.292888 0.588449 -0.315164 1.55556 0.768689 -0.267573 1.7071 0.653793 -0.389822 1.7071 0.588449 -0.458914 1.55556 0.691853 -0.209582 0.168526 0.513792 -0.267573 0.292888 0.653793 -0.389822 0.292888 0.588449 -0.305633 0.168526 0.462451 -0.350528 1.38268 0.854065 -0.315164 1.55556 0.768689 -0.458914 1.55556 0.691853 -0.510255 1.38268 0.768689 -0.143421 0.0761156 0.354065 -0.209582 0.168526 0.513792 -0.305633 0.168526 0.462451 -0.209582 0.0761156 0.318701 -0.372305 1.19509 0.906639 -0.350528 1.38268 0.854065 -0.510255 1.38268 0.768689 -0.54187 1.19509 0.816005 -0.0716325 0.0192099 0.180752 -0.143421 0.0761156 0.354065 -0.209582 0.0761156 0.318701 -0.105361 0.0192099 0.162723 -0.379658 0.999995 0.924391 -0.372305 1.19509 0.906639 -0.54187 1.19509 0.816005 -0.552545 0.999995 0.831981 -0.0716326 1.98078 0.180752 0.00302505 1.99999 0.000511911 -0.105361 1.98078 0.162723 0.00302529 -4.74136e-06 0.000511681 -0.0716325 0.0192099 0.180752 -0.105361 0.0192099 0.162723 -0.372305 0.804905 0.906639 -0.379658 0.999995 0.924391 -0.552545 0.999995 0.831981 -0.54187 0.804905 0.816005 -0.143421 1.92387 0.354065 -0.0716326 1.98078 0.180752 -0.105361 1.98078 0.162723 -0.209582 1.92387 0.318701 -0.350528 0.617312 0.854065 -0.372305 0.804905 0.906639 -0.54187 0.804905 0.816005 -0.510255 0.617312 0.768689 -0.209582 1.83147 0.513792 -0.143421 1.92387 0.354065 -0.209582 1.92387 0.318701 -0.305633 1.83147 0.462451 -0.105361 0.0192099 0.162723 -0.209582 0.0761156 0.318701 -0.267573 0.0761156 0.27111 -0.134924 0.0192099 0.138461 -0.552545 0.999995 0.831981 -0.54187 1.19509 0.816005 -0.690494 1.19509 0.694031 -0.704081 0.999995 0.707618 -0.105361 1.98078 0.162723 0.00302505 1.99999 0.000511911 -0.134925 1.98078 0.138462 0.00302529 -4.74136e-06 0.000511681 -0.105361 0.0192099 0.162723 -0.134924 0.0192099 0.138461 -0.54187 0.804905 0.816005 -0.552545 0.999995 0.831981 -0.704081 0.999995 0.707618 -0.690494 0.804905 0.694031 -0.209582 1.92387 0.318701 -0.105361 1.98078 0.162723 -0.134925 1.98078 0.138462 -0.267573 1.92387 0.27111 -0.510255 0.617312 0.768689 -0.54187 0.804905 0.816005 -0.690494 0.804905 0.694031 -0.650256 0.617312 0.653793 -0.305633 1.83147 0.462451 -0.209582 1.92387 0.318701 -0.267573 1.92387 0.27111 -0.389822 1.83147 0.393359 -0.458914 0.444425 0.691853 -0.510255 0.617312 0.768689 -0.650256 0.617312 0.653793 -0.584912 0.444425 0.588449 -0.389822 1.7071 0.588449 -0.305633 1.83147 0.462451 -0.389822 1.83147 0.393359 -0.496975 1.7071 0.500512 -0.389822 0.292888 0.588449 -0.458914 0.444425 0.691853 -0.584912 0.444425 0.588449 -0.496975 0.292888 0.500512 -0.458914 1.55556 0.691853 -0.389822 1.7071 0.588449 -0.496975 1.7071 0.500512 -0.584912 1.55556 0.588449 -0.305633 0.168526 0.462451 -0.389822 0.292888 0.588449 -0.496975 0.292888 0.500512 -0.389822 0.168526 0.393359 -0.510255 1.38268 0.768689 -0.458914 1.55556 0.691853 -0.584912 1.55556 0.588449 -0.650256 1.38268 0.653793 -0.209582 0.0761156 0.318701 -0.305633 0.168526 0.462451 -0.389822 0.168526 0.393359 -0.267573 0.0761156 0.27111 -0.54187 1.19509 0.816005 -0.510255 1.38268 0.768689 -0.650256 1.38268 0.653793 -0.690494 1.19509 0.694031 -0.496975 0.292888 0.500512 -0.584912 0.444425 0.588449 -0.688316 0.444425 0.462451 -0.584912 0.292888 0.393359 -0.584912 1.55556 0.588449 -0.496975 1.7071 0.500512 -0.584912 1.7071 0.393359 -0.688316 1.55556 0.462451 -0.389822 0.168526 0.393359 -0.496975 0.292888 0.500512 -0.584912 0.292888 0.393359 -0.458914 0.168526 0.30917 -0.650256 1.38268 0.653793 -0.584912 1.55556 0.588449 -0.688316 1.55556 0.462451 -0.765153 1.38268 0.513792 -0.267573 0.0761156 0.27111 -0.389822 0.168526 0.393359 -0.458914 0.168526 0.30917 -0.315164 0.0761156 0.213119 -0.690494 1.19509 0.694031 -0.650256 1.38268 0.653793 -0.765153 1.38268 0.513792 -0.812468 1.19509 0.545406 -0.134924 0.0192099 0.138461 -0.267573 0.0761156 0.27111 -0.315164 0.0761156 0.213119 -0.159186 0.0192099 0.108898 -0.704081 0.999995 0.707618 -0.690494 1.19509 0.694031 -0.812468 1.19509 0.545406 -0.828444 0.999995 0.556082 -0.134925 1.98078 0.138462 0.00302505 1.99999 0.000511911 -0.159186 1.98078 0.108898 0.00302529 -4.74136e-06 0.000511681 -0.134924 0.0192099 0.138461 -0.159186 0.0192099 0.108898 -0.690494 0.804905 0.694031 -0.704081 0.999995 0.707618 -0.828444 0.999995 0.556082 -0.812468 0.804905 0.545406 -0.267573 1.92387 0.27111 -0.134925 1.98078 0.138462 -0.159186 1.98078 0.108898 -0.315164 1.92387 0.213119 -0.650256 0.617312 0.653793 -0.690494 0.804905 0.694031 -0.812468 0.804905 0.545406 -0.765153 0.617312 0.513792 -0.389822 1.83147 0.393359 -0.267573 1.92387 0.27111 -0.315164 1.92387 0.213119 -0.458914 1.83147 0.30917 -0.584912 0.444425 0.588449 -0.650256 0.617312 0.653793 -0.765153 0.617312 0.513792 -0.688316 0.444425 0.462451 -0.496975 1.7071 0.500512 -0.389822 1.83147 0.393359 -0.458914 1.83147 0.30917 -0.584912 1.7071 0.393359 -0.159186 1.98078 0.108898 0.00302505 1.99999 0.000511911 -0.177215 1.98078 0.0751696 0.00302529 -4.74136e-06 0.000511681 -0.159186 0.0192099 0.108898 -0.177215 0.0192099 0.0751694 -0.812468 0.804905 0.545406 -0.828444 0.999995 0.556082 -0.920854 0.999995 0.383195 -0.903102 0.804905 0.375842 -0.315164 1.92387 0.213119 -0.159186 1.98078 0.108898 -0.177215 1.98078 0.0751696 -0.350528 1.92387 0.146958 -0.765153 0.617312 0.513792 -0.812468 0.804905 0.545406 -0.903102 0.804905 0.375842 -0.850528 0.617312 0.354065 -0.458914 1.83147 0.30917 -0.315164 1.92387 0.213119 -0.350528 1.92387 0.146958 -0.510255 1.83147 0.213119 -0.688316 0.444425 0.462451 -0.765153 0.617312 0.513792 -0.850528 0.617312 0.354065 -0.765152 0.444425 0.318701 -0.584912 1.7071 0.393359 -0.458914 1.83147 0.30917 -0.510255 1.83147 0.213119 -0.650256 1.7071 0.27111 -0.584912 0.292888 0.393359 -0.688316 0.444425 0.462451 -0.765152 0.444425 0.318701 -0.650256 0.292888 0.27111 -0.688316 1.55556 0.462451 -0.584912 1.7071 0.393359 -0.650256 1.7071 0.27111 -0.765152 1.55556 0.318701 -0.458914 0.168526 0.30917 -0.584912 0.292888 0.393359 -0.650256 0.292888 0.27111 -0.510255 0.168526 0.213119 -0.765153 1.38268 0.513792 -0.688316 1.55556 0.462451 -0.765152 1.55556 0.318701 -0.850528 1.38268 0.354065 -0.315164 0.0761156 0.213119 -0.458914 0.168526 0.30917 -0.510255 0.168526 0.213119 -0.350528 0.0761156 0.146958 -0.812468 1.19509 0.545406 -0.765153 1.38268 0.513792 -0.850528 1.38268 0.354065 -0.903102 1.19509 0.375842 -0.159186 0.0192099 0.108898 -0.315164 0.0761156 0.213119 -0.350528 0.0761156 0.146958 -0.177215 0.0192099 0.0751694 -0.828444 0.999995 0.556082 -0.812468 1.19509 0.545406 -0.903102 1.19509 0.375842 -0.920854 0.999995 0.383195 -0.765152 1.55556 0.318701 -0.650256 1.7071 0.27111 -0.690494 1.7071 0.138461 -0.812468 1.55556 0.162723 -0.510255 0.168526 0.213119 -0.650256 0.292888 0.27111 -0.690494 0.292888 0.138461 -0.54187 0.168526 0.108898 -0.850528 1.38268 0.354065 -0.765152 1.55556 0.318701 -0.812468 1.55556 0.162723 -0.903102 1.38268 0.180752 -0.350528 0.0761156 0.146958 -0.510255 0.168526 0.213119 -0.54187 0.168526 0.108898 -0.372305 0.0761156 0.0751694 -0.903102 1.19509 0.375842 -0.850528 1.38268 0.354065 -0.903102 1.38268 0.180752 -0.958914 1.19509 0.191853 -0.177215 0.0192099 0.0751694 -0.350528 0.0761156 0.146958 -0.372305 0.0761156 0.0751694 -0.188316 0.0192099 0.0385719 -0.920854 0.999995 0.383195 -0.903102 1.19509 0.375842 -0.958914 1.19509 0.191853 -0.97776 0.999995 0.195602 -0.177215 1.98078 0.0751696 0.00302505 1.99999 0.000511911 -0.188316 1.98078 0.0385719 0.00302529 -4.74136e-06 0.000511681 -0.177215 0.0192099 0.0751694 -0.188316 0.0192099 0.0385719 -0.903102 0.804905 0.375842 -0.920854 0.999995 0.383195 -0.97776 0.999995 0.195602 -0.958914 0.804905 0.191853 -0.350528 1.92387 0.146958 -0.177215 1.98078 0.0751696 -0.188316 1.98078 0.0385719 -0.372305 1.92387 0.0751694 -0.850528 0.617312 0.354065 -0.903102 0.804905 0.375842 -0.958914 0.804905 0.191853 -0.903102 0.617312 0.180752 -0.510255 1.83147 0.213119 -0.350528 1.92387 0.146958 -0.372305 1.92387 0.0751694 -0.54187 1.83147 0.108898 -0.765152 0.444425 0.318701 -0.850528 0.617312 0.354065 -0.903102 0.617312 0.180752 -0.812468 0.444425 0.162723 -0.650256 1.7071 0.27111 -0.510255 1.83147 0.213119 -0.54187 1.83147 0.108898 -0.690494 1.7071 0.138461 -0.650256 0.292888 0.27111 -0.765152 0.444425 0.318701 -0.812468 0.444425 0.162723 -0.690494 0.292888 0.138461 -0.958914 0.804905 0.191853 -0.97776 0.999995 0.195602 -0.996975 0.999995 0.000511495 -0.97776 0.804905 0.000511451 -0.372305 1.92387 0.0751694 -0.188316 1.98078 0.0385719 -0.192065 1.98078 0.000511667 -0.379658 1.92387 0.000511637 -0.903102 0.617312 0.180752 -0.958914 0.804905 0.191853 -0.97776 0.804905 0.000511451 -0.920854 0.617312 0.000511674 -0.54187 1.83147 0.108898 -0.372305 1.92387 0.0751694 -0.379658 1.92387 0.000511637 -0.552545 1.83147 0.000511637 -0.812468 0.444425 0.162723 -0.903102 0.617312 0.180752 -0.920854 0.617312 0.000511674 -0.828444 0.444425 0.000511495 -0.690494 1.7071 0.138461 -0.54187 1.83147 0.108898 -0.552545 1.83147 0.000511637 -0.704081 1.7071 0.00051154 -0.690494 0.292888 0.138461 -0.812468 0.444425 0.162723 -0.828444 0.444425 0.000511495 -0.704081 0.292888 0.00051154 -0.812468 1.55556 0.162723 -0.690494 1.7071 0.138461 -0.704081 1.7071 0.00051154 -0.828444 1.55556 0.000511495 -0.54187 0.168526 0.108898 -0.690494 0.292888 0.138461 -0.704081 0.292888 0.00051154 -0.552545 0.168526 0.000511615 -0.903102 1.38268 0.180752 -0.812468 1.55556 0.162723 -0.828444 1.55556 0.000511495 -0.920854 1.38268 0.000511674 -0.372305 0.0761156 0.0751694 -0.54187 0.168526 0.108898 -0.552545 0.168526 0.000511615 -0.379658 0.0761156 0.000511607 -0.958914 1.19509 0.191853 -0.903102 1.38268 0.180752 -0.920854 1.38268 0.000511674 -0.97776 1.19509 0.000511451 -0.188316 0.0192099 0.0385719 -0.372305 0.0761156 0.0751694 -0.379658 0.0761156 0.000511607 -0.192065 0.0192099 0.00051167 -0.97776 0.999995 0.195602 -0.958914 1.19509 0.191853 -0.97776 1.19509 0.000511451 -0.996975 0.999995 0.000511495 -0.188316 1.98078 0.0385719 0.00302505 1.99999 0.000511911 -0.192065 1.98078 0.000511667 0.00302529 -4.74136e-06 0.000511681 -0.188316 0.0192099 0.0385719 -0.192065 0.0192099 0.00051167 -0.552545 0.168526 0.000511615 -0.704081 0.292888 0.00051154 -0.690494 0.292888 -0.137438 -0.54187 0.168526 -0.107875 -0.920854 1.38268 0.000511674 -0.828444 1.55556 0.000511495 -0.812467 1.55556 -0.1617 -0.903102 1.38268 -0.179728 -0.379658 0.0761156 0.000511607 -0.552545 0.168526 0.000511615 -0.54187 0.168526 -0.107875 -0.372305 0.0761156 -0.0741462 -0.97776 1.19509 0.000511451 -0.920854 1.38268 0.000511674 -0.903102 1.38268 -0.179728 -0.958914 1.19509 -0.19083 -0.192065 0.0192099 0.00051167 -0.379658 0.0761156 0.000511607 -0.372305 0.0761156 -0.0741462 -0.188316 0.0192099 -0.0375485 -0.996975 0.999995 0.000511495 -0.97776 1.19509 0.000511451 -0.958914 1.19509 -0.19083 -0.97776 0.999995 -0.194579 -0.192065 1.98078 0.000511667 0.00302505 1.99999 0.000511911 -0.188316 1.98078 -0.0375485 0.00302529 -4.74136e-06 0.000511681 -0.192065 0.0192099 0.00051167 -0.188316 0.0192099 -0.0375485 -0.97776 0.804905 0.000511451 -0.996975 0.999995 0.000511495 -0.97776 0.999995 -0.194579 -0.958914 0.804905 -0.19083 -0.379658 1.92387 0.000511637 -0.192065 1.98078 0.000511667 -0.188316 1.98078 -0.0375485 -0.372305 1.92387 -0.0741462 -0.920854 0.617312 0.000511674 -0.97776 0.804905 0.000511451 -0.958914 0.804905 -0.19083 -0.903102 0.617312 -0.179728 -0.552545 1.83147 0.000511637 -0.379658 1.92387 0.000511637 -0.372305 1.92387 -0.0741462 -0.54187 1.83147 -0.107875 -0.828444 0.444425 0.000511495 -0.920854 0.617312 0.000511674 -0.903102 0.617312 -0.179728 -0.812467 0.444425 -0.1617 -0.704081 1.7071 0.00051154 -0.552545 1.83147 0.000511637 -0.54187 1.83147 -0.107875 -0.690494 1.7071 -0.137438 -0.704081 0.292888 0.00051154 -0.828444 0.444425 0.000511495 -0.812467 0.444425 -0.1617 -0.690494 0.292888 -0.137438 -0.828444 1.55556 0.000511495 -0.704081 1.7071 0.00051154 -0.690494 1.7071 -0.137438 -0.812467 1.55556 -0.1617 -0.372305 1.92387 -0.0741462 -0.188316 1.98078 -0.0375485 -0.177215 1.98078 -0.0741462 -0.350528 1.92387 -0.145935 -0.903102 0.617312 -0.179728 -0.958914 0.804905 -0.19083 -0.903102 0.804905 -0.374819 -0.850528 0.617312 -0.353042 -0.54187 1.83147 -0.107875 -0.372305 1.92387 -0.0741462 -0.350528 1.92387 -0.145935 -0.510255 1.83147 -0.212096 -0.812467 0.444425 -0.1617 -0.903102 0.617312 -0.179728 -0.850528 0.617312 -0.353042 -0.765152 0.444425 -0.317678 -0.690494 1.7071 -0.137438 -0.54187 1.83147 -0.107875 -0.510255 1.83147 -0.212096 -0.650256 1.7071 -0.270086 -0.690494 0.292888 -0.137438 -0.812467 0.444425 -0.1617 -0.765152 0.444425 -0.317678 -0.650256 0.292888 -0.270086 -0.812467 1.55556 -0.1617 -0.690494 1.7071 -0.137438 -0.650256 1.7071 -0.270086 -0.765152 1.55556 -0.317678 -0.54187 0.168526 -0.107875 -0.690494 0.292888 -0.137438 -0.650256 0.292888 -0.270086 -0.510254 0.168526 -0.212096 -0.903102 1.38268 -0.179728 -0.812467 1.55556 -0.1617 -0.765152 1.55556 -0.317678 -0.850528 1.38268 -0.353042 -0.372305 0.0761156 -0.0741462 -0.54187 0.168526 -0.107875 -0.510254 0.168526 -0.212096 -0.350528 0.0761156 -0.145935 -0.958914 1.19509 -0.19083 -0.903102 1.38268 -0.179728 -0.850528 1.38268 -0.353042 -0.903102 1.19509 -0.374819 -0.188316 0.0192099 -0.0375485 -0.372305 0.0761156 -0.0741462 -0.350528 0.0761156 -0.145935 -0.177215 0.0192099 -0.0741461 -0.97776 0.999995 -0.194579 -0.958914 1.19509 -0.19083 -0.903102 1.19509 -0.374819 -0.920854 0.999995 -0.382172 -0.188316 1.98078 -0.0375485 0.00302505 1.99999 0.000511911 -0.177215 1.98078 -0.0741462 0.00302529 -4.74136e-06 0.000511681 -0.188316 0.0192099 -0.0375485 -0.177215 0.0192099 -0.0741461 -0.958914 0.804905 -0.19083 -0.97776 0.999995 -0.194579 -0.920854 0.999995 -0.382172 -0.903102 0.804905 -0.374819 -0.850528 1.38268 -0.353042 -0.765152 1.55556 -0.317678 -0.688316 1.55556 -0.461428 -0.765152 1.38268 -0.512768 -0.350528 0.0761156 -0.145935 -0.510254 0.168526 -0.212096 -0.458914 0.168526 -0.308147 -0.315164 0.0761156 -0.212096 -0.903102 1.19509 -0.374819 -0.850528 1.38268 -0.353042 -0.765152 1.38268 -0.512768 -0.812467 1.19509 -0.544383 -0.177215 0.0192099 -0.0741461 -0.350528 0.0761156 -0.145935 -0.315164 0.0761156 -0.212096 -0.159186 0.0192099 -0.107875 -0.920854 0.999995 -0.382172 -0.903102 1.19509 -0.374819 -0.812467 1.19509 -0.544383 -0.828444 0.999995 -0.555059 -0.177215 1.98078 -0.0741462 0.00302505 1.99999 0.000511911 -0.159186 1.98078 -0.107875 0.00302529 -4.74136e-06 0.000511681 -0.177215 0.0192099 -0.0741461 -0.159186 0.0192099 -0.107875 -0.903102 0.804905 -0.374819 -0.920854 0.999995 -0.382172 -0.828444 0.999995 -0.555059 -0.812467 0.804905 -0.544383 -0.350528 1.92387 -0.145935 -0.177215 1.98078 -0.0741462 -0.159186 1.98078 -0.107875 -0.315164 1.92387 -0.212096 -0.850528 0.617312 -0.353042 -0.903102 0.804905 -0.374819 -0.812467 0.804905 -0.544383 -0.765152 0.617312 -0.512768 -0.510255 1.83147 -0.212096 -0.350528 1.92387 -0.145935 -0.315164 1.92387 -0.212096 -0.458914 1.83147 -0.308147 -0.765152 0.444425 -0.317678 -0.850528 0.617312 -0.353042 -0.765152 0.617312 -0.512768 -0.688316 0.444425 -0.461428 -0.650256 1.7071 -0.270086 -0.510255 1.83147 -0.212096 -0.458914 1.83147 -0.308147 -0.584912 1.7071 -0.392336 -0.650256 0.292888 -0.270086 -0.765152 0.444425 -0.317678 -0.688316 0.444425 -0.461428 -0.584912 0.292888 -0.392336 -0.765152 1.55556 -0.317678 -0.650256 1.7071 -0.270086 -0.584912 1.7071 -0.392336 -0.688316 1.55556 -0.461428 -0.510254 0.168526 -0.212096 -0.650256 0.292888 -0.270086 -0.584912 0.292888 -0.392336 -0.458914 0.168526 -0.308147 -0.765152 0.617312 -0.512768 -0.812467 0.804905 -0.544383 -0.690494 0.804905 -0.693008 -0.650256 0.617312 -0.65277 -0.458914 1.83147 -0.308147 -0.315164 1.92387 -0.212096 -0.267573 1.92387 -0.270086 -0.389822 1.83147 -0.392336 -0.688316 0.444425 -0.461428 -0.765152 0.617312 -0.512768 -0.650256 0.617312 -0.65277 -0.584912 0.444425 -0.587426 -0.584912 1.7071 -0.392336 -0.458914 1.83147 -0.308147 -0.389822 1.83147 -0.392336 -0.496975 1.7071 -0.499488 -0.584912 0.292888 -0.392336 -0.688316 0.444425 -0.461428 -0.584912 0.444425 -0.587426 -0.496975 0.292888 -0.499488 -0.688316 1.55556 -0.461428 -0.584912 1.7071 -0.392336 -0.496975 1.7071 -0.499488 -0.584912 1.55556 -0.587426 -0.458914 0.168526 -0.308147 -0.584912 0.292888 -0.392336 -0.496975 0.292888 -0.499488 -0.389822 0.168526 -0.392336 -0.765152 1.38268 -0.512768 -0.688316 1.55556 -0.461428 -0.584912 1.55556 -0.587426 -0.650256 1.38268 -0.65277 -0.315164 0.0761156 -0.212096 -0.458914 0.168526 -0.308147 -0.389822 0.168526 -0.392336 -0.267573 0.0761156 -0.270086 -0.812467 1.19509 -0.544383 -0.765152 1.38268 -0.512768 -0.650256 1.38268 -0.65277 -0.690494 1.19509 -0.693008 -0.159186 0.0192099 -0.107875 -0.315164 0.0761156 -0.212096 -0.267573 0.0761156 -0.270086 -0.134924 0.0192099 -0.137438 -0.828444 0.999995 -0.555059 -0.812467 1.19509 -0.544383 -0.690494 1.19509 -0.693008 -0.704081 0.999995 -0.706595 -0.159186 1.98078 -0.107875 0.00302505 1.99999 0.000511911 -0.134924 1.98078 -0.137438 0.00302529 -4.74136e-06 0.000511681 -0.159186 0.0192099 -0.107875 -0.134924 0.0192099 -0.137438 -0.812467 0.804905 -0.544383 -0.828444 0.999995 -0.555059 -0.704081 0.999995 -0.706595 -0.690494 0.804905 -0.693008 -0.315164 1.92387 -0.212096 -0.159186 1.98078 -0.107875 -0.134924 1.98078 -0.137438 -0.267573 1.92387 -0.270086 -0.267573 0.0761156 -0.270086 -0.389822 0.168526 -0.392336 -0.305633 0.168526 -0.461428 -0.209582 0.0761156 -0.317678 -0.690494 1.19509 -0.693008 -0.650256 1.38268 -0.65277 -0.510255 1.38268 -0.767666 -0.541869 1.19509 -0.814981 -0.134924 0.0192099 -0.137438 -0.267573 0.0761156 -0.270086 -0.209582 0.0761156 -0.317678 -0.105361 0.0192099 -0.1617 -0.704081 0.999995 -0.706595 -0.690494 1.19509 -0.693008 -0.541869 1.19509 -0.814981 -0.552545 0.999995 -0.830958 -0.134924 1.98078 -0.137438 0.00302505 1.99999 0.000511911 -0.105361 1.98078 -0.1617 0.00302529 -4.74136e-06 0.000511681 -0.134924 0.0192099 -0.137438 -0.105361 0.0192099 -0.1617 -0.690494 0.804905 -0.693008 -0.704081 0.999995 -0.706595 -0.552545 0.999995 -0.830958 -0.541869 0.804905 -0.814981 -0.267573 1.92387 -0.270086 -0.134924 1.98078 -0.137438 -0.105361 1.98078 -0.1617 -0.209582 1.92387 -0.317678 -0.650256 0.617312 -0.65277 -0.690494 0.804905 -0.693008 -0.541869 0.804905 -0.814981 -0.510255 0.617312 -0.767666 -0.389822 1.83147 -0.392336 -0.267573 1.92387 -0.270086 -0.209582 1.92387 -0.317678 -0.305633 1.83147 -0.461428 -0.584912 0.444425 -0.587426 -0.650256 0.617312 -0.65277 -0.510255 0.617312 -0.767666 -0.458914 0.444425 -0.69083 -0.496975 1.7071 -0.499488 -0.389822 1.83147 -0.392336 -0.305633 1.83147 -0.461428 -0.389822 1.7071 -0.587426 -0.496975 0.292888 -0.499488 -0.584912 0.444425 -0.587426 -0.458914 0.444425 -0.69083 -0.389822 0.292888 -0.587426 -0.584912 1.55556 -0.587426 -0.496975 1.7071 -0.499488 -0.389822 1.7071 -0.587426 -0.458914 1.55556 -0.69083 -0.389822 0.168526 -0.392336 -0.496975 0.292888 -0.499488 -0.389822 0.292888 -0.587426 -0.305633 0.168526 -0.461428 -0.650256 1.38268 -0.65277 -0.584912 1.55556 -0.587426 -0.458914 1.55556 -0.69083 -0.510255 1.38268 -0.767666 -0.458914 0.444425 -0.69083 -0.510255 0.617312 -0.767666 -0.350528 0.617312 -0.853042 -0.315164 0.444425 -0.767666 -0.389822 1.7071 -0.587426 -0.305633 1.83147 -0.461428 -0.209582 1.83147 -0.512768 -0.267573 1.7071 -0.65277 -0.389822 0.292888 -0.587426 -0.458914 0.444425 -0.69083 -0.315164 0.444425 -0.767666 -0.267573 0.292888 -0.65277 -0.458914 1.55556 -0.69083 -0.389822 1.7071 -0.587426 -0.267573 1.7071 -0.65277 -0.315164 1.55556 -0.767666 -0.305633 0.168526 -0.461428 -0.389822 0.292888 -0.587426 -0.267573 0.292888 -0.65277 -0.209582 0.168526 -0.512768 -0.510255 1.38268 -0.767666 -0.458914 1.55556 -0.69083 -0.315164 1.55556 -0.767666 -0.350528 1.38268 -0.853042 -0.209582 0.0761156 -0.317678 -0.305633 0.168526 -0.461428 -0.209582 0.168526 -0.512768 -0.143421 0.0761156 -0.353042 -0.541869 1.19509 -0.814981 -0.510255 1.38268 -0.767666 -0.350528 1.38268 -0.853042 -0.372304 1.19509 -0.905615 -0.105361 0.0192099 -0.1617 -0.209582 0.0761156 -0.317678 -0.143421 0.0761156 -0.353042 -0.0716325 0.0192099 -0.179728 -0.552545 0.999995 -0.830958 -0.541869 1.19509 -0.814981 -0.372304 1.19509 -0.905615 -0.379658 0.999995 -0.923368 -0.105361 1.98078 -0.1617 0.00302505 1.99999 0.000511911 -0.0716326 1.98078 -0.179728 0.00302529 -4.74136e-06 0.000511681 -0.105361 0.0192099 -0.1617 -0.0716325 0.0192099 -0.179728 -0.541869 0.804905 -0.814981 -0.552545 0.999995 -0.830958 -0.379658 0.999995 -0.923368 -0.372304 0.804905 -0.905615 -0.209582 1.92387 -0.317678 -0.105361 1.98078 -0.1617 -0.0716326 1.98078 -0.179728 -0.143421 1.92387 -0.353042 -0.510255 0.617312 -0.767666 -0.541869 0.804905 -0.814981 -0.372304 0.804905 -0.905615 -0.350528 0.617312 -0.853042 -0.305633 1.83147 -0.461428 -0.209582 1.92387 -0.317678 -0.143421 1.92387 -0.353042 -0.209582 1.83147 -0.512768 -0.0716325 0.0192099 -0.179728 -0.143421 0.0761156 -0.353042 -0.0716324 0.0761156 -0.374819 -0.0350349 0.0192099 -0.19083 -0.379658 0.999995 -0.923368 -0.372304 1.19509 -0.905615 -0.188316 1.19509 -0.961428 -0.192065 0.999995 -0.980273 -0.0716326 1.98078 -0.179728 0.00302505 1.99999 0.000511911 -0.0350349 1.98078 -0.19083 0.00302529 -4.74136e-06 0.000511681 -0.0716325 0.0192099 -0.179728 -0.0350349 0.0192099 -0.19083 -0.372304 0.804905 -0.905615 -0.379658 0.999995 -0.923368 -0.192065 0.999995 -0.980273 -0.188316 0.804905 -0.961428 -0.143421 1.92387 -0.353042 -0.0716326 1.98078 -0.179728 -0.0350349 1.98078 -0.19083 -0.0716324 1.92387 -0.374819 -0.350528 0.617312 -0.853042 -0.372304 0.804905 -0.905615 -0.188316 0.804905 -0.961428 -0.177215 0.617312 -0.905616 -0.209582 1.83147 -0.512768 -0.143421 1.92387 -0.353042 -0.0716324 1.92387 -0.374819 -0.105361 1.83147 -0.544383 -0.315164 0.444425 -0.767666 -0.350528 0.617312 -0.853042 -0.177215 0.617312 -0.905616 -0.159186 0.444425 -0.814981 -0.267573 1.7071 -0.65277 -0.209582 1.83147 -0.512768 -0.105361 1.83147 -0.544383 -0.134924 1.7071 -0.693008 -0.267573 0.292888 -0.65277 -0.315164 0.444425 -0.767666 -0.159186 0.444425 -0.814981 -0.134924 0.292888 -0.693008 -0.315164 1.55556 -0.767666 -0.267573 1.7071 -0.65277 -0.134924 1.7071 -0.693008 -0.159186 1.55556 -0.814981 -0.209582 0.168526 -0.512768 -0.267573 0.292888 -0.65277 -0.134924 0.292888 -0.693008 -0.105361 0.168526 -0.544383 -0.350528 1.38268 -0.853042 -0.315164 1.55556 -0.767666 -0.159186 1.55556 -0.814981 -0.177215 1.38268 -0.905616 -0.143421 0.0761156 -0.353042 -0.209582 0.168526 -0.512768 -0.105361 0.168526 -0.544383 -0.0716324 0.0761156 -0.374819 -0.372304 1.19509 -0.905615 -0.350528 1.38268 -0.853042 -0.177215 1.38268 -0.905616 -0.188316 1.19509 -0.961428 -0.134924 1.7071 -0.693008 -0.105361 1.83147 -0.544383 0.00302529 1.83147 -0.555059 0.00302529 1.7071 -0.706595 -0.134924 0.292888 -0.693008 -0.159186 0.444425 -0.814981 0.00302553 0.444425 -0.830957 0.00302553 0.292888 -0.706595 -0.159186 1.55556 -0.814981 -0.134924 1.7071 -0.693008 0.00302529 1.7071 -0.706595 0.00302529 1.55556 -0.830958 -0.105361 0.168526 -0.544383 -0.134924 0.292888 -0.693008 0.00302553 0.292888 -0.706595 0.00302529 0.168526 -0.555059 -0.177215 1.38268 -0.905616 -0.159186 1.55556 -0.814981 0.00302529 1.55556 -0.830958 0.00302529 1.38268 -0.923368 -0.0716324 0.0761156 -0.374819 -0.105361 0.168526 -0.544383 0.00302529 0.168526 -0.555059 0.00302529 0.0761156 -0.382172 -0.188316 1.19509 -0.961428 -0.177215 1.38268 -0.905616 0.00302529 1.38268 -0.923368 0.00302529 1.19509 -0.980274 -0.0350349 0.0192099 -0.19083 -0.0716324 0.0761156 -0.374819 0.00302529 0.0761156 -0.382172 0.00302529 0.0192099 -0.194578 -0.192065 0.999995 -0.980273 -0.188316 1.19509 -0.961428 0.00302529 1.19509 -0.980274 0.00302529 0.999995 -0.999489 -0.0350349 1.98078 -0.19083 0.00302505 1.99999 0.000511911 0.00302529 1.98078 -0.194579 0.00302529 -4.74136e-06 0.000511681 -0.0350349 0.0192099 -0.19083 0.00302529 0.0192099 -0.194578 -0.188316 0.804905 -0.961428 -0.192065 0.999995 -0.980273 0.00302529 0.999995 -0.999489 0.00302529 0.804905 -0.980274 -0.0716324 1.92387 -0.374819 -0.0350349 1.98078 -0.19083 0.00302529 1.98078 -0.194579 0.00302529 1.92387 -0.382172 -0.177215 0.617312 -0.905616 -0.188316 0.804905 -0.961428 0.00302529 0.804905 -0.980274 0.00302529 0.617312 -0.923368 -0.105361 1.83147 -0.544383 -0.0716324 1.92387 -0.374819 0.00302529 1.92387 -0.382172 0.00302529 1.83147 -0.555059 -0.159186 0.444425 -0.814981 -0.177215 0.617312 -0.905616 0.00302529 0.617312 -0.923368 0.00302553 0.444425 -0.830957 </float_array>
     <technique_common>
      <accessor source="#ID9-array" count="1984" stride="3">
       <param name="X" type="float"/>
       <param name="Y" type="float"/>
       <param name="Z" type="float"/>
      </accessor>
     </technique_common>
    </source>
    <source id="geometrySource10">
     <float_array id="ID11-array" count="5952">0 -0.552755 -0.833344 0 -0.380544 -0.924763 0.180398 -0.380543 -0.906997 0.162575 -0.55276 -0.817329 0 0.704048 -0.710152 0 0.828645 -0.559775 0.109197 0.828654 -0.549007 0.138527 0.704048 -0.69651 0 -0.704048 -0.710152 0 -0.552755 -0.833344 0.162575 -0.55276 -0.817329 0.138527 -0.704048 -0.69651 0 0.552755 -0.833344 0 0.704048 -0.710152 0.138527 0.704048 -0.69651 0.162575 0.55276 -0.817329 0 -0.828645 -0.559775 0 -0.704048 -0.710152 0.138527 -0.704048 -0.69651 0.109197 -0.828654 -0.549007 0 0.380544 -0.924763 0 0.552755 -0.833344 0.162575 0.55276 -0.817329 0.180398 0.380543 -0.906997 0 -0.921714 -0.38787 0 -0.828645 -0.559775 0.109197 -0.828654 -0.549007 0.0756573 -0.921713 -0.380423 0 0.193921 -0.981017 0 0.380544 -0.924763 0.180398 0.380543 -0.906997 0.191384 0.193917 -0.962169 0 -0.979598 -0.200967 0 -0.921714 -0.38787 0.0756573 -0.921713 -0.380423 0.0391865 -0.979602 -0.197092 0 0 -1 0 0.193921 -0.981017 0.191384 0.193917 -0.962169 0.195077 0 -0.980788 0 0.979598 -0.200967 0 1 -0 0.0391865 0.979602 -0.197092 0 -1 -0 0 -0.979598 -0.200967 0.0391865 -0.979602 -0.197092 0 -0.193921 -0.981017 0 0 -1 0.195077 0 -0.980788 0.191384 -0.193917 -0.962169 0 0.921714 -0.38787 0 0.979598 -0.200967 0.0391865 0.979602 -0.197092 0.0756573 0.921713 -0.380423 0 -0.380544 -0.924763 0 -0.193921 -0.981017 0.191384 -0.193917 -0.962169 0.180398 -0.380543 -0.906997 0 0.828645 -0.559775 0 0.921714 -0.38787 0.0756573 0.921713 -0.380423 0.109197 0.828654 -0.549007 0.180398 -0.380543 -0.906997 0.191384 -0.193917 -0.962169 0.375411 -0.193916 -0.906346 0.353868 -0.380542 -0.85438 0.109197 0.828654 -0.549007 0.0756573 0.921713 -0.380423 0.148415 0.921712 -0.358357 0.214214 0.828656 -0.517147 0.162575 -0.55276 -0.817329 0.180398 -0.380543 -0.906997 0.353868 -0.380542 -0.85438 0.318895 -0.552764 -0.769908 0.138527 0.704048 -0.69651 0.109197 0.828654 -0.549007 0.214214 0.828656 -0.517147 0.271749 0.704063 -0.656086 0.138527 -0.704048 -0.69651 0.162575 -0.55276 -0.817329 0.318895 -0.552764 -0.769908 0.271749 -0.704063 -0.656086 0.162575 0.55276 -0.817329 0.138527 0.704048 -0.69651 0.271749 0.704063 -0.656086 0.318895 0.552764 -0.769908 0.109197 -0.828654 -0.549007 0.138527 -0.704048 -0.69651 0.271749 -0.704063 -0.656086 0.214214 -0.828656 -0.517147 0.180398 0.380543 -0.906997 0.162575 0.55276 -0.817329 0.318895 0.552764 -0.769908 0.353868 0.380542 -0.85438 0.0756573 -0.921713 -0.380423 0.109197 -0.828654 -0.549007 0.214214 -0.828656 -0.517147 0.148415 -0.921712 -0.358357 0.191384 0.193917 -0.962169 0.180398 0.380543 -0.906997 0.353868 0.380542 -0.85438 0.375411 0.193916 -0.906346 0.0391865 -0.979602 -0.197092 0.0756573 -0.921713 -0.380423 0.148415 -0.921712 -0.358357 0.0769081 -0.979602 -0.185648 0.195077 0 -0.980788 0.191384 0.193917 -0.962169 0.375411 0.193916 -0.906346 0.382682 0 -0.92388 0.0391865 0.979602 -0.197092 0 1 -0 0.0769081 0.979602 -0.185648 0 -1 -0 0.0391865 -0.979602 -0.197092 0.0769081 -0.979602 -0.185648 0.191384 -0.193917 -0.962169 0.195077 0 -0.980788 0.382682 0 -0.92388 0.375411 -0.193916 -0.906346 0.0756573 0.921713 -0.380423 0.0391865 0.979602 -0.197092 0.0769081 0.979602 -0.185648 0.148415 0.921712 -0.358357 0.148415 -0.921712 -0.358357 0.214214 -0.828656 -0.517147 0.31099 -0.828657 -0.465417 0.215497 -0.921714 -0.322498 0.375411 0.193916 -0.906346 0.353868 0.380542 -0.85438 0.513756 0.38054 -0.768924 0.545015 0.19392 -0.815692 0.0769081 -0.979602 -0.185648 0.148415 -0.921712 -0.358357 0.215497 -0.921714 -0.322498 0.111639 -0.979601 -0.167092 0.382682 0 -0.92388 0.375411 0.193916 -0.906346 0.545015 0.19392 -0.815692 0.555573 0 -0.831468 0.0769081 0.979602 -0.185648 0 1 -0 0.111639 0.979601 -0.167092 0 -1 -0 0.0769081 -0.979602 -0.185648 0.111639 -0.979601 -0.167092 0.375411 -0.193916 -0.906346 0.382682 0 -0.92388 0.555573 0 -0.831468 0.545015 -0.19392 -0.815692 0.148415 0.921712 -0.358357 0.0769081 0.979602 -0.185648 0.111639 0.979601 -0.167092 0.215497 0.921714 -0.322498 0.353868 -0.380542 -0.85438 0.375411 -0.193916 -0.906346 0.545015 -0.19392 -0.815692 0.513756 -0.38054 -0.768924 0.214214 0.828656 -0.517147 0.148415 0.921712 -0.358357 0.215497 0.921714 -0.322498 0.31099 0.828657 -0.465417 0.318895 -0.552764 -0.769908 0.353868 -0.380542 -0.85438 0.513756 -0.38054 -0.768924 0.462972 -0.552759 -0.692902 0.271749 0.704063 -0.656086 0.214214 0.828656 -0.517147 0.31099 0.828657 -0.465417 0.394528 0.704059 -0.590465 0.271749 -0.704063 -0.656086 0.318895 -0.552764 -0.769908 0.462972 -0.552759 -0.692902 0.394528 -0.704059 -0.590465 0.318895 0.552764 -0.769908 0.271749 0.704063 -0.656086 0.394528 0.704059 -0.590465 0.462972 0.552759 -0.692902 0.214214 -0.828656 -0.517147 0.271749 -0.704063 -0.656086 0.394528 -0.704059 -0.590465 0.31099 -0.828657 -0.465417 0.353868 0.380542 -0.85438 0.318895 0.552764 -0.769908 0.462972 0.552759 -0.692902 0.513756 0.38054 -0.768924 0.31099 0.828657 -0.465417 0.215497 0.921714 -0.322498 0.274275 0.921708 -0.274275 0.395805 0.82866 -0.395805 0.462972 -0.552759 -0.692902 0.513756 -0.38054 -0.768924 0.653906 -0.380545 -0.653906 0.589261 -0.55276 -0.589261 0.394528 0.704059 -0.590465 0.31099 0.828657 -0.465417 0.395805 0.82866 -0.395805 0.502143 0.704063 -0.502143 0.394528 -0.704059 -0.590465 0.462972 -0.552759 -0.692902 0.589261 -0.55276 -0.589261 0.502143 -0.704063 -0.502143 0.462972 0.552759 -0.692902 0.394528 0.704059 -0.590465 0.502143 0.704063 -0.502143 0.589261 0.55276 -0.589261 0.31099 -0.828657 -0.465417 0.394528 -0.704059 -0.590465 0.502143 -0.704063 -0.502143 0.395805 -0.82866 -0.395805 0.513756 0.38054 -0.768924 0.462972 0.552759 -0.692902 0.589261 0.55276 -0.589261 0.653906 0.380545 -0.653906 0.215497 -0.921714 -0.322498 0.31099 -0.828657 -0.465417 0.395805 -0.82866 -0.395805 0.274275 -0.921708 -0.274275 0.545015 0.19392 -0.815692 0.513756 0.38054 -0.768924 0.653906 0.380545 -0.653906 0.693684 0.193923 -0.693684 0.111639 -0.979601 -0.167092 0.215497 -0.921714 -0.322498 0.274275 -0.921708 -0.274275 0.142097 -0.979601 -0.142097 0.555573 0 -0.831468 0.545015 0.19392 -0.815692 0.693684 0.193923 -0.693684 0.707107 0 -0.707107 0.111639 0.979601 -0.167092 0 1 -0 0.142097 0.979601 -0.142097 0 -1 -0 0.111639 -0.979601 -0.167092 0.142097 -0.979601 -0.142097 0.545015 -0.19392 -0.815692 0.555573 0 -0.831468 0.707107 0 -0.707107 0.693684 -0.193923 -0.693684 0.215497 0.921714 -0.322498 0.111639 0.979601 -0.167092 0.142097 0.979601 -0.142097 0.274275 0.921708 -0.274275 0.513756 -0.38054 -0.768924 0.545015 -0.19392 -0.815692 0.693684 -0.193923 -0.693684 0.653906 -0.380545 -0.653906 0.693684 0.193923 -0.693684 0.653906 0.380545 -0.653906 0.768924 0.38054 -0.513756 0.815692 0.19392 -0.545015 0.142097 -0.979601 -0.142097 0.274275 -0.921708 -0.274275 0.322498 -0.921714 -0.215497 0.167092 -0.979601 -0.111639 0.707107 0 -0.707107 0.693684 0.193923 -0.693684 0.815692 0.19392 -0.545015 0.831468 0 -0.555573 0.142097 0.979601 -0.142097 0 1 -0 0.167092 0.979601 -0.111639 0 -1 -0 0.142097 -0.979601 -0.142097 0.167092 -0.979601 -0.111639 0.693684 -0.193923 -0.693684 0.707107 0 -0.707107 0.831468 0 -0.555573 0.815692 -0.19392 -0.545015 0.274275 0.921708 -0.274275 0.142097 0.979601 -0.142097 0.167092 0.979601 -0.111639 0.322498 0.921714 -0.215497 0.653906 -0.380545 -0.653906 0.693684 -0.193923 -0.693684 0.815692 -0.19392 -0.545015 0.768924 -0.38054 -0.513756 0.395805 0.82866 -0.395805 0.274275 0.921708 -0.274275 0.322498 0.921714 -0.215497 0.465417 0.828657 -0.31099 0.589261 -0.55276 -0.589261 0.653906 -0.380545 -0.653906 0.768924 -0.38054 -0.513756 0.692902 -0.552759 -0.462972 0.502143 0.704063 -0.502143 0.395805 0.82866 -0.395805 0.465417 0.828657 -0.31099 0.590465 0.704059 -0.394528 0.502143 -0.704063 -0.502143 0.589261 -0.55276 -0.589261 0.692902 -0.552759 -0.462972 0.590465 -0.704059 -0.394528 0.589261 0.55276 -0.589261 0.502143 0.704063 -0.502143 0.590465 0.704059 -0.394528 0.692902 0.552759 -0.462972 0.395805 -0.82866 -0.395805 0.502143 -0.704063 -0.502143 0.590465 -0.704059 -0.394528 0.465417 -0.828657 -0.31099 0.653906 0.380545 -0.653906 0.589261 0.55276 -0.589261 0.692902 0.552759 -0.462972 0.768924 0.38054 -0.513756 0.274275 -0.921708 -0.274275 0.395805 -0.82866 -0.395805 0.465417 -0.828657 -0.31099 0.322498 -0.921714 -0.215497 0.692902 -0.552759 -0.462972 0.768924 -0.38054 -0.513756 0.85438 -0.380542 -0.353868 0.769908 -0.552764 -0.318895 0.590465 0.704059 -0.394528 0.465417 0.828657 -0.31099 0.517147 0.828656 -0.214214 0.656086 0.704063 -0.271749 0.590465 -0.704059 -0.394528 0.692902 -0.552759 -0.462972 0.769908 -0.552764 -0.318895 0.656086 -0.704063 -0.271749 0.692902 0.552759 -0.462972 0.590465 0.704059 -0.394528 0.656086 0.704063 -0.271749 0.769908 0.552764 -0.318895 0.465417 -0.828657 -0.31099 0.590465 -0.704059 -0.394528 0.656086 -0.704063 -0.271749 0.517147 -0.828656 -0.214214 0.768924 0.38054 -0.513756 0.692902 0.552759 -0.462972 0.769908 0.552764 -0.318895 0.85438 0.380542 -0.353868 0.322498 -0.921714 -0.215497 0.465417 -0.828657 -0.31099 0.517147 -0.828656 -0.214214 0.358357 -0.921712 -0.148415 0.815692 0.19392 -0.545015 0.768924 0.38054 -0.513756 0.85438 0.380542 -0.353868 0.906346 0.193916 -0.375411 0.167092 -0.979601 -0.111639 0.322498 -0.921714 -0.215497 0.358357 -0.921712 -0.148415 0.185648 -0.979602 -0.0769081 0.831468 0 -0.555573 0.815692 0.19392 -0.545015 0.906346 0.193916 -0.375411 0.92388 0 -0.382682 0.167092 0.979601 -0.111639 0 1 -0 0.185648 0.979602 -0.0769081 0 -1 -0 0.167092 -0.979601 -0.111639 0.185648 -0.979602 -0.0769081 0.815692 -0.19392 -0.545015 0.831468 0 -0.555573 0.92388 0 -0.382682 0.906346 -0.193916 -0.375411 0.322498 0.921714 -0.215497 0.167092 0.979601 -0.111639 0.185648 0.979602 -0.0769081 0.358357 0.921712 -0.148415 0.768924 -0.38054 -0.513756 0.815692 -0.19392 -0.545015 0.906346 -0.193916 -0.375411 0.85438 -0.380542 -0.353868 0.465417 0.828657 -0.31099 0.322498 0.921714 -0.215497 0.358357 0.921712 -0.148415 0.517147 0.828656 -0.214214 0.185648 -0.979602 -0.0769081 0.358357 -0.921712 -0.148415 0.380423 -0.921713 -0.0756573 0.197092 -0.979602 -0.0391865 0.92388 0 -0.382682 0.906346 0.193916 -0.375411 0.962169 0.193917 -0.191384 0.980788 0 -0.195077 0.185648 0.979602 -0.0769081 0 1 -0 0.197092 0.979602 -0.0391865 0 -1 -0 0.185648 -0.979602 -0.0769081 0.197092 -0.979602 -0.0391865 0.906346 -0.193916 -0.375411 0.92388 0 -0.382682 0.980788 0 -0.195077 0.962169 -0.193917 -0.191384 0.358357 0.921712 -0.148415 0.185648 0.979602 -0.0769081 0.197092 0.979602 -0.0391865 0.380423 0.921713 -0.0756573 0.85438 -0.380542 -0.353868 0.906346 -0.193916 -0.375411 0.962169 -0.193917 -0.191384 0.906997 -0.380543 -0.180398 0.517147 0.828656 -0.214214 0.358357 0.921712 -0.148415 0.380423 0.921713 -0.0756573 0.549007 0.828654 -0.109197 0.769908 -0.552764 -0.318895 0.85438 -0.380542 -0.353868 0.906997 -0.380543 -0.180398 0.817329 -0.55276 -0.162575 0.656086 0.704063 -0.271749 0.517147 0.828656 -0.214214 0.549007 0.828654 -0.109197 0.69651 0.704048 -0.138527 0.656086 -0.704063 -0.271749 0.769908 -0.552764 -0.318895 0.817329 -0.55276 -0.162575 0.69651 -0.704048 -0.138527 0.769908 0.552764 -0.318895 0.656086 0.704063 -0.271749 0.69651 0.704048 -0.138527 0.817329 0.55276 -0.162575 0.517147 -0.828656 -0.214214 0.656086 -0.704063 -0.271749 0.69651 -0.704048 -0.138527 0.549007 -0.828654 -0.109197 0.85438 0.380542 -0.353868 0.769908 0.552764 -0.318895 0.817329 0.55276 -0.162575 0.906997 0.380543 -0.180398 0.358357 -0.921712 -0.148415 0.517147 -0.828656 -0.214214 0.549007 -0.828654 -0.109197 0.380423 -0.921713 -0.0756573 0.906346 0.193916 -0.375411 0.85438 0.380542 -0.353868 0.906997 0.380543 -0.180398 0.962169 0.193917 -0.191384 0.69651 0.704048 -0.138527 0.549007 0.828654 -0.109197 0.559775 0.828645 -0 0.710152 0.704048 -0 0.69651 -0.704048 -0.138527 0.817329 -0.55276 -0.162575 0.833344 -0.552755 -0 0.710152 -0.704048 -0 0.817329 0.55276 -0.162575 0.69651 0.704048 -0.138527 0.710152 0.704048 -0 0.833344 0.552755 -0 0.549007 -0.828654 -0.109197 0.69651 -0.704048 -0.138527 0.710152 -0.704048 -0 0.559775 -0.828645 -0 0.906997 0.380543 -0.180398 0.817329 0.55276 -0.162575 0.833344 0.552755 -0 0.924763 0.380544 -0 0.380423 -0.921713 -0.0756573 0.549007 -0.828654 -0.109197 0.559775 -0.828645 -0 0.38787 -0.921714 -0 0.962169 0.193917 -0.191384 0.906997 0.380543 -0.180398 0.924763 0.380544 -0 0.981017 0.193921 -0 0.197092 -0.979602 -0.0391865 0.380423 -0.921713 -0.0756573 0.38787 -0.921714 -0 0.200967 -0.979598 -0 0.980788 0 -0.195077 0.962169 0.193917 -0.191384 0.981017 0.193921 -0 1 0 -0 0.197092 0.979602 -0.0391865 0 1 -0 0.200967 0.979598 -0 0 -1 -0 0.197092 -0.979602 -0.0391865 0.200967 -0.979598 -0 0.962169 -0.193917 -0.191384 0.980788 0 -0.195077 1 0 -0 0.981017 -0.193921 -0 0.380423 0.921713 -0.0756573 0.197092 0.979602 -0.0391865 0.200967 0.979598 -0 0.38787 0.921714 -0 0.906997 -0.380543 -0.180398 0.962169 -0.193917 -0.191384 0.981017 -0.193921 -0 0.924763 -0.380544 -0 0.549007 0.828654 -0.109197 0.380423 0.921713 -0.0756573 0.38787 0.921714 -0 0.559775 0.828645 -0 0.817329 -0.55276 -0.162575 0.906997 -0.380543 -0.180398 0.924763 -0.380544 -0 0.833344 -0.552755 -0 1 0 -0 0.981017 0.193921 -0 0.962169 0.193917 0.191384 0.980788 0 0.195077 0.200967 0.979598 -0 0 1 -0 0.197092 0.979602 0.0391865 0 -1 -0 0.200967 -0.979598 -0 0.197092 -0.979602 0.0391865 0.981017 -0.193921 -0 1 0 -0 0.980788 0 0.195077 0.962169 -0.193917 0.191384 0.38787 0.921714 -0 0.200967 0.979598 -0 0.197092 0.979602 0.0391865 0.380423 0.921713 0.0756573 0.924763 -0.380544 -0 0.981017 -0.193921 -0 0.962169 -0.193917 0.191384 0.906997 -0.380543 0.180398 0.559775 0.828645 -0 0.38787 0.921714 -0 0.380423 0.921713 0.0756573 0.549007 0.828654 0.109197 0.833344 -0.552755 -0 0.924763 -0.380544 -0 0.906997 -0.380543 0.180398 0.817329 -0.55276 0.162575 0.710152 0.704048 -0 0.559775 0.828645 -0 0.549007 0.828654 0.109197 0.69651 0.704048 0.138527 0.710152 -0.704048 -0 0.833344 -0.552755 -0 0.817329 -0.55276 0.162575 0.69651 -0.704048 0.138527 0.833344 0.552755 -0 0.710152 0.704048 -0 0.69651 0.704048 0.138527 0.817329 0.55276 0.162575 0.559775 -0.828645 -0 0.710152 -0.704048 -0 0.69651 -0.704048 0.138527 0.549007 -0.828654 0.109197 0.924763 0.380544 -0 0.833344 0.552755 -0 0.817329 0.55276 0.162575 0.906997 0.380543 0.180398 0.38787 -0.921714 -0 0.559775 -0.828645 -0 0.549007 -0.828654 0.109197 0.380423 -0.921713 0.0756573 0.981017 0.193921 -0 0.924763 0.380544 -0 0.906997 0.380543 0.180398 0.962169 0.193917 0.191384 0.200967 -0.979598 -0 0.38787 -0.921714 -0 0.380423 -0.921713 0.0756573 0.197092 -0.979602 0.0391865 0.69651 -0.704048 0.138527 0.817329 -0.55276 0.162575 0.769908 -0.552764 0.318895 0.656086 -0.704063 0.271749 0.817329 0.55276 0.162575 0.69651 0.704048 0.138527 0.656086 0.704063 0.271749 0.769908 0.552764 0.318895 0.549007 -0.828654 0.109197 0.69651 -0.704048 0.138527 0.656086 -0.704063 0.271749 0.517147 -0.828656 0.214214 0.906997 0.380543 0.180398 0.817329 0.55276 0.162575 0.769908 0.552764 0.318895 0.85438 0.380542 0.353868 0.380423 -0.921713 0.0756573 0.549007 -0.828654 0.109197 0.517147 -0.828656 0.214214 0.358357 -0.921712 0.148415 0.962169 0.193917 0.191384 0.906997 0.380543 0.180398 0.85438 0.380542 0.353868 0.906346 0.193916 0.375411 0.197092 -0.979602 0.0391865 0.380423 -0.921713 0.0756573 0.358357 -0.921712 0.148415 0.185648 -0.979602 0.0769081 0.980788 0 0.195077 0.962169 0.193917 0.191384 0.906346 0.193916 0.375411 0.92388 0 0.382682 0.197092 0.979602 0.0391865 0 1 -0 0.185648 0.979602 0.0769081 0 -1 -0 0.197092 -0.979602 0.0391865 0.185648 -0.979602 0.0769081 0.962169 -0.193917 0.191384 0.980788 0 0.195077 0.92388 0 0.382682 0.906346 -0.193916 0.375411 0.380423 0.921713 0.0756573 0.197092 0.979602 0.0391865 0.185648 0.979602 0.0769081 0.358357 0.921712 0.148415 0.906997 -0.380543 0.180398 0.962169 -0.193917 0.191384 0.906346 -0.193916 0.375411 0.85438 -0.380542 0.353868 0.549007 0.828654 0.109197 0.380423 0.921713 0.0756573 0.358357 0.921712 0.148415 0.517147 0.828656 0.214214 0.817329 -0.55276 0.162575 0.906997 -0.380543 0.180398 0.85438 -0.380542 0.353868 0.769908 -0.552764 0.318895 0.69651 0.704048 0.138527 0.549007 0.828654 0.109197 0.517147 0.828656 0.214214 0.656086 0.704063 0.271749 0 -1 -0 0.185648 -0.979602 0.0769081 0.167092 -0.979601 0.111639 0.906346 -0.193916 0.375411 0.92388 0 0.382682 0.831468 0 0.555573 0.815692 -0.19392 0.545015 0.358357 0.921712 0.148415 0.185648 0.979602 0.0769081 0.167092 0.979601 0.111639 0.322498 0.921714 0.215497 0.85438 -0.380542 0.353868 0.906346 -0.193916 0.375411 0.815692 -0.19392 0.545015 0.768924 -0.38054 0.513756 0.517147 0.828656 0.214214 0.358357 0.921712 0.148415 0.322498 0.921714 0.215497 0.465417 0.828657 0.31099 0.769908 -0.552764 0.318895 0.85438 -0.380542 0.353868 0.768924 -0.38054 0.513756 0.692902 -0.552759 0.462972 0.656086 0.704063 0.271749 0.517147 0.828656 0.214214 0.465417 0.828657 0.31099 0.590465 0.704059 0.394528 0.656086 -0.704063 0.271749 0.769908 -0.552764 0.318895 0.692902 -0.552759 0.462972 0.590465 -0.704059 0.394528 0.769908 0.552764 0.318895 0.656086 0.704063 0.271749 0.590465 0.704059 0.394528 0.692902 0.552759 0.462972 0.517147 -0.828656 0.214214 0.656086 -0.704063 0.271749 0.590465 -0.704059 0.394528 0.465417 -0.828657 0.31099 0.85438 0.380542 0.353868 0.769908 0.552764 0.318895 0.692902 0.552759 0.462972 0.768924 0.38054 0.513756 0.358357 -0.921712 0.148415 0.517147 -0.828656 0.214214 0.465417 -0.828657 0.31099 0.322498 -0.921714 0.215497 0.906346 0.193916 0.375411 0.85438 0.380542 0.353868 0.768924 0.38054 0.513756 0.815692 0.19392 0.545015 0.185648 -0.979602 0.0769081 0.358357 -0.921712 0.148415 0.322498 -0.921714 0.215497 0.167092 -0.979601 0.111639 0.92388 0 0.382682 0.906346 0.193916 0.375411 0.815692 0.19392 0.545015 0.831468 0 0.555573 0.185648 0.979602 0.0769081 0 1 -0 0.167092 0.979601 0.111639 0.465417 -0.828657 0.31099 0.590465 -0.704059 0.394528 0.502143 -0.704063 0.502143 0.395805 -0.82866 0.395805 0.768924 0.38054 0.513756 0.692902 0.552759 0.462972 0.589261 0.55276 0.589261 0.653906 0.380545 0.653906 0.322498 -0.921714 0.215497 0.465417 -0.828657 0.31099 0.395805 -0.82866 0.395805 0.274275 -0.921708 0.274275 0.815692 0.19392 0.545015 0.768924 0.38054 0.513756 0.653906 0.380545 0.653906 0.693684 0.193923 0.693684 0.167092 -0.979601 0.111639 0.322498 -0.921714 0.215497 0.274275 -0.921708 0.274275 0.142097 -0.979601 0.142097 0.831468 0 0.555573 0.815692 0.19392 0.545015 0.693684 0.193923 0.693684 0.707107 0 0.707107 0.167092 0.979601 0.111639 0 1 -0 0.142097 0.979601 0.142097 0 -1 -0 0.167092 -0.979601 0.111639 0.142097 -0.979601 0.142097 0.815692 -0.19392 0.545015 0.831468 0 0.555573 0.707107 0 0.707107 0.693684 -0.193923 0.693684 0.322498 0.921714 0.215497 0.167092 0.979601 0.111639 0.142097 0.979601 0.142097 0.274275 0.921708 0.274275 0.768924 -0.38054 0.513756 0.815692 -0.19392 0.545015 0.693684 -0.193923 0.693684 0.653906 -0.380545 0.653906 0.465417 0.828657 0.31099 0.322498 0.921714 0.215497 0.274275 0.921708 0.274275 0.395805 0.82866 0.395805 0.692902 -0.552759 0.462972 0.768924 -0.38054 0.513756 0.653906 -0.380545 0.653906 0.589261 -0.55276 0.589261 0.590465 0.704059 0.394528 0.465417 0.828657 0.31099 0.395805 0.82866 0.395805 0.502143 0.704063 0.502143 0.590465 -0.704059 0.394528 0.692902 -0.552759 0.462972 0.589261 -0.55276 0.589261 0.502143 -0.704063 0.502143 0.692902 0.552759 0.462972 0.590465 0.704059 0.394528 0.502143 0.704063 0.502143 0.589261 0.55276 0.589261 0.274275 0.921708 0.274275 0.142097 0.979601 0.142097 0.111639 0.979601 0.167092 0.215497 0.921714 0.322498 0.653906 -0.380545 0.653906 0.693684 -0.193923 0.693684 0.545015 -0.19392 0.815692 0.513756 -0.38054 0.768924 0.395805 0.82866 0.395805 0.274275 0.921708 0.274275 0.215497 0.921714 0.322498 0.31099 0.828657 0.465417 0.589261 -0.55276 0.589261 0.653906 -0.380545 0.653906 0.513756 -0.38054 0.768924 0.462972 -0.552759 0.692902 0.502143 0.704063 0.502143 0.395805 0.82866 0.395805 0.31099 0.828657 0.465417 0.394528 0.704059 0.590465 0.502143 -0.704063 0.502143 0.589261 -0.55276 0.589261 0.462972 -0.552759 0.692902 0.394528 -0.704059 0.590465 0.589261 0.55276 0.589261 0.502143 0.704063 0.502143 0.394528 0.704059 0.590465 0.462972 0.552759 0.692902 0.395805 -0.82866 0.395805 0.502143 -0.704063 0.502143 0.394528 -0.704059 0.590465 0.31099 -0.828657 0.465417 0.653906 0.380545 0.653906 0.589261 0.55276 0.589261 0.462972 0.552759 0.692902 0.513756 0.38054 0.768924 0.274275 -0.921708 0.274275 0.395805 -0.82866 0.395805 0.31099 -0.828657 0.465417 0.215497 -0.921714 0.322498 0.693684 0.193923 0.693684 0.653906 0.380545 0.653906 0.513756 0.38054 0.768924 0.545015 0.19392 0.815692 0.142097 -0.979601 0.142097 0.274275 -0.921708 0.274275 0.215497 -0.921714 0.322498 0.111639 -0.979601 0.167092 0.707107 0 0.707107 0.693684 0.193923 0.693684 0.545015 0.19392 0.815692 0.555573 0 0.831468 0.142097 0.979601 0.142097 0 1 -0 0.111639 0.979601 0.167092 0 -1 -0 0.142097 -0.979601 0.142097 0.111639 -0.979601 0.167092 0.693684 -0.193923 0.693684 0.707107 0 0.707107 0.555573 0 0.831468 0.545015 -0.19392 0.815692 0.513756 0.38054 0.768924 0.462972 0.552759 0.692902 0.318895 0.552764 0.769908 0.353868 0.380542 0.85438 0.215497 -0.921714 0.322498 0.31099 -0.828657 0.465417 0.214214 -0.828656 0.517147 0.148415 -0.921712 0.358357 0.545015 0.19392 0.815692 0.513756 0.38054 0.768924 0.353868 0.380542 0.85438 0.375411 0.193916 0.906346 0.111639 -0.979601 0.167092 0.215497 -0.921714 0.322498 0.148415 -0.921712 0.358357 0.0769081 -0.979602 0.185648 0.555573 0 0.831468 0.545015 0.19392 0.815692 0.375411 0.193916 0.906346 0.382682 0 0.92388 0.111639 0.979601 0.167092 0 1 -0 0.0768778 0.979604 0.185648 0 -1 -0 0.111639 -0.979601 0.167092 0.0769081 -0.979602 0.185648 0.545015 -0.19392 0.815692 0.555573 0 0.831468 0.382682 0 0.92388 0.375411 -0.193916 0.906346 0.215497 0.921714 0.322498 0.111639 0.979601 0.167092 0.0768778 0.979604 0.185648 0.148415 0.921712 0.358357 0.513756 -0.38054 0.768924 0.545015 -0.19392 0.815692 0.375411 -0.193916 0.906346 0.353868 -0.380542 0.85438 0.31099 0.828657 0.465417 0.215497 0.921714 0.322498 0.148415 0.921712 0.358357 0.214214 0.828656 0.517147 0.462972 -0.552759 0.692902 0.513756 -0.38054 0.768924 0.353868 -0.380542 0.85438 0.318895 -0.552764 0.769908 0.394528 0.704059 0.590465 0.31099 0.828657 0.465417 0.214214 0.828656 0.517147 0.271749 0.704063 0.656086 0.394528 -0.704059 0.590465 0.462972 -0.552759 0.692902 0.318895 -0.552764 0.769908 0.271749 -0.704063 0.656086 0.462972 0.552759 0.692902 0.394528 0.704059 0.590465 0.271749 0.704063 0.656086 0.318895 0.552764 0.769908 0.31099 -0.828657 0.465417 0.394528 -0.704059 0.590465 0.271749 -0.704063 0.656086 0.214214 -0.828656 0.517147 0.353868 -0.380542 0.85438 0.375411 -0.193916 0.906346 0.191384 -0.193917 0.962169 0.180398 -0.380543 0.906997 0.214214 0.828656 0.517147 0.148415 0.921712 0.358357 0.0756573 0.921713 0.380423 0.109197 0.828654 0.549007 0.318895 -0.552764 0.769908 0.353868 -0.380542 0.85438 0.180398 -0.380543 0.906997 0.162575 -0.55276 0.817329 0.271749 0.704063 0.656086 0.214214 0.828656 0.517147 0.109197 0.828654 0.549007 0.138527 0.704048 0.69651 0.271749 -0.704063 0.656086 0.318895 -0.552764 0.769908 0.162575 -0.55276 0.817329 0.138527 -0.704048 0.69651 0.318895 0.552764 0.769908 0.271749 0.704063 0.656086 0.138527 0.704048 0.69651 0.162575 0.55276 0.817329 0.214214 -0.828656 0.517147 0.271749 -0.704063 0.656086 0.138527 -0.704048 0.69651 0.109197 -0.828654 0.549007 0.353868 0.380542 0.85438 0.318895 0.552764 0.769908 0.162575 0.55276 0.817329 0.180398 0.380543 0.906997 0.148415 -0.921712 0.358357 0.214214 -0.828656 0.517147 0.109197 -0.828654 0.549007 0.0756573 -0.921713 0.380423 0.375411 0.193916 0.906346 0.353868 0.380542 0.85438 0.180398 0.380543 0.906997 0.191384 0.193917 0.962169 0.0769081 -0.979602 0.185648 0.148415 -0.921712 0.358357 0.0756573 -0.921713 0.380423 0.0391865 -0.979602 0.197092 0.382682 0 0.92388 0.375411 0.193916 0.906346 0.191384 0.193917 0.962169 0.195077 0 0.980788 0.0768778 0.979604 0.185648 0 1 -0 0.0391865 0.979602 0.197092 0 -1 -0 0.0769081 -0.979602 0.185648 0.0391865 -0.979602 0.197092 0.375411 -0.193916 0.906346 0.382682 0 0.92388 0.195077 0 0.980788 0.191384 -0.193917 0.962169 0.148415 0.921712 0.358357 0.0768778 0.979604 0.185648 0.0391865 0.979602 0.197092 0.0756573 0.921713 0.380423 0.0756573 -0.921713 0.380423 0.109197 -0.828654 0.549007 0 -0.828645 0.559775 0 -0.921714 0.38787 0.191384 0.193917 0.962169 0.180398 0.380543 0.906997 0 0.380544 0.924763 0 0.193921 0.981017 0.0391865 -0.979602 0.197092 0.0756573 -0.921713 0.380423 0 -0.921714 0.38787 0 -0.979598 0.200967 0.195077 0 0.980788 0.191384 0.193917 0.962169 0 0.193921 0.981017 0 0 1 0.0391865 0.979602 0.197092 0 1 -0 0 0.979598 0.200967 0 -1 -0 0.0391865 -0.979602 0.197092 0 -0.979598 0.200967 0.191384 -0.193917 0.962169 0.195077 0 0.980788 0 0 1 0 -0.193921 0.981017 0.0756573 0.921713 0.380423 0.0391865 0.979602 0.197092 0 0.979598 0.200967 0 0.921714 0.38787 0.180398 -0.380543 0.906997 0.191384 -0.193917 0.962169 0 -0.193921 0.981017 0 -0.380544 0.924763 0.109197 0.828654 0.549007 0.0756573 0.921713 0.380423 0 0.921714 0.38787 0 0.828645 0.559775 0.162575 -0.55276 0.817329 0.180398 -0.380543 0.906997 0 -0.380544 0.924763 0 -0.552755 0.833344 0.138527 0.704048 0.69651 0.109197 0.828654 0.549007 0 0.828645 0.559775 0 0.704048 0.710152 0.138527 -0.704048 0.69651 0.162575 -0.55276 0.817329 0 -0.552755 0.833344 0 -0.704048 0.710152 0.162575 0.55276 0.817329 0.138527 0.704048 0.69651 0 0.704048 0.710152 0 0.552755 0.833344 0.109197 -0.828654 0.549007 0.138527 -0.704048 0.69651 0 -0.704048 0.710152 0 -0.828645 0.559775 0.180398 0.380543 0.906997 0.162575 0.55276 0.817329 0 0.552755 0.833344 0 0.380544 0.924763 0 0.828645 0.559775 0 0.921714 0.38787 -0.0756573 0.921713 0.380423 -0.109197 0.828654 0.549007 0 -0.552755 0.833344 0 -0.380544 0.924763 -0.180398 -0.380543 0.906997 -0.162575 -0.55276 0.817329 0 0.704048 0.710152 0 0.828645 0.559775 -0.109197 0.828654 0.549007 -0.138527 0.704048 0.69651 0 -0.704048 0.710152 0 -0.552755 0.833344 -0.162575 -0.55276 0.817329 -0.138527 -0.704048 0.69651 0 0.552755 0.833344 0 0.704048 0.710152 -0.138527 0.704048 0.69651 -0.162575 0.55276 0.817329 0 -0.828645 0.559775 0 -0.704048 0.710152 -0.138527 -0.704048 0.69651 -0.109197 -0.828654 0.549007 0 0.380544 0.924763 0 0.552755 0.833344 -0.162575 0.55276 0.817329 -0.180398 0.380543 0.906997 0 -0.921714 0.38787 0 -0.828645 0.559775 -0.109197 -0.828654 0.549007 -0.0756573 -0.921713 0.380423 0 0.193921 0.981017 0 0.380544 0.924763 -0.180398 0.380543 0.906997 -0.191384 0.193917 0.962169 0 -0.979598 0.200967 0 -0.921714 0.38787 -0.0756573 -0.921713 0.380423 -0.0391865 -0.979602 0.197092 0 0 1 0 0.193921 0.981017 -0.191384 0.193917 0.962169 -0.195077 0 0.980788 0 0.979598 0.200967 0 1 -0 -0.0391865 0.979602 0.197092 0 -1 -0 0 -0.979598 0.200967 -0.0391865 -0.979602 0.197092 0 -0.193921 0.981017 0 0 1 -0.195077 0 0.980788 -0.191384 -0.193917 0.962169 0 0.921714 0.38787 0 0.979598 0.200967 -0.0391865 0.979602 0.197092 -0.0756573 0.921713 0.380423 0 -0.380544 0.924763 0 -0.193921 0.981017 -0.191384 -0.193917 0.962169 -0.180398 -0.380543 0.906997 -0.191384 0.193917 0.962169 -0.180398 0.380543 0.906997 -0.353895 0.380538 0.854371 -0.375411 0.193916 0.906346 -0.0391865 -0.979602 0.197092 -0.0756573 -0.921713 0.380423 -0.148415 -0.921712 0.358357 -0.0769081 -0.979602 0.185648 -0.195077 0 0.980788 -0.191384 0.193917 0.962169 -0.375411 0.193916 0.906346 -0.382682 0 0.92388 -0.0391865 0.979602 0.197092 0 1 -0 -0.0768778 0.979604 0.185648 0 -1 -0 -0.0391865 -0.979602 0.197092 -0.0769081 -0.979602 0.185648 -0.191384 -0.193917 0.962169 -0.195077 0 0.980788 -0.382682 0 0.92388 -0.375411 -0.193916 0.906346 -0.0756573 0.921713 0.380423 -0.0391865 0.979602 0.197092 -0.0768778 0.979604 0.185648 -0.148415 0.921712 0.358357 -0.180398 -0.380543 0.906997 -0.191384 -0.193917 0.962169 -0.375411 -0.193916 0.906346 -0.353868 -0.380542 0.85438 -0.109197 0.828654 0.549007 -0.0756573 0.921713 0.380423 -0.148415 0.921712 0.358357 -0.214214 0.828656 0.517147 -0.162575 -0.55276 0.817329 -0.180398 -0.380543 0.906997 -0.353868 -0.380542 0.85438 -0.318895 -0.552764 0.769908 -0.138527 0.704048 0.69651 -0.109197 0.828654 0.549007 -0.214214 0.828656 0.517147 -0.271749 0.704063 0.656086 -0.138527 -0.704048 0.69651 -0.162575 -0.55276 0.817329 -0.318895 -0.552764 0.769908 -0.271749 -0.704063 0.656086 -0.162575 0.55276 0.817329 -0.138527 0.704048 0.69651 -0.271749 0.704063 0.656086 -0.318895 0.552764 0.769908 -0.109197 -0.828654 0.549007 -0.138527 -0.704048 0.69651 -0.271749 -0.704063 0.656086 -0.214214 -0.828656 0.517147 -0.180398 0.380543 0.906997 -0.162575 0.55276 0.817329 -0.318895 0.552764 0.769908 -0.353895 0.380538 0.854371 -0.0756573 -0.921713 0.380423 -0.109197 -0.828654 0.549007 -0.214214 -0.828656 0.517147 -0.148415 -0.921712 0.358357 -0.318895 -0.552764 0.769908 -0.353868 -0.380542 0.85438 -0.513756 -0.38054 0.768924 -0.462972 -0.552759 0.692902 -0.271749 0.704063 0.656086 -0.214214 0.828656 0.517147 -0.31099 0.828657 0.465417 -0.394528 0.704059 0.590465 -0.271749 -0.704063 0.656086 -0.318895 -0.552764 0.769908 -0.462972 -0.552759 0.692902 -0.394528 -0.704059 0.590465 -0.318895 0.552764 0.769908 -0.271749 0.704063 0.656086 -0.394528 0.704059 0.590465 -0.462972 0.552759 0.692902 -0.214214 -0.828656 0.517147 -0.271749 -0.704063 0.656086 -0.394528 -0.704059 0.590465 -0.31099 -0.828657 0.465417 -0.353895 0.380538 0.854371 -0.318895 0.552764 0.769908 -0.462972 0.552759 0.692902 -0.513756 0.38054 0.768924 -0.148415 -0.921712 0.358357 -0.214214 -0.828656 0.517147 -0.31099 -0.828657 0.465417 -0.215497 -0.921714 0.322498 -0.375411 0.193916 0.906346 -0.353895 0.380538 0.854371 -0.513756 0.38054 0.768924 -0.545015 0.19392 0.815692 -0.0769081 -0.979602 0.185648 -0.148415 -0.921712 0.358357 -0.215497 -0.921714 0.322498 -0.111639 -0.979601 0.167092 -0.382682 0 0.92388 -0.375411 0.193916 0.906346 -0.545015 0.19392 0.815692 -0.555573 0 0.831468 -0.0768778 0.979604 0.185648 0 1 -0 -0.111639 0.979601 0.167092 0 -1 -0 -0.0769081 -0.979602 0.185648 -0.111639 -0.979601 0.167092 -0.375411 -0.193916 0.906346 -0.382682 0 0.92388 -0.555573 0 0.831468 -0.545015 -0.19392 0.815692 -0.148415 0.921712 0.358357 -0.0768778 0.979604 0.185648 -0.111639 0.979601 0.167092 -0.215497 0.921714 0.322498 -0.353868 -0.380542 0.85438 -0.375411 -0.193916 0.906346 -0.545015 -0.19392 0.815692 -0.513756 -0.38054 0.768924 -0.214214 0.828656 0.517147 -0.148415 0.921712 0.358357 -0.215497 0.921714 0.322498 -0.31099 0.828657 0.465417 -0.111639 -0.979601 0.167092 -0.215497 -0.921714 0.322498 -0.274275 -0.921708 0.274275 -0.142097 -0.979601 0.142097 -0.555573 0 0.831468 -0.545015 0.19392 0.815692 -0.693684 0.193923 0.693684 -0.707107 0 0.707107 -0.111639 0.979601 0.167092 0 1 -0 -0.142097 0.979601 0.142097 0 -1 -0 -0.111639 -0.979601 0.167092 -0.142097 -0.979601 0.142097 -0.545015 -0.19392 0.815692 -0.555573 0 0.831468 -0.707107 0 0.707107 -0.693684 -0.193923 0.693684 -0.215497 0.921714 0.322498 -0.111639 0.979601 0.167092 -0.142097 0.979601 0.142097 -0.274275 0.921708 0.274275 -0.513756 -0.38054 0.768924 -0.545015 -0.19392 0.815692 -0.693684 -0.193923 0.693684 -0.653906 -0.380545 0.653906 -0.31099 0.828657 0.465417 -0.215497 0.921714 0.322498 -0.274275 0.921708 0.274275 -0.395805 0.82866 0.395805 -0.462972 -0.552759 0.692902 -0.513756 -0.38054 0.768924 -0.653906 -0.380545 0.653906 -0.589261 -0.55276 0.589261 -0.394528 0.704059 0.590465 -0.31099 0.828657 0.465417 -0.395805 0.82866 0.395805 -0.502143 0.704063 0.502143 -0.394528 -0.704059 0.590465 -0.462972 -0.552759 0.692902 -0.589261 -0.55276 0.589261 -0.502143 -0.704063 0.502143 -0.462972 0.552759 0.692902 -0.394528 0.704059 0.590465 -0.502143 0.704063 0.502143 -0.589261 0.55276 0.589261 -0.31099 -0.828657 0.465417 -0.394528 -0.704059 0.590465 -0.502143 -0.704063 0.502143 -0.395805 -0.82866 0.395805 -0.513756 0.38054 0.768924 -0.462972 0.552759 0.692902 -0.589261 0.55276 0.589261 -0.653906 0.380545 0.653906 -0.215497 -0.921714 0.322498 -0.31099 -0.828657 0.465417 -0.395805 -0.82866 0.395805 -0.274275 -0.921708 0.274275 -0.545015 0.19392 0.815692 -0.513756 0.38054 0.768924 -0.653906 0.380545 0.653906 -0.693684 0.193923 0.693684 -0.502143 -0.704063 0.502143 -0.589261 -0.55276 0.589261 -0.692902 -0.552759 0.462972 -0.590465 -0.704059 0.394528 -0.589261 0.55276 0.589261 -0.502143 0.704063 0.502143 -0.590465 0.704059 0.394528 -0.692902 0.552759 0.462972 -0.395805 -0.82866 0.395805 -0.502143 -0.704063 0.502143 -0.590465 -0.704059 0.394528 -0.465417 -0.828657 0.31099 -0.653906 0.380545 0.653906 -0.589261 0.55276 0.589261 -0.692902 0.552759 0.462972 -0.768924 0.38054 0.513756 -0.274275 -0.921708 0.274275 -0.395805 -0.82866 0.395805 -0.465417 -0.828657 0.31099 -0.322498 -0.921714 0.215497 -0.693684 0.193923 0.693684 -0.653906 0.380545 0.653906 -0.768924 0.38054 0.513756 -0.815692 0.19392 0.545015 -0.142097 -0.979601 0.142097 -0.274275 -0.921708 0.274275 -0.322498 -0.921714 0.215497 -0.167092 -0.979601 0.111639 -0.707107 0 0.707107 -0.693684 0.193923 0.693684 -0.815692 0.19392 0.545015 -0.831468 0 0.555573 -0.142097 0.979601 0.142097 0 1 -0 -0.167092 0.979601 0.111639 0 -1 -0 -0.142097 -0.979601 0.142097 -0.167092 -0.979601 0.111639 -0.693684 -0.193923 0.693684 -0.707107 0 0.707107 -0.831468 0 0.555573 -0.815692 -0.19392 0.545015 -0.274275 0.921708 0.274275 -0.142097 0.979601 0.142097 -0.167092 0.979601 0.111639 -0.322498 0.921714 0.215497 -0.653906 -0.380545 0.653906 -0.693684 -0.193923 0.693684 -0.815692 -0.19392 0.545015 -0.768924 -0.38054 0.513756 -0.395805 0.82866 0.395805 -0.274275 0.921708 0.274275 -0.322498 0.921714 0.215497 -0.465417 0.828657 0.31099 -0.589261 -0.55276 0.589261 -0.653906 -0.380545 0.653906 -0.768924 -0.38054 0.513756 -0.692902 -0.552759 0.462972 -0.502143 0.704063 0.502143 -0.395805 0.82866 0.395805 -0.465417 0.828657 0.31099 -0.590465 0.704059 0.394528 -0.167092 0.979601 0.111639 0 1 -0 -0.185648 0.979602 0.0769081 0 -1 -0 -0.167092 -0.979601 0.111639 -0.185648 -0.979602 0.0769081 -0.815692 -0.19392 0.545015 -0.831468 0 0.555573 -0.92388 0 0.382682 -0.906346 -0.193916 0.375411 -0.322498 0.921714 0.215497 -0.167092 0.979601 0.111639 -0.185648 0.979602 0.0769081 -0.358357 0.921712 0.148415 -0.768924 -0.38054 0.513756 -0.815692 -0.19392 0.545015 -0.906346 -0.193916 0.375411 -0.85438 -0.380542 0.353868 -0.465417 0.828657 0.31099 -0.322498 0.921714 0.215497 -0.358357 0.921712 0.148415 -0.517147 0.828656 0.214214 -0.692902 -0.552759 0.462972 -0.768924 -0.38054 0.513756 -0.85438 -0.380542 0.353868 -0.769908 -0.552764 0.318895 -0.590465 0.704059 0.394528 -0.465417 0.828657 0.31099 -0.517147 0.828656 0.214214 -0.656086 0.704063 0.271749 -0.590465 -0.704059 0.394528 -0.692902 -0.552759 0.462972 -0.769908 -0.552764 0.318895 -0.656086 -0.704063 0.271749 -0.692902 0.552759 0.462972 -0.590465 0.704059 0.394528 -0.656086 0.704063 0.271749 -0.769908 0.552764 0.318895 -0.465417 -0.828657 0.31099 -0.590465 -0.704059 0.394528 -0.656086 -0.704063 0.271749 -0.517147 -0.828656 0.214214 -0.768924 0.38054 0.513756 -0.692902 0.552759 0.462972 -0.769908 0.552764 0.318895 -0.85438 0.380542 0.353868 -0.322498 -0.921714 0.215497 -0.465417 -0.828657 0.31099 -0.517147 -0.828656 0.214214 -0.358357 -0.921712 0.148415 -0.815692 0.19392 0.545015 -0.768924 0.38054 0.513756 -0.85438 0.380542 0.353868 -0.906346 0.193916 0.375411 -0.167092 -0.979601 0.111639 -0.322498 -0.921714 0.215497 -0.358357 -0.921712 0.148415 -0.185648 -0.979602 0.0769081 -0.831468 0 0.555573 -0.815692 0.19392 0.545015 -0.906346 0.193916 0.375411 -0.92388 0 0.382682 -0.769908 0.552764 0.318895 -0.656086 0.704063 0.271749 -0.69651 0.704048 0.138527 -0.817329 0.55276 0.162575 -0.517147 -0.828656 0.214214 -0.656086 -0.704063 0.271749 -0.69651 -0.704048 0.138527 -0.549007 -0.828654 0.109197 -0.85438 0.380542 0.353868 -0.769908 0.552764 0.318895 -0.817329 0.55276 0.162575 -0.906997 0.380543 0.180398 -0.358357 -0.921712 0.148415 -0.517147 -0.828656 0.214214 -0.549007 -0.828654 0.109197 -0.380423 -0.921713 0.0756573 -0.906346 0.193916 0.375411 -0.85438 0.380542 0.353868 -0.906997 0.380543 0.180398 -0.962169 0.193917 0.191384 -0.185648 -0.979602 0.0769081 -0.358357 -0.921712 0.148415 -0.380423 -0.921713 0.0756573 -0.197092 -0.979602 0.0391865 -0.92388 0 0.382682 -0.906346 0.193916 0.375411 -0.962169 0.193917 0.191384 -0.980788 0 0.195077 -0.185648 0.979602 0.0769081 0 1 -0 -0.197092 0.979602 0.0391865 0 -1 -0 -0.185648 -0.979602 0.0769081 -0.197092 -0.979602 0.0391865 -0.906346 -0.193916 0.375411 -0.92388 0 0.382682 -0.980788 0 0.195077 -0.962169 -0.193917 0.191384 -0.358357 0.921712 0.148415 -0.185648 0.979602 0.0769081 -0.197092 0.979602 0.0391865 -0.380423 0.921713 0.0756573 -0.85438 -0.380542 0.353868 -0.906346 -0.193916 0.375411 -0.962169 -0.193917 0.191384 -0.906997 -0.380543 0.180398 -0.517147 0.828656 0.214214 -0.358357 0.921712 0.148415 -0.380423 0.921713 0.0756573 -0.549007 0.828654 0.109197 -0.769908 -0.552764 0.318895 -0.85438 -0.380542 0.353868 -0.906997 -0.380543 0.180398 -0.817329 -0.55276 0.162575 -0.656086 0.704063 0.271749 -0.517147 0.828656 0.214214 -0.549007 0.828654 0.109197 -0.69651 0.704048 0.138527 -0.656086 -0.704063 0.271749 -0.769908 -0.552764 0.318895 -0.817329 -0.55276 0.162575 -0.69651 -0.704048 0.138527 -0.962169 -0.193917 0.191384 -0.980788 0 0.195077 -1 0 -0 -0.981017 -0.193921 -0 -0.380423 0.921713 0.0756573 -0.197092 0.979602 0.0391865 -0.200967 0.979598 -0 -0.38787 0.921714 -0 -0.906997 -0.380543 0.180398 -0.962169 -0.193917 0.191384 -0.981017 -0.193921 -0 -0.924763 -0.380544 -0 -0.549007 0.828654 0.109197 -0.380423 0.921713 0.0756573 -0.38787 0.921714 -0 -0.559775 0.828645 -0 -0.817329 -0.55276 0.162575 -0.906997 -0.380543 0.180398 -0.924763 -0.380544 -0 -0.833344 -0.552755 -0 -0.69651 0.704048 0.138527 -0.549007 0.828654 0.109197 -0.559775 0.828645 -0 -0.710152 0.704048 -0 -0.69651 -0.704048 0.138527 -0.817329 -0.55276 0.162575 -0.833344 -0.552755 -0 -0.710152 -0.704048 -0 -0.817329 0.55276 0.162575 -0.69651 0.704048 0.138527 -0.710152 0.704048 -0 -0.833344 0.552755 -0 -0.549007 -0.828654 0.109197 -0.69651 -0.704048 0.138527 -0.710152 -0.704048 -0 -0.559775 -0.828645 -0 -0.906997 0.380543 0.180398 -0.817329 0.55276 0.162575 -0.833344 0.552755 -0 -0.924763 0.380544 -0 -0.380423 -0.921713 0.0756573 -0.549007 -0.828654 0.109197 -0.559775 -0.828645 -0 -0.38787 -0.921714 -0 -0.962169 0.193917 0.191384 -0.906997 0.380543 0.180398 -0.924763 0.380544 -0 -0.981017 0.193921 -0 -0.197092 -0.979602 0.0391865 -0.380423 -0.921713 0.0756573 -0.38787 -0.921714 -0 -0.200967 -0.979598 -0 -0.980788 0 0.195077 -0.962169 0.193917 0.191384 -0.981017 0.193921 -0 -1 0 -0 -0.197092 0.979602 0.0391865 0 1 -0 -0.200967 0.979598 -0 0 -1 -0 -0.197092 -0.979602 0.0391865 -0.200967 -0.979598 -0 -0.559775 -0.828645 -0 -0.710152 -0.704048 -0 -0.69651 -0.704048 -0.138527 -0.549007 -0.828654 -0.109197 -0.924763 0.380544 -0 -0.833344 0.552755 -0 -0.817329 0.55276 -0.162575 -0.906997 0.380543 -0.180398 -0.38787 -0.921714 -0 -0.559775 -0.828645 -0 -0.549007 -0.828654 -0.109197 -0.380423 -0.921713 -0.0756573 -0.981017 0.193921 -0 -0.924763 0.380544 -0 -0.906997 0.380543 -0.180398 -0.962169 0.193917 -0.191384 -0.200967 -0.979598 -0 -0.38787 -0.921714 -0 -0.380423 -0.921713 -0.0756573 -0.197092 -0.979602 -0.0391865 -1 0 -0 -0.981017 0.193921 -0 -0.962169 0.193917 -0.191384 -0.980788 0 -0.195077 -0.200967 0.979598 -0 0 1 -0 -0.197092 0.979602 -0.0391865 0 -1 -0 -0.200967 -0.979598 -0 -0.197092 -0.979602 -0.0391865 -0.981017 -0.193921 -0 -1 0 -0 -0.980788 0 -0.195077 -0.962169 -0.193917 -0.191384 -0.38787 0.921714 -0 -0.200967 0.979598 -0 -0.197092 0.979602 -0.0391865 -0.380423 0.921713 -0.0756573 -0.924763 -0.380544 -0 -0.981017 -0.193921 -0 -0.962169 -0.193917 -0.191384 -0.906997 -0.380543 -0.180398 -0.559775 0.828645 -0 -0.38787 0.921714 -0 -0.380423 0.921713 -0.0756573 -0.549007 0.828654 -0.109197 -0.833344 -0.552755 -0 -0.924763 -0.380544 -0 -0.906997 -0.380543 -0.180398 -0.817329 -0.55276 -0.162575 -0.710152 0.704048 -0 -0.559775 0.828645 -0 -0.549007 0.828654 -0.109197 -0.69651 0.704048 -0.138527 -0.710152 -0.704048 -0 -0.833344 -0.552755 -0 -0.817329 -0.55276 -0.162575 -0.69651 -0.704048 -0.138527 -0.833344 0.552755 -0 -0.710152 0.704048 -0 -0.69651 0.704048 -0.138527 -0.817329 0.55276 -0.162575 -0.380423 0.921713 -0.0756573 -0.197092 0.979602 -0.0391865 -0.185648 0.979602 -0.0769081 -0.358357 0.921712 -0.148415 -0.906997 -0.380543 -0.180398 -0.962169 -0.193917 -0.191384 -0.906346 -0.193916 -0.375411 -0.85438 -0.380542 -0.353868 -0.549007 0.828654 -0.109197 -0.380423 0.921713 -0.0756573 -0.358357 0.921712 -0.148415 -0.517147 0.828656 -0.214214 -0.817329 -0.55276 -0.162575 -0.906997 -0.380543 -0.180398 -0.85438 -0.380542 -0.353868 -0.769908 -0.552764 -0.318895 -0.69651 0.704048 -0.138527 -0.549007 0.828654 -0.109197 -0.517147 0.828656 -0.214214 -0.656086 0.704063 -0.271749 -0.69651 -0.704048 -0.138527 -0.817329 -0.55276 -0.162575 -0.769908 -0.552764 -0.318895 -0.656086 -0.704063 -0.271749 -0.817329 0.55276 -0.162575 -0.69651 0.704048 -0.138527 -0.656086 0.704063 -0.271749 -0.769908 0.552764 -0.318895 -0.549007 -0.828654 -0.109197 -0.69651 -0.704048 -0.138527 -0.656086 -0.704063 -0.271749 -0.517147 -0.828656 -0.214214 -0.906997 0.380543 -0.180398 -0.817329 0.55276 -0.162575 -0.769908 0.552764 -0.318895 -0.85438 0.380542 -0.353868 -0.380423 -0.921713 -0.0756573 -0.549007 -0.828654 -0.109197 -0.517147 -0.828656 -0.214214 -0.358357 -0.921712 -0.148415 -0.962169 0.193917 -0.191384 -0.906997 0.380543 -0.180398 -0.85438 0.380542 -0.353868 -0.906346 0.193916 -0.375411 -0.197092 -0.979602 -0.0391865 -0.380423 -0.921713 -0.0756573 -0.358357 -0.921712 -0.148415 -0.185648 -0.979602 -0.0769081 -0.980788 0 -0.195077 -0.962169 0.193917 -0.191384 -0.906346 0.193916 -0.375411 -0.92388 0 -0.382682 -0.197092 0.979602 -0.0391865 0 1 -0 -0.185648 0.979602 -0.0769081 0 -1 -0 -0.197092 -0.979602 -0.0391865 -0.185648 -0.979602 -0.0769081 -0.962169 -0.193917 -0.191384 -0.980788 0 -0.195077 -0.92388 0 -0.382682 -0.906346 -0.193916 -0.375411 -0.85438 0.380542 -0.353868 -0.769908 0.552764 -0.318895 -0.692902 0.552759 -0.462972 -0.768924 0.38054 -0.513756 -0.358357 -0.921712 -0.148415 -0.517147 -0.828656 -0.214214 -0.465417 -0.828657 -0.31099 -0.322498 -0.921714 -0.215497 -0.906346 0.193916 -0.375411 -0.85438 0.380542 -0.353868 -0.768924 0.38054 -0.513756 -0.815692 0.19392 -0.545015 -0.185648 -0.979602 -0.0769081 -0.358357 -0.921712 -0.148415 -0.322498 -0.921714 -0.215497 -0.167092 -0.979601 -0.111639 -0.92388 0 -0.382682 -0.906346 0.193916 -0.375411 -0.815692 0.19392 -0.545015 -0.831468 0 -0.555573 -0.185648 0.979602 -0.0769081 0 1 -0 -0.167092 0.979601 -0.111639 0 -1 -0 -0.185648 -0.979602 -0.0769081 -0.167092 -0.979601 -0.111639 -0.906346 -0.193916 -0.375411 -0.92388 0 -0.382682 -0.831468 0 -0.555573 -0.815692 -0.19392 -0.545015 -0.358357 0.921712 -0.148415 -0.185648 0.979602 -0.0769081 -0.167092 0.979601 -0.111639 -0.322498 0.921714 -0.215497 -0.85438 -0.380542 -0.353868 -0.906346 -0.193916 -0.375411 -0.815692 -0.19392 -0.545015 -0.768924 -0.38054 -0.513756 -0.517147 0.828656 -0.214214 -0.358357 0.921712 -0.148415 -0.322498 0.921714 -0.215497 -0.465417 0.828657 -0.31099 -0.769908 -0.552764 -0.318895 -0.85438 -0.380542 -0.353868 -0.768924 -0.38054 -0.513756 -0.692902 -0.552759 -0.462972 -0.656086 0.704063 -0.271749 -0.517147 0.828656 -0.214214 -0.465417 0.828657 -0.31099 -0.590465 0.704059 -0.394528 -0.656086 -0.704063 -0.271749 -0.769908 -0.552764 -0.318895 -0.692902 -0.552759 -0.462972 -0.590465 -0.704059 -0.394528 -0.769908 0.552764 -0.318895 -0.656086 0.704063 -0.271749 -0.590465 0.704059 -0.394528 -0.692902 0.552759 -0.462972 -0.517147 -0.828656 -0.214214 -0.656086 -0.704063 -0.271749 -0.590465 -0.704059 -0.394528 -0.465417 -0.828657 -0.31099 -0.768924 -0.38054 -0.513756 -0.815692 -0.19392 -0.545015 -0.693684 -0.193923 -0.693684 -0.653906 -0.380545 -0.653906 -0.465417 0.828657 -0.31099 -0.322498 0.921714 -0.215497 -0.274275 0.921708 -0.274275 -0.395805 0.82866 -0.395805 -0.692902 -0.552759 -0.462972 -0.768924 -0.38054 -0.513756 -0.653906 -0.380545 -0.653906 -0.589261 -0.55276 -0.589261 -0.590465 0.704059 -0.394528 -0.465417 0.828657 -0.31099 -0.395805 0.82866 -0.395805 -0.502143 0.704063 -0.502143 -0.590465 -0.704059 -0.394528 -0.692902 -0.552759 -0.462972 -0.589261 -0.55276 -0.589261 -0.502143 -0.704063 -0.502143 -0.692902 0.552759 -0.462972 -0.590465 0.704059 -0.394528 -0.502143 0.704063 -0.502143 -0.589261 0.55276 -0.589261 -0.465417 -0.828657 -0.31099 -0.590465 -0.704059 -0.394528 -0.502143 -0.704063 -0.502143 -0.395805 -0.82866 -0.395805 -0.768924 0.38054 -0.513756 -0.692902 0.552759 -0.462972 -0.589261 0.55276 -0.589261 -0.653906 0.380545 -0.653906 -0.322498 -0.921714 -0.215497 -0.465417 -0.828657 -0.31099 -0.395805 -0.82866 -0.395805 -0.274275 -0.921708 -0.274275 -0.815692 0.19392 -0.545015 -0.768924 0.38054 -0.513756 -0.653906 0.380545 -0.653906 -0.693684 0.193923 -0.693684 -0.167092 -0.979601 -0.111639 -0.322498 -0.921714 -0.215497 -0.274275 -0.921708 -0.274275 -0.142097 -0.979601 -0.142097 -0.831468 0 -0.555573 -0.815692 0.19392 -0.545015 -0.693684 0.193923 -0.693684 -0.707107 0 -0.707107 -0.167092 0.979601 -0.111639 0 1 -0 -0.142097 0.979601 -0.142097 0 -1 -0 -0.167092 -0.979601 -0.111639 -0.142097 -0.979601 -0.142097 -0.815692 -0.19392 -0.545015 -0.831468 0 -0.555573 -0.707107 0 -0.707107 -0.693684 -0.193923 -0.693684 -0.322498 0.921714 -0.215497 -0.167092 0.979601 -0.111639 -0.142097 0.979601 -0.142097 -0.274275 0.921708 -0.274275 -0.274275 -0.921708 -0.274275 -0.395805 -0.82866 -0.395805 -0.31099 -0.828657 -0.465417 -0.215497 -0.921714 -0.322498 -0.693684 0.193923 -0.693684 -0.653906 0.380545 -0.653906 -0.513756 0.38054 -0.768924 -0.545015 0.19392 -0.815692 -0.142097 -0.979601 -0.142097 -0.274275 -0.921708 -0.274275 -0.215497 -0.921714 -0.322498 -0.111639 -0.979601 -0.167092 -0.707107 0 -0.707107 -0.693684 0.193923 -0.693684 -0.545015 0.19392 -0.815692 -0.555573 0 -0.831468 -0.142097 0.979601 -0.142097 0 1 -0 -0.111639 0.979601 -0.167092 0 -1 -0 -0.142097 -0.979601 -0.142097 -0.111639 -0.979601 -0.167092 -0.693684 -0.193923 -0.693684 -0.707107 0 -0.707107 -0.555573 0 -0.831468 -0.545015 -0.19392 -0.815692 -0.274275 0.921708 -0.274275 -0.142097 0.979601 -0.142097 -0.111639 0.979601 -0.167092 -0.215497 0.921714 -0.322498 -0.653906 -0.380545 -0.653906 -0.693684 -0.193923 -0.693684 -0.545015 -0.19392 -0.815692 -0.513756 -0.38054 -0.768924 -0.395805 0.82866 -0.395805 -0.274275 0.921708 -0.274275 -0.215497 0.921714 -0.322498 -0.31099 0.828657 -0.465417 -0.589261 -0.55276 -0.589261 -0.653906 -0.380545 -0.653906 -0.513756 -0.38054 -0.768924 -0.462972 -0.552759 -0.692902 -0.502143 0.704063 -0.502143 -0.395805 0.82866 -0.395805 -0.31099 0.828657 -0.465417 -0.394528 0.704059 -0.590465 -0.502143 -0.704063 -0.502143 -0.589261 -0.55276 -0.589261 -0.462972 -0.552759 -0.692902 -0.394528 -0.704059 -0.590465 -0.589261 0.55276 -0.589261 -0.502143 0.704063 -0.502143 -0.394528 0.704059 -0.590465 -0.462972 0.552759 -0.692902 -0.395805 -0.82866 -0.395805 -0.502143 -0.704063 -0.502143 -0.394528 -0.704059 -0.590465 -0.31099 -0.828657 -0.465417 -0.653906 0.380545 -0.653906 -0.589261 0.55276 -0.589261 -0.462972 0.552759 -0.692902 -0.513756 0.38054 -0.768924 -0.462972 -0.552759 -0.692902 -0.513756 -0.38054 -0.768924 -0.353868 -0.380542 -0.85438 -0.318895 -0.552764 -0.769908 -0.394528 0.704059 -0.590465 -0.31099 0.828657 -0.465417 -0.214214 0.828656 -0.517147 -0.271749 0.704063 -0.656086 -0.394528 -0.704059 -0.590465 -0.462972 -0.552759 -0.692902 -0.318895 -0.552764 -0.769908 -0.271749 -0.704063 -0.656086 -0.462972 0.552759 -0.692902 -0.394528 0.704059 -0.590465 -0.271749 0.704063 -0.656086 -0.318895 0.552764 -0.769908 -0.31099 -0.828657 -0.465417 -0.394528 -0.704059 -0.590465 -0.271749 -0.704063 -0.656086 -0.214214 -0.828656 -0.517147 -0.513756 0.38054 -0.768924 -0.462972 0.552759 -0.692902 -0.318895 0.552764 -0.769908 -0.353868 0.380542 -0.85438 -0.215497 -0.921714 -0.322498 -0.31099 -0.828657 -0.465417 -0.214214 -0.828656 -0.517147 -0.148415 -0.921712 -0.358357 -0.545015 0.19392 -0.815692 -0.513756 0.38054 -0.768924 -0.353868 0.380542 -0.85438 -0.375411 0.193916 -0.906346 -0.111639 -0.979601 -0.167092 -0.215497 -0.921714 -0.322498 -0.148415 -0.921712 -0.358357 -0.0769081 -0.979602 -0.185648 -0.555573 0 -0.831468 -0.545015 0.19392 -0.815692 -0.375411 0.193916 -0.906346 -0.382682 0 -0.92388 -0.111639 0.979601 -0.167092 0 1 -0 -0.0769081 0.979602 -0.185648 0 -1 -0 -0.111639 -0.979601 -0.167092 -0.0769081 -0.979602 -0.185648 -0.545015 -0.19392 -0.815692 -0.555573 0 -0.831468 -0.382682 0 -0.92388 -0.375411 -0.193916 -0.906346 -0.215497 0.921714 -0.322498 -0.111639 0.979601 -0.167092 -0.0769081 0.979602 -0.185648 -0.148415 0.921712 -0.358357 -0.513756 -0.38054 -0.768924 -0.545015 -0.19392 -0.815692 -0.375411 -0.193916 -0.906346 -0.353868 -0.380542 -0.85438 -0.31099 0.828657 -0.465417 -0.215497 0.921714 -0.322498 -0.148415 0.921712 -0.358357 -0.214214 0.828656 -0.517147 -0.0769081 -0.979602 -0.185648 -0.148415 -0.921712 -0.358357 -0.0756573 -0.921713 -0.380423 -0.0391865 -0.979602 -0.197092 -0.382682 0 -0.92388 -0.375411 0.193916 -0.906346 -0.191384 0.193917 -0.962169 -0.195077 0 -0.980788 -0.0769081 0.979602 -0.185648 0 1 -0 -0.0391865 0.979602 -0.197092 0 -1 -0 -0.0769081 -0.979602 -0.185648 -0.0391865 -0.979602 -0.197092 -0.375411 -0.193916 -0.906346 -0.382682 0 -0.92388 -0.195077 0 -0.980788 -0.191384 -0.193917 -0.962169 -0.148415 0.921712 -0.358357 -0.0769081 0.979602 -0.185648 -0.0391865 0.979602 -0.197092 -0.0756573 0.921713 -0.380423 -0.353868 -0.380542 -0.85438 -0.375411 -0.193916 -0.906346 -0.191384 -0.193917 -0.962169 -0.180398 -0.380543 -0.906997 -0.214214 0.828656 -0.517147 -0.148415 0.921712 -0.358357 -0.0756573 0.921713 -0.380423 -0.109197 0.828654 -0.549007 -0.318895 -0.552764 -0.769908 -0.353868 -0.380542 -0.85438 -0.180398 -0.380543 -0.906997 -0.162575 -0.55276 -0.817329 -0.271749 0.704063 -0.656086 -0.214214 0.828656 -0.517147 -0.109197 0.828654 -0.549007 -0.138527 0.704048 -0.69651 -0.271749 -0.704063 -0.656086 -0.318895 -0.552764 -0.769908 -0.162575 -0.55276 -0.817329 -0.138527 -0.704048 -0.69651 -0.318895 0.552764 -0.769908 -0.271749 0.704063 -0.656086 -0.138527 0.704048 -0.69651 -0.162575 0.55276 -0.817329 -0.214214 -0.828656 -0.517147 -0.271749 -0.704063 -0.656086 -0.138527 -0.704048 -0.69651 -0.109197 -0.828654 -0.549007 -0.353868 0.380542 -0.85438 -0.318895 0.552764 -0.769908 -0.162575 0.55276 -0.817329 -0.180398 0.380543 -0.906997 -0.148415 -0.921712 -0.358357 -0.214214 -0.828656 -0.517147 -0.109197 -0.828654 -0.549007 -0.0756573 -0.921713 -0.380423 -0.375411 0.193916 -0.906346 -0.353868 0.380542 -0.85438 -0.180398 0.380543 -0.906997 -0.191384 0.193917 -0.962169 -0.138527 0.704048 -0.69651 -0.109197 0.828654 -0.549007 0 0.828645 -0.559775 0 0.704048 -0.710152 -0.138527 -0.704048 -0.69651 -0.162575 -0.55276 -0.817329 0 -0.552755 -0.833344 0 -0.704048 -0.710152 -0.162575 0.55276 -0.817329 -0.138527 0.704048 -0.69651 0 0.704048 -0.710152 0 0.552755 -0.833344 -0.109197 -0.828654 -0.549007 -0.138527 -0.704048 -0.69651 0 -0.704048 -0.710152 0 -0.828645 -0.559775 -0.180398 0.380543 -0.906997 -0.162575 0.55276 -0.817329 0 0.552755 -0.833344 0 0.380544 -0.924763 -0.0756573 -0.921713 -0.380423 -0.109197 -0.828654 -0.549007 0 -0.828645 -0.559775 0 -0.921714 -0.38787 -0.191384 0.193917 -0.962169 -0.180398 0.380543 -0.906997 0 0.380544 -0.924763 0 0.193921 -0.981017 -0.0391865 -0.979602 -0.197092 -0.0756573 -0.921713 -0.380423 0 -0.921714 -0.38787 0 -0.979598 -0.200967 -0.195077 0 -0.980788 -0.191384 0.193917 -0.962169 0 0.193921 -0.981017 0 0 -1 -0.0391865 0.979602 -0.197092 0 1 -0 0 0.979598 -0.200967 0 -1 -0 -0.0391865 -0.979602 -0.197092 0 -0.979598 -0.200967 -0.191384 -0.193917 -0.962169 -0.195077 0 -0.980788 0 0 -1 0 -0.193921 -0.981017 -0.0756573 0.921713 -0.380423 -0.0391865 0.979602 -0.197092 0 0.979598 -0.200967 0 0.921714 -0.38787 -0.180398 -0.380543 -0.906997 -0.191384 -0.193917 -0.962169 0 -0.193921 -0.981017 0 -0.380544 -0.924763 -0.109197 0.828654 -0.549007 -0.0756573 0.921713 -0.380423 0 0.921714 -0.38787 0 0.828645 -0.559775 -0.162575 -0.55276 -0.817329 -0.180398 -0.380543 -0.906997 0 -0.380544 -0.924763 0 -0.552755 -0.833344 </float_array>
     <technique_common>
      <accessor source="#ID11-array" count="1984" stride="3">
       <param name="X" type="float"/>
       <param name="Y" type="float"/>
       <param name="Z" type="float"/>
      </accessor>
     </technique_common>
    </source>
    <source id="geometrySource12">
     <float_array id="ID13-array" count="3968">0.75 0.3125 0.75 0.375 0.71875 0.375 0.71875 0.3125 0.75 0.75 0.75 0.8125 0.71875 0.8125 0.71875 0.75 0.75 0.25 0.75 0.3125 0.71875 0.3125 0.71875 0.25 0.75 0.6875 0.75 0.75 0.71875 0.75 0.71875 0.6875 0.75 0.1875 0.75 0.25 0.71875 0.25 0.71875 0.1875 0.75 0.625 0.75 0.6875 0.71875 0.6875 0.71875 0.625 0.75 0.125 0.75 0.1875 0.71875 0.1875 0.71875 0.125 0.75 0.5625 0.75 0.625 0.71875 0.625 0.71875 0.5625 0.75 0.0624999 0.75 0.125 0.71875 0.125 0.71875 0.0624999 0.75 0.5 0.75 0.5625 0.71875 0.5625 0.71875 0.5 0.75 0.9375 0.734375 1 0.71875 0.9375 0.734375 0 0.75 0.0624999 0.71875 0.0624999 0.75 0.4375 0.75 0.5 0.71875 0.5 0.71875 0.4375 0.75 0.875 0.75 0.9375 0.71875 0.9375 0.71875 0.875 0.75 0.375 0.75 0.4375 0.71875 0.4375 0.71875 0.375 0.75 0.8125 0.75 0.875 0.71875 0.875 0.71875 0.8125 0.71875 0.375 0.71875 0.4375 0.6875 0.4375 0.6875 0.375 0.71875 0.8125 0.71875 0.875 0.6875 0.875 0.6875 0.8125 0.71875 0.3125 0.71875 0.375 0.6875 0.375 0.6875 0.3125 0.71875 0.75 0.71875 0.8125 0.6875 0.8125 0.6875 0.75 0.71875 0.25 0.71875 0.3125 0.6875 0.3125 0.6875 0.25 0.71875 0.6875 0.71875 0.75 0.6875 0.75 0.6875 0.6875 0.71875 0.1875 0.71875 0.25 0.6875 0.25 0.6875 0.1875 0.71875 0.625 0.71875 0.6875 0.6875 0.6875 0.6875 0.625 0.71875 0.125 0.71875 0.1875 0.6875 0.1875 0.6875 0.125 0.71875 0.5625 0.71875 0.625 0.6875 0.625 0.6875 0.5625 0.71875 0.0624999 0.71875 0.125 0.6875 0.125 0.6875 0.0624999 0.71875 0.5 0.71875 0.5625 0.6875 0.5625 0.6875 0.5 0.71875 0.9375 0.703125 1 0.6875 0.9375 0.703125 0 0.71875 0.0624999 0.6875 0.0624999 0.71875 0.4375 0.71875 0.5 0.6875 0.5 0.6875 0.4375 0.71875 0.875 0.71875 0.9375 0.6875 0.9375 0.6875 0.875 0.6875 0.125 0.6875 0.1875 0.65625 0.1875 0.65625 0.125 0.6875 0.5625 0.6875 0.625 0.65625 0.625 0.65625 0.5625 0.6875 0.0624999 0.6875 0.125 0.65625 0.125 0.65625 0.0624999 0.6875 0.5 0.6875 0.5625 0.65625 0.5625 0.65625 0.5 0.6875 0.9375 0.671875 1 0.65625 0.9375 0.671875 0 0.6875 0.0624999 0.65625 0.0624999 0.6875 0.4375 0.6875 0.5 0.65625 0.5 0.65625 0.4375 0.6875 0.875 0.6875 0.9375 0.65625 0.9375 0.65625 0.875 0.6875 0.375 0.6875 0.4375 0.65625 0.4375 0.65625 0.375 0.6875 0.8125 0.6875 0.875 0.65625 0.875 0.65625 0.8125 0.6875 0.3125 0.6875 0.375 0.65625 0.375 0.65625 0.3125 0.6875 0.75 0.6875 0.8125 0.65625 0.8125 0.65625 0.75 0.6875 0.25 0.6875 0.3125 0.65625 0.3125 0.65625 0.25 0.6875 0.6875 0.6875 0.75 0.65625 0.75 0.65625 0.6875 0.6875 0.1875 0.6875 0.25 0.65625 0.25 0.65625 0.1875 0.6875 0.625 0.6875 0.6875 0.65625 0.6875 0.65625 0.625 0.65625 0.8125 0.65625 0.875 0.625 0.875 0.625 0.8125 0.65625 0.3125 0.65625 0.375 0.625 0.375 0.625 0.3125 0.65625 0.75 0.65625 0.8125 0.625 0.8125 0.625 0.75 0.65625 0.25 0.65625 0.3125 0.625 0.3125 0.625 0.25 0.65625 0.6875 0.65625 0.75 0.625 0.75 0.625 0.6875 0.65625 0.1875 0.65625 0.25 0.625 0.25 0.625 0.1875 0.65625 0.625 0.65625 0.6875 0.625 0.6875 0.625 0.625 0.65625 0.125 0.65625 0.1875 0.625 0.1875 0.625 0.125 0.65625 0.5625 0.65625 0.625 0.625 0.625 0.625 0.5625 0.65625 0.0624999 0.65625 0.125 0.625 0.125 0.625 0.0624999 0.65625 0.5 0.65625 0.5625 0.625 0.5625 0.625 0.5 0.65625 0.9375 0.640625 1 0.625 0.9375 0.640625 0 0.65625 0.0624999 0.625 0.0624999 0.65625 0.4375 0.65625 0.5 0.625 0.5 0.625 0.4375 0.65625 0.875 0.65625 0.9375 0.625 0.9375 0.625 0.875 0.65625 0.375 0.65625 0.4375 0.625 0.4375 0.625 0.375 0.625 0.5625 0.625 0.625 0.59375 0.625 0.59375 0.5625 0.625 0.0624999 0.625 0.125 0.59375 0.125 0.59375 0.0624999 0.625 0.5 0.625 0.5625 0.59375 0.5625 0.59375 0.5 0.625 0.9375 0.609375 1 0.59375 0.9375 0.609375 0 0.625 0.0624999 0.59375 0.0624999 0.625 0.4375 0.625 0.5 0.59375 0.5 0.59375 0.4375 0.625 0.875 0.625 0.9375 0.59375 0.9375 0.59375 0.875 0.625 0.375 0.625 0.4375 0.59375 0.4375 0.59375 0.375 0.625 0.8125 0.625 0.875 0.59375 0.875 0.59375 0.8125 0.625 0.3125 0.625 0.375 0.59375 0.375 0.59375 0.3125 0.625 0.75 0.625 0.8125 0.59375 0.8125 0.59375 0.75 0.625 0.25 0.625 0.3125 0.59375 0.3125 0.59375 0.25 0.625 0.6875 0.625 0.75 0.59375 0.75 0.59375 0.6875 0.625 0.1875 0.625 0.25 0.59375 0.25 0.59375 0.1875 0.625 0.625 0.625 0.6875 0.59375 0.6875 0.59375 0.625 0.625 0.125 0.625 0.1875 0.59375 0.1875 0.59375 0.125 0.59375 0.3125 0.59375 0.375 0.5625 0.375 0.5625 0.3125 0.59375 0.75 0.59375 0.8125 0.5625 0.8125 0.5625 0.75 0.59375 0.25 0.59375 0.3125 0.5625 0.3125 0.5625 0.25 0.59375 0.6875 0.59375 0.75 0.5625 0.75 0.5625 0.6875 0.59375 0.1875 0.59375 0.25 0.5625 0.25 0.5625 0.1875 0.59375 0.625 0.59375 0.6875 0.5625 0.6875 0.5625 0.625 0.59375 0.125 0.59375 0.1875 0.5625 0.1875 0.5625 0.125 0.59375 0.5625 0.59375 0.625 0.5625 0.625 0.5625 0.5625 0.59375 0.0624999 0.59375 0.125 0.5625 0.125 0.5625 0.0624999 0.59375 0.5 0.59375 0.5625 0.5625 0.5625 0.5625 0.5 0.59375 0.9375 0.578125 1 0.5625 0.9375 0.578125 0 0.59375 0.0624999 0.5625 0.0624999 0.59375 0.4375 0.59375 0.5 0.5625 0.5 0.5625 0.4375 0.59375 0.875 0.59375 0.9375 0.5625 0.9375 0.5625 0.875 0.59375 0.375 0.59375 0.4375 0.5625 0.4375 0.5625 0.375 0.59375 0.8125 0.59375 0.875 0.5625 0.875 0.5625 0.8125 0.5625 0.0624999 0.5625 0.125 0.53125 0.125 0.53125 0.0624999 0.5625 0.5 0.5625 0.5625 0.53125 0.5625 0.53125 0.5 0.5625 0.9375 0.546875 1 0.53125 0.9375 0.546875 0 0.5625 0.0624999 0.53125 0.0624999 0.5625 0.4375 0.5625 0.5 0.53125 0.5 0.53125 0.4375 0.5625 0.875 0.5625 0.9375 0.53125 0.9375 0.53125 0.875 0.5625 0.375 0.5625 0.4375 0.53125 0.4375 0.53125 0.375 0.5625 0.8125 0.5625 0.875 0.53125 0.875 0.53125 0.8125 0.5625 0.3125 0.5625 0.375 0.53125 0.375 0.53125 0.3125 0.5625 0.75 0.5625 0.8125 0.53125 0.8125 0.53125 0.75 0.5625 0.25 0.5625 0.3125 0.53125 0.3125 0.53125 0.25 0.5625 0.6875 0.5625 0.75 0.53125 0.75 0.53125 0.6875 0.5625 0.1875 0.5625 0.25 0.53125 0.25 0.53125 0.1875 0.5625 0.625 0.5625 0.6875 0.53125 0.6875 0.53125 0.625 0.5625 0.125 0.5625 0.1875 0.53125 0.1875 0.53125 0.125 0.5625 0.5625 0.5625 0.625 0.53125 0.625 0.53125 0.5625 0.53125 0.75 0.53125 0.8125 0.5 0.8125 0.5 0.75 0.53125 0.25 0.53125 0.3125 0.5 0.3125 0.5 0.25 0.53125 0.6875 0.53125 0.75 0.5 0.75 0.5 0.6875 0.53125 0.1875 0.53125 0.25 0.5 0.25 0.5 0.1875 0.53125 0.625 0.53125 0.6875 0.5 0.6875 0.5 0.625 0.53125 0.125 0.53125 0.1875 0.5 0.1875 0.5 0.125 0.53125 0.5625 0.53125 0.625 0.5 0.625 0.5 0.5625 0.53125 0.0624999 0.53125 0.125 0.5 0.125 0.5 0.0624999 0.53125 0.5 0.53125 0.5625 0.5 0.5625 0.5 0.5 0.53125 0.9375 0.515625 1 0.5 0.9375 0.515625 0 0.53125 0.0624999 0.5 0.0624999 0.53125 0.4375 0.53125 0.5 0.5 0.5 0.5 0.4375 0.53125 0.875 0.53125 0.9375 0.5 0.9375 0.5 0.875 0.53125 0.375 0.53125 0.4375 0.5 0.4375 0.5 0.375 0.53125 0.8125 0.53125 0.875 0.5 0.875 0.5 0.8125 0.53125 0.3125 0.53125 0.375 0.5 0.375 0.5 0.3125 0.5 0.5 0.5 0.5625 0.46875 0.5625 0.46875 0.5 0.5 0.9375 0.484374 1 0.46875 0.9375 0.484375 0 0.5 0.0624999 0.46875 0.0624999 0.5 0.4375 0.5 0.5 0.46875 0.5 0.46875 0.4375 0.5 0.875 0.5 0.9375 0.46875 0.9375 0.46875 0.875 0.5 0.375 0.5 0.4375 0.46875 0.4375 0.46875 0.375 0.5 0.8125 0.5 0.875 0.46875 0.875 0.46875 0.8125 0.5 0.3125 0.5 0.375 0.46875 0.375 0.46875 0.3125 0.5 0.75 0.5 0.8125 0.46875 0.8125 0.46875 0.75 0.5 0.25 0.5 0.3125 0.46875 0.3125 0.46875 0.25 0.5 0.6875 0.5 0.75 0.46875 0.75 0.46875 0.6875 0.5 0.1875 0.5 0.25 0.46875 0.25 0.46875 0.1875 0.5 0.625 0.5 0.6875 0.46875 0.6875 0.46875 0.625 0.5 0.125 0.5 0.1875 0.46875 0.1875 0.46875 0.125 0.5 0.5625 0.5 0.625 0.46875 0.625 0.46875 0.5625 0.5 0.0624999 0.5 0.125 0.46875 0.125 0.46875 0.0624999 0.46875 0.25 0.46875 0.3125 0.4375 0.3125 0.4375 0.25 0.46875 0.6875 0.46875 0.75 0.4375 0.75 0.4375 0.6875 0.46875 0.1875 0.46875 0.25 0.4375 0.25 0.4375 0.1875 0.46875 0.625 0.46875 0.6875 0.4375 0.6875 0.4375 0.625 0.46875 0.125 0.46875 0.1875 0.4375 0.1875 0.4375 0.125 0.46875 0.5625 0.46875 0.625 0.4375 0.625 0.4375 0.5625 0.46875 0.0624999 0.46875 0.125 0.4375 0.125 0.4375 0.0624999 0.46875 0.5 0.46875 0.5625 0.4375 0.5625 0.4375 0.5 0.46875 0.9375 0.453124 1 0.4375 0.9375 0.453125 0 0.46875 0.0624999 0.4375 0.0624999 0.46875 0.4375 0.46875 0.5 0.4375 0.5 0.4375 0.4375 0.46875 0.875 0.46875 0.9375 0.4375 0.9375 0.4375 0.875 0.46875 0.375 0.46875 0.4375 0.4375 0.4375 0.4375 0.375 0.46875 0.8125 0.46875 0.875 0.4375 0.875 0.4375 0.8125 0.46875 0.3125 0.46875 0.375 0.4375 0.375 0.4375 0.3125 0.46875 0.75 0.46875 0.8125 0.4375 0.8125 0.4375 0.75 0.421875 0 0.4375 0.0624999 0.40625 0.0624999 0.4375 0.4375 0.4375 0.5 0.40625 0.5 0.40625 0.4375 0.4375 0.875 0.4375 0.9375 0.40625 0.9375 0.40625 0.875 0.4375 0.375 0.4375 0.4375 0.40625 0.4375 0.40625 0.375 0.4375 0.8125 0.4375 0.875 0.40625 0.875 0.40625 0.8125 0.4375 0.3125 0.4375 0.375 0.40625 0.375 0.40625 0.3125 0.4375 0.75 0.4375 0.8125 0.40625 0.8125 0.40625 0.75 0.4375 0.25 0.4375 0.3125 0.40625 0.3125 0.40625 0.25 0.4375 0.6875 0.4375 0.75 0.40625 0.75 0.40625 0.6875 0.4375 0.1875 0.4375 0.25 0.40625 0.25 0.40625 0.1875 0.4375 0.625 0.4375 0.6875 0.40625 0.6875 0.40625 0.625 0.4375 0.125 0.4375 0.1875 0.40625 0.1875 0.40625 0.125 0.4375 0.5625 0.4375 0.625 0.40625 0.625 0.40625 0.5625 0.4375 0.0624999 0.4375 0.125 0.40625 0.125 0.40625 0.0624999 0.4375 0.5 0.4375 0.5625 0.40625 0.5625 0.40625 0.5 0.4375 0.9375 0.421874 1 0.40625 0.9375 0.40625 0.1875 0.40625 0.25 0.375 0.25 0.375 0.1875 0.40625 0.625 0.40625 0.6875 0.375 0.6875 0.375 0.625 0.40625 0.125 0.40625 0.1875 0.375 0.1875 0.375 0.125 0.40625 0.5625 0.40625 0.625 0.375 0.625 0.375 0.5625 0.40625 0.0624999 0.40625 0.125 0.375 0.125 0.375 0.0624999 0.40625 0.5 0.40625 0.5625 0.375 0.5625 0.375 0.5 0.40625 0.9375 0.390624 1 0.375 0.9375 0.390625 0 0.40625 0.0624999 0.375 0.0624999 0.40625 0.4375 0.40625 0.5 0.375 0.5 0.375 0.4375 0.40625 0.875 0.40625 0.9375 0.375 0.9375 0.375 0.875 0.40625 0.375 0.40625 0.4375 0.375 0.4375 0.375 0.375 0.40625 0.8125 0.40625 0.875 0.375 0.875 0.375 0.8125 0.40625 0.3125 0.40625 0.375 0.375 0.375 0.375 0.3125 0.40625 0.75 0.40625 0.8125 0.375 0.8125 0.375 0.75 0.40625 0.25 0.40625 0.3125 0.375 0.3125 0.375 0.25 0.40625 0.6875 0.40625 0.75 0.375 0.75 0.375 0.6875 0.375 0.875 0.375 0.9375 0.34375 0.9375 0.34375 0.875 0.375 0.375 0.375 0.4375 0.34375 0.4375 0.34375 0.375 0.375 0.8125 0.375 0.875 0.34375 0.875 0.34375 0.8125 0.375 0.3125 0.375 0.375 0.34375 0.375 0.34375 0.3125 0.375 0.75 0.375 0.8125 0.34375 0.8125 0.34375 0.75 0.375 0.25 0.375 0.3125 0.34375 0.3125 0.34375 0.25 0.375 0.6875 0.375 0.75 0.34375 0.75 0.34375 0.6875 0.375 0.1875 0.375 0.25 0.34375 0.25 0.34375 0.1875 0.375 0.625 0.375 0.6875 0.34375 0.6875 0.34375 0.625 0.375 0.125 0.375 0.1875 0.34375 0.1875 0.34375 0.125 0.375 0.5625 0.375 0.625 0.34375 0.625 0.34375 0.5625 0.375 0.0624999 0.375 0.125 0.34375 0.125 0.34375 0.0624999 0.375 0.5 0.375 0.5625 0.34375 0.5625 0.34375 0.5 0.375 0.9375 0.359375 1 0.34375 0.9375 0.359375 0 0.375 0.0624999 0.34375 0.0624999 0.375 0.4375 0.375 0.5 0.34375 0.5 0.34375 0.4375 0.34375 0.625 0.34375 0.6875 0.3125 0.6875 0.3125 0.625 0.34375 0.125 0.34375 0.1875 0.3125 0.1875 0.3125 0.125 0.34375 0.5625 0.34375 0.625 0.3125 0.625 0.3125 0.5625 0.34375 0.0624999 0.34375 0.125 0.3125 0.125 0.3125 0.0624999 0.34375 0.5 0.34375 0.5625 0.3125 0.5625 0.3125 0.5 0.34375 0.9375 0.328125 1 0.3125 0.9375 0.328125 0 0.34375 0.0624999 0.3125 0.0624999 0.34375 0.4375 0.34375 0.5 0.3125 0.5 0.3125 0.4375 0.34375 0.875 0.34375 0.9375 0.3125 0.9375 0.3125 0.875 0.34375 0.375 0.34375 0.4375 0.3125 0.4375 0.3125 0.375 0.34375 0.8125 0.34375 0.875 0.3125 0.875 0.3125 0.8125 0.34375 0.3125 0.34375 0.375 0.3125 0.375 0.3125 0.3125 0.34375 0.75 0.34375 0.8125 0.3125 0.8125 0.3125 0.75 0.34375 0.25 0.34375 0.3125 0.3125 0.3125 0.3125 0.25 0.34375 0.6875 0.34375 0.75 0.3125 0.75 0.3125 0.6875 0.34375 0.1875 0.34375 0.25 0.3125 0.25 0.3125 0.1875 0.3125 0.375 0.3125 0.4375 0.28125 0.4375 0.28125 0.375 0.3125 0.8125 0.3125 0.875 0.28125 0.875 0.28125 0.8125 0.3125 0.3125 0.3125 0.375 0.28125 0.375 0.28125 0.3125 0.3125 0.75 0.3125 0.8125 0.28125 0.8125 0.28125 0.75 0.3125 0.25 0.3125 0.3125 0.28125 0.3125 0.28125 0.25 0.3125 0.6875 0.3125 0.75 0.28125 0.75 0.28125 0.6875 0.3125 0.1875 0.3125 0.25 0.28125 0.25 0.28125 0.1875 0.3125 0.625 0.3125 0.6875 0.28125 0.6875 0.28125 0.625 0.3125 0.125 0.3125 0.1875 0.28125 0.1875 0.28125 0.125 0.3125 0.5625 0.3125 0.625 0.28125 0.625 0.28125 0.5625 0.3125 0.0624999 0.3125 0.125 0.28125 0.125 0.28125 0.0624999 0.3125 0.5 0.3125 0.5625 0.28125 0.5625 0.28125 0.5 0.3125 0.9375 0.296875 1 0.28125 0.9375 0.296875 0 0.3125 0.0624999 0.28125 0.0624999 0.3125 0.4375 0.3125 0.5 0.28125 0.5 0.28125 0.4375 0.3125 0.875 0.3125 0.9375 0.28125 0.9375 0.28125 0.875 0.28125 0.125 0.28125 0.1875 0.25 0.1875 0.25 0.125 0.28125 0.5625 0.28125 0.625 0.25 0.625 0.25 0.5625 0.28125 0.0624999 0.28125 0.125 0.25 0.125 0.25 0.0624999 0.28125 0.5 0.28125 0.5625 0.25 0.5625 0.25 0.5 0.28125 0.9375 0.265625 1 0.25 0.9375 0.265625 0 0.28125 0.0624999 0.25 0.0624999 0.28125 0.4375 0.28125 0.5 0.25 0.5 0.25 0.4375 0.28125 0.875 0.28125 0.9375 0.25 0.9375 0.25 0.875 0.28125 0.375 0.28125 0.4375 0.25 0.4375 0.25 0.375 0.28125 0.8125 0.28125 0.875 0.25 0.875 0.25 0.8125 0.28125 0.3125 0.28125 0.375 0.25 0.375 0.25 0.3125 0.28125 0.75 0.28125 0.8125 0.25 0.8125 0.25 0.75 0.28125 0.25 0.28125 0.3125 0.25 0.3125 0.25 0.25 0.28125 0.6875 0.28125 0.75 0.25 0.75 0.25 0.6875 0.28125 0.1875 0.28125 0.25 0.25 0.25 0.25 0.1875 0.28125 0.625 0.28125 0.6875 0.25 0.6875 0.25 0.625 0.25 0.8125 0.25 0.875 0.21875 0.875 0.21875 0.8125 0.25 0.3125 0.25 0.375 0.21875 0.375 0.21875 0.3125 0.25 0.75 0.25 0.8125 0.21875 0.8125 0.21875 0.75 0.25 0.25 0.25 0.3125 0.21875 0.3125 0.21875 0.25 0.25 0.6875 0.25 0.75 0.21875 0.75 0.21875 0.6875 0.25 0.1875 0.25 0.25 0.21875 0.25 0.21875 0.1875 0.25 0.625 0.25 0.6875 0.21875 0.6875 0.21875 0.625 0.25 0.125 0.25 0.1875 0.21875 0.1875 0.21875 0.125 0.25 0.5625 0.25 0.625 0.21875 0.625 0.21875 0.5625 0.25 0.0624999 0.25 0.125 0.21875 0.125 0.21875 0.0624999 0.25 0.5 0.25 0.5625 0.21875 0.5625 0.21875 0.5 0.25 0.9375 0.234375 1 0.21875 0.9375 0.234375 0 0.25 0.0624999 0.21875 0.0624999 0.25 0.4375 0.25 0.5 0.21875 0.5 0.21875 0.4375 0.25 0.875 0.25 0.9375 0.21875 0.9375 0.21875 0.875 0.25 0.375 0.25 0.4375 0.21875 0.4375 0.21875 0.375 0.21875 0.5625 0.21875 0.625 0.1875 0.625 0.1875 0.5625 0.21875 0.0624999 0.21875 0.125 0.1875 0.125 0.1875 0.0624999 0.21875 0.5 0.21875 0.5625 0.1875 0.5625 0.1875 0.5 0.21875 0.9375 0.203125 1 0.1875 0.9375 0.203125 0 0.21875 0.0624999 0.1875 0.0624999 0.21875 0.4375 0.21875 0.5 0.1875 0.5 0.1875 0.4375 0.21875 0.875 0.21875 0.9375 0.1875 0.9375 0.1875 0.875 0.21875 0.375 0.21875 0.4375 0.1875 0.4375 0.1875 0.375 0.21875 0.8125 0.21875 0.875 0.1875 0.875 0.1875 0.8125 0.21875 0.3125 0.21875 0.375 0.1875 0.375 0.1875 0.3125 0.21875 0.75 0.21875 0.8125 0.1875 0.8125 0.1875 0.75 0.21875 0.25 0.21875 0.3125 0.1875 0.3125 0.1875 0.25 0.21875 0.6875 0.21875 0.75 0.1875 0.75 0.1875 0.6875 0.21875 0.1875 0.21875 0.25 0.1875 0.25 0.1875 0.1875 0.21875 0.625 0.21875 0.6875 0.1875 0.6875 0.1875 0.625 0.21875 0.125 0.21875 0.1875 0.1875 0.1875 0.1875 0.125 0.1875 0.3125 0.1875 0.375 0.15625 0.375 0.15625 0.3125 0.1875 0.75 0.1875 0.8125 0.15625 0.8125 0.15625 0.75 0.1875 0.25 0.1875 0.3125 0.15625 0.3125 0.15625 0.25 0.1875 0.6875 0.1875 0.75 0.15625 0.75 0.15625 0.6875 0.1875 0.1875 0.1875 0.25 0.15625 0.25 0.15625 0.1875 0.1875 0.625 0.1875 0.6875 0.15625 0.6875 0.15625 0.625 0.1875 0.125 0.1875 0.1875 0.15625 0.1875 0.15625 0.125 0.1875 0.5625 0.1875 0.625 0.15625 0.625 0.15625 0.5625 0.1875 0.0624999 0.1875 0.125 0.15625 0.125 0.15625 0.0624999 0.1875 0.5 0.1875 0.5625 0.15625 0.5625 0.15625 0.5 0.1875 0.9375 0.171875 1 0.15625 0.9375 0.171875 0 0.1875 0.0624999 0.15625 0.0624999 0.1875 0.4375 0.1875 0.5 0.15625 0.5 0.15625 0.4375 0.1875 0.875 0.1875 0.9375 0.15625 0.9375 0.15625 0.875 0.1875 0.375 0.1875 0.4375 0.15625 0.4375 0.15625 0.375 0.1875 0.8125 0.1875 0.875 0.15625 0.875 0.15625 0.8125 0.15625 0.0624999 0.15625 0.125 0.125 0.125 0.125 0.0624999 0.15625 0.5 0.15625 0.5625 0.125 0.5625 0.125 0.5 0.15625 0.9375 0.140625 1 0.125 0.9375 0.140625 0 0.15625 0.0624999 0.125 0.0624999 0.15625 0.4375 0.15625 0.5 0.125 0.5 0.125 0.4375 0.15625 0.875 0.15625 0.9375 0.125 0.9375 0.125 0.875 0.15625 0.375 0.15625 0.4375 0.125 0.4375 0.125 0.375 0.15625 0.8125 0.15625 0.875 0.125 0.875 0.125 0.8125 0.15625 0.3125 0.15625 0.375 0.125 0.375 0.125 0.3125 0.15625 0.75 0.15625 0.8125 0.125 0.8125 0.125 0.75 0.15625 0.25 0.15625 0.3125 0.125 0.3125 0.125 0.25 0.15625 0.6875 0.15625 0.75 0.125 0.75 0.125 0.6875 0.15625 0.1875 0.15625 0.25 0.125 0.25 0.125 0.1875 0.15625 0.625 0.15625 0.6875 0.125 0.6875 0.125 0.625 0.15625 0.125 0.15625 0.1875 0.125 0.1875 0.125 0.125 0.15625 0.5625 0.15625 0.625 0.125 0.625 0.125 0.5625 0.125 0.25 0.125 0.3125 0.09375 0.3125 0.09375 0.25 0.125 0.6875 0.125 0.75 0.09375 0.75 0.09375 0.6875 0.125 0.1875 0.125 0.25 0.09375 0.25 0.09375 0.1875 0.125 0.625 0.125 0.6875 0.09375 0.6875 0.09375 0.625 0.125 0.125 0.125 0.1875 0.09375 0.1875 0.0937501 0.125 0.125 0.5625 0.125 0.625 0.09375 0.625 0.09375 0.5625 0.125 0.0624999 0.125 0.125 0.0937501 0.125 0.0937502 0.0624999 0.125 0.5 0.125 0.5625 0.09375 0.5625 0.09375 0.5 0.125 0.9375 0.109375 1 0.0937502 0.9375 0.109375 0 0.125 0.0624999 0.0937502 0.0624999 0.125 0.4375 0.125 0.5 0.09375 0.5 0.09375 0.4375 0.125 0.875 0.125 0.9375 0.0937502 0.9375 0.0937501 0.875 0.125 0.375 0.125 0.4375 0.09375 0.4375 0.09375 0.375 0.125 0.8125 0.125 0.875 0.0937501 0.875 0.09375 0.8125 0.125 0.3125 0.125 0.375 0.09375 0.375 0.09375 0.3125 0.125 0.75 0.125 0.8125 0.09375 0.8125 0.09375 0.75 0.0937502 0.9375 0.0781254 1 0.0625002 0.9375 0.0781253 0 0.0937502 0.0624999 0.0625002 0.0624999 0.09375 0.4375 0.09375 0.5 0.0625 0.5 0.0625 0.4375 0.0937501 0.875 0.0937502 0.9375 0.0625002 0.9375 0.0625001 0.875 0.09375 0.375 0.09375 0.4375 0.0625 0.4375 0.0625 0.375 0.09375 0.8125 0.0937501 0.875 0.0625001 0.875 0.0625001 0.8125 0.09375 0.3125 0.09375 0.375 0.0625 0.375 0.0625 0.3125 0.09375 0.75 0.09375 0.8125 0.0625001 0.8125 0.0625 0.75 0.09375 0.25 0.09375 0.3125 0.0625 0.3125 0.0625 0.25 0.09375 0.6875 0.09375 0.75 0.0625 0.75 0.0625 0.6875 0.09375 0.1875 0.09375 0.25 0.0625 0.25 0.0625001 0.1875 0.09375 0.625 0.09375 0.6875 0.0625 0.6875 0.0625 0.625 0.0937501 0.125 0.09375 0.1875 0.0625001 0.1875 0.0625001 0.125 0.09375 0.5625 0.09375 0.625 0.0625 0.625 0.0625 0.5625 0.0937502 0.0624999 0.0937501 0.125 0.0625001 0.125 0.0625002 0.0624999 0.09375 0.5 0.09375 0.5625 0.0625 0.5625 0.0625 0.5 0.0625 0.6875 0.0625 0.75 0.03125 0.75 0.03125 0.6875 0.0625001 0.1875 0.0625 0.25 0.03125 0.25 0.03125 0.1875 0.0625 0.625 0.0625 0.6875 0.03125 0.6875 0.03125 0.625 0.0625001 0.125 0.0625001 0.1875 0.03125 0.1875 0.03125 0.125 0.0625 0.5625 0.0625 0.625 0.03125 0.625 0.0312499 0.5625 0.0625002 0.0624999 0.0625001 0.125 0.03125 0.125 0.0312502 0.0624999 0.0625 0.5 0.0625 0.5625 0.0312499 0.5625 0.03125 0.5 0.0625002 0.9375 0.0468754 1 0.0312502 0.9375 0.0468754 0 0.0625002 0.0624999 0.0312502 0.0624999 0.0625 0.4375 0.0625 0.5 0.03125 0.5 0.0312499 0.4375 0.0625001 0.875 0.0625002 0.9375 0.0312502 0.9375 0.03125 0.875 0.0625 0.375 0.0625 0.4375 0.0312499 0.4375 0.03125 0.375 0.0625001 0.8125 0.0625001 0.875 0.03125 0.875 0.03125 0.8125 0.0625 0.3125 0.0625 0.375 0.03125 0.375 0.03125 0.3125 0.0625 0.75 0.0625001 0.8125 0.03125 0.8125 0.03125 0.75 0.0625 0.25 0.0625 0.3125 0.03125 0.3125 0.03125 0.25 0.0312499 0.4375 0.03125 0.5 0 0.5 0 0.4375 0.03125 0.875 0.0312502 0.9375 2.38419e-07 0.9375 0 0.875 0.03125 0.375 0.0312499 0.4375 0 0.4375 0 0.375 0.03125 0.8125 0.03125 0.875 0 0.875 0 0.8125 0.03125 0.3125 0.03125 0.375 0 0.375 0 0.3125 0.03125 0.75 0.03125 0.8125 0 0.8125 0 0.75 0.03125 0.25 0.03125 0.3125 0 0.3125 0 0.25 0.03125 0.6875 0.03125 0.75 0 0.75 0 0.6875 0.03125 0.1875 0.03125 0.25 0 0.25 0 0.1875 0.03125 0.625 0.03125 0.6875 0 0.6875 0 0.625 0.03125 0.125 0.03125 0.1875 0 0.1875 0 0.125 0.0312499 0.5625 0.03125 0.625 0 0.625 0 0.5625 0.0312502 0.0624999 0.03125 0.125 0 0.125 2.38419e-07 0.0624999 0.03125 0.5 0.0312499 0.5625 0 0.5625 0 0.5 0.0312502 0.9375 0.0156255 1 2.38419e-07 0.9375 0.0156254 0 0.0312502 0.0624999 2.38419e-07 0.0624999 1 0.1875 1 0.25 0.96875 0.25 0.96875 0.1875 1 0.625 1 0.6875 0.96875 0.6875 0.96875 0.625 1 0.125 1 0.1875 0.96875 0.1875 0.96875 0.125 1 0.5625 1 0.625 0.96875 0.625 0.96875 0.5625 1 0.0624999 1 0.125 0.96875 0.125 0.96875 0.0624999 1 0.5 1 0.5625 0.96875 0.5625 0.96875 0.5 1 0.9375 0.984375 1 0.96875 0.9375 0.984375 0 1 0.0624999 0.96875 0.0624999 1 0.4375 1 0.5 0.96875 0.5 0.96875 0.4375 1 0.875 1 0.9375 0.96875 0.9375 0.96875 0.875 1 0.375 1 0.4375 0.96875 0.4375 0.96875 0.375 1 0.8125 1 0.875 0.96875 0.875 0.96875 0.8125 1 0.3125 1 0.375 0.96875 0.375 0.96875 0.3125 1 0.75 1 0.8125 0.96875 0.8125 0.96875 0.75 1 0.25 1 0.3125 0.96875 0.3125 0.96875 0.25 1 0.6875 1 0.75 0.96875 0.75 0.96875 0.6875 0.96875 0.875 0.96875 0.9375 0.9375 0.9375 0.9375 0.875 0.96875 0.375 0.96875 0.4375 0.9375 0.4375 0.9375 0.375 0.96875 0.8125 0.96875 0.875 0.9375 0.875 0.9375 0.8125 0.96875 0.3125 0.96875 0.375 0.9375 0.375 0.9375 0.3125 0.96875 0.75 0.96875 0.8125 0.9375 0.8125 0.9375 0.75 0.96875 0.25 0.96875 0.3125 0.9375 0.3125 0.9375 0.25 0.96875 0.6875 0.96875 0.75 0.9375 0.75 0.9375 0.6875 0.96875 0.1875 0.96875 0.25 0.9375 0.25 0.9375 0.1875 0.96875 0.625 0.96875 0.6875 0.9375 0.6875 0.9375 0.625 0.96875 0.125 0.96875 0.1875 0.9375 0.1875 0.9375 0.125 0.96875 0.5625 0.96875 0.625 0.9375 0.625 0.9375 0.5625 0.96875 0.0624999 0.96875 0.125 0.9375 0.125 0.9375 0.0624999 0.96875 0.5 0.96875 0.5625 0.9375 0.5625 0.9375 0.5 0.96875 0.9375 0.953125 1 0.9375 0.9375 0.953125 0 0.96875 0.0624999 0.9375 0.0624999 0.96875 0.4375 0.96875 0.5 0.9375 0.5 0.9375 0.4375 0.9375 0.625 0.9375 0.6875 0.90625 0.6875 0.90625 0.625 0.9375 0.125 0.9375 0.1875 0.90625 0.1875 0.90625 0.125 0.9375 0.5625 0.9375 0.625 0.90625 0.625 0.90625 0.5625 0.9375 0.0624999 0.9375 0.125 0.90625 0.125 0.90625 0.0624999 0.9375 0.5 0.9375 0.5625 0.90625 0.5625 0.90625 0.5 0.9375 0.9375 0.921875 1 0.90625 0.9375 0.921875 0 0.9375 0.0624999 0.90625 0.0624999 0.9375 0.4375 0.9375 0.5 0.90625 0.5 0.90625 0.4375 0.9375 0.875 0.9375 0.9375 0.90625 0.9375 0.90625 0.875 0.9375 0.375 0.9375 0.4375 0.90625 0.4375 0.90625 0.375 0.9375 0.8125 0.9375 0.875 0.90625 0.875 0.90625 0.8125 0.9375 0.3125 0.9375 0.375 0.90625 0.375 0.90625 0.3125 0.9375 0.75 0.9375 0.8125 0.90625 0.8125 0.90625 0.75 0.9375 0.25 0.9375 0.3125 0.90625 0.3125 0.90625 0.25 0.9375 0.6875 0.9375 0.75 0.90625 0.75 0.90625 0.6875 0.9375 0.1875 0.9375 0.25 0.90625 0.25 0.90625 0.1875 0.90625 0.375 0.90625 0.4375 0.875 0.4375 0.875 0.375 0.90625 0.8125 0.90625 0.875 0.875 0.875 0.875 0.8125 0.90625 0.3125 0.90625 0.375 0.875 0.375 0.875 0.3125 0.90625 0.75 0.90625 0.8125 0.875 0.8125 0.875 0.75 0.90625 0.25 0.90625 0.3125 0.875 0.3125 0.875 0.25 0.90625 0.6875 0.90625 0.75 0.875 0.75 0.875 0.6875 0.90625 0.1875 0.90625 0.25 0.875 0.25 0.875 0.1875 0.90625 0.625 0.90625 0.6875 0.875 0.6875 0.875 0.625 0.90625 0.125 0.90625 0.1875 0.875 0.1875 0.875 0.125 0.90625 0.5625 0.90625 0.625 0.875 0.625 0.875 0.5625 0.90625 0.0624999 0.90625 0.125 0.875 0.125 0.875 0.0624999 0.90625 0.5 0.90625 0.5625 0.875 0.5625 0.875 0.5 0.90625 0.9375 0.890625 1 0.875 0.9375 0.890625 0 0.90625 0.0624999 0.875 0.0624999 0.90625 0.4375 0.90625 0.5 0.875 0.5 0.875 0.4375 0.90625 0.875 0.90625 0.9375 0.875 0.9375 0.875 0.875 0.875 0.125 0.875 0.1875 0.84375 0.1875 0.84375 0.125 0.875 0.5625 0.875 0.625 0.84375 0.625 0.84375 0.5625 0.875 0.0624999 0.875 0.125 0.84375 0.125 0.84375 0.0624999 0.875 0.5 0.875 0.5625 0.84375 0.5625 0.84375 0.5 0.875 0.9375 0.859375 1 0.84375 0.9375 0.859375 0 0.875 0.0624999 0.84375 0.0624999 0.875 0.4375 0.875 0.5 0.84375 0.5 0.84375 0.4375 0.875 0.875 0.875 0.9375 0.84375 0.9375 0.84375 0.875 0.875 0.375 0.875 0.4375 0.84375 0.4375 0.84375 0.375 0.875 0.8125 0.875 0.875 0.84375 0.875 0.84375 0.8125 0.875 0.3125 0.875 0.375 0.84375 0.375 0.84375 0.3125 0.875 0.75 0.875 0.8125 0.84375 0.8125 0.84375 0.75 0.875 0.25 0.875 0.3125 0.84375 0.3125 0.84375 0.25 0.875 0.6875 0.875 0.75 0.84375 0.75 0.84375 0.6875 0.875 0.1875 0.875 0.25 0.84375 0.25 0.84375 0.1875 0.875 0.625 0.875 0.6875 0.84375 0.6875 0.84375 0.625 0.84375 0.3125 0.84375 0.375 0.8125 0.375 0.8125 0.3125 0.84375 0.75 0.84375 0.8125 0.8125 0.8125 0.8125 0.75 0.84375 0.25 0.84375 0.3125 0.8125 0.3125 0.8125 0.25 0.84375 0.6875 0.84375 0.75 0.8125 0.75 0.8125 0.6875 0.84375 0.1875 0.84375 0.25 0.8125 0.25 0.8125 0.1875 0.84375 0.625 0.84375 0.6875 0.8125 0.6875 0.8125 0.625 0.84375 0.125 0.84375 0.1875 0.8125 0.1875 0.8125 0.125 0.84375 0.5625 0.84375 0.625 0.8125 0.625 0.8125 0.5625 0.84375 0.0624999 0.84375 0.125 0.8125 0.125 0.8125 0.0624999 0.84375 0.5 0.84375 0.5625 0.8125 0.5625 0.8125 0.5 0.84375 0.9375 0.828125 1 0.8125 0.9375 0.828125 0 0.84375 0.0624999 0.8125 0.0624999 0.84375 0.4375 0.84375 0.5 0.8125 0.5 0.8125 0.4375 0.84375 0.875 0.84375 0.9375 0.8125 0.9375 0.8125 0.875 0.84375 0.375 0.84375 0.4375 0.8125 0.4375 0.8125 0.375 0.84375 0.8125 0.84375 0.875 0.8125 0.875 0.8125 0.8125 0.8125 0.0624999 0.8125 0.125 0.78125 0.125 0.78125 0.0624999 0.8125 0.5 0.8125 0.5625 0.78125 0.5625 0.78125 0.5 0.8125 0.9375 0.796875 1 0.78125 0.9375 0.796875 0 0.8125 0.0624999 0.78125 0.0624999 0.8125 0.4375 0.8125 0.5 0.78125 0.5 0.78125 0.4375 0.8125 0.875 0.8125 0.9375 0.78125 0.9375 0.78125 0.875 0.8125 0.375 0.8125 0.4375 0.78125 0.4375 0.78125 0.375 0.8125 0.8125 0.8125 0.875 0.78125 0.875 0.78125 0.8125 0.8125 0.3125 0.8125 0.375 0.78125 0.375 0.78125 0.3125 0.8125 0.75 0.8125 0.8125 0.78125 0.8125 0.78125 0.75 0.8125 0.25 0.8125 0.3125 0.78125 0.3125 0.78125 0.25 0.8125 0.6875 0.8125 0.75 0.78125 0.75 0.78125 0.6875 0.8125 0.1875 0.8125 0.25 0.78125 0.25 0.78125 0.1875 0.8125 0.625 0.8125 0.6875 0.78125 0.6875 0.78125 0.625 0.8125 0.125 0.8125 0.1875 0.78125 0.1875 0.78125 0.125 0.8125 0.5625 0.8125 0.625 0.78125 0.625 0.78125 0.5625 0.78125 0.75 0.78125 0.8125 0.75 0.8125 0.75 0.75 0.78125 0.25 0.78125 0.3125 0.75 0.3125 0.75 0.25 0.78125 0.6875 0.78125 0.75 0.75 0.75 0.75 0.6875 0.78125 0.1875 0.78125 0.25 0.75 0.25 0.75 0.1875 0.78125 0.625 0.78125 0.6875 0.75 0.6875 0.75 0.625 0.78125 0.125 0.78125 0.1875 0.75 0.1875 0.75 0.125 0.78125 0.5625 0.78125 0.625 0.75 0.625 0.75 0.5625 0.78125 0.0624999 0.78125 0.125 0.75 0.125 0.75 0.0624999 0.78125 0.5 0.78125 0.5625 0.75 0.5625 0.75 0.5 0.78125 0.9375 0.765625 1 0.75 0.9375 0.765625 0 0.78125 0.0624999 0.75 0.0624999 0.78125 0.4375 0.78125 0.5 0.75 0.5 0.75 0.4375 0.78125 0.875 0.78125 0.9375 0.75 0.9375 0.75 0.875 0.78125 0.375 0.78125 0.4375 0.75 0.4375 0.75 0.375 0.78125 0.8125 0.78125 0.875 0.75 0.875 0.75 0.8125 0.78125 0.3125 0.78125 0.375 0.75 0.375 0.75 0.3125 </float_array>
     <technique_common>
      <accessor source="#ID13-array" count="1984" stride="2">
       <param name="S" type="float"/>
       <param name="T" type="float"/>
      </accessor>
     </technique_common>
    </source>
    <vertices id="geometrySource8-vertices">
     <input semantic="POSITION" source="#geometrySource8"/>
     <input semantic="NORMAL" source="#geometrySource10"/>
    </vertices>
    <triangles count="960" material="geometryElement14">
     <input semantic="VERTEX" offset="0" source="#geometrySource8-vertices"/>
     <input semantic="NORMAL" offset="0" source="#geometrySource10"/>
     <input semantic="TEXCOORD" offset="0" source="#geometrySource12" set="1"/>
     <p>0 1 2 0 2 3 4 5 6 4 6 7 8 9 10 8 10 11 12 13 14 12 14 15 16 17 18 16 18 19 20 21 22 20 22 23 24 25 26 24 26 27 28 29 30 28 30 31 32 33 34 32 34 35 36 37 38 36 38 39 40 41 42 43 44 45 46 47 48 46 48 49 50 51 52 50 52 53 54 55 56 54 56 57 58 59 60 58 60 61 62 63 64 62 64 65 66 67 68 66 68 69 70 71 72 70 72 73 74 75 76 74 76 77 78 79 80 78 80 81 82 83 84 82 84 85 86 87 88 86 88 89 90 91 92 90 92 93 94 95 96 94 96 97 98 99 100 98 100 101 102 103 104 102 104 105 106 107 108 106 108 109 110 111 112 113 114 115 116 117 118 116 118 119 120 121 122 120 122 123 124 125 126 124 126 127 128 129 130 128 130 131 132 133 134 132 134 135 136 137 138 136 138 139 140 141 142 143 144 145 146 147 148 146 148 149 150 151 152 150 152 153 154 155 156 154 156 157 158 159 160 158 160 161 162 163 164 162 164 165 166 167 168 166 168 169 170 171 172 170 172 173 174 175 176 174 176 177 178 179 180 178 180 181 182 183 184 182 184 185 186 187 188 186 188 189 190 191 192 190 192 193 194 195 196 194 196 197 198 199 200 198 200 201 202 203 204 202 204 205 206 207 208 206 208 209 210 211 212 210 212 213 214 215 216 214 216 217 218 219 220 218 220 221 222 223 224 222 224 225 226 227 228 226 228 229 230 231 232 233 234 235 236 237 238 236 238 239 240 241 242 240 242 243 244 245 246 244 246 247 248 249 250 248 250 251 252 253 254 252 254 255 256 257 258 256 258 259 260 261 262 263 264 265 266 267 268 266 268 269 270 271 272 270 272 273 274 275 276 274 276 277 278 279 280 278 280 281 282 283 284 282 284 285 286 287 288 286 288 289 290 291 292 290 292 293 294 295 296 294 296 297 298 299 300 298 300 301 302 303 304 302 304 305 306 307 308 306 308 309 310 311 312 310 312 313 314 315 316 314 316 317 318 319 320 318 320 321 322 323 324 322 324 325 326 327 328 326 328 329 330 331 332 330 332 333 334 335 336 334 336 337 338 339 340 338 340 341 342 343 344 342 344 345 346 347 348 346 348 349 350 351 352 353 354 355 356 357 358 356 358 359 360 361 362 360 362 363 364 365 366 364 366 367 368 369 370 368 370 371 372 373 374 372 374 375 376 377 378 376 378 379 380 381 382 383 384 385 386 387 388 386 388 389 390 391 392 390 392 393 394 395 396 394 396 397 398 399 400 398 400 401 402 403 404 402 404 405 406 407 408 406 408 409 410 411 412 410 412 413 414 415 416 414 416 417 418 419 420 418 420 421 422 423 424 422 424 425 426 427 428 426 428 429 430 431 432 430 432 433 434 435 436 434 436 437 438 439 440 438 440 441 442 443 444 442 444 445 446 447 448 446 448 449 450 451 452 450 452 453 454 455 456 454 456 457 458 459 460 458 460 461 462 463 464 462 464 465 466 467 468 466 468 469 470 471 472 473 474 475 476 477 478 476 478 479 480 481 482 480 482 483 484 485 486 484 486 487 488 489 490 488 490 491 492 493 494 492 494 495 496 497 498 496 498 499 500 501 502 503 504 505 506 507 508 506 508 509 510 511 512 510 512 513 514 515 516 514 516 517 518 519 520 518 520 521 522 523 524 522 524 525 526 527 528 526 528 529 530 531 532 530 532 533 534 535 536 534 536 537 538 539 540 538 540 541 542 543 544 542 544 545 546 547 548 546 548 549 550 551 552 550 552 553 554 555 556 554 556 557 558 559 560 558 560 561 562 563 564 562 564 565 566 567 568 566 568 569 570 571 572 570 572 573 574 575 576 574 576 577 578 579 580 578 580 581 582 583 584 582 584 585 586 587 588 586 588 589 590 591 592 593 594 595 596 597 598 596 598 599 600 601 602 600 602 603 604 605 606 604 606 607 608 609 610 608 610 611 612 613 614 612 614 615 616 617 618 616 618 619 620 621 622 623 624 625 623 625 626 627 628 629 627 629 630 631 632 633 631 633 634 635 636 637 635 637 638 639 640 641 639 641 642 643 644 645 643 645 646 647 648 649 647 649 650 651 652 653 651 653 654 655 656 657 655 657 658 659 660 661 659 661 662 663 664 665 663 665 666 667 668 669 667 669 670 671 672 673 671 673 674 675 676 677 675 677 678 679 680 681 682 683 684 682 684 685 686 687 688 686 688 689 690 691 692 690 692 693 694 695 696 694 696 697 698 699 700 698 700 701 702 703 704 702 704 705 706 707 708 709 710 711 712 713 714 712 714 715 716 717 718 716 718 719 720 721 722 720 722 723 724 725 726 724 726 727 728 729 730 728 730 731 732 733 734 732 734 735 736 737 738 736 738 739 740 741 742 740 742 743 744 745 746 744 746 747 748 749 750 748 750 751 752 753 754 752 754 755 756 757 758 756 758 759 760 761 762 760 762 763 764 765 766 764 766 767 768 769 770 768 770 771 772 773 774 772 774 775 776 777 778 776 778 779 780 781 782 780 782 783 784 785 786 784 786 787 788 789 790 788 790 791 792 793 794 792 794 795 796 797 798 799 800 801 802 803 804 802 804 805 806 807 808 806 808 809 810 811 812 810 812 813 814 815 816 814 816 817 818 819 820 818 820 821 822 823 824 822 824 825 826 827 828 829 830 831 832 833 834 832 834 835 836 837 838 836 838 839 840 841 842 840 842 843 844 845 846 844 846 847 848 849 850 848 850 851 852 853 854 852 854 855 856 857 858 856 858 859 860 861 862 860 862 863 864 865 866 864 866 867 868 869 870 868 870 871 872 873 874 872 874 875 876 877 878 876 878 879 880 881 882 880 882 883 884 885 886 884 886 887 888 889 890 888 890 891 892 893 894 892 894 895 896 897 898 896 898 899 900 901 902 900 902 903 904 905 906 904 906 907 908 909 910 908 910 911 912 913 914 912 914 915 916 917 918 919 920 921 922 923 924 922 924 925 926 927 928 926 928 929 930 931 932 930 932 933 934 935 936 934 936 937 938 939 940 938 940 941 942 943 944 942 944 945 946 947 948 949 950 951 952 953 954 952 954 955 956 957 958 956 958 959 960 961 962 960 962 963 964 965 966 964 966 967 968 969 970 968 970 971 972 973 974 972 974 975 976 977 978 976 978 979 980 981 982 980 982 983 984 985 986 984 986 987 988 989 990 988 990 991 992 993 994 992 994 995 996 997 998 996 998 999 1000 1001 1002 1000 1002 1003 1004 1005 1006 1004 1006 1007 1008 1009 1010 1008 1010 1011 1012 1013 1014 1012 1014 1015 1016 1017 1018 1016 1018 1019 1020 1021 1022 1020 1022 1023 1024 1025 1026 1024 1026 1027 1028 1029 1030 1028 1030 1031 1032 1033 1034 1032 1034 1035 1036 1037 1038 1039 1040 1041 1042 1043 1044 1042 1044 1045 1046 1047 1048 1046 1048 1049 1050 1051 1052 1050 1052 1053 1054 1055 1056 1054 1056 1057 1058 1059 1060 1058 1060 1061 1062 1063 1064 1062 1064 1065 1066 1067 1068 1069 1070 1071 1072 1073 1074 1072 1074 1075 1076 1077 1078 1076 1078 1079 1080 1081 1082 1080 1082 1083 1084 1085 1086 1084 1086 1087 1088 1089 1090 1088 1090 1091 1092 1093 1094 1092 1094 1095 1096 1097 1098 1096 1098 1099 1100 1101 1102 1100 1102 1103 1104 1105 1106 1104 1106 1107 1108 1109 1110 1108 1110 1111 1112 1113 1114 1112 1114 1115 1116 1117 1118 1116 1118 1119 1120 1121 1122 1120 1122 1123 1124 1125 1126 1124 1126 1127 1128 1129 1130 1128 1130 1131 1132 1133 1134 1132 1134 1135 1136 1137 1138 1136 1138 1139 1140 1141 1142 1140 1142 1143 1144 1145 1146 1144 1146 1147 1148 1149 1150 1148 1150 1151 1152 1153 1154 1152 1154 1155 1156 1157 1158 1159 1160 1161 1162 1163 1164 1162 1164 1165 1166 1167 1168 1166 1168 1169 1170 1171 1172 1170 1172 1173 1174 1175 1176 1174 1176 1177 1178 1179 1180 1178 1180 1181 1182 1183 1184 1182 1184 1185 1186 1187 1188 1189 1190 1191 1192 1193 1194 1192 1194 1195 1196 1197 1198 1196 1198 1199 1200 1201 1202 1200 1202 1203 1204 1205 1206 1204 1206 1207 1208 1209 1210 1208 1210 1211 1212 1213 1214 1212 1214 1215 1216 1217 1218 1216 1218 1219 1220 1221 1222 1220 1222 1223 1224 1225 1226 1224 1226 1227 1228 1229 1230 1228 1230 1231 1232 1233 1234 1232 1234 1235 1236 1237 1238 1236 1238 1239 1240 1241 1242 1240 1242 1243 1244 1245 1246 1244 1246 1247 1248 1249 1250 1248 1250 1251 1252 1253 1254 1252 1254 1255 1256 1257 1258 1256 1258 1259 1260 1261 1262 1260 1262 1263 1264 1265 1266 1264 1266 1267 1268 1269 1270 1268 1270 1271 1272 1273 1274 1275 1276 1277 1278 1279 1280 1278 1280 1281 1282 1283 1284 1282 1284 1285 1286 1287 1288 1286 1288 1289 1290 1291 1292 1290 1292 1293 1294 1295 1296 1294 1296 1297 1298 1299 1300 1298 1300 1301 1302 1303 1304 1305 1306 1307 1308 1309 1310 1308 1310 1311 1312 1313 1314 1312 1314 1315 1316 1317 1318 1316 1318 1319 1320 1321 1322 1320 1322 1323 1324 1325 1326 1324 1326 1327 1328 1329 1330 1328 1330 1331 1332 1333 1334 1332 1334 1335 1336 1337 1338 1336 1338 1339 1340 1341 1342 1340 1342 1343 1344 1345 1346 1344 1346 1347 1348 1349 1350 1348 1350 1351 1352 1353 1354 1352 1354 1355 1356 1357 1358 1356 1358 1359 1360 1361 1362 1360 1362 1363 1364 1365 1366 1364 1366 1367 1368 1369 1370 1368 1370 1371 1372 1373 1374 1372 1374 1375 1376 1377 1378 1376 1378 1379 1380 1381 1382 1380 1382 1383 1384 1385 1386 1384 1386 1387 1388 1389 1390 1388 1390 1391 1392 1393 1394 1395 1396 1397 1398 1399 1400 1398 1400 1401 1402 1403 1404 1402 1404 1405 1406 1407 1408 1406 1408 1409 1410 1411 1412 1410 1412 1413 1414 1415 1416 1414 1416 1417 1418 1419 1420 1418 1420 1421 1422 1423 1424 1422 1424 1425 1426 1427 1428 1426 1428 1429 1430 1431 1432 1430 1432 1433 1434 1435 1436 1434 1436 1437 1438 1439 1440 1438 1440 1441 1442 1443 1444 1442 1444 1445 1446 1447 1448 1446 1448 1449 1450 1451 1452 1450 1452 1453 1454 1455 1456 1454 1456 1457 1458 1459 1460 1458 1460 1461 1462 1463 1464 1462 1464 1465 1466 1467 1468 1466 1468 1469 1470 1471 1472 1470 1472 1473 1474 1475 1476 1474 1476 1477 1478 1479 1480 1478 1480 1481 1482 1483 1484 1485 1486 1487 1488 1489 1490 1488 1490 1491 1492 1493 1494 1492 1494 1495 1496 1497 1498 1496 1498 1499 1500 1501 1502 1500 1502 1503 1504 1505 1506 1504 1506 1507 1508 1509 1510 1508 1510 1511 1512 1513 1514 1515 1516 1517 1518 1519 1520 1518 1520 1521 1522 1523 1524 1522 1524 1525 1526 1527 1528 1526 1528 1529 1530 1531 1532 1530 1532 1533 1534 1535 1536 1534 1536 1537 1538 1539 1540 1538 1540 1541 1542 1543 1544 1542 1544 1545 1546 1547 1548 1546 1548 1549 1550 1551 1552 1550 1552 1553 1554 1555 1556 1554 1556 1557 1558 1559 1560 1558 1560 1561 1562 1563 1564 1562 1564 1565 1566 1567 1568 1566 1568 1569 1570 1571 1572 1570 1572 1573 1574 1575 1576 1574 1576 1577 1578 1579 1580 1578 1580 1581 1582 1583 1584 1582 1584 1585 1586 1587 1588 1586 1588 1589 1590 1591 1592 1590 1592 1593 1594 1595 1596 1594 1596 1597 1598 1599 1600 1598 1600 1601 1602 1603 1604 1605 1606 1607 1608 1609 1610 1608 1610 1611 1612 1613 1614 1612 1614 1615 1616 1617 1618 1616 1618 1619 1620 1621 1622 1620 1622 1623 1624 1625 1626 1624 1626 1627 1628 1629 1630 1628 1630 1631 1632 1633 1634 1635 1636 1637 1638 1639 1640 1638 1640 1641 1642 1643 1644 1642 1644 1645 1646 1647 1648 1646 1648 1649 1650 1651 1652 1650 1652 1653 1654 1655 1656 1654 1656 1657 1658 1659 1660 1658 1660 1661 1662 1663 1664 1662 1664 1665 1666 1667 1668 1666 1668 1669 1670 1671 1672 1670 1672 1673 1674 1675 1676 1674 1676 1677 1678 1679 1680 1678 1680 1681 1682 1683 1684 1682 1684 1685 1686 1687 1688 1686 1688 1689 1690 1691 1692 1690 1692 1693 1694 1695 1696 1694 1696 1697 1698 1699 1700 1698 1700 1701 1702 1703 1704 1702 1704 1705 1706 1707 1708 1706 1708 1709 1710 1711 1712 1710 1712 1713 1714 1715 1716 1714 1716 1717 1718 1719 1720 1718 1720 1721 1722 1723 1724 1725 1726 1727 1728 1729 1730 1728 1730 1731 1732 1733 1734 1732 1734 1735 1736 1737 1738 1736 1738 1739 1740 1741 1742 1740 1742 1743 1744 1745 1746 1744 1746 1747 1748 1749 1750 1748 1750 1751 1752 1753 1754 1755 1756 1757 1758 1759 1760 1758 1760 1761 1762 1763 1764 1762 1764 1765 1766 1767 1768 1766 1768 1769 1770 1771 1772 1770 1772 1773 1774 1775 1776 1774 1776 1777 1778 1779 1780 1778 1780 1781 1782 1783 1784 1782 1784 1785 1786 1787 1788 1786 1788 1789 1790 1791 1792 1790 1792 1793 1794 1795 1796 1794 1796 1797 1798 1799 1800 1798 1800 1801 1802 1803 1804 1802 1804 1805 1806 1807 1808 1806 1808 1809 1810 1811 1812 1810 1812 1813 1814 1815 1816 1814 1816 1817 1818 1819 1820 1818 1820 1821 1822 1823 1824 1822 1824 1825 1826 1827 1828 1826 1828 1829 1830 1831 1832 1830 1832 1833 1834 1835 1836 1834 1836 1837 1838 1839 1840 1841 1842 1843 1844 1845 1846 1844 1846 1847 1848 1849 1850 1848 1850 1851 1852 1853 1854 1852 1854 1855 1856 1857 1858 1856 1858 1859 1860 1861 1862 1860 1862 1863 1864 1865 1866 1864 1866 1867 1868 1869 1870 1871 1872 1873 1874 1875 1876 1874 1876 1877 1878 1879 1880 1878 1880 1881 1882 1883 1884 1882 1884 1885 1886 1887 1888 1886 1888 1889 1890 1891 1892 1890 1892 1893 1894 1895 1896 1894 1896 1897 1898 1899 1900 1898 1900 1901 1902 1903 1904 1902 1904 1905 1906 1907 1908 1906 1908 1909 1910 1911 1912 1910 1912 1913 1914 1915 1916 1914 1916 1917 1918 1919 1920 1918 1920 1921 1922 1923 1924 1922 1924 1925 1926 1927 1928 1926 1928 1929 1930 1931 1932 1930 1932 1933 1934 1935 1936 1934 1936 1937 1938 1939 1940 1938 1940 1941 1942 1943 1944 1942 1944 1945 1946 1947 1948 1946 1948 1949 1950 1951 1952 1950 1952 1953 1954 1955 1956 1954 1956 1957 1958 1959 1960 1961 1962 1963 1964 1965 1966 1964 1966 1967 1968 1969 1970 1968 1970 1971 1972 1973 1974 1972 1974 1975 1976 1977 1978 1976 1978 1979 1980 1981 1982 1980 1982 1983 </p>
    </triangles>
   </mesh>
  </geometry>
 </library_geometries>
 <library_visual_scenes>
  <visual_scene id="scene15">
   <node id="cloud-clean" name="cloud-move">
    <matrix sid="SID_1">1 0 0 0 0 1 0 -9.31323e-10 0 0 1 -4 0 0 0 1 </matrix>
    <instance_geometry url="#geometry7"/>
   </node>
  </visual_scene>
 </library_visual_scenes>
 <scene>
  <instance_visual_scene url="#scene15"/>
 </scene>
</COLLADA>
