<?xml version="1.0" encoding="UTF-8"?>
<COLLADA xmlns="http://www.collada.org/2005/11/COLLADASchema" version="1.4.1">
 <asset>
  <contributor>
   <authoring_tool>SceneKit Collada Exporter v1.0</authoring_tool>
  </contributor>
  <created>2026-04-02T01:34:05Z</created>
  <modified>2026-04-02T01:34:05Z</modified>
  <unit meter="1.000000"/>
  <up_axis>Y_UP</up_axis>
 </asset>
 <library_animations>
  <animation id="cloud-out_cloud-out_transform" name="cloud-out_cloud-out_transform">
   <animation id="keyframedAnimations1">
    <source id="genericSource2">
     <float_array id="cloud-out_cloud-out_transform3-array" count="15">0 0.0333333 0.0666667 0.1 0.133333 0.166667 0.2 0.233333 0.266667 0.3 0.333333 0.366667 0.4 0.433333 0.5 </float_array>
     <technique_common>
      <accessor source="#cloud-out_cloud-out_transform3-array" count="15" stride="1">
       <param name="TIME" type="float"/>
      </accessor>
     </technique_common>
    </source>
    <source id="genericSource4">
     <float_array id="cloud-out_cloud-out_transform5-array" count="240">0.98725 -0.00294874 -0.00295175 0 0.00295024 0.987255 0.000498662 -9.31323e-10 0.00295024 -0.000507478 0.987255 0 0 0 0 1 0.98725 -0.00294874 -0.00295175 0 0.00295024 0.987255 0.000498662 -9.31323e-10 0.00295024 -0.000507478 0.987255 0 0 0 0 1 0.951399 -0.00284165 -0.00284456 0 0.0028431 0.951403 0.000480553 -9.31323e-10 0.00284311 -0.000489049 0.951403 0 0 0 0 1 0.895992 -0.00267616 -0.0026789 0 0.00267753 0.895996 0.000452567 -9.31323e-10 0.00267753 -0.000460568 0.895996 0 0 0 0 1 0.824585 -0.00246288 -0.0024654 0 0.00246414 0.824589 0.000416499 -9.31323e-10 0.00246414 -0.000423863 0.824589 0 0 0 0 1 0.740734 -0.00221244 -0.0022147 0 0.00221356 0.740737 0.000374146 -9.31323e-10 0.00221357 -0.000380761 0.740737 0 0 0 0 1 0.647994 -0.00193544 -0.00193742 0 0.00193643 0.647997 0.000327303 -9.31323e-10 0.00193643 -0.00033309 0.647997 0 0 0 0 1 0.549921 -0.00166398 -0.00166569 0 0.00166484 0.549923 0.000281365 -9.31323e-10 0.00166483 -0.000286405 0.549923 0 0 0 0 1 0.45007 -0.00134428 -0.00134565 0 0.00134496 0.450072 0.000227331 -9.31323e-10 0.00134496 -0.00023135 0.450072 0 0 0 0 1 0.351997 -0.00105135 -0.00105242 0 0.00105189 0.351998 0.000177794 -9.31323e-10 0.00105189 -0.000180938 0.351998 0 0 0 0 1 0.259257 -0.000774352 -0.000775143 0 0.000774747 0.259258 0.000130951 -9.31323e-10 0.000774749 -0.000133266 0.259258 0 0 0 0 1 0.175406 -0.000523905 -0.000524441 0 0.000524172 0.175407 8.85978e-05 -9.31323e-10 0.000524174 -9.01642e-05 0.175407 0 0 0 0 1 0.103999 -0.000310626 -0.000310943 0 0.000310784 0.104 5.253e-05 -9.31323e-10 0.000310785 -5.34587e-05 0.104 0 0 0 0 1 0.048592 -0.000145135 -0.000145284 0 0.000145209 0.0485922 2.45439e-05 -9.31323e-10 0.00014521 -2.49778e-05 0.0485922 0 0 0 0 1 0 0 0 0 0 0 0 -9.31323e-10 0 0 0 0 0 0 0 1 </float_array>
     <technique_common>
      <accessor source="#cloud-out_cloud-out_transform5-array" count="15" stride="16">
       <param name="TRANSFORM" type="float4x4"/>
      </accessor>
     </technique_common>
    </source>
    <sampler id="cloud-out_cloud-out_transform6">
     <input semantic="INPUT" source="#genericSource2"/>
     <input semantic="OUTPUT" source="#genericSource4"/>
    </sampler>
    <channel source="#cloud-out_cloud-out_transform6" target="cloud-out/SID_1"/>
   </animation>
  </animation>
 </library_animations>
 <library_geometries>
  <geometry id="geometry7">
   <mesh>
    <source id="geometrySource8">
     <float_array id="ID9-array" count="5952">0.00302553 0.444425 -0.830957 0.00302529 0.617312 -0.923368 0.183265 0.617312 -0.905616 0.165237 0.444425 -0.814982 0.00302529 1.7071 -0.706595 0.00302529 1.83147 -0.555059 0.111412 1.83147 -0.544384 0.140975 1.7071 -0.693009 0.00302553 0.292888 -0.706595 0.00302553 0.444425 -0.830957 0.165237 0.444425 -0.814982 0.140975 0.292888 -0.693009 0.00302529 1.55556 -0.830958 0.00302529 1.7071 -0.706595 0.140975 1.7071 -0.693009 0.165237 1.55556 -0.814982 0.00302529 0.168526 -0.555059 0.00302553 0.292888 -0.706595 0.140975 0.292888 -0.693009 0.111412 0.168526 -0.544384 0.00302529 1.38268 -0.923368 0.00302529 1.55556 -0.830958 0.165237 1.55556 -0.814982 0.183265 1.38268 -0.905616 0.00302529 0.0761156 -0.382172 0.00302529 0.168526 -0.555059 0.111412 0.168526 -0.544384 0.0776832 0.0761156 -0.374819 0.00302529 1.19509 -0.980274 0.00302529 1.38268 -0.923368 0.183265 1.38268 -0.905616 0.194367 1.19509 -0.961428 0.00302529 0.0192099 -0.194578 0.00302529 0.0761156 -0.382172 0.0776832 0.0761156 -0.374819 0.0410855 0.0192099 -0.19083 0.00302529 0.999995 -0.999489 0.00302529 1.19509 -0.980274 0.194367 1.19509 -0.961428 0.198115 0.999995 -0.980274 0.00302529 1.98078 -0.194579 0.00302505 1.99999 0.000511911 0.0410855 1.98078 -0.19083 0.00302529 -4.74136e-06 0.000511681 0.00302529 0.0192099 -0.194578 0.0410855 0.0192099 -0.19083 0.00302529 0.804905 -0.980274 0.00302529 0.999995 -0.999489 0.198115 0.999995 -0.980274 0.194367 0.804905 -0.961428 0.00302529 1.92387 -0.382172 0.00302529 1.98078 -0.194579 0.0410855 1.98078 -0.19083 0.0776832 1.92387 -0.374819 0.00302529 0.617312 -0.923368 0.00302529 0.804905 -0.980274 0.194367 0.804905 -0.961428 0.183265 0.617312 -0.905616 0.00302529 1.83147 -0.555059 0.00302529 1.92387 -0.382172 0.0776832 1.92387 -0.374819 0.111412 1.83147 -0.544384 0.183265 0.617312 -0.905616 0.194367 0.804905 -0.961428 0.378356 0.804905 -0.905616 0.356579 0.617312 -0.853042 0.111412 1.83147 -0.544384 0.0776832 1.92387 -0.374819 0.149472 1.92387 -0.353042 0.215633 1.83147 -0.512769 0.165237 0.444425 -0.814982 0.183265 0.617312 -0.905616 0.356579 0.617312 -0.853042 0.321215 0.444425 -0.767666 0.140975 1.7071 -0.693009 0.111412 1.83147 -0.544384 0.215633 1.83147 -0.512769 0.273623 1.7071 -0.65277 0.140975 0.292888 -0.693009 0.165237 0.444425 -0.814982 0.321215 0.444425 -0.767666 0.273623 0.292888 -0.65277 0.165237 1.55556 -0.814982 0.140975 1.7071 -0.693009 0.273623 1.7071 -0.65277 0.321215 1.55556 -0.767666 0.111412 0.168526 -0.544384 0.140975 0.292888 -0.693009 0.273623 0.292888 -0.65277 0.215633 0.168526 -0.512769 0.183265 1.38268 -0.905616 0.165237 1.55556 -0.814982 0.321215 1.55556 -0.767666 0.356579 1.38268 -0.853042 0.0776832 0.0761156 -0.374819 0.111412 0.168526 -0.544384 0.215633 0.168526 -0.512769 0.149472 0.0761156 -0.353042 0.194367 1.19509 -0.961428 0.183265 1.38268 -0.905616 0.356579 1.38268 -0.853042 0.378356 1.19509 -0.905616 0.0410855 0.0192099 -0.19083 0.0776832 0.0761156 -0.374819 0.149472 0.0761156 -0.353042 0.0776832 0.0192099 -0.179728 0.198115 0.999995 -0.980274 0.194367 1.19509 -0.961428 0.378356 1.19509 -0.905616 0.385709 0.999995 -0.923368 0.0410855 1.98078 -0.19083 0.00302505 1.99999 0.000511911 0.0776832 1.98078 -0.179729 0.00302529 -4.74136e-06 0.000511681 0.0410855 0.0192099 -0.19083 0.0776832 0.0192099 -0.179728 0.194367 0.804905 -0.961428 0.198115 0.999995 -0.980274 0.385709 0.999995 -0.923368 0.378356 0.804905 -0.905616 0.0776832 1.92387 -0.374819 0.0410855 1.98078 -0.19083 0.0776832 1.98078 -0.179729 0.149472 1.92387 -0.353042 0.149472 0.0761156 -0.353042 0.215633 0.168526 -0.512769 0.311684 0.168526 -0.461428 0.215633 0.0761156 -0.317678 0.378356 1.19509 -0.905616 0.356579 1.38268 -0.853042 0.516306 1.38268 -0.767666 0.547921 1.19509 -0.814982 0.0776832 0.0192099 -0.179728 0.149472 0.0761156 -0.353042 0.215633 0.0761156 -0.317678 0.111412 0.0192099 -0.1617 0.385709 0.999995 -0.923368 0.378356 1.19509 -0.905616 0.547921 1.19509 -0.814982 0.558596 0.999995 -0.830958 0.0776832 1.98078 -0.179729 0.00302505 1.99999 0.000511911 0.111412 1.98078 -0.1617 0.00302529 -4.74136e-06 0.000511681 0.0776832 0.0192099 -0.179728 0.111412 0.0192099 -0.1617 0.378356 0.804905 -0.905616 0.385709 0.999995 -0.923368 0.558596 0.999995 -0.830958 0.547921 0.804905 -0.814982 0.149472 1.92387 -0.353042 0.0776832 1.98078 -0.179729 0.111412 1.98078 -0.1617 0.215633 1.92387 -0.317678 0.356579 0.617312 -0.853042 0.378356 0.804905 -0.905616 0.547921 0.804905 -0.814982 0.516306 0.617312 -0.767666 0.215633 1.83147 -0.512769 0.149472 1.92387 -0.353042 0.215633 1.92387 -0.317678 0.311684 1.83147 -0.461428 0.321215 0.444425 -0.767666 0.356579 0.617312 -0.853042 0.516306 0.617312 -0.767666 0.464965 0.444425 -0.69083 0.273623 1.7071 -0.65277 0.215633 1.83147 -0.512769 0.311684 1.83147 -0.461428 0.395873 1.7071 -0.587426 0.273623 0.292888 -0.65277 0.321215 0.444425 -0.767666 0.464965 0.444425 -0.69083 0.395873 0.292888 -0.587426 0.321215 1.55556 -0.767666 0.273623 1.7071 -0.65277 0.395873 1.7071 -0.587426 0.464965 1.55556 -0.69083 0.215633 0.168526 -0.512769 0.273623 0.292888 -0.65277 0.395873 0.292888 -0.587426 0.311684 0.168526 -0.461428 0.356579 1.38268 -0.853042 0.321215 1.55556 -0.767666 0.464965 1.55556 -0.69083 0.516306 1.38268 -0.767666 0.311684 1.83147 -0.461428 0.215633 1.92387 -0.317678 0.273624 1.92387 -0.270087 0.395873 1.83147 -0.392336 0.464965 0.444425 -0.69083 0.516306 0.617312 -0.767666 0.656307 0.617312 -0.65277 0.590963 0.444425 -0.587426 0.395873 1.7071 -0.587426 0.311684 1.83147 -0.461428 0.395873 1.83147 -0.392336 0.503025 1.7071 -0.499489 0.395873 0.292888 -0.587426 0.464965 0.444425 -0.69083 0.590963 0.444425 -0.587426 0.503025 0.292888 -0.499489 0.464965 1.55556 -0.69083 0.395873 1.7071 -0.587426 0.503025 1.7071 -0.499489 0.590963 1.55556 -0.587426 0.311684 0.168526 -0.461428 0.395873 0.292888 -0.587426 0.503025 0.292888 -0.499489 0.395873 0.168526 -0.392336 0.516306 1.38268 -0.767666 0.464965 1.55556 -0.69083 0.590963 1.55556 -0.587426 0.656307 1.38268 -0.65277 0.215633 0.0761156 -0.317678 0.311684 0.168526 -0.461428 0.395873 0.168526 -0.392336 0.273623 0.0761156 -0.270086 0.547921 1.19509 -0.814982 0.516306 1.38268 -0.767666 0.656307 1.38268 -0.65277 0.696545 1.19509 -0.693008 0.111412 0.0192099 -0.1617 0.215633 0.0761156 -0.317678 0.273623 0.0761156 -0.270086 0.140975 0.0192099 -0.137438 0.558596 0.999995 -0.830958 0.547921 1.19509 -0.814982 0.696545 1.19509 -0.693008 0.710132 0.999995 -0.706595 0.111412 1.98078 -0.1617 0.00302505 1.99999 0.000511911 0.140975 1.98078 -0.137438 0.00302529 -4.74136e-06 0.000511681 0.111412 0.0192099 -0.1617 0.140975 0.0192099 -0.137438 0.547921 0.804905 -0.814982 0.558596 0.999995 -0.830958 0.710132 0.999995 -0.706595 0.696545 0.804905 -0.693008 0.215633 1.92387 -0.317678 0.111412 1.98078 -0.1617 0.140975 1.98078 -0.137438 0.273624 1.92387 -0.270087 0.516306 0.617312 -0.767666 0.547921 0.804905 -0.814982 0.696545 0.804905 -0.693008 0.656307 0.617312 -0.65277 0.696545 1.19509 -0.693008 0.656307 1.38268 -0.65277 0.771203 1.38268 -0.512769 0.818519 1.19509 -0.544384 0.140975 0.0192099 -0.137438 0.273623 0.0761156 -0.270086 0.321215 0.0761156 -0.212096 0.165237 0.0192099 -0.107875 0.710132 0.999995 -0.706595 0.696545 1.19509 -0.693008 0.818519 1.19509 -0.544384 0.834495 0.999995 -0.555059 0.140975 1.98078 -0.137438 0.00302505 1.99999 0.000511911 0.165237 1.98078 -0.107875 0.00302529 -4.74136e-06 0.000511681 0.140975 0.0192099 -0.137438 0.165237 0.0192099 -0.107875 0.696545 0.804905 -0.693008 0.710132 0.999995 -0.706595 0.834495 0.999995 -0.555059 0.818519 0.804905 -0.544384 0.273624 1.92387 -0.270087 0.140975 1.98078 -0.137438 0.165237 1.98078 -0.107875 0.321215 1.92387 -0.212096 0.656307 0.617312 -0.65277 0.696545 0.804905 -0.693008 0.818519 0.804905 -0.544384 0.771203 0.617312 -0.512769 0.395873 1.83147 -0.392336 0.273624 1.92387 -0.270087 0.321215 1.92387 -0.212096 0.464965 1.83147 -0.308147 0.590963 0.444425 -0.587426 0.656307 0.617312 -0.65277 0.771203 0.617312 -0.512769 0.694367 0.444425 -0.461428 0.503025 1.7071 -0.499489 0.395873 1.83147 -0.392336 0.464965 1.83147 -0.308147 0.590963 1.7071 -0.392336 0.503025 0.292888 -0.499489 0.590963 0.444425 -0.587426 0.694367 0.444425 -0.461428 0.590963 0.292888 -0.392336 0.590963 1.55556 -0.587426 0.503025 1.7071 -0.499489 0.590963 1.7071 -0.392336 0.694367 1.55556 -0.461428 0.395873 0.168526 -0.392336 0.503025 0.292888 -0.499489 0.590963 0.292888 -0.392336 0.464965 0.168526 -0.308147 0.656307 1.38268 -0.65277 0.590963 1.55556 -0.587426 0.694367 1.55556 -0.461428 0.771203 1.38268 -0.512769 0.273623 0.0761156 -0.270086 0.395873 0.168526 -0.392336 0.464965 0.168526 -0.308147 0.321215 0.0761156 -0.212096 0.694367 0.444425 -0.461428 0.771203 0.617312 -0.512769 0.856579 0.617312 -0.353042 0.771203 0.444425 -0.317678 0.590963 1.7071 -0.392336 0.464965 1.83147 -0.308147 0.516306 1.83147 -0.212096 0.656307 1.7071 -0.270086 0.590963 0.292888 -0.392336 0.694367 0.444425 -0.461428 0.771203 0.444425 -0.317678 0.656307 0.292888 -0.270086 0.694367 1.55556 -0.461428 0.590963 1.7071 -0.392336 0.656307 1.7071 -0.270086 0.771203 1.55556 -0.317678 0.464965 0.168526 -0.308147 0.590963 0.292888 -0.392336 0.656307 0.292888 -0.270086 0.516306 0.168526 -0.212096 0.771203 1.38268 -0.512769 0.694367 1.55556 -0.461428 0.771203 1.55556 -0.317678 0.856579 1.38268 -0.353042 0.321215 0.0761156 -0.212096 0.464965 0.168526 -0.308147 0.516306 0.168526 -0.212096 0.356579 0.0761156 -0.145935 0.818519 1.19509 -0.544384 0.771203 1.38268 -0.512769 0.856579 1.38268 -0.353042 0.909153 1.19509 -0.374819 0.165237 0.0192099 -0.107875 0.321215 0.0761156 -0.212096 0.356579 0.0761156 -0.145935 0.183265 0.0192099 -0.0741462 0.834495 0.999995 -0.555059 0.818519 1.19509 -0.544384 0.909153 1.19509 -0.374819 0.926905 0.999995 -0.382172 0.165237 1.98078 -0.107875 0.00302505 1.99999 0.000511911 0.183265 1.98078 -0.0741463 0.00302529 -4.74136e-06 0.000511681 0.165237 0.0192099 -0.107875 0.183265 0.0192099 -0.0741462 0.818519 0.804905 -0.544384 0.834495 0.999995 -0.555059 0.926905 0.999995 -0.382172 0.909153 0.804905 -0.374819 0.321215 1.92387 -0.212096 0.165237 1.98078 -0.107875 0.183265 1.98078 -0.0741463 0.356579 1.92387 -0.145935 0.771203 0.617312 -0.512769 0.818519 0.804905 -0.544384 0.909153 0.804905 -0.374819 0.856579 0.617312 -0.353042 0.464965 1.83147 -0.308147 0.321215 1.92387 -0.212096 0.356579 1.92387 -0.145935 0.516306 1.83147 -0.212096 0.183265 0.0192099 -0.0741462 0.356579 0.0761156 -0.145935 0.378356 0.0761156 -0.0741462 0.194367 0.0192099 -0.0375485 0.926905 0.999995 -0.382172 0.909153 1.19509 -0.374819 0.964965 1.19509 -0.19083 0.983811 0.999995 -0.194579 0.183265 1.98078 -0.0741463 0.00302505 1.99999 0.000511911 0.194367 1.98078 -0.0375486 0.00302529 -4.74136e-06 0.000511681 0.183265 0.0192099 -0.0741462 0.194367 0.0192099 -0.0375485 0.909153 0.804905 -0.374819 0.926905 0.999995 -0.382172 0.983811 0.999995 -0.194579 0.964965 0.804905 -0.19083 0.356579 1.92387 -0.145935 0.183265 1.98078 -0.0741463 0.194367 1.98078 -0.0375486 0.378356 1.92387 -0.0741462 0.856579 0.617312 -0.353042 0.909153 0.804905 -0.374819 0.964965 0.804905 -0.19083 0.909153 0.617312 -0.179728 0.516306 1.83147 -0.212096 0.356579 1.92387 -0.145935 0.378356 1.92387 -0.0741462 0.547921 1.83147 -0.107875 0.771203 0.444425 -0.317678 0.856579 0.617312 -0.353042 0.909153 0.617312 -0.179728 0.818519 0.444425 -0.1617 0.656307 1.7071 -0.270086 0.516306 1.83147 -0.212096 0.547921 1.83147 -0.107875 0.696545 1.7071 -0.137438 0.656307 0.292888 -0.270086 0.771203 0.444425 -0.317678 0.818519 0.444425 -0.1617 0.696545 0.292888 -0.137438 0.771203 1.55556 -0.317678 0.656307 1.7071 -0.270086 0.696545 1.7071 -0.137438 0.818519 1.55556 -0.1617 0.516306 0.168526 -0.212096 0.656307 0.292888 -0.270086 0.696545 0.292888 -0.137438 0.547921 0.168526 -0.107875 0.856579 1.38268 -0.353042 0.771203 1.55556 -0.317678 0.818519 1.55556 -0.1617 0.909153 1.38268 -0.179728 0.356579 0.0761156 -0.145935 0.516306 0.168526 -0.212096 0.547921 0.168526 -0.107875 0.378356 0.0761156 -0.0741462 0.909153 1.19509 -0.374819 0.856579 1.38268 -0.353042 0.909153 1.38268 -0.179728 0.964965 1.19509 -0.19083 0.696545 1.7071 -0.137438 0.547921 1.83147 -0.107875 0.558596 1.83147 0.000511666 0.710132 1.7071 0.000511674 0.696545 0.292888 -0.137438 0.818519 0.444425 -0.1617 0.834495 0.444425 0.000511689 0.710132 0.292888 0.000511674 0.818519 1.55556 -0.1617 0.696545 1.7071 -0.137438 0.710132 1.7071 0.000511674 0.834495 1.55556 0.000511689 0.547921 0.168526 -0.107875 0.696545 0.292888 -0.137438 0.710132 0.292888 0.000511674 0.558596 0.168526 0.000511696 0.909153 1.38268 -0.179728 0.818519 1.55556 -0.1617 0.834495 1.55556 0.000511689 0.926905 1.38268 0.000511629 0.378356 0.0761156 -0.0741462 0.547921 0.168526 -0.107875 0.558596 0.168526 0.000511696 0.385709 0.0761156 0.000511659 0.964965 1.19509 -0.19083 0.909153 1.38268 -0.179728 0.926905 1.38268 0.000511629 0.983811 1.19509 0.000511748 0.194367 0.0192099 -0.0375485 0.378356 0.0761156 -0.0741462 0.385709 0.0761156 0.000511659 0.198115 0.0192099 0.000511663 0.983811 0.999995 -0.194579 0.964965 1.19509 -0.19083 0.983811 1.19509 0.000511748 1.00303 0.999995 0.000511733 0.194367 1.98078 -0.0375486 0.00302505 1.99999 0.000511911 0.198116 1.98078 0.000511682 0.00302529 -4.74136e-06 0.000511681 0.194367 0.0192099 -0.0375485 0.198115 0.0192099 0.000511663 0.964965 0.804905 -0.19083 0.983811 0.999995 -0.194579 1.00303 0.999995 0.000511733 0.983811 0.804905 0.000511748 0.378356 1.92387 -0.0741462 0.194367 1.98078 -0.0375486 0.198116 1.98078 0.000511682 0.385709 1.92387 0.000511674 0.909153 0.617312 -0.179728 0.964965 0.804905 -0.19083 0.983811 0.804905 0.000511748 0.926905 0.617312 0.000511584 0.547921 1.83147 -0.107875 0.378356 1.92387 -0.0741462 0.385709 1.92387 0.000511674 0.558596 1.83147 0.000511666 0.818519 0.444425 -0.1617 0.909153 0.617312 -0.179728 0.926905 0.617312 0.000511584 0.834495 0.444425 0.000511689 1.00303 0.999995 0.000511733 0.983811 1.19509 0.000511748 0.964965 1.19509 0.191853 0.983811 0.999995 0.195602 0.198116 1.98078 0.000511682 0.00302505 1.99999 0.000511911 0.194367 1.98078 0.038572 0.00302529 -4.74136e-06 0.000511681 0.198115 0.0192099 0.000511663 0.194367 0.0192099 0.0385719 0.983811 0.804905 0.000511748 1.00303 0.999995 0.000511733 0.983811 0.999995 0.195602 0.964965 0.804905 0.191853 0.385709 1.92387 0.000511674 0.198116 1.98078 0.000511682 0.194367 1.98078 0.038572 0.378356 1.92387 0.0751696 0.926905 0.617312 0.000511584 0.983811 0.804905 0.000511748 0.964965 0.804905 0.191853 0.909153 0.617312 0.180752 0.558596 1.83147 0.000511666 0.385709 1.92387 0.000511674 0.378356 1.92387 0.0751696 0.547921 1.83147 0.108898 0.834495 0.444425 0.000511689 0.926905 0.617312 0.000511584 0.909153 0.617312 0.180752 0.818519 0.444425 0.162723 0.710132 1.7071 0.000511674 0.558596 1.83147 0.000511666 0.547921 1.83147 0.108898 0.696545 1.7071 0.138461 0.710132 0.292888 0.000511674 0.834495 0.444425 0.000511689 0.818519 0.444425 0.162723 0.696545 0.292888 0.138461 0.834495 1.55556 0.000511689 0.710132 1.7071 0.000511674 0.696545 1.7071 0.138461 0.818519 1.55556 0.162723 0.558596 0.168526 0.000511696 0.710132 0.292888 0.000511674 0.696545 0.292888 0.138461 0.547921 0.168526 0.108898 0.926905 1.38268 0.000511629 0.834495 1.55556 0.000511689 0.818519 1.55556 0.162723 0.909153 1.38268 0.180752 0.385709 0.0761156 0.000511659 0.558596 0.168526 0.000511696 0.547921 0.168526 0.108898 0.378356 0.0761156 0.0751695 0.983811 1.19509 0.000511748 0.926905 1.38268 0.000511629 0.909153 1.38268 0.180752 0.964965 1.19509 0.191853 0.198115 0.0192099 0.000511663 0.385709 0.0761156 0.000511659 0.378356 0.0761156 0.0751695 0.194367 0.0192099 0.0385719 0.696545 0.292888 0.138461 0.818519 0.444425 0.162723 0.771203 0.444425 0.318701 0.656307 0.292888 0.27111 0.818519 1.55556 0.162723 0.696545 1.7071 0.138461 0.656307 1.7071 0.27111 0.771203 1.55556 0.318701 0.547921 0.168526 0.108898 0.696545 0.292888 0.138461 0.656307 0.292888 0.27111 0.516305 0.168526 0.213119 0.909153 1.38268 0.180752 0.818519 1.55556 0.162723 0.771203 1.55556 0.318701 0.856579 1.38268 0.354065 0.378356 0.0761156 0.0751695 0.547921 0.168526 0.108898 0.516305 0.168526 0.213119 0.356579 0.0761156 0.146958 0.964965 1.19509 0.191853 0.909153 1.38268 0.180752 0.856579 1.38268 0.354065 0.909153 1.19509 0.375842 0.194367 0.0192099 0.0385719 0.378356 0.0761156 0.0751695 0.356579 0.0761156 0.146958 0.183265 0.0192099 0.0751695 0.983811 0.999995 0.195602 0.964965 1.19509 0.191853 0.909153 1.19509 0.375842 0.926905 0.999995 0.383195 0.194367 1.98078 0.038572 0.00302505 1.99999 0.000511911 0.183265 1.98078 0.0751696 0.00302529 -4.74136e-06 0.000511681 0.194367 0.0192099 0.0385719 0.183265 0.0192099 0.0751695 0.964965 0.804905 0.191853 0.983811 0.999995 0.195602 0.926905 0.999995 0.383195 0.909153 0.804905 0.375842 0.378356 1.92387 0.0751696 0.194367 1.98078 0.038572 0.183265 1.98078 0.0751696 0.356579 1.92387 0.146958 0.909153 0.617312 0.180752 0.964965 0.804905 0.191853 0.909153 0.804905 0.375842 0.856579 0.617312 0.354065 0.547921 1.83147 0.108898 0.378356 1.92387 0.0751696 0.356579 1.92387 0.146958 0.516306 1.83147 0.213119 0.818519 0.444425 0.162723 0.909153 0.617312 0.180752 0.856579 0.617312 0.354065 0.771203 0.444425 0.318701 0.696545 1.7071 0.138461 0.547921 1.83147 0.108898 0.516306 1.83147 0.213119 0.656307 1.7071 0.27111 0.00302529 -4.74136e-06 0.000511681 0.183265 0.0192099 0.0751695 0.165237 0.0192099 0.108898 0.909153 0.804905 0.375842 0.926905 0.999995 0.383195 0.834495 0.999995 0.556082 0.818518 0.804905 0.545407 0.356579 1.92387 0.146958 0.183265 1.98078 0.0751696 0.165237 1.98078 0.108898 0.321215 1.92387 0.213119 0.856579 0.617312 0.354065 0.909153 0.804905 0.375842 0.818518 0.804905 0.545407 0.771203 0.617312 0.513792 0.516306 1.83147 0.213119 0.356579 1.92387 0.146958 0.321215 1.92387 0.213119 0.464965 1.83147 0.30917 0.771203 0.444425 0.318701 0.856579 0.617312 0.354065 0.771203 0.617312 0.513792 0.694367 0.444425 0.462451 0.656307 1.7071 0.27111 0.516306 1.83147 0.213119 0.464965 1.83147 0.30917 0.590963 1.7071 0.393359 0.656307 0.292888 0.27111 0.771203 0.444425 0.318701 0.694367 0.444425 0.462451 0.590963 0.292888 0.393359 0.771203 1.55556 0.318701 0.656307 1.7071 0.27111 0.590963 1.7071 0.393359 0.694367 1.55556 0.462451 0.516305 0.168526 0.213119 0.656307 0.292888 0.27111 0.590963 0.292888 0.393359 0.464965 0.168526 0.30917 0.856579 1.38268 0.354065 0.771203 1.55556 0.318701 0.694367 1.55556 0.462451 0.771203 1.38268 0.513792 0.356579 0.0761156 0.146958 0.516305 0.168526 0.213119 0.464965 0.168526 0.30917 0.321215 0.0761156 0.213119 0.909153 1.19509 0.375842 0.856579 1.38268 0.354065 0.771203 1.38268 0.513792 0.818518 1.19509 0.545407 0.183265 0.0192099 0.0751695 0.356579 0.0761156 0.146958 0.321215 0.0761156 0.213119 0.165237 0.0192099 0.108898 0.926905 0.999995 0.383195 0.909153 1.19509 0.375842 0.818518 1.19509 0.545407 0.834495 0.999995 0.556082 0.183265 1.98078 0.0751696 0.00302505 1.99999 0.000511911 0.165237 1.98078 0.108898 0.464965 0.168526 0.30917 0.590963 0.292888 0.393359 0.503025 0.292888 0.500512 0.395873 0.168526 0.393359 0.771203 1.38268 0.513792 0.694367 1.55556 0.462451 0.590963 1.55556 0.588449 0.656307 1.38268 0.653793 0.321215 0.0761156 0.213119 0.464965 0.168526 0.30917 0.395873 0.168526 0.393359 0.273623 0.0761156 0.27111 0.818518 1.19509 0.545407 0.771203 1.38268 0.513792 0.656307 1.38268 0.653793 0.696545 1.19509 0.694031 0.165237 0.0192099 0.108898 0.321215 0.0761156 0.213119 0.273623 0.0761156 0.27111 0.140975 0.0192099 0.138461 0.834495 0.999995 0.556082 0.818518 1.19509 0.545407 0.696545 1.19509 0.694031 0.710132 0.999995 0.707619 0.165237 1.98078 0.108898 0.00302505 1.99999 0.000511911 0.140975 1.98078 0.138462 0.00302529 -4.74136e-06 0.000511681 0.165237 0.0192099 0.108898 0.140975 0.0192099 0.138461 0.818518 0.804905 0.545407 0.834495 0.999995 0.556082 0.710132 0.999995 0.707619 0.696545 0.804905 0.694031 0.321215 1.92387 0.213119 0.165237 1.98078 0.108898 0.140975 1.98078 0.138462 0.273623 1.92387 0.27111 0.771203 0.617312 0.513792 0.818518 0.804905 0.545407 0.696545 0.804905 0.694031 0.656307 0.617312 0.653793 0.464965 1.83147 0.30917 0.321215 1.92387 0.213119 0.273623 1.92387 0.27111 0.395873 1.83147 0.393359 0.694367 0.444425 0.462451 0.771203 0.617312 0.513792 0.656307 0.617312 0.653793 0.590963 0.444425 0.588449 0.590963 1.7071 0.393359 0.464965 1.83147 0.30917 0.395873 1.83147 0.393359 0.503025 1.7071 0.500512 0.590963 0.292888 0.393359 0.694367 0.444425 0.462451 0.590963 0.444425 0.588449 0.503025 0.292888 0.500512 0.694367 1.55556 0.462451 0.590963 1.7071 0.393359 0.503025 1.7071 0.500512 0.590963 1.55556 0.588449 0.273623 1.92387 0.27111 0.140975 1.98078 0.138462 0.111412 1.98078 0.162724 0.215633 1.92387 0.318702 0.656307 0.617312 0.653793 0.696545 0.804905 0.694031 0.54792 0.804905 0.816005 0.516306 0.617312 0.76869 0.395873 1.83147 0.393359 0.273623 1.92387 0.27111 0.215633 1.92387 0.318702 0.311684 1.83147 0.462451 0.590963 0.444425 0.588449 0.656307 0.617312 0.653793 0.516306 0.617312 0.76869 0.464965 0.444425 0.691853 0.503025 1.7071 0.500512 0.395873 1.83147 0.393359 0.311684 1.83147 0.462451 0.395873 1.7071 0.588449 0.503025 0.292888 0.500512 0.590963 0.444425 0.588449 0.464965 0.444425 0.691853 0.395873 0.292888 0.588449 0.590963 1.55556 0.588449 0.503025 1.7071 0.500512 0.395873 1.7071 0.588449 0.464965 1.55556 0.691853 0.395873 0.168526 0.393359 0.503025 0.292888 0.500512 0.395873 0.292888 0.588449 0.311684 0.168526 0.462451 0.656307 1.38268 0.653793 0.590963 1.55556 0.588449 0.464965 1.55556 0.691853 0.516306 1.38268 0.76869 0.273623 0.0761156 0.27111 0.395873 0.168526 0.393359 0.311684 0.168526 0.462451 0.215633 0.0761156 0.318701 0.696545 1.19509 0.694031 0.656307 1.38268 0.653793 0.516306 1.38268 0.76869 0.54792 1.19509 0.816005 0.140975 0.0192099 0.138461 0.273623 0.0761156 0.27111 0.215633 0.0761156 0.318701 0.111411 0.0192099 0.162723 0.710132 0.999995 0.707619 0.696545 1.19509 0.694031 0.54792 1.19509 0.816005 0.558595 0.999995 0.831981 0.140975 1.98078 0.138462 0.00302505 1.99999 0.000511911 0.111412 1.98078 0.162724 0.00302529 -4.74136e-06 0.000511681 0.140975 0.0192099 0.138461 0.111411 0.0192099 0.162723 0.696545 0.804905 0.694031 0.710132 0.999995 0.707619 0.558595 0.999995 0.831981 0.54792 0.804905 0.816005 0.516306 1.38268 0.76869 0.464965 1.55556 0.691853 0.321215 1.55556 0.768689 0.356579 1.38268 0.854065 0.215633 0.0761156 0.318701 0.311684 0.168526 0.462451 0.215633 0.168526 0.513792 0.149472 0.0761156 0.354065 0.54792 1.19509 0.816005 0.516306 1.38268 0.76869 0.356579 1.38268 0.854065 0.378356 1.19509 0.906639 0.111411 0.0192099 0.162723 0.215633 0.0761156 0.318701 0.149472 0.0761156 0.354065 0.0776832 0.0192099 0.180752 0.558595 0.999995 0.831981 0.54792 1.19509 0.816005 0.378356 1.19509 0.906639 0.385709 0.999995 0.924391 0.111412 1.98078 0.162724 0.00302505 1.99999 0.000511911 0.0776832 1.98078 0.180752 0.00302529 -4.74136e-06 0.000511681 0.111411 0.0192099 0.162723 0.0776832 0.0192099 0.180752 0.54792 0.804905 0.816005 0.558595 0.999995 0.831981 0.385709 0.999995 0.924391 0.378356 0.804905 0.906639 0.215633 1.92387 0.318702 0.111412 1.98078 0.162724 0.0776832 1.98078 0.180752 0.149472 1.92387 0.354065 0.516306 0.617312 0.76869 0.54792 0.804905 0.816005 0.378356 0.804905 0.906639 0.356579 0.617312 0.854065 0.311684 1.83147 0.462451 0.215633 1.92387 0.318702 0.149472 1.92387 0.354065 0.215633 1.83147 0.513792 0.464965 0.444425 0.691853 0.516306 0.617312 0.76869 0.356579 0.617312 0.854065 0.321215 0.444425 0.768689 0.395873 1.7071 0.588449 0.311684 1.83147 0.462451 0.215633 1.83147 0.513792 0.273623 1.7071 0.653793 0.395873 0.292888 0.588449 0.464965 0.444425 0.691853 0.321215 0.444425 0.768689 0.273623 0.292888 0.653793 0.464965 1.55556 0.691853 0.395873 1.7071 0.588449 0.273623 1.7071 0.653793 0.321215 1.55556 0.768689 0.311684 0.168526 0.462451 0.395873 0.292888 0.588449 0.273623 0.292888 0.653793 0.215633 0.168526 0.513792 0.356579 0.617312 0.854065 0.378356 0.804905 0.906639 0.194367 0.804905 0.962451 0.183265 0.617312 0.906639 0.215633 1.83147 0.513792 0.149472 1.92387 0.354065 0.0776832 1.92387 0.375842 0.111412 1.83147 0.545407 0.321215 0.444425 0.768689 0.356579 0.617312 0.854065 0.183265 0.617312 0.906639 0.165237 0.444425 0.816005 0.273623 1.7071 0.653793 0.215633 1.83147 0.513792 0.111412 1.83147 0.545407 0.140975 1.7071 0.694032 0.273623 0.292888 0.653793 0.321215 0.444425 0.768689 0.165237 0.444425 0.816005 0.140975 0.292888 0.694032 0.321215 1.55556 0.768689 0.273623 1.7071 0.653793 0.140975 1.7071 0.694032 0.165237 1.55556 0.816005 0.215633 0.168526 0.513792 0.273623 0.292888 0.653793 0.140975 0.292888 0.694032 0.111411 0.168526 0.545407 0.356579 1.38268 0.854065 0.321215 1.55556 0.768689 0.165237 1.55556 0.816005 0.183265 1.38268 0.906639 0.149472 0.0761156 0.354065 0.215633 0.168526 0.513792 0.111411 0.168526 0.545407 0.0776832 0.0761156 0.375842 0.378356 1.19509 0.906639 0.356579 1.38268 0.854065 0.183265 1.38268 0.906639 0.194367 1.19509 0.962451 0.0776832 0.0192099 0.180752 0.149472 0.0761156 0.354065 0.0776832 0.0761156 0.375842 0.0410855 0.0192099 0.191853 0.385709 0.999995 0.924391 0.378356 1.19509 0.906639 0.194367 1.19509 0.962451 0.198115 0.999995 0.981297 0.0776832 1.98078 0.180752 0.00302505 1.99999 0.000511911 0.0410855 1.98078 0.191854 0.00302529 -4.74136e-06 0.000511681 0.0776832 0.0192099 0.180752 0.0410855 0.0192099 0.191853 0.378356 0.804905 0.906639 0.385709 0.999995 0.924391 0.198115 0.999995 0.981297 0.194367 0.804905 0.962451 0.149472 1.92387 0.354065 0.0776832 1.98078 0.180752 0.0410855 1.98078 0.191854 0.0776832 1.92387 0.375842 0.0776832 0.0761156 0.375842 0.111411 0.168526 0.545407 0.00302529 0.168526 0.556082 0.00302529 0.0761156 0.383195 0.194367 1.19509 0.962451 0.183265 1.38268 0.906639 0.00302529 1.38268 0.924391 0.00302529 1.19509 0.981297 0.0410855 0.0192099 0.191853 0.0776832 0.0761156 0.375842 0.00302529 0.0761156 0.383195 0.00302529 0.0192099 0.195602 0.198115 0.999995 0.981297 0.194367 1.19509 0.962451 0.00302529 1.19509 0.981297 0.00302529 0.999995 1.00051 0.0410855 1.98078 0.191854 0.00302505 1.99999 0.000511911 0.00302529 1.98078 0.195602 0.00302529 -4.74136e-06 0.000511681 0.0410855 0.0192099 0.191853 0.00302529 0.0192099 0.195602 0.194367 0.804905 0.962451 0.198115 0.999995 0.981297 0.00302529 0.999995 1.00051 0.00302529 0.804905 0.981297 0.0776832 1.92387 0.375842 0.0410855 1.98078 0.191854 0.00302529 1.98078 0.195602 0.00302529 1.92387 0.383195 0.183265 0.617312 0.906639 0.194367 0.804905 0.962451 0.00302529 0.804905 0.981297 0.00302529 0.617312 0.924391 0.111412 1.83147 0.545407 0.0776832 1.92387 0.375842 0.00302529 1.92387 0.383195 0.00302529 1.83147 0.556082 0.165237 0.444425 0.816005 0.183265 0.617312 0.906639 0.00302529 0.617312 0.924391 0.00302529 0.444425 0.831981 0.140975 1.7071 0.694032 0.111412 1.83147 0.545407 0.00302529 1.83147 0.556082 0.00302529 1.7071 0.707618 0.140975 0.292888 0.694032 0.165237 0.444425 0.816005 0.00302529 0.444425 0.831981 0.00302529 0.292888 0.707618 0.165237 1.55556 0.816005 0.140975 1.7071 0.694032 0.00302529 1.7071 0.707618 0.00302529 1.55556 0.831981 0.111411 0.168526 0.545407 0.140975 0.292888 0.694032 0.00302529 0.292888 0.707618 0.00302529 0.168526 0.556082 0.183265 1.38268 0.906639 0.165237 1.55556 0.816005 0.00302529 1.55556 0.831981 0.00302529 1.38268 0.924391 0.00302529 1.83147 0.556082 0.00302529 1.92387 0.383195 -0.0716325 1.92387 0.375842 -0.105361 1.83147 0.545407 0.00302529 0.444425 0.831981 0.00302529 0.617312 0.924391 -0.177215 0.617312 0.906639 -0.159186 0.444425 0.816005 0.00302529 1.7071 0.707618 0.00302529 1.83147 0.556082 -0.105361 1.83147 0.545407 -0.134924 1.7071 0.694031 0.00302529 0.292888 0.707618 0.00302529 0.444425 0.831981 -0.159186 0.444425 0.816005 -0.134924 0.292888 0.694031 0.00302529 1.55556 0.831981 0.00302529 1.7071 0.707618 -0.134924 1.7071 0.694031 -0.159186 1.55556 0.816005 0.00302529 0.168526 0.556082 0.00302529 0.292888 0.707618 -0.134924 0.292888 0.694031 -0.105361 0.168526 0.545407 0.00302529 1.38268 0.924391 0.00302529 1.55556 0.831981 -0.159186 1.55556 0.816005 -0.177215 1.38268 0.906639 0.00302529 0.0761156 0.383195 0.00302529 0.168526 0.556082 -0.105361 0.168526 0.545407 -0.0716325 0.0761156 0.375842 0.00302529 1.19509 0.981297 0.00302529 1.38268 0.924391 -0.177215 1.38268 0.906639 -0.188316 1.19509 0.962451 0.00302529 0.0192099 0.195602 0.00302529 0.0761156 0.383195 -0.0716325 0.0761156 0.375842 -0.0350349 0.0192099 0.191853 0.00302529 0.999995 1.00051 0.00302529 1.19509 0.981297 -0.188316 1.19509 0.962451 -0.192065 0.999995 0.981297 0.00302529 1.98078 0.195602 0.00302505 1.99999 0.000511911 -0.035035 1.98078 0.191853 0.00302529 -4.74136e-06 0.000511681 0.00302529 0.0192099 0.195602 -0.0350349 0.0192099 0.191853 0.00302529 0.804905 0.981297 0.00302529 0.999995 1.00051 -0.192065 0.999995 0.981297 -0.188316 0.804905 0.962451 0.00302529 1.92387 0.383195 0.00302529 1.98078 0.195602 -0.035035 1.98078 0.191853 -0.0716325 1.92387 0.375842 0.00302529 0.617312 0.924391 0.00302529 0.804905 0.981297 -0.188316 0.804905 0.962451 -0.177215 0.617312 0.906639 -0.188316 1.19509 0.962451 -0.177215 1.38268 0.906639 -0.350528 1.38268 0.854065 -0.372305 1.19509 0.906639 -0.0350349 0.0192099 0.191853 -0.0716325 0.0761156 0.375842 -0.143421 0.0761156 0.354065 -0.0716325 0.0192099 0.180752 -0.192065 0.999995 0.981297 -0.188316 1.19509 0.962451 -0.372305 1.19509 0.906639 -0.379658 0.999995 0.924391 -0.035035 1.98078 0.191853 0.00302505 1.99999 0.000511911 -0.0716326 1.98078 0.180752 0.00302529 -4.74136e-06 0.000511681 -0.0350349 0.0192099 0.191853 -0.0716325 0.0192099 0.180752 -0.188316 0.804905 0.962451 -0.192065 0.999995 0.981297 -0.379658 0.999995 0.924391 -0.372305 0.804905 0.906639 -0.0716325 1.92387 0.375842 -0.035035 1.98078 0.191853 -0.0716326 1.98078 0.180752 -0.143421 1.92387 0.354065 -0.177215 0.617312 0.906639 -0.188316 0.804905 0.962451 -0.372305 0.804905 0.906639 -0.350528 0.617312 0.854065 -0.105361 1.83147 0.545407 -0.0716325 1.92387 0.375842 -0.143421 1.92387 0.354065 -0.209582 1.83147 0.513792 -0.159186 0.444425 0.816005 -0.177215 0.617312 0.906639 -0.350528 0.617312 0.854065 -0.315164 0.444425 0.768689 -0.134924 1.7071 0.694031 -0.105361 1.83147 0.545407 -0.209582 1.83147 0.513792 -0.267573 1.7071 0.653793 -0.134924 0.292888 0.694031 -0.159186 0.444425 0.816005 -0.315164 0.444425 0.768689 -0.267573 0.292888 0.653793 -0.159186 1.55556 0.816005 -0.134924 1.7071 0.694031 -0.267573 1.7071 0.653793 -0.315164 1.55556 0.768689 -0.105361 0.168526 0.545407 -0.134924 0.292888 0.694031 -0.267573 0.292888 0.653793 -0.209582 0.168526 0.513792 -0.177215 1.38268 0.906639 -0.159186 1.55556 0.816005 -0.315164 1.55556 0.768689 -0.350528 1.38268 0.854065 -0.0716325 0.0761156 0.375842 -0.105361 0.168526 0.545407 -0.209582 0.168526 0.513792 -0.143421 0.0761156 0.354065 -0.315164 0.444425 0.768689 -0.350528 0.617312 0.854065 -0.510255 0.617312 0.768689 -0.458914 0.444425 0.691853 -0.267573 1.7071 0.653793 -0.209582 1.83147 0.513792 -0.305633 1.83147 0.462451 -0.389822 1.7071 0.588449 -0.267573 0.292888 0.653793 -0.315164 0.444425 0.768689 -0.458914 0.444425 0.691853 -0.389822 0.292888 0.588449 -0.315164 1.55556 0.768689 -0.267573 1.7071 0.653793 -0.389822 1.7071 0.588449 -0.458914 1.55556 0.691853 -0.209582 0.168526 0.513792 -0.267573 0.292888 0.653793 -0.389822 0.292888 0.588449 -0.305633 0.168526 0.462451 -0.350528 1.38268 0.854065 -0.315164 1.55556 0.768689 -0.458914 1.55556 0.691853 -0.510255 1.38268 0.768689 -0.143421 0.0761156 0.354065 -0.209582 0.168526 0.513792 -0.305633 0.168526 0.462451 -0.209582 0.0761156 0.318701 -0.372305 1.19509 0.906639 -0.350528 1.38268 0.854065 -0.510255 1.38268 0.768689 -0.54187 1.19509 0.816005 -0.0716325 0.0192099 0.180752 -0.143421 0.0761156 0.354065 -0.209582 0.0761156 0.318701 -0.105361 0.0192099 0.162723 -0.379658 0.999995 0.924391 -0.372305 1.19509 0.906639 -0.54187 1.19509 0.816005 -0.552545 0.999995 0.831981 -0.0716326 1.98078 0.180752 0.00302505 1.99999 0.000511911 -0.105361 1.98078 0.162723 0.00302529 -4.74136e-06 0.000511681 -0.0716325 0.0192099 0.180752 -0.105361 0.0192099 0.162723 -0.372305 0.804905 0.906639 -0.379658 0.999995 0.924391 -0.552545 0.999995 0.831981 -0.54187 0.804905 0.816005 -0.143421 1.92387 0.354065 -0.0716326 1.98078 0.180752 -0.105361 1.98078 0.162723 -0.209582 1.92387 0.318701 -0.350528 0.617312 0.854065 -0.372305 0.804905 0.906639 -0.54187 0.804905 0.816005 -0.510255 0.617312 0.768689 -0.209582 1.83147 0.513792 -0.143421 1.92387 0.354065 -0.209582 1.92387 0.318701 -0.305633 1.83147 0.462451 -0.105361 0.0192099 0.162723 -0.209582 0.0761156 0.318701 -0.267573 0.0761156 0.27111 -0.134924 0.0192099 0.138461 -0.552545 0.999995 0.831981 -0.54187 1.19509 0.816005 -0.690494 1.19509 0.694031 -0.704081 0.999995 0.707618 -0.105361 1.98078 0.162723 0.00302505 1.99999 0.000511911 -0.134925 1.98078 0.138462 0.00302529 -4.74136e-06 0.000511681 -0.105361 0.0192099 0.162723 -0.134924 0.0192099 0.138461 -0.54187 0.804905 0.816005 -0.552545 0.999995 0.831981 -0.704081 0.999995 0.707618 -0.690494 0.804905 0.694031 -0.209582 1.92387 0.318701 -0.105361 1.98078 0.162723 -0.134925 1.98078 0.138462 -0.267573 1.92387 0.27111 -0.510255 0.617312 0.768689 -0.54187 0.804905 0.816005 -0.690494 0.804905 0.694031 -0.650256 0.617312 0.653793 -0.305633 1.83147 0.462451 -0.209582 1.92387 0.318701 -0.267573 1.92387 0.27111 -0.389822 1.83147 0.393359 -0.458914 0.444425 0.691853 -0.510255 0.617312 0.768689 -0.650256 0.617312 0.653793 -0.584912 0.444425 0.588449 -0.389822 1.7071 0.588449 -0.305633 1.83147 0.462451 -0.389822 1.83147 0.393359 -0.496975 1.7071 0.500512 -0.389822 0.292888 0.588449 -0.458914 0.444425 0.691853 -0.584912 0.444425 0.588449 -0.496975 0.292888 0.500512 -0.458914 1.55556 0.691853 -0.389822 1.7071 0.588449 -0.496975 1.7071 0.500512 -0.584912 1.55556 0.588449 -0.305633 0.168526 0.462451 -0.389822 0.292888 0.588449 -0.496975 0.292888 0.500512 -0.389822 0.168526 0.393359 -0.510255 1.38268 0.768689 -0.458914 1.55556 0.691853 -0.584912 1.55556 0.588449 -0.650256 1.38268 0.653793 -0.209582 0.0761156 0.318701 -0.305633 0.168526 0.462451 -0.389822 0.168526 0.393359 -0.267573 0.0761156 0.27111 -0.54187 1.19509 0.816005 -0.510255 1.38268 0.768689 -0.650256 1.38268 0.653793 -0.690494 1.19509 0.694031 -0.496975 0.292888 0.500512 -0.584912 0.444425 0.588449 -0.688316 0.444425 0.462451 -0.584912 0.292888 0.393359 -0.584912 1.55556 0.588449 -0.496975 1.7071 0.500512 -0.584912 1.7071 0.393359 -0.688316 1.55556 0.462451 -0.389822 0.168526 0.393359 -0.496975 0.292888 0.500512 -0.584912 0.292888 0.393359 -0.458914 0.168526 0.30917 -0.650256 1.38268 0.653793 -0.584912 1.55556 0.588449 -0.688316 1.55556 0.462451 -0.765153 1.38268 0.513792 -0.267573 0.0761156 0.27111 -0.389822 0.168526 0.393359 -0.458914 0.168526 0.30917 -0.315164 0.0761156 0.213119 -0.690494 1.19509 0.694031 -0.650256 1.38268 0.653793 -0.765153 1.38268 0.513792 -0.812468 1.19509 0.545406 -0.134924 0.0192099 0.138461 -0.267573 0.0761156 0.27111 -0.315164 0.0761156 0.213119 -0.159186 0.0192099 0.108898 -0.704081 0.999995 0.707618 -0.690494 1.19509 0.694031 -0.812468 1.19509 0.545406 -0.828444 0.999995 0.556082 -0.134925 1.98078 0.138462 0.00302505 1.99999 0.000511911 -0.159186 1.98078 0.108898 0.00302529 -4.74136e-06 0.000511681 -0.134924 0.0192099 0.138461 -0.159186 0.0192099 0.108898 -0.690494 0.804905 0.694031 -0.704081 0.999995 0.707618 -0.828444 0.999995 0.556082 -0.812468 0.804905 0.545406 -0.267573 1.92387 0.27111 -0.134925 1.98078 0.138462 -0.159186 1.98078 0.108898 -0.315164 1.92387 0.213119 -0.650256 0.617312 0.653793 -0.690494 0.804905 0.694031 -0.812468 0.804905 0.545406 -0.765153 0.617312 0.513792 -0.389822 1.83147 0.393359 -0.267573 1.92387 0.27111 -0.315164 1.92387 0.213119 -0.458914 1.83147 0.30917 -0.584912 0.444425 0.588449 -0.650256 0.617312 0.653793 -0.765153 0.617312 0.513792 -0.688316 0.444425 0.462451 -0.496975 1.7071 0.500512 -0.389822 1.83147 0.393359 -0.458914 1.83147 0.30917 -0.584912 1.7071 0.393359 -0.159186 1.98078 0.108898 0.00302505 1.99999 0.000511911 -0.177215 1.98078 0.0751696 0.00302529 -4.74136e-06 0.000511681 -0.159186 0.0192099 0.108898 -0.177215 0.0192099 0.0751694 -0.812468 0.804905 0.545406 -0.828444 0.999995 0.556082 -0.920854 0.999995 0.383195 -0.903102 0.804905 0.375842 -0.315164 1.92387 0.213119 -0.159186 1.98078 0.108898 -0.177215 1.98078 0.0751696 -0.350528 1.92387 0.146958 -0.765153 0.617312 0.513792 -0.812468 0.804905 0.545406 -0.903102 0.804905 0.375842 -0.850528 0.617312 0.354065 -0.458914 1.83147 0.30917 -0.315164 1.92387 0.213119 -0.350528 1.92387 0.146958 -0.510255 1.83147 0.213119 -0.688316 0.444425 0.462451 -0.765153 0.617312 0.513792 -0.850528 0.617312 0.354065 -0.765152 0.444425 0.318701 -0.584912 1.7071 0.393359 -0.458914 1.83147 0.30917 -0.510255 1.83147 0.213119 -0.650256 1.7071 0.27111 -0.584912 0.292888 0.393359 -0.688316 0.444425 0.462451 -0.765152 0.444425 0.318701 -0.650256 0.292888 0.27111 -0.688316 1.55556 0.462451 -0.584912 1.7071 0.393359 -0.650256 1.7071 0.27111 -0.765152 1.55556 0.318701 -0.458914 0.168526 0.30917 -0.584912 0.292888 0.393359 -0.650256 0.292888 0.27111 -0.510255 0.168526 0.213119 -0.765153 1.38268 0.513792 -0.688316 1.55556 0.462451 -0.765152 1.55556 0.318701 -0.850528 1.38268 0.354065 -0.315164 0.0761156 0.213119 -0.458914 0.168526 0.30917 -0.510255 0.168526 0.213119 -0.350528 0.0761156 0.146958 -0.812468 1.19509 0.545406 -0.765153 1.38268 0.513792 -0.850528 1.38268 0.354065 -0.903102 1.19509 0.375842 -0.159186 0.0192099 0.108898 -0.315164 0.0761156 0.213119 -0.350528 0.0761156 0.146958 -0.177215 0.0192099 0.0751694 -0.828444 0.999995 0.556082 -0.812468 1.19509 0.545406 -0.903102 1.19509 0.375842 -0.920854 0.999995 0.383195 -0.765152 1.55556 0.318701 -0.650256 1.7071 0.27111 -0.690494 1.7071 0.138461 -0.812468 1.55556 0.162723 -0.510255 0.168526 0.213119 -0.650256 0.292888 0.27111 -0.690494 0.292888 0.138461 -0.54187 0.168526 0.108898 -0.850528 1.38268 0.354065 -0.765152 1.55556 0.318701 -0.812468 1.55556 0.162723 -0.903102 1.38268 0.180752 -0.350528 0.0761156 0.146958 -0.510255 0.168526 0.213119 -0.54187 0.168526 0.108898 -0.372305 0.0761156 0.0751694 -0.903102 1.19509 0.375842 -0.850528 1.38268 0.354065 -0.903102 1.38268 0.180752 -0.958914 1.19509 0.191853 -0.177215 0.0192099 0.0751694 -0.350528 0.0761156 0.146958 -0.372305 0.0761156 0.0751694 -0.188316 0.0192099 0.0385719 -0.920854 0.999995 0.383195 -0.903102 1.19509 0.375842 -0.958914 1.19509 0.191853 -0.97776 0.999995 0.195602 -0.177215 1.98078 0.0751696 0.00302505 1.99999 0.000511911 -0.188316 1.98078 0.0385719 0.00302529 -4.74136e-06 0.000511681 -0.177215 0.0192099 0.0751694 -0.188316 0.0192099 0.0385719 -0.903102 0.804905 0.375842 -0.920854 0.999995 0.383195 -0.97776 0.999995 0.195602 -0.958914 0.804905 0.191853 -0.350528 1.92387 0.146958 -0.177215 1.98078 0.0751696 -0.188316 1.98078 0.0385719 -0.372305 1.92387 0.0751694 -0.850528 0.617312 0.354065 -0.903102 0.804905 0.375842 -0.958914 0.804905 0.191853 -0.903102 0.617312 0.180752 -0.510255 1.83147 0.213119 -0.350528 1.92387 0.146958 -0.372305 1.92387 0.0751694 -0.54187 1.83147 0.108898 -0.765152 0.444425 0.318701 -0.850528 0.617312 0.354065 -0.903102 0.617312 0.180752 -0.812468 0.444425 0.162723 -0.650256 1.7071 0.27111 -0.510255 1.83147 0.213119 -0.54187 1.83147 0.108898 -0.690494 1.7071 0.138461 -0.650256 0.292888 0.27111 -0.765152 0.444425 0.318701 -0.812468 0.444425 0.162723 -0.690494 0.292888 0.138461 -0.958914 0.804905 0.191853 -0.97776 0.999995 0.195602 -0.996975 0.999995 0.000511495 -0.97776 0.804905 0.000511451 -0.372305 1.92387 0.0751694 -0.188316 1.98078 0.0385719 -0.192065 1.98078 0.000511667 -0.379658 1.92387 0.000511637 -0.903102 0.617312 0.180752 -0.958914 0.804905 0.191853 -0.97776 0.804905 0.000511451 -0.920854 0.617312 0.000511674 -0.54187 1.83147 0.108898 -0.372305 1.92387 0.0751694 -0.379658 1.92387 0.000511637 -0.552545 1.83147 0.000511637 -0.812468 0.444425 0.162723 -0.903102 0.617312 0.180752 -0.920854 0.617312 0.000511674 -0.828444 0.444425 0.000511495 -0.690494 1.7071 0.138461 -0.54187 1.83147 0.108898 -0.552545 1.83147 0.000511637 -0.704081 1.7071 0.00051154 -0.690494 0.292888 0.138461 -0.812468 0.444425 0.162723 -0.828444 0.444425 0.000511495 -0.704081 0.292888 0.00051154 -0.812468 1.55556 0.162723 -0.690494 1.7071 0.138461 -0.704081 1.7071 0.00051154 -0.828444 1.55556 0.000511495 -0.54187 0.168526 0.108898 -0.690494 0.292888 0.138461 -0.704081 0.292888 0.00051154 -0.552545 0.168526 0.000511615 -0.903102 1.38268 0.180752 -0.812468 1.55556 0.162723 -0.828444 1.55556 0.000511495 -0.920854 1.38268 0.000511674 -0.372305 0.0761156 0.0751694 -0.54187 0.168526 0.108898 -0.552545 0.168526 0.000511615 -0.379658 0.0761156 0.000511607 -0.958914 1.19509 0.191853 -0.903102 1.38268 0.180752 -0.920854 1.38268 0.000511674 -0.97776 1.19509 0.000511451 -0.188316 0.0192099 0.0385719 -0.372305 0.0761156 0.0751694 -0.379658 0.0761156 0.000511607 -0.192065 0.0192099 0.00051167 -0.97776 0.999995 0.195602 -0.958914 1.19509 0.191853 -0.97776 1.19509 0.000511451 -0.996975 0.999995 0.000511495 -0.188316 1.98078 0.0385719 0.00302505 1.99999 0.000511911 -0.192065 1.98078 0.000511667 0.00302529 -4.74136e-06 0.000511681 -0.188316 0.0192099 0.0385719 -0.192065 0.0192099 0.00051167 -0.552545 0.168526 0.000511615 -0.704081 0.292888 0.00051154 -0.690494 0.292888 -0.137438 -0.54187 0.168526 -0.107875 -0.920854 1.38268 0.000511674 -0.828444 1.55556 0.000511495 -0.812467 1.55556 -0.1617 -0.903102 1.38268 -0.179728 -0.379658 0.0761156 0.000511607 -0.552545 0.168526 0.000511615 -0.54187 0.168526 -0.107875 -0.372305 0.0761156 -0.0741462 -0.97776 1.19509 0.000511451 -0.920854 1.38268 0.000511674 -0.903102 1.38268 -0.179728 -0.958914 1.19509 -0.19083 -0.192065 0.0192099 0.00051167 -0.379658 0.0761156 0.000511607 -0.372305 0.0761156 -0.0741462 -0.188316 0.0192099 -0.0375485 -0.996975 0.999995 0.000511495 -0.97776 1.19509 0.000511451 -0.958914 1.19509 -0.19083 -0.97776 0.999995 -0.194579 -0.192065 1.98078 0.000511667 0.00302505 1.99999 0.000511911 -0.188316 1.98078 -0.0375485 0.00302529 -4.74136e-06 0.000511681 -0.192065 0.0192099 0.00051167 -0.188316 0.0192099 -0.0375485 -0.97776 0.804905 0.000511451 -0.996975 0.999995 0.000511495 -0.97776 0.999995 -0.194579 -0.958914 0.804905 -0.19083 -0.379658 1.92387 0.000511637 -0.192065 1.98078 0.000511667 -0.188316 1.98078 -0.0375485 -0.372305 1.92387 -0.0741462 -0.920854 0.617312 0.000511674 -0.97776 0.804905 0.000511451 -0.958914 0.804905 -0.19083 -0.903102 0.617312 -0.179728 -0.552545 1.83147 0.000511637 -0.379658 1.92387 0.000511637 -0.372305 1.92387 -0.0741462 -0.54187 1.83147 -0.107875 -0.828444 0.444425 0.000511495 -0.920854 0.617312 0.000511674 -0.903102 0.617312 -0.179728 -0.812467 0.444425 -0.1617 -0.704081 1.7071 0.00051154 -0.552545 1.83147 0.000511637 -0.54187 1.83147 -0.107875 -0.690494 1.7071 -0.137438 -0.704081 0.292888 0.00051154 -0.828444 0.444425 0.000511495 -0.812467 0.444425 -0.1617 -0.690494 0.292888 -0.137438 -0.828444 1.55556 0.000511495 -0.704081 1.7071 0.00051154 -0.690494 1.7071 -0.137438 -0.812467 1.55556 -0.1617 -0.372305 1.92387 -0.0741462 -0.188316 1.98078 -0.0375485 -0.177215 1.98078 -0.0741462 -0.350528 1.92387 -0.145935 -0.903102 0.617312 -0.179728 -0.958914 0.804905 -0.19083 -0.903102 0.804905 -0.374819 -0.850528 0.617312 -0.353042 -0.54187 1.83147 -0.107875 -0.372305 1.92387 -0.0741462 -0.350528 1.92387 -0.145935 -0.510255 1.83147 -0.212096 -0.812467 0.444425 -0.1617 -0.903102 0.617312 -0.179728 -0.850528 0.617312 -0.353042 -0.765152 0.444425 -0.317678 -0.690494 1.7071 -0.137438 -0.54187 1.83147 -0.107875 -0.510255 1.83147 -0.212096 -0.650256 1.7071 -0.270086 -0.690494 0.292888 -0.137438 -0.812467 0.444425 -0.1617 -0.765152 0.444425 -0.317678 -0.650256 0.292888 -0.270086 -0.812467 1.55556 -0.1617 -0.690494 1.7071 -0.137438 -0.650256 1.7071 -0.270086 -0.765152 1.55556 -0.317678 -0.54187 0.168526 -0.107875 -0.690494 0.292888 -0.137438 -0.650256 0.292888 -0.270086 -0.510254 0.168526 -0.212096 -0.903102 1.38268 -0.179728 -0.812467 1.55556 -0.1617 -0.765152 1.55556 -0.317678 -0.850528 1.38268 -0.353042 -0.372305 0.0761156 -0.0741462 -0.54187 0.168526 -0.107875 -0.510254 0.168526 -0.212096 -0.350528 0.0761156 -0.145935 -0.958914 1.19509 -0.19083 -0.903102 1.38268 -0.179728 -0.850528 1.38268 -0.353042 -0.903102 1.19509 -0.374819 -0.188316 0.0192099 -0.0375485 -0.372305 0.0761156 -0.0741462 -0.350528 0.0761156 -0.145935 -0.177215 0.0192099 -0.0741461 -0.97776 0.999995 -0.194579 -0.958914 1.19509 -0.19083 -0.903102 1.19509 -0.374819 -0.920854 0.999995 -0.382172 -0.188316 1.98078 -0.0375485 0.00302505 1.99999 0.000511911 -0.177215 1.98078 -0.0741462 0.00302529 -4.74136e-06 0.000511681 -0.188316 0.0192099 -0.0375485 -0.177215 0.0192099 -0.0741461 -0.958914 0.804905 -0.19083 -0.97776 0.999995 -0.194579 -0.920854 0.999995 -0.382172 -0.903102 0.804905 -0.374819 -0.850528 1.38268 -0.353042 -0.765152 1.55556 -0.317678 -0.688316 1.55556 -0.461428 -0.765152 1.38268 -0.512768 -0.350528 0.0761156 -0.145935 -0.510254 0.168526 -0.212096 -0.458914 0.168526 -0.308147 -0.315164 0.0761156 -0.212096 -0.903102 1.19509 -0.374819 -0.850528 1.38268 -0.353042 -0.765152 1.38268 -0.512768 -0.812467 1.19509 -0.544383 -0.177215 0.0192099 -0.0741461 -0.350528 0.0761156 -0.145935 -0.315164 0.0761156 -0.212096 -0.159186 0.0192099 -0.107875 -0.920854 0.999995 -0.382172 -0.903102 1.19509 -0.374819 -0.812467 1.19509 -0.544383 -0.828444 0.999995 -0.555059 -0.177215 1.98078 -0.0741462 0.00302505 1.99999 0.000511911 -0.159186 1.98078 -0.107875 0.00302529 -4.74136e-06 0.000511681 -0.177215 0.0192099 -0.0741461 -0.159186 0.0192099 -0.107875 -0.903102 0.804905 -0.374819 -0.920854 0.999995 -0.382172 -0.828444 0.999995 -0.555059 -0.812467 0.804905 -0.544383 -0.350528 1.92387 -0.145935 -0.177215 1.98078 -0.0741462 -0.159186 1.98078 -0.107875 -0.315164 1.92387 -0.212096 -0.850528 0.617312 -0.353042 -0.903102 0.804905 -0.374819 -0.812467 0.804905 -0.544383 -0.765152 0.617312 -0.512768 -0.510255 1.83147 -0.212096 -0.350528 1.92387 -0.145935 -0.315164 1.92387 -0.212096 -0.458914 1.83147 -0.308147 -0.765152 0.444425 -0.317678 -0.850528 0.617312 -0.353042 -0.765152 0.617312 -0.512768 -0.688316 0.444425 -0.461428 -0.650256 1.7071 -0.270086 -0.510255 1.83147 -0.212096 -0.458914 1.83147 -0.308147 -0.584912 1.7071 -0.392336 -0.650256 0.292888 -0.270086 -0.765152 0.444425 -0.317678 -0.688316 0.444425 -0.461428 -0.584912 0.292888 -0.392336 -0.765152 1.55556 -0.317678 -0.650256 1.7071 -0.270086 -0.584912 1.7071 -0.392336 -0.688316 1.55556 -0.461428 -0.510254 0.168526 -0.212096 -0.650256 0.292888 -0.270086 -0.584912 0.292888 -0.392336 -0.458914 0.168526 -0.308147 -0.765152 0.617312 -0.512768 -0.812467 0.804905 -0.544383 -0.690494 0.804905 -0.693008 -0.650256 0.617312 -0.65277 -0.458914 1.83147 -0.308147 -0.315164 1.92387 -0.212096 -0.267573 1.92387 -0.270086 -0.389822 1.83147 -0.392336 -0.688316 0.444425 -0.461428 -0.765152 0.617312 -0.512768 -0.650256 0.617312 -0.65277 -0.584912 0.444425 -0.587426 -0.584912 1.7071 -0.392336 -0.458914 1.83147 -0.308147 -0.389822 1.83147 -0.392336 -0.496975 1.7071 -0.499488 -0.584912 0.292888 -0.392336 -0.688316 0.444425 -0.461428 -0.584912 0.444425 -0.587426 -0.496975 0.292888 -0.499488 -0.688316 1.55556 -0.461428 -0.584912 1.7071 -0.392336 -0.496975 1.7071 -0.499488 -0.584912 1.55556 -0.587426 -0.458914 0.168526 -0.308147 -0.584912 0.292888 -0.392336 -0.496975 0.292888 -0.499488 -0.389822 0.168526 -0.392336 -0.765152 1.38268 -0.512768 -0.688316 1.55556 -0.461428 -0.584912 1.55556 -0.587426 -0.650256 1.38268 -0.65277 -0.315164 0.0761156 -0.212096 -0.458914 0.168526 -0.308147 -0.389822 0.168526 -0.392336 -0.267573 0.0761156 -0.270086 -0.812467 1.19509 -0.544383 -0.765152 1.38268 -0.512768 -0.650256 1.38268 -0.65277 -0.690494 1.19509 -0.693008 -0.159186 0.0192099 -0.107875 -0.315164 0.0761156 -0.212096 -0.267573 0.0761156 -0.270086 -0.134924 0.0192099 -0.137438 -0.828444 0.999995 -0.555059 -0.812467 1.19509 -0.544383 -0.690494 1.19509 -0.693008 -0.704081 0.999995 -0.706595 -0.159186 1.98078 -0.107875 0.00302505 1.99999 0.000511911 -0.134924 1.98078 -0.137438 0.00302529 -4.74136e-06 0.000511681 -0.159186 0.0192099 -0.107875 -0.134924 0.0192099 -0.137438 -0.812467 0.804905 -0.544383 -0.828444 0.999995 -0.555059 -0.704081 0.999995 -0.706595 -0.690494 0.804905 -0.693008 -0.315164 1.92387 -0.212096 -0.159186 1.98078 -0.107875 -0.134924 1.98078 -0.137438 -0.267573 1.92387 -0.270086 -0.267573 0.0761156 -0.270086 -0.389822 0.168526 -0.392336 -0.305633 0.168526 -0.461428 -0.209582 0.0761156 -0.317678 -0.690494 1.19509 -0.693008 -0.650256 1.38268 -0.65277 -0.510255 1.38268 -0.767666 -0.541869 1.19509 -0.814981 -0.134924 0.0192099 -0.137438 -0.267573 0.0761156 -0.270086 -0.209582 0.0761156 -0.317678 -0.105361 0.0192099 -0.1617 -0.704081 0.999995 -0.706595 -0.690494 1.19509 -0.693008 -0.541869 1.19509 -0.814981 -0.552545 0.999995 -0.830958 -0.134924 1.98078 -0.137438 0.00302505 1.99999 0.000511911 -0.105361 1.98078 -0.1617 0.00302529 -4.74136e-06 0.000511681 -0.134924 0.0192099 -0.137438 -0.105361 0.0192099 -0.1617 -0.690494 0.804905 -0.693008 -0.704081 0.999995 -0.706595 -0.552545 0.999995 -0.830958 -0.541869 0.804905 -0.814981 -0.267573 1.92387 -0.270086 -0.134924 1.98078 -0.137438 -0.105361 1.98078 -0.1617 -0.209582 1.92387 -0.317678 -0.650256 0.617312 -0.65277 -0.690494 0.804905 -0.693008 -0.541869 0.804905 -0.814981 -0.510255 0.617312 -0.767666 -0.389822 1.83147 -0.392336 -0.267573 1.92387 -0.270086 -0.209582 1.92387 -0.317678 -0.305633 1.83147 -0.461428 -0.584912 0.444425 -0.587426 -0.650256 0.617312 -0.65277 -0.510255 0.617312 -0.767666 -0.458914 0.444425 -0.69083 -0.496975 1.7071 -0.499488 -0.389822 1.83147 -0.392336 -0.305633 1.83147 -0.461428 -0.389822 1.7071 -0.587426 -0.496975 0.292888 -0.499488 -0.584912 0.444425 -0.587426 -0.458914 0.444425 -0.69083 -0.389822 0.292888 -0.587426 -0.584912 1.55556 -0.587426 -0.496975 1.7071 -0.499488 -0.389822 1.7071 -0.587426 -0.458914 1.55556 -0.69083 -0.389822 0.168526 -0.392336 -0.496975 0.292888 -0.499488 -0.389822 0.292888 -0.587426 -0.305633 0.168526 -0.461428 -0.650256 1.38268 -0.65277 -0.584912 1.55556 -0.587426 -0.458914 1.55556 -0.69083 -0.510255 1.38268 -0.767666 -0.458914 0.444425 -0.69083 -0.510255 0.617312 -0.767666 -0.350528 0.617312 -0.853042 -0.315164 0.444425 -0.767666 -0.389822 1.7071 -0.587426 -0.305633 1.83147 -0.461428 -0.209582 1.83147 -0.512768 -0.267573 1.7071 -0.65277 -0.389822 0.292888 -0.587426 -0.458914 0.444425 -0.69083 -0.315164 0.444425 -0.767666 -0.267573 0.292888 -0.65277 -0.458914 1.55556 -0.69083 -0.389822 1.7071 -0.587426 -0.267573 1.7071 -0.65277 -0.315164 1.55556 -0.767666 -0.305633 0.168526 -0.461428 -0.389822 0.292888 -0.587426 -0.267573 0.292888 -0.65277 -0.209582 0.168526 -0.512768 -0.510255 1.38268 -0.767666 -0.458914 1.55556 -0.69083 -0.315164 1.55556 -0.767666 -0.350528 1.38268 -0.853042 -0.209582 0.0761156 -0.317678 -0.305633 0.168526 -0.461428 -0.209582 0.168526 -0.512768 -0.143421 0.0761156 -0.353042 -0.541869 1.19509 -0.814981 -0.510255 1.38268 -0.767666 -0.350528 1.38268 -0.853042 -0.372304 1.19509 -0.905615 -0.105361 0.0192099 -0.1617 -0.209582 0.0761156 -0.317678 -0.143421 0.0761156 -0.353042 -0.0716325 0.0192099 -0.179728 -0.552545 0.999995 -0.830958 -0.541869 1.19509 -0.814981 -0.372304 1.19509 -0.905615 -0.379658 0.999995 -0.923368 -0.105361 1.98078 -0.1617 0.00302505 1.99999 0.000511911 -0.0716326 1.98078 -0.179728 0.00302529 -4.74136e-06 0.000511681 -0.105361 0.0192099 -0.1617 -0.0716325 0.0192099 -0.179728 -0.541869 0.804905 -0.814981 -0.552545 0.999995 -0.830958 -0.379658 0.999995 -0.923368 -0.372304 0.804905 -0.905615 -0.209582 1.92387 -0.317678 -0.105361 1.98078 -0.1617 -0.0716326 1.98078 -0.179728 -0.143421 1.92387 -0.353042 -0.510255 0.617312 -0.767666 -0.541869 0.804905 -0.814981 -0.372304 0.804905 -0.905615 -0.350528 0.617312 -0.853042 -0.305633 1.83147 -0.461428 -0.209582 1.92387 -0.317678 -0.143421 1.92387 -0.353042 -0.209582 1.83147 -0.512768 -0.0716325 0.0192099 -0.179728 -0.143421 0.0761156 -0.353042 -0.0716324 0.0761156 -0.374819 -0.0350349 0.0192099 -0.19083 -0.379658 0.999995 -0.923368 -0.372304 1.19509 -0.905615 -0.188316 1.19509 -0.961428 -0.192065 0.999995 -0.980273 -0.0716326 1.98078 -0.179728 0.00302505 1.99999 0.000511911 -0.0350349 1.98078 -0.19083 0.00302529 -4.74136e-06 0.000511681 -0.0716325 0.0192099 -0.179728 -0.0350349 0.0192099 -0.19083 -0.372304 0.804905 -0.905615 -0.379658 0.999995 -0.923368 -0.192065 0.999995 -0.980273 -0.188316 0.804905 -0.961428 -0.143421 1.92387 -0.353042 -0.0716326 1.98078 -0.179728 -0.0350349 1.98078 -0.19083 -0.0716324 1.92387 -0.374819 -0.350528 0.617312 -0.853042 -0.372304 0.804905 -0.905615 -0.188316 0.804905 -0.961428 -0.177215 0.617312 -0.905616 -0.209582 1.83147 -0.512768 -0.143421 1.92387 -0.353042 -0.0716324 1.92387 -0.374819 -0.105361 1.83147 -0.544383 -0.315164 0.444425 -0.767666 -0.350528 0.617312 -0.853042 -0.177215 0.617312 -0.905616 -0.159186 0.444425 -0.814981 -0.267573 1.7071 -0.65277 -0.209582 1.83147 -0.512768 -0.105361 1.83147 -0.544383 -0.134924 1.7071 -0.693008 -0.267573 0.292888 -0.65277 -0.315164 0.444425 -0.767666 -0.159186 0.444425 -0.814981 -0.134924 0.292888 -0.693008 -0.315164 1.55556 -0.767666 -0.267573 1.7071 -0.65277 -0.134924 1.7071 -0.693008 -0.159186 1.55556 -0.814981 -0.209582 0.168526 -0.512768 -0.267573 0.292888 -0.65277 -0.134924 0.292888 -0.693008 -0.105361 0.168526 -0.544383 -0.350528 1.38268 -0.853042 -0.315164 1.55556 -0.767666 -0.159186 1.55556 -0.814981 -0.177215 1.38268 -0.905616 -0.143421 0.0761156 -0.353042 -0.209582 0.168526 -0.512768 -0.105361 0.168526 -0.544383 -0.0716324 0.0761156 -0.374819 -0.372304 1.19509 -0.905615 -0.350528 1.38268 -0.853042 -0.177215 1.38268 -0.905616 -0.188316 1.19509 -0.961428 -0.134924 1.7071 -0.693008 -0.105361 1.83147 -0.544383 0.00302529 1.83147 -0.555059 0.00302529 1.7071 -0.706595 -0.134924 0.292888 -0.693008 -0.159186 0.444425 -0.814981 0.00302553 0.444425 -0.830957 0.00302553 0.292888 -0.706595 -0.159186 1.55556 -0.814981 -0.134924 1.7071 -0.693008 0.00302529 1.7071 -0.706595 0.00302529 1.55556 -0.830958 -0.105361 0.168526 -0.544383 -0.134924 0.292888 -0.693008 0.00302553 0.292888 -0.706595 0.00302529 0.168526 -0.555059 -0.177215 1.38268 -0.905616 -0.159186 1.55556 -0.814981 0.00302529 1.55556 -0.830958 0.00302529 1.38268 -0.923368 -0.0716324 0.0761156 -0.374819 -0.105361 0.168526 -0.544383 0.00302529 0.168526 -0.555059 0.00302529 0.0761156 -0.382172 -0.188316 1.19509 -0.961428 -0.177215 1.38268 -0.905616 0.00302529 1.38268 -0.923368 0.00302529 1.19509 -0.980274 -0.0350349 0.0192099 -0.19083 -0.0716324 0.0761156 -0.374819 0.00302529 0.0761156 -0.382172 0.00302529 0.0192099 -0.194578 -0.192065 0.999995 -0.980273 -0.188316 1.19509 -0.961428 0.00302529 1.19509 -0.980274 0.00302529 0.999995 -0.999489 -0.0350349 1.98078 -0.19083 0.00302505 1.99999 0.000511911 0.00302529 1.98078 -0.194579 0.00302529 -4.74136e-06 0.000511681 -0.0350349 0.0192099 -0.19083 0.00302529 0.0192099 -0.194578 -0.188316 0.804905 -0.961428 -0.192065 0.999995 -0.980273 0.00302529 0.999995 -0.999489 0.00302529 0.804905 -0.980274 -0.0716324 1.92387 -0.374819 -0.0350349 1.98078 -0.19083 0.00302529 1.98078 -0.194579 0.00302529 1.92387 -0.382172 -0.177215 0.617312 -0.905616 -0.188316 0.804905 -0.961428 0.00302529 0.804905 -0.980274 0.00302529 0.617312 -0.923368 -0.105361 1.83147 -0.544383 -0.0716324 1.92387 -0.374819 0.00302529 1.92387 -0.382172 0.00302529 1.83147 -0.555059 -0.159186 0.444425 -0.814981 -0.177215 0.617312 -0.905616 0.00302529 0.617312 -0.923368 0.00302553 0.444425 -0.830957 </float_array>
     <technique_common>
      <accessor source="#ID9-array" count="1984" stride="3">
       <param name="X" type="float"/>
       <param name="Y" type="float"/>
       <param name="Z" type="float"/>
      </accessor>
     </technique_common>
    </source>
    <source id="geometrySource10">
     <float_array id="ID11-array" count="5952">0 -0.552755 -0.833344 0 -0.380544 -0.924763 0.180398 -0.380543 -0.906997 0.162575 -0.55276 -0.817329 0 0.704048 -0.710152 0 0.828645 -0.559775 0.109197 0.828654 -0.549007 0.138527 0.704048 -0.69651 0 -0.704048 -0.710152 0 -0.552755 -0.833344 0.162575 -0.55276 -0.817329 0.138527 -0.704048 -0.69651 0 0.552755 -0.833344 0 0.704048 -0.710152 0.138527 0.704048 -0.69651 0.162575 0.55276 -0.817329 0 -0.828645 -0.559775 0 -0.704048 -0.710152 0.138527 -0.704048 -0.69651 0.109197 -0.828654 -0.549007 0 0.380544 -0.924763 0 0.552755 -0.833344 0.162575 0.55276 -0.817329 0.180398 0.380543 -0.906997 0 -0.921714 -0.38787 0 -0.828645 -0.559775 0.109197 -0.828654 -0.549007 0.0756573 -0.921713 -0.380423 0 0.193921 -0.981017 0 0.380544 -0.924763 0.180398 0.380543 -0.906997 0.191384 0.193917 -0.962169 0 -0.979598 -0.200967 0 -0.921714 -0.38787 0.0756573 -0.921713 -0.380423 0.0391865 -0.979602 -0.197092 0 0 -1 0 0.193921 -0.981017 0.191384 0.193917 -0.962169 0.195077 0 -0.980788 0 0.979598 -0.200967 0 1 -0 0.0391865 0.979602 -0.197092 0 -1 -0 0 -0.979598 -0.200967 0.0391865 -0.979602 -0.197092 0 -0.193921 -0.981017 0 0 -1 0.195077 0 -0.980788 0.191384 -0.193917 -0.962169 0 0.921714 -0.38787 0 0.979598 -0.200967 0.0391865 0.979602 -0.197092 0.0756573 0.921713 -0.380423 0 -0.380544 -0.924763 0 -0.193921 -0.981017 0.191384 -0.193917 -0.962169 0.180398 -0.380543 -0.906997 0 0.828645 -0.559775 0 0.921714 -0.38787 0.0756573 0.921713 -0.380423 0.109197 0.828654 -0.549007 0.180398 -0.380543 -0.906997 0.191384 -0.193917 -0.962169 0.375411 -0.193916 -0.906346 0.353868 -0.380542 -0.85438 0.109197 0.828654 -0.549007 0.0756573 0.921713 -0.380423 0.148415 0.921712 -0.358357 0.214214 0.828656 -0.517147 0.162575 -0.55276 -0.817329 0.180398 -0.380543 -0.906997 0.353868 -0.380542 -0.85438 0.318895 -0.552764 -0.769908 0.138527 0.704048 -0.69651 0.109197 0.828654 -0.549007 0.214214 0.828656 -0.517147 0.271749 0.704063 -0.656086 0.138527 -0.704048 -0.69651 0.162575 -0.55276 -0.817329 0.318895 -0.552764 -0.769908 0.271749 -0.704063 -0.656086 0.162575 0.55276 -0.817329 0.138527 0.704048 -0.69651 0.271749 0.704063 -0.656086 0.318895 0.552764 -0.769908 0.109197 -0.828654 -0.549007 0.138527 -0.704048 -0.69651 0.271749 -0.704063 -0.656086 0.214214 -0.828656 -0.517147 0.180398 0.380543 -0.906997 0.162575 0.55276 -0.817329 0.318895 0.552764 -0.769908 0.353868 0.380542 -0.85438 0.0756573 -0.921713 -0.380423 0.109197 -0.828654 -0.549007 0.214214 -0.828656 -0.517147 0.148415 -0.921712 -0.358357 0.191384 0.193917 -0.962169 0.180398 0.380543 -0.906997 0.353868 0.380542 -0.85438 0.375411 0.193916 -0.906346 0.0391865 -0.979602 -0.197092 0.0756573 -0.921713 -0.380423 0.148415 -0.921712 -0.358357 0.0769081 -0.979602 -0.185648 0.195077 0 -0.980788 0.191384 0.193917 -0.962169 0.375411 0.193916 -0.906346 0.382682 0 -0.92388 0.0391865 0.979602 -0.197092 0 1 -0 0.0769081 0.979602 -0.185648 0 -1 -0 0.0391865 -0.979602 -0.197092 0.0769081 -0.979602 -0.185648 0.191384 -0.193917 -0.962169 0.195077 0 -0.980788 0.382682 0 -0.92388 0.375411 -0.193916 -0.906346 0.0756573 0.921713 -0.380423 0.0391865 0.979602 -0.197092 0.0769081 0.979602 -0.185648 0.148415 0.921712 -0.358357 0.148415 -0.921712 -0.358357 0.214214 -0.828656 -0.517147 0.31099 -0.828657 -0.465417 0.215497 -0.921714 -0.322498 0.375411 0.193916 -0.906346 0.353868 0.380542 -0.85438 0.513756 0.38054 -0.768924 0.545015 0.19392 -0.815692 0.0769081 -0.979602 -0.185648 0.148415 -0.921712 -0.358357 0.215497 -0.921714 -0.322498 0.111639 -0.979601 -0.167092 0.382682 0 -0.92388 0.375411 0.193916 -0.906346 0.545015 0.19392 -0.815692 0.555573 0 -0.831468 0.0769081 0.979602 -0.185648 0 1 -0 0.111639 0.979601 -0.167092 0 -1 -0 0.0769081 -0.979602 -0.185648 0.111639 -0.979601 -0.167092 0.375411 -0.193916 -0.906346 0.382682 0 -0.92388 0.555573 0 -0.831468 0.545015 -0.19392 -0.815692 0.148415 0.921712 -0.358357 0.0769081 0.979602 -0.185648 0.111639 0.979601 -0.167092 0.215497 0.921714 -0.322498 0.353868 -0.380542 -0.85438 0.375411 -0.193916 -0.906346 0.545015 -0.19392 -0.815692 0.513756 -0.38054 -0.768924 0.214214 0.828656 -0.517147 0.148415 0.921712 -0.358357 0.215497 0.921714 -0.322498 0.31099 0.828657 -0.465417 0.318895 -0.552764 -0.769908 0.353868 -0.380542 -0.85438 0.513756 -0.38054 -0.768924 0.462972 -0.552759 -0.692902 0.271749 0.704063 -0.656086 0.214214 0.828656 -0.517147 0.31099 0.828657 -0.465417 0.394528 0.704059 -0.590465 0.271749 -0.704063 -0.656086 0.318895 -0.552764 -0.769908 0.462972 -0.552759 -0.692902 0.394528 -0.704059 -0.590465 0.318895 0.552764 -0.769908 0.271749 0.704063 -0.656086 0.394528 0.704059 -0.590465 0.462972 0.552759 -0.692902 0.214214 -0.828656 -0.517147 0.271749 -0.704063 -0.656086 0.394528 -0.704059 -0.590465 0.31099 -0.828657 -0.465417 0.353868 0.380542 -0.85438 0.318895 0.552764 -0.769908 0.462972 0.552759 -0.692902 0.513756 0.38054 -0.768924 0.31099 0.828657 -0.465417 0.215497 0.921714 -0.322498 0.274275 0.921708 -0.274275 0.395805 0.82866 -0.395805 0.462972 -0.552759 -0.692902 0.513756 -0.38054 -0.768924 0.653906 -0.380545 -0.653906 0.589261 -0.55276 -0.589261 0.394528 0.704059 -0.590465 0.31099 0.828657 -0.465417 0.395805 0.82866 -0.395805 0.502143 0.704063 -0.502143 0.394528 -0.704059 -0.590465 0.462972 -0.552759 -0.692902 0.589261 -0.55276 -0.589261 0.502143 -0.704063 -0.502143 0.462972 0.552759 -0.692902 0.394528 0.704059 -0.590465 0.502143 0.704063 -0.502143 0.589261 0.55276 -0.589261 0.31099 -0.828657 -0.465417 0.394528 -0.704059 -0.590465 0.502143 -0.704063 -0.502143 0.395805 -0.82866 -0.395805 0.513756 0.38054 -0.768924 0.462972 0.552759 -0.692902 0.589261 0.55276 -0.589261 0.653906 0.380545 -0.653906 0.215497 -0.921714 -0.322498 0.31099 -0.828657 -0.465417 0.395805 -0.82866 -0.395805 0.274275 -0.921708 -0.274275 0.545015 0.19392 -0.815692 0.513756 0.38054 -0.768924 0.653906 0.380545 -0.653906 0.693684 0.193923 -0.693684 0.111639 -0.979601 -0.167092 0.215497 -0.921714 -0.322498 0.274275 -0.921708 -0.274275 0.142097 -0.979601 -0.142097 0.555573 0 -0.831468 0.545015 0.19392 -0.815692 0.693684 0.193923 -0.693684 0.707107 0 -0.707107 0.111639 0.979601 -0.167092 0 1 -0 0.142097 0.979601 -0.142097 0 -1 -0 0.111639 -0.979601 -0.167092 0.142097 -0.979601 -0.142097 0.545015 -0.19392 -0.815692 0.555573 0 -0.831468 0.707107 0 -0.707107 0.693684 -0.193923 -0.693684 0.215497 0.921714 -0.322498 0.111639 0.979601 -0.167092 0.142097 0.979601 -0.142097 0.274275 0.921708 -0.274275 0.513756 -0.38054 -0.768924 0.545015 -0.19392 -0.815692 0.693684 -0.193923 -0.693684 0.653906 -0.380545 -0.653906 0.693684 0.193923 -0.693684 0.653906 0.380545 -0.653906 0.768924 0.38054 -0.513756 0.815692 0.19392 -0.545015 0.142097 -0.979601 -0.142097 0.274275 -0.921708 -0.274275 0.322498 -0.921714 -0.215497 0.167092 -0.979601 -0.111639 0.707107 0 -0.707107 0.693684 0.193923 -0.693684 0.815692 0.19392 -0.545015 0.831468 0 -0.555573 0.142097 0.979601 -0.142097 0 1 -0 0.167092 0.979601 -0.111639 0 -1 -0 0.142097 -0.979601 -0.142097 0.167092 -0.979601 -0.111639 0.693684 -0.193923 -0.693684 0.707107 0 -0.707107 0.831468 0 -0.555573 0.815692 -0.19392 -0.545015 0.274275 0.921708 -0.274275 0.142097 0.979601 -0.142097 0.167092 0.979601 -0.111639 0.322498 0.921714 -0.215497 0.653906 -0.380545 -0.653906 0.693684 -0.193923 -0.693684 0.815692 -0.19392 -0.545015 0.768924 -0.38054 -0.513756 0.395805 0.82866 -0.395805 0.274275 0.921708 -0.274275 0.322498 0.921714 -0.215497 0.465417 0.828657 -0.31099 0.589261 -0.55276 -0.589261 0.653906 -0.380545 -0.653906 0.768924 -0.38054 -0.513756 0.692902 -0.552759 -0.462972 0.502143 0.704063 -0.502143 0.395805 0.82866 -0.395805 0.465417 0.828657 -0.31099 0.590465 0.704059 -0.394528 0.502143 -0.704063 -0.502143 0.589261 -0.55276 -0.589261 0.692902 -0.552759 -0.462972 0.590465 -0.704059 -0.394528 0.589261 0.55276 -0.589261 0.502143 0.704063 -0.502143 0.590465 0.704059 -0.394528 0.692902 0.552759 -0.462972 0.395805 -0.82866 -0.395805 0.502143 -0.704063 -0.502143 0.590465 -0.704059 -0.394528 0.465417 -0.828657 -0.31099 0.653906 0.380545 -0.653906 0.589261 0.55276 -0.589261 0.692902 0.552759 -0.462972 0.768924 0.38054 -0.513756 0.274275 -0.921708 -0.274275 0.395805 -0.82866 -0.395805 0.465417 -0.828657 -0.31099 0.322498 -0.921714 -0.215497 0.692902 -0.552759 -0.462972 0.768924 -0.38054 -0.513756 0.85438 -0.380542 -0.353868 0.769908 -0.552764 -0.318895 0.590465 0.704059 -0.394528 0.465417 0.828657 -0.31099 0.517147 0.828656 -0.214214 0.656086 0.704063 -0.271749 0.590465 -0.704059 -0.394528 0.692902 -0.552759 -0.462972 0.769908 -0.552764 -0.318895 0.656086 -0.704063 -0.271749 0.692902 0.552759 -0.462972 0.590465 0.704059 -0.394528 0.656086 0.704063 -0.271749 0.769908 0.552764 -0.318895 0.465417 -0.828657 -0.31099 0.590465 -0.704059 -0.394528 0.656086 -0.704063 -0.271749 0.517147 -0.828656 -0.214214 0.768924 0.38054 -0.513756 0.692902 0.552759 -0.462972 0.769908 0.552764 -0.318895 0.85438 0.380542 -0.353868 0.322498 -0.921714 -0.215497 0.465417 -0.828657 -0.31099 0.517147 -0.828656 -0.214214 0.358357 -0.921712 -0.148415 0.815692 0.19392 -0.545015 0.768924 0.38054 -0.513756 0.85438 0.380542 -0.353868 0.906346 0.193916 -0.375411 0.167092 -0.979601 -0.111639 0.322498 -0.921714 -0.215497 0.358357 -0.921712 -0.148415 0.185648 -0.979602 -0.0769081 0.831468 0 -0.555573 0.815692 0.19392 -0.545015 0.906346 0.193916 -0.375411 0.92388 0 -0.382682 0.167092 0.979601 -0.111639 0 1 -0 0.185648 0.979602 -0.0769081 0 -1 -0 0.167092 -0.979601 -0.111639 0.185648 -0.979602 -0.0769081 0.815692 -0.19392 -0.545015 0.831468 0 -0.555573 0.92388 0 -0.382682 0.906346 -0.193916 -0.375411 0.322498 0.921714 -0.215497 0.167092 0.979601 -0.111639 0.185648 0.979602 -0.0769081 0.358357 0.921712 -0.148415 0.768924 -0.38054 -0.513756 0.815692 -0.19392 -0.545015 0.906346 -0.193916 -0.375411 0.85438 -0.380542 -0.353868 0.465417 0.828657 -0.31099 0.322498 0.921714 -0.215497 0.358357 0.921712 -0.148415 0.517147 0.828656 -0.214214 0.185648 -0.979602 -0.0769081 0.358357 -0.921712 -0.148415 0.380423 -0.921713 -0.0756573 0.197092 -0.979602 -0.0391865 0.92388 0 -0.382682 0.906346 0.193916 -0.375411 0.962169 0.193917 -0.191384 0.980788 0 -0.195077 0.185648 0.979602 -0.0769081 0 1 -0 0.197092 0.979602 -0.0391865 0 -1 -0 0.185648 -0.979602 -0.0769081 0.197092 -0.979602 -0.0391865 0.906346 -0.193916 -0.375411 0.92388 0 -0.382682 0.980788 0 -0.195077 0.962169 -0.193917 -0.191384 0.358357 0.921712 -0.148415 0.185648 0.979602 -0.0769081 0.197092 0.979602 -0.0391865 0.380423 0.921713 -0.0756573 0.85438 -0.380542 -0.353868 0.906346 -0.193916 -0.375411 0.962169 -0.193917 -0.191384 0.906997 -0.380543 -0.180398 0.517147 0.828656 -0.214214 0.358357 0.921712 -0.148415 0.380423 0.921713 -0.0756573 0.549007 0.828654 -0.109197 0.769908 -0.552764 -0.318895 0.85438 -0.380542 -0.353868 0.906997 -0.380543 -0.180398 0.817329 -0.55276 -0.162575 0.656086 0.704063 -0.271749 0.517147 0.828656 -0.214214 0.549007 0.828654 -0.109197 0.69651 0.704048 -0.138527 0.656086 -0.704063 -0.271749 0.769908 -0.552764 -0.318895 0.817329 -0.55276 -0.162575 0.69651 -0.704048 -0.138527 0.769908 0.552764 -0.318895 0.656086 0.704063 -0.271749 0.69651 0.704048 -0.138527 0.817329 0.55276 -0.162575 0.517147 -0.828656 -0.214214 0.656086 -0.704063 -0.271749 0.69651 -0.704048 -0.138527 0.549007 -0.828654 -0.109197 0.85438 0.380542 -0.353868 0.769908 0.552764 -0.318895 0.817329 0.55276 -0.162575 0.906997 0.380543 -0.180398 0.358357 -0.921712 -0.148415 0.517147 -0.828656 -0.214214 0.549007 -0.828654 -0.109197 0.380423 -0.921713 -0.0756573 0.906346 0.193916 -0.375411 0.85438 0.380542 -0.353868 0.906997 0.380543 -0.180398 0.962169 0.193917 -0.191384 0.69651 0.704048 -0.138527 0.549007 0.828654 -0.109197 0.559775 0.828645 -0 0.710152 0.704048 -0 0.69651 -0.704048 -0.138527 0.817329 -0.55276 -0.162575 0.833344 -0.552755 -0 0.710152 -0.704048 -0 0.817329 0.55276 -0.162575 0.69651 0.704048 -0.138527 0.710152 0.704048 -0 0.833344 0.552755 -0 0.549007 -0.828654 -0.109197 0.69651 -0.704048 -0.138527 0.710152 -0.704048 -0 0.559775 -0.828645 -0 0.906997 0.380543 -0.180398 0.817329 0.55276 -0.162575 0.833344 0.552755 -0 0.924763 0.380544 -0 0.380423 -0.921713 -0.0756573 0.549007 -0.828654 -0.109197 0.559775 -0.828645 -0 0.38787 -0.921714 -0 0.962169 0.193917 -0.191384 0.906997 0.380543 -0.180398 0.924763 0.380544 -0 0.981017 0.193921 -0 0.197092 -0.979602 -0.0391865 0.380423 -0.921713 -0.0756573 0.38787 -0.921714 -0 0.200967 -0.979598 -0 0.980788 0 -0.195077 0.962169 0.193917 -0.191384 0.981017 0.193921 -0 1 0 -0 0.197092 0.979602 -0.0391865 0 1 -0 0.200967 0.979598 -0 0 -1 -0 0.197092 -0.979602 -0.0391865 0.200967 -0.979598 -0 0.962169 -0.193917 -0.191384 0.980788 0 -0.195077 1 0 -0 0.981017 -0.193921 -0 0.380423 0.921713 -0.0756573 0.197092 0.979602 -0.0391865 0.200967 0.979598 -0 0.38787 0.921714 -0 0.906997 -0.380543 -0.180398 0.962169 -0.193917 -0.191384 0.981017 -0.193921 -0 0.924763 -0.380544 -0 0.549007 0.828654 -0.109197 0.380423 0.921713 -0.0756573 0.38787 0.921714 -0 0.559775 0.828645 -0 0.817329 -0.55276 -0.162575 0.906997 -0.380543 -0.180398 0.924763 -0.380544 -0 0.833344 -0.552755 -0 1 0 -0 0.981017 0.193921 -0 0.962169 0.193917 0.191384 0.980788 0 0.195077 0.200967 0.979598 -0 0 1 -0 0.197092 0.979602 0.0391865 0 -1 -0 0.200967 -0.979598 -0 0.197092 -0.979602 0.0391865 0.981017 -0.193921 -0 1 0 -0 0.980788 0 0.195077 0.962169 -0.193917 0.191384 0.38787 0.921714 -0 0.200967 0.979598 -0 0.197092 0.979602 0.0391865 0.380423 0.921713 0.0756573 0.924763 -0.380544 -0 0.981017 -0.193921 -0 0.962169 -0.193917 0.191384 0.906997 -0.380543 0.180398 0.559775 0.828645 -0 0.38787 0.921714 -0 0.380423 0.921713 0.0756573 0.549007 0.828654 0.109197 0.833344 -0.552755 -0 0.924763 -0.380544 -0 0.906997 -0.380543 0.180398 0.817329 -0.55276 0.162575 0.710152 0.704048 -0 0.559775 0.828645 -0 0.549007 0.828654 0.109197 0.69651 0.704048 0.138527 0.710152 -0.704048 -0 0.833344 -0.552755 -0 0.817329 -0.55276 0.162575 0.69651 -0.704048 0.138527 0.833344 0.552755 -0 0.710152 0.704048 -0 0.69651 0.704048 0.138527 0.817329 0.55276 0.162575 0.559775 -0.828645 -0 0.710152 -0.704048 -0 0.69651 -0.704048 0.138527 0.549007 -0.828654 0.109197 0.924763 0.380544 -0 0.833344 0.552755 -0 0.817329 0.55276 0.162575 0.906997 0.380543 0.180398 0.38787 -0.921714 -0 0.559775 -0.828645 -0 0.549007 -0.828654 0.109197 0.380423 -0.921713 0.0756573 0.981017 0.193921 -0 0.924763 0.380544 -0 0.906997 0.380543 0.180398 0.962169 0.193917 0.191384 0.200967 -0.979598 -0 0.38787 -0.921714 -0 0.380423 -0.921713 0.0756573 0.197092 -0.979602 0.0391865 0.69651 -0.704048 0.138527 0.817329 -0.55276 0.162575 0.769908 -0.552764 0.318895 0.656086 -0.704063 0.271749 0.817329 0.55276 0.162575 0.69651 0.704048 0.138527 0.656086 0.704063 0.271749 0.769908 0.552764 0.318895 0.549007 -0.828654 0.109197 0.69651 -0.704048 0.138527 0.656086 -0.704063 0.271749 0.517147 -0.828656 0.214214 0.906997 0.380543 0.180398 0.817329 0.55276 0.162575 0.769908 0.552764 0.318895 0.85438 0.380542 0.353868 0.380423 -0.921713 0.0756573 0.549007 -0.828654 0.109197 0.517147 -0.828656 0.214214 0.358357 -0.921712 0.148415 0.962169 0.193917 0.191384 0.906997 0.380543 0.180398 0.85438 0.380542 0.353868 0.906346 0.193916 0.375411 0.197092 -0.979602 0.0391865 0.380423 -0.921713 0.0756573 0.358357 -0.921712 0.148415 0.185648 -0.979602 0.0769081 0.980788 0 0.195077 0.962169 0.193917 0.191384 0.906346 0.193916 0.375411 0.92388 0 0.382682 0.197092 0.979602 0.0391865 0 1 -0 0.185648 0.979602 0.0769081 0 -1 -0 0.197092 -0.979602 0.0391865 0.185648 -0.979602 0.0769081 0.962169 -0.193917 0.191384 0.980788 0 0.195077 0.92388 0 0.382682 0.906346 -0.193916 0.375411 0.380423 0.921713 0.0756573 0.197092 0.979602 0.0391865 0.185648 0.979602 0.0769081 0.358357 0.921712 0.148415 0.906997 -0.380543 0.180398 0.962169 -0.193917 0.191384 0.906346 -0.193916 0.375411 0.85438 -0.380542 0.353868 0.549007 0.828654 0.109197 0.380423 0.921713 0.0756573 0.358357 0.921712 0.148415 0.517147 0.828656 0.214214 0.817329 -0.55276 0.162575 0.906997 -0.380543 0.180398 0.85438 -0.380542 0.353868 0.769908 -0.552764 0.318895 0.69651 0.704048 0.138527 0.549007 0.828654 0.109197 0.517147 0.828656 0.214214 0.656086 0.704063 0.271749 0 -1 -0 0.185648 -0.979602 0.0769081 0.167092 -0.979601 0.111639 0.906346 -0.193916 0.375411 0.92388 0 0.382682 0.831468 0 0.555573 0.815692 -0.19392 0.545015 0.358357 0.921712 0.148415 0.185648 0.979602 0.0769081 0.167092 0.979601 0.111639 0.322498 0.921714 0.215497 0.85438 -0.380542 0.353868 0.906346 -0.193916 0.375411 0.815692 -0.19392 0.545015 0.768924 -0.38054 0.513756 0.517147 0.828656 0.214214 0.358357 0.921712 0.148415 0.322498 0.921714 0.215497 0.465417 0.828657 0.31099 0.769908 -0.552764 0.318895 0.85438 -0.380542 0.353868 0.768924 -0.38054 0.513756 0.692902 -0.552759 0.462972 0.656086 0.704063 0.271749 0.517147 0.828656 0.214214 0.465417 0.828657 0.31099 0.590465 0.704059 0.394528 0.656086 -0.704063 0.271749 0.769908 -0.552764 0.318895 0.692902 -0.552759 0.462972 0.590465 -0.704059 0.394528 0.769908 0.552764 0.318895 0.656086 0.704063 0.271749 0.590465 0.704059 0.394528 0.692902 0.552759 0.462972 0.517147 -0.828656 0.214214 0.656086 -0.704063 0.271749 0.590465 -0.704059 0.394528 0.465417 -0.828657 0.31099 0.85438 0.380542 0.353868 0.769908 0.552764 0.318895 0.692902 0.552759 0.462972 0.768924 0.38054 0.513756 0.358357 -0.921712 0.148415 0.517147 -0.828656 0.214214 0.465417 -0.828657 0.31099 0.322498 -0.921714 0.215497 0.906346 0.193916 0.375411 0.85438 0.380542 0.353868 0.768924 0.38054 0.513756 0.815692 0.19392 0.545015 0.185648 -0.979602 0.0769081 0.358357 -0.921712 0.148415 0.322498 -0.921714 0.215497 0.167092 -0.979601 0.111639 0.92388 0 0.382682 0.906346 0.193916 0.375411 0.815692 0.19392 0.545015 0.831468 0 0.555573 0.185648 0.979602 0.0769081 0 1 -0 0.167092 0.979601 0.111639 0.465417 -0.828657 0.31099 0.590465 -0.704059 0.394528 0.502143 -0.704063 0.502143 0.395805 -0.82866 0.395805 0.768924 0.38054 0.513756 0.692902 0.552759 0.462972 0.589261 0.55276 0.589261 0.653906 0.380545 0.653906 0.322498 -0.921714 0.215497 0.465417 -0.828657 0.31099 0.395805 -0.82866 0.395805 0.274275 -0.921708 0.274275 0.815692 0.19392 0.545015 0.768924 0.38054 0.513756 0.653906 0.380545 0.653906 0.693684 0.193923 0.693684 0.167092 -0.979601 0.111639 0.322498 -0.921714 0.215497 0.274275 -0.921708 0.274275 0.142097 -0.979601 0.142097 0.831468 0 0.555573 0.815692 0.19392 0.545015 0.693684 0.193923 0.693684 0.707107 0 0.707107 0.167092 0.979601 0.111639 0 1 -0 0.142097 0.979601 0.142097 0 -1 -0 0.167092 -0.979601 0.111639 0.142097 -0.979601 0.142097 0.815692 -0.19392 0.545015 0.831468 0 0.555573 0.707107 0 0.707107 0.693684 -0.193923 0.693684 0.322498 0.921714 0.215497 0.167092 0.979601 0.111639 0.142097 0.979601 0.142097 0.274275 0.921708 0.274275 0.768924 -0.38054 0.513756 0.815692 -0.19392 0.545015 0.693684 -0.193923 0.693684 0.653906 -0.380545 0.653906 0.465417 0.828657 0.31099 0.322498 0.921714 0.215497 0.274275 0.921708 0.274275 0.395805 0.82866 0.395805 0.692902 -0.552759 0.462972 0.768924 -0.38054 0.513756 0.653906 -0.380545 0.653906 0.589261 -0.55276 0.589261 0.590465 0.704059 0.394528 0.465417 0.828657 0.31099 0.395805 0.82866 0.395805 0.502143 0.704063 0.502143 0.590465 -0.704059 0.394528 0.692902 -0.552759 0.462972 0.589261 -0.55276 0.589261 0.502143 -0.704063 0.502143 0.692902 0.552759 0.462972 0.590465 0.704059 0.394528 0.502143 0.704063 0.502143 0.589261 0.55276 0.589261 0.274275 0.921708 0.274275 0.142097 0.979601 0.142097 0.111639 0.979601 0.167092 0.215497 0.921714 0.322498 0.653906 -0.380545 0.653906 0.693684 -0.193923 0.693684 0.545015 -0.19392 0.815692 0.513756 -0.38054 0.768924 0.395805 0.82866 0.395805 0.274275 0.921708 0.274275 0.215497 0.921714 0.322498 0.31099 0.828657 0.465417 0.589261 -0.55276 0.589261 0.653906 -0.380545 0.653906 0.513756 -0.38054 0.768924 0.462972 -0.552759 0.692902 0.502143 0.704063 0.502143 0.395805 0.82866 0.395805 0.31099 0.828657 0.465417 0.394528 0.704059 0.590465 0.502143 -0.704063 0.502143 0.589261 -0.55276 0.589261 0.462972 -0.552759 0.692902 0.394528 -0.704059 0.590465 0.589261 0.55276 0.589261 0.502143 0.704063 0.502143 0.394528 0.704059 0.590465 0.462972 0.552759 0.692902 0.395805 -0.82866 0.395805 0.502143 -0.704063 0.502143 0.394528 -0.704059 0.590465 0.31099 -0.828657 0.465417 0.653906 0.380545 0.653906 0.589261 0.55276 0.589261 0.462972 0.552759 0.692902 0.513756 0.38054 0.768924 0.274275 -0.921708 0.274275 0.395805 -0.82866 0.395805 0.31099 -0.828657 0.465417 0.215497 -0.921714 0.322498 0.693684 0.193923 0.693684 0.653906 0.380545 0.653906 0.513756 0.38054 0.768924 0.545015 0.19392 0.815692 0.142097 -0.979601 0.142097 0.274275 -0.921708 0.274275 0.215497 -0.921714 0.322498 0.111639 -0.979601 0.167092 0.707107 0 0.707107 0.693684 0.193923 0.693684 0.545015 0.19392 0.815692 0.555573 0 0.831468 0.142097 0.979601 0.142097 0 1 -0 0.111639 0.979601 0.167092 0 -1 -0 0.142097 -0.979601 0.142097 0.111639 -0.979601 0.167092 0.693684 -0.193923 0.693684 0.707107 0 0.707107 0.555573 0 0.831468 0.545015 -0.19392 0.815692 0.513756 0.38054 0.768924 0.462972 0.552759 0.692902 0.318895 0.552764 0.769908 0.353868 0.380542 0.85438 0.215497 -0.921714 0.322498 0.31099 -0.828657 0.465417 0.214214 -0.828656 0.517147 0.148415 -0.921712 0.358357 0.545015 0.19392 0.815692 0.513756 0.38054 0.768924 0.353868 0.380542 0.85438 0.375411 0.193916 0.906346 0.111639 -0.979601 0.167092 0.215497 -0.921714 0.322498 0.148415 -0.921712 0.358357 0.0769081 -0.979602 0.185648 0.555573 0 0.831468 0.545015 0.19392 0.815692 0.375411 0.193916 0.906346 0.382682 0 0.92388 0.111639 0.979601 0.167092 0 1 -0 0.0768778 0.979604 0.185648 0 -1 -0 0.111639 -0.979601 0.167092 0.0769081 -0.979602 0.185648 0.545015 -0.19392 0.815692 0.555573 0 0.831468 0.382682 0 0.92388 0.375411 -0.193916 0.906346 0.215497 0.921714 0.322498 0.111639 0.979601 0.167092 0.0768778 0.979604 0.185648 0.148415 0.921712 0.358357 0.513756 -0.38054 0.768924 0.545015 -0.19392 0.815692 0.375411 -0.193916 0.906346 0.353868 -0.380542 0.85438 0.31099 0.828657 0.465417 0.215497 0.921714 0.322498 0.148415 0.921712 0.358357 0.214214 0.828656 0.517147 0.462972 -0.552759 0.692902 0.513756 -0.38054 0.768924 0.353868 -0.380542 0.85438 0.318895 -0.552764 0.769908 0.394528 0.704059 0.590465 0.31099 0.828657 0.465417 0.214214 0.828656 0.517147 0.271749 0.704063 0.656086 0.394528 -0.704059 0.590465 0.462972 -0.552759 0.692902 0.318895 -0.552764 0.769908 0.271749 -0.704063 0.656086 0.462972 0.552759 0.692902 0.394528 0.704059 0.590465 0.271749 0.704063 0.656086 0.318895 0.552764 0.769908 0.31099 -0.828657 0.465417 0.394528 -0.704059 0.590465 0.271749 -0.704063 0.656086 0.214214 -0.828656 0.517147 0.353868 -0.380542 0.85438 0.375411 -0.193916 0.906346 0.191384 -0.193917 0.962169 0.180398 -0.380543 0.906997 0.214214 0.828656 0.517147 0.148415 0.921712 0.358357 0.0756573 0.921713 0.380423 0.109197 0.828654 0.549007 0.318895 -0.552764 0.769908 0.353868 -0.380542 0.85438 0.180398 -0.380543 0.906997 0.162575 -0.55276 0.817329 0.271749 0.704063 0.656086 0.214214 0.828656 0.517147 0.109197 0.828654 0.549007 0.138527 0.704048 0.69651 0.271749 -0.704063 0.656086 0.318895 -0.552764 0.769908 0.162575 -0.55276 0.817329 0.138527 -0.704048 0.69651 0.318895 0.552764 0.769908 0.271749 0.704063 0.656086 0.138527 0.704048 0.69651 0.162575 0.55276 0.817329 0.214214 -0.828656 0.517147 0.271749 -0.704063 0.656086 0.138527 -0.704048 0.69651 0.109197 -0.828654 0.549007 0.353868 0.380542 0.85438 0.318895 0.552764 0.769908 0.162575 0.55276 0.817329 0.180398 0.380543 0.906997 0.148415 -0.921712 0.358357 0.214214 -0.828656 0.517147 0.109197 -0.828654 0.549007 0.0756573 -0.921713 0.380423 0.375411 0.193916 0.906346 0.353868 0.380542 0.85438 0.180398 0.380543 0.906997 0.191384 0.193917 0.962169 0.0769081 -0.979602 0.185648 0.148415 -0.921712 0.358357 0.0756573 -0.921713 0.380423 0.0391865 -0.979602 0.197092 0.382682 0 0.92388 0.375411 0.193916 0.906346 0.191384 0.193917 0.962169 0.195077 0 0.980788 0.0768778 0.979604 0.185648 0 1 -0 0.0391865 0.979602 0.197092 0 -1 -0 0.0769081 -0.979602 0.185648 0.0391865 -0.979602 0.197092 0.375411 -0.193916 0.906346 0.382682 0 0.92388 0.195077 0 0.980788 0.191384 -0.193917 0.962169 0.148415 0.921712 0.358357 0.0768778 0.979604 0.185648 0.0391865 0.979602 0.197092 0.0756573 0.921713 0.380423 0.0756573 -0.921713 0.380423 0.109197 -0.828654 0.549007 0 -0.828645 0.559775 0 -0.921714 0.38787 0.191384 0.193917 0.962169 0.180398 0.380543 0.906997 0 0.380544 0.924763 0 0.193921 0.981017 0.0391865 -0.979602 0.197092 0.0756573 -0.921713 0.380423 0 -0.921714 0.38787 0 -0.979598 0.200967 0.195077 0 0.980788 0.191384 0.193917 0.962169 0 0.193921 0.981017 0 0 1 0.0391865 0.979602 0.197092 0 1 -0 0 0.979598 0.200967 0 -1 -0 0.0391865 -0.979602 0.197092 0 -0.979598 0.200967 0.191384 -0.193917 0.962169 0.195077 0 0.980788 0 0 1 0 -0.193921 0.981017 0.0756573 0.921713 0.380423 0.0391865 0.979602 0.197092 0 0.979598 0.200967 0 0.921714 0.38787 0.180398 -0.380543 0.906997 0.191384 -0.193917 0.962169 0 -0.193921 0.981017 0 -0.380544 0.924763 0.109197 0.828654 0.549007 0.0756573 0.921713 0.380423 0 0.921714 0.38787 0 0.828645 0.559775 0.162575 -0.55276 0.817329 0.180398 -0.380543 0.906997 0 -0.380544 0.924763 0 -0.552755 0.833344 0.138527 0.704048 0.69651 0.109197 0.828654 0.549007 0 0.828645 0.559775 0 0.704048 0.710152 0.138527 -0.704048 0.69651 0.162575 -0.55276 0.817329 0 -0.552755 0.833344 0 -0.704048 0.710152 0.162575 0.55276 0.817329 0.138527 0.704048 0.69651 0 0.704048 0.710152 0 0.552755 0.833344 0.109197 -0.828654 0.549007 0.138527 -0.704048 0.69651 0 -0.704048 0.710152 0 -0.828645 0.559775 0.180398 0.380543 0.906997 0.162575 0.55276 0.817329 0 0.552755 0.833344 0 0.380544 0.924763 0 0.828645 0.559775 0 0.921714 0.38787 -0.0756573 0.921713 0.380423 -0.109197 0.828654 0.549007 0 -0.552755 0.833344 0 -0.380544 0.924763 -0.180398 -0.380543 0.906997 -0.162575 -0.55276 0.817329 0 0.704048 0.710152 0 0.828645 0.559775 -0.109197 0.828654 0.549007 -0.138527 0.704048 0.69651 0 -0.704048 0.710152 0 -0.552755 0.833344 -0.162575 -0.55276 0.817329 -0.138527 -0.704048 0.69651 0 0.552755 0.833344 0 0.704048 0.710152 -0.138527 0.704048 0.69651 -0.162575 0.55276 0.817329 0 -0.828645 0.559775 0 -0.704048 0.710152 -0.138527 -0.704048 0.69651 -0.109197 -0.828654 0.549007 0 0.380544 0.924763 0 0.552755 0.833344 -0.162575 0.55276 0.817329 -0.180398 0.380543 0.906997 0 -0.921714 0.38787 0 -0.828645 0.559775 -0.109197 -0.828654 0.549007 -0.0756573 -0.921713 0.380423 0 0.193921 0.981017 0 0.380544 0.924763 -0.180398 0.380543 0.906997 -0.191384 0.193917 0.962169 0 -0.979598 0.200967 0 -0.921714 0.38787 -0.0756573 -0.921713 0.380423 -0.0391865 -0.979602 0.197092 0 0 1 0 0.193921 0.981017 -0.191384 0.193917 0.962169 -0.195077 0 0.980788 0 0.979598 0.200967 0 1 -0 -0.0391865 0.979602 0.197092 0 -1 -0 0 -0.979598 0.200967 -0.0391865 -0.979602 0.197092 0 -0.193921 0.981017 0 0 1 -0.195077 0 0.980788 -0.191384 -0.193917 0.962169 0 0.921714 0.38787 0 0.979598 0.200967 -0.0391865 0.979602 0.197092 -0.0756573 0.921713 0.380423 0 -0.380544 0.924763 0 -0.193921 0.981017 -0.191384 -0.193917 0.962169 -0.180398 -0.380543 0.906997 -0.191384 0.193917 0.962169 -0.180398 0.380543 0.906997 -0.353895 0.380538 0.854371 -0.375411 0.193916 0.906346 -0.0391865 -0.979602 0.197092 -0.0756573 -0.921713 0.380423 -0.148415 -0.921712 0.358357 -0.0769081 -0.979602 0.185648 -0.195077 0 0.980788 -0.191384 0.193917 0.962169 -0.375411 0.193916 0.906346 -0.382682 0 0.92388 -0.0391865 0.979602 0.197092 0 1 -0 -0.0768778 0.979604 0.185648 0 -1 -0 -0.0391865 -0.979602 0.197092 -0.0769081 -0.979602 0.185648 -0.191384 -0.193917 0.962169 -0.195077 0 0.980788 -0.382682 0 0.92388 -0.375411 -0.193916 0.906346 -0.0756573 0.921713 0.380423 -0.0391865 0.979602 0.197092 -0.0768778 0.979604 0.185648 -0.148415 0.921712 0.358357 -0.180398 -0.380543 0.906997 -0.191384 -0.193917 0.962169 -0.375411 -0.193916 0.906346 -0.353868 -0.380542 0.85438 -0.109197 0.828654 0.549007 -0.0756573 0.921713 0.380423 -0.148415 0.921712 0.358357 -0.214214 0.828656 0.517147 -0.162575 -0.55276 0.817329 -0.180398 -0.380543 0.906997 -0.353868 -0.380542 0.85438 -0.318895 -0.552764 0.769908 -0.138527 0.704048 0.69651 -0.109197 0.828654 0.549007 -0.214214 0.828656 0.517147 -0.271749 0.704063 0.656086 -0.138527 -0.704048 0.69651 -0.162575 -0.55276 0.817329 -0.318895 -0.552764 0.769908 -0.271749 -0.704063 0.656086 -0.162575 0.55276 0.817329 -0.138527 0.704048 0.69651 -0.271749 0.704063 0.656086 -0.318895 0.552764 0.769908 -0.109197 -0.828654 0.549007 -0.138527 -0.704048 0.69651 -0.271749 -0.704063 0.656086 -0.214214 -0.828656 0.517147 -0.180398 0.380543 0.906997 -0.162575 0.55276 0.817329 -0.318895 0.552764 0.769908 -0.353895 0.380538 0.854371 -0.0756573 -0.921713 0.380423 -0.109197 -0.828654 0.549007 -0.214214 -0.828656 0.517147 -0.148415 -0.921712 0.358357 -0.318895 -0.552764 0.769908 -0.353868 -0.380542 0.85438 -0.513756 -0.38054 0.768924 -0.462972 -0.552759 0.692902 -0.271749 0.704063 0.656086 -0.214214 0.828656 0.517147 -0.31099 0.828657 0.465417 -0.394528 0.704059 0.590465 -0.271749 -0.704063 0.656086 -0.318895 -0.552764 0.769908 -0.462972 -0.552759 0.692902 -0.394528 -0.704059 0.590465 -0.318895 0.552764 0.769908 -0.271749 0.704063 0.656086 -0.394528 0.704059 0.590465 -0.462972 0.552759 0.692902 -0.214214 -0.828656 0.517147 -0.271749 -0.704063 0.656086 -0.394528 -0.704059 0.590465 -0.31099 -0.828657 0.465417 -0.353895 0.380538 0.854371 -0.318895 0.552764 0.769908 -0.462972 0.552759 0.692902 -0.513756 0.38054 0.768924 -0.148415 -0.921712 0.358357 -0.214214 -0.828656 0.517147 -0.31099 -0.828657 0.465417 -0.215497 -0.921714 0.322498 -0.375411 0.193916 0.906346 -0.353895 0.380538 0.854371 -0.513756 0.38054 0.768924 -0.545015 0.19392 0.815692 -0.0769081 -0.979602 0.185648 -0.148415 -0.921712 0.358357 -0.215497 -0.921714 0.322498 -0.111639 -0.979601 0.167092 -0.382682 0 0.92388 -0.375411 0.193916 0.906346 -0.545015 0.19392 0.815692 -0.555573 0 0.831468 -0.0768778 0.979604 0.185648 0 1 -0 -0.111639 0.979601 0.167092 0 -1 -0 -0.0769081 -0.979602 0.185648 -0.111639 -0.979601 0.167092 -0.375411 -0.193916 0.906346 -0.382682 0 0.92388 -0.555573 0 0.831468 -0.545015 -0.19392 0.815692 -0.148415 0.921712 0.358357 -0.0768778 0.979604 0.185648 -0.111639 0.979601 0.167092 -0.215497 0.921714 0.322498 -0.353868 -0.380542 0.85438 -0.375411 -0.193916 0.906346 -0.545015 -0.19392 0.815692 -0.513756 -0.38054 0.768924 -0.214214 0.828656 0.517147 -0.148415 0.921712 0.358357 -0.215497 0.921714 0.322498 -0.31099 0.828657 0.465417 -0.111639 -0.979601 0.167092 -0.215497 -0.921714 0.322498 -0.274275 -0.921708 0.274275 -0.142097 -0.979601 0.142097 -0.555573 0 0.831468 -0.545015 0.19392 0.815692 -0.693684 0.193923 0.693684 -0.707107 0 0.707107 -0.111639 0.979601 0.167092 0 1 -0 -0.142097 0.979601 0.142097 0 -1 -0 -0.111639 -0.979601 0.167092 -0.142097 -0.979601 0.142097 -0.545015 -0.19392 0.815692 -0.555573 0 0.831468 -0.707107 0 0.707107 -0.693684 -0.193923 0.693684 -0.215497 0.921714 0.322498 -0.111639 0.979601 0.167092 -0.142097 0.979601 0.142097 -0.274275 0.921708 0.274275 -0.513756 -0.38054 0.768924 -0.545015 -0.19392 0.815692 -0.693684 -0.193923 0.693684 -0.653906 -0.380545 0.653906 -0.31099 0.828657 0.465417 -0.215497 0.921714 0.322498 -0.274275 0.921708 0.274275 -0.395805 0.82866 0.395805 -0.462972 -0.552759 0.692902 -0.513756 -0.38054 0.768924 -0.653906 -0.380545 0.653906 -0.589261 -0.55276 0.589261 -0.394528 0.704059 0.590465 -0.31099 0.828657 0.465417 -0.395805 0.82866 0.395805 -0.502143 0.704063 0.502143 -0.394528 -0.704059 0.590465 -0.462972 -0.552759 0.692902 -0.589261 -0.55276 0.589261 -0.502143 -0.704063 0.502143 -0.462972 0.552759 0.692902 -0.394528 0.704059 0.590465 -0.502143 0.704063 0.502143 -0.589261 0.55276 0.589261 -0.31099 -0.828657 0.465417 -0.394528 -0.704059 0.590465 -0.502143 -0.704063 0.502143 -0.395805 -0.82866 0.395805 -0.513756 0.38054 0.768924 -0.462972 0.552759 0.692902 -0.589261 0.55276 0.589261 -0.653906 0.380545 0.653906 -0.215497 -0.921714 0.322498 -0.31099 -0.828657 0.465417 -0.395805 -0.82866 0.395805 -0.274275 -0.921708 0.274275 -0.545015 0.19392 0.815692 -0.513756 0.38054 0.768924 -0.653906 0.380545 0.653906 -0.693684 0.193923 0.693684 -0.502143 -0.704063 0.502143 -0.589261 -0.55276 0.589261 -0.692902 -0.552759 0.462972 -0.590465 -0.704059 0.394528 -0.589261 0.55276 0.589261 -0.502143 0.704063 0.502143 -0.590465 0.704059 0.394528 -0.692902 0.552759 0.462972 -0.395805 -0.82866 0.395805 -0.502143 -0.704063 0.502143 -0.590465 -0.704059 0.394528 -0.465417 -0.828657 0.31099 -0.653906 0.380545 0.653906 -0.589261 0.55276 0.589261 -0.692902 0.552759 0.462972 -0.768924 0.38054 0.513756 -0.274275 -0.921708 0.274275 -0.395805 -0.82866 0.395805 -0.465417 -0.828657 0.31099 -0.322498 -0.921714 0.215497 -0.693684 0.193923 0.693684 -0.653906 0.380545 0.653906 -0.768924 0.38054 0.513756 -0.815692 0.19392 0.545015 -0.142097 -0.979601 0.142097 -0.274275 -0.921708 0.274275 -0.322498 -0.921714 0.215497 -0.167092 -0.979601 0.111639 -0.707107 0 0.707107 -0.693684 0.193923 0.693684 -0.815692 0.19392 0.545015 -0.831468 0 0.555573 -0.142097 0.979601 0.142097 0 1 -0 -0.167092 0.979601 0.111639 0 -1 -0 -0.142097 -0.979601 0.142097 -0.167092 -0.979601 0.111639 -0.693684 -0.193923 0.693684 -0.707107 0 0.707107 -0.831468 0 0.555573 -0.815692 -0.19392 0.545015 -0.274275 0.921708 0.274275 -0.142097 0.979601 0.142097 -0.167092 0.979601 0.111639 -0.322498 0.921714 0.215497 -0.653906 -0.380545 0.653906 -0.693684 -0.193923 0.693684 -0.815692 -0.19392 0.545015 -0.768924 -0.38054 0.513756 -0.395805 0.82866 0.395805 -0.274275 0.921708 0.274275 -0.322498 0.921714 0.215497 -0.465417 0.828657 0.31099 -0.589261 -0.55276 0.589261 -0.653906 -0.380545 0.653906 -0.768924 -0.38054 0.513756 -0.692902 -0.552759 0.462972 -0.502143 0.704063 0.502143 -0.395805 0.82866 0.395805 -0.465417 0.828657 0.31099 -0.590465 0.704059 0.394528 -0.167092 0.979601 0.111639 0 1 -0 -0.185648 0.979602 0.0769081 0 -1 -0 -0.167092 -0.979601 0.111639 -0.185648 -0.979602 0.0769081 -0.815692 -0.19392 0.545015 -0.831468 0 0.555573 -0.92388 0 0.382682 -0.906346 -0.193916 0.375411 -0.322498 0.921714 0.215497 -0.167092 0.979601 0.111639 -0.185648 0.979602 0.0769081 -0.358357 0.921712 0.148415 -0.768924 -0.38054 0.513756 -0.815692 -0.19392 0.545015 -0.906346 -0.193916 0.375411 -0.85438 -0.380542 0.353868 -0.465417 0.828657 0.31099 -0.322498 0.921714 0.215497 -0.358357 0.921712 0.148415 -0.517147 0.828656 0.214214 -0.692902 -0.552759 0.462972 -0.768924 -0.38054 0.513756 -0.85438 -0.380542 0.353868 -0.769908 -0.552764 0.318895 -0.590465 0.704059 0.394528 -0.465417 0.828657 0.31099 -0.517147 0.828656 0.214214 -0.656086 0.704063 0.271749 -0.590465 -0.704059 0.394528 -0.692902 -0.552759 0.462972 -0.769908 -0.552764 0.318895 -0.656086 -0.704063 0.271749 -0.692902 0.552759 0.462972 -0.590465 0.704059 0.394528 -0.656086 0.704063 0.271749 -0.769908 0.552764 0.318895 -0.465417 -0.828657 0.31099 -0.590465 -0.704059 0.394528 -0.656086 -0.704063 0.271749 -0.517147 -0.828656 0.214214 -0.768924 0.38054 0.513756 -0.692902 0.552759 0.462972 -0.769908 0.552764 0.318895 -0.85438 0.380542 0.353868 -0.322498 -0.921714 0.215497 -0.465417 -0.828657 0.31099 -0.517147 -0.828656 0.214214 -0.358357 -0.921712 0.148415 -0.815692 0.19392 0.545015 -0.768924 0.38054 0.513756 -0.85438 0.380542 0.353868 -0.906346 0.193916 0.375411 -0.167092 -0.979601 0.111639 -0.322498 -0.921714 0.215497 -0.358357 -0.921712 0.148415 -0.185648 -0.979602 0.0769081 -0.831468 0 0.555573 -0.815692 0.19392 0.545015 -0.906346 0.193916 0.375411 -0.92388 0 0.382682 -0.769908 0.552764 0.318895 -0.656086 0.704063 0.271749 -0.69651 0.704048 0.138527 -0.817329 0.55276 0.162575 -0.517147 -0.828656 0.214214 -0.656086 -0.704063 0.271749 -0.69651 -0.704048 0.138527 -0.549007 -0.828654 0.109197 -0.85438 0.380542 0.353868 -0.769908 0.552764 0.318895 -0.817329 0.55276 0.162575 -0.906997 0.380543 0.180398 -0.358357 -0.921712 0.148415 -0.517147 -0.828656 0.214214 -0.549007 -0.828654 0.109197 -0.380423 -0.921713 0.0756573 -0.906346 0.193916 0.375411 -0.85438 0.380542 0.353868 -0.906997 0.380543 0.180398 -0.962169 0.193917 0.191384 -0.185648 -0.979602 0.0769081 -0.358357 -0.921712 0.148415 -0.380423 -0.921713 0.0756573 -0.197092 -0.979602 0.0391865 -0.92388 0 0.382682 -0.906346 0.193916 0.375411 -0.962169 0.193917 0.191384 -0.980788 0 0.195077 -0.185648 0.979602 0.0769081 0 1 -0 -0.197092 0.979602 0.0391865 0 -1 -0 -0.185648 -0.979602 0.0769081 -0.197092 -0.979602 0.0391865 -0.906346 -0.193916 0.375411 -0.92388 0 0.382682 -0.980788 0 0.195077 -0.962169 -0.193917 0.191384 -0.358357 0.921712 0.148415 -0.185648 0.979602 0.0769081 -0.197092 0.979602 0.0391865 -0.380423 0.921713 0.0756573 -0.85438 -0.380542 0.353868 -0.906346 -0.193916 0.375411 -0.962169 -0.193917 0.191384 -0.906997 -0.380543 0.180398 -0.517147 0.828656 0.214214 -0.358357 0.921712 0.148415 -0.380423 0.921713 0.0756573 -0.549007 0.828654 0.109197 -0.769908 -0.552764 0.318895 -0.85438 -0.380542 0.353868 -0.906997 -0.380543 0.180398 -0.817329 -0.55276 0.162575 -0.656086 0.704063 0.271749 -0.517147 0.828656 0.214214 -0.549007 0.828654 0.109197 -0.69651 0.704048 0.138527 -0.656086 -0.704063 0.271749 -0.769908 -0.552764 0.318895 -0.817329 -0.55276 0.162575 -0.69651 -0.704048 0.138527 -0.962169 -0.193917 0.191384 -0.980788 0 0.195077 -1 0 -0 -0.981017 -0.193921 -0 -0.380423 0.921713 0.0756573 -0.197092 0.979602 0.0391865 -0.200967 0.979598 -0 -0.38787 0.921714 -0 -0.906997 -0.380543 0.180398 -0.962169 -0.193917 0.191384 -0.981017 -0.193921 -0 -0.924763 -0.380544 -0 -0.549007 0.828654 0.109197 -0.380423 0.921713 0.0756573 -0.38787 0.921714 -0 -0.559775 0.828645 -0 -0.817329 -0.55276 0.162575 -0.906997 -0.380543 0.180398 -0.924763 -0.380544 -0 -0.833344 -0.552755 -0 -0.69651 0.704048 0.138527 -0.549007 0.828654 0.109197 -0.559775 0.828645 -0 -0.710152 0.704048 -0 -0.69651 -0.704048 0.138527 -0.817329 -0.55276 0.162575 -0.833344 -0.552755 -0 -0.710152 -0.704048 -0 -0.817329 0.55276 0.162575 -0.69651 0.704048 0.138527 -0.710152 0.704048 -0 -0.833344 0.552755 -0 -0.549007 -0.828654 0.109197 -0.69651 -0.704048 0.138527 -0.710152 -0.704048 -0 -0.559775 -0.828645 -0 -0.906997 0.380543 0.180398 -0.817329 0.55276 0.162575 -0.833344 0.552755 -0 -0.924763 0.380544 -0 -0.380423 -0.921713 0.0756573 -0.549007 -0.828654 0.109197 -0.559775 -0.828645 -0 -0.38787 -0.921714 -0 -0.962169 0.193917 0.191384 -0.906997 0.380543 0.180398 -0.924763 0.380544 -0 -0.981017 0.193921 -0 -0.197092 -0.979602 0.0391865 -0.380423 -0.921713 0.0756573 -0.38787 -0.921714 -0 -0.200967 -0.979598 -0 -0.980788 0 0.195077 -0.962169 0.193917 0.191384 -0.981017 0.193921 -0 -1 0 -0 -0.197092 0.979602 0.0391865 0 1 -0 -0.200967 0.979598 -0 0 -1 -0 -0.197092 -0.979602 0.0391865 -0.200967 -0.979598 -0 -0.559775 -0.828645 -0 -0.710152 -0.704048 -0 -0.69651 -0.704048 -0.138527 -0.549007 -0.828654 -0.109197 -0.924763 0.380544 -0 -0.833344 0.552755 -0 -0.817329 0.55276 -0.162575 -0.906997 0.380543 -0.180398 -0.38787 -0.921714 -0 -0.559775 -0.828645 -0 -0.549007 -0.828654 -0.109197 -0.380423 -0.921713 -0.0756573 -0.981017 0.193921 -0 -0.924763 0.380544 -0 -0.906997 0.380543 -0.180398 -0.962169 0.193917 -0.191384 -0.200967 -0.979598 -0 -0.38787 -0.921714 -0 -0.380423 -0.921713 -0.0756573 -0.197092 -0.979602 -0.0391865 -1 0 -0 -0.981017 0.193921 -0 -0.962169 0.193917 -0.191384 -0.980788 0 -0.195077 -0.200967 0.979598 -0 0 1 -0 -0.197092 0.979602 -0.0391865 0 -1 -0 -0.200967 -0.979598 -0 -0.197092 -0.979602 -0.0391865 -0.981017 -0.193921 -0 -1 0 -0 -0.980788 0 -0.195077 -0.962169 -0.193917 -0.191384 -0.38787 0.921714 -0 -0.200967 0.979598 -0 -0.197092 0.979602 -0.0391865 -0.380423 0.921713 -0.0756573 -0.924763 -0.380544 -0 -0.981017 -0.193921 -0 -0.962169 -0.193917 -0.191384 -0.906997 -0.380543 -0.180398 -0.559775 0.828645 -0 -0.38787 0.921714 -0 -0.380423 0.921713 -0.0756573 -0.549007 0.828654 -0.109197 -0.833344 -0.552755 -0 -0.924763 -0.380544 -0 -0.906997 -0.380543 -0.180398 -0.817329 -0.55276 -0.162575 -0.710152 0.704048 -0 -0.559775 0.828645 -0 -0.549007 0.828654 -0.109197 -0.69651 0.704048 -0.138527 -0.710152 -0.704048 -0 -0.833344 -0.552755 -0 -0.817329 -0.55276 -0.162575 -0.69651 -0.704048 -0.138527 -0.833344 0.552755 -0 -0.710152 0.704048 -0 -0.69651 0.704048 -0.138527 -0.817329 0.55276 -0.162575 -0.380423 0.921713 -0.0756573 -0.197092 0.979602 -0.0391865 -0.185648 0.979602 -0.0769081 -0.358357 0.921712 -0.148415 -0.906997 -0.380543 -0.180398 -0.962169 -0.193917 -0.191384 -0.906346 -0.193916 -0.375411 -0.85438 -0.380542 -0.353868 -0.549007 0.828654 -0.109197 -0.380423 0.921713 -0.0756573 -0.358357 0.921712 -0.148415 -0.517147 0.828656 -0.214214 -0.817329 -0.55276 -0.162575 -0.906997 -0.380543 -0.180398 -0.85438 -0.380542 -0.353868 -0.769908 -0.552764 -0.318895 -0.69651 0.704048 -0.138527 -0.549007 0.828654 -0.109197 -0.517147 0.828656 -0.214214 -0.656086 0.704063 -0.271749 -0.69651 -0.704048 -0.138527 -0.817329 -0.55276 -0.162575 -0.769908 -0.552764 -0.318895 -0.656086 -0.704063 -0.271749 -0.817329 0.55276 -0.162575 -0.69651 0.704048 -0.138527 -0.656086 0.704063 -0.271749 -0.769908 0.552764 -0.318895 -0.549007 -0.828654 -0.109197 -0.69651 -0.704048 -0.138527 -0.656086 -0.704063 -0.271749 -0.517147 -0.828656 -0.214214 -0.906997 0.380543 -0.180398 -0.817329 0.55276 -0.162575 -0.769908 0.552764 -0.318895 -0.85438 0.380542 -0.353868 -0.380423 -0.921713 -0.0756573 -0.549007 -0.828654 -0.109197 -0.517147 -0.828656 -0.214214 -0.358357 -0.921712 -0.148415 -0.962169 0.193917 -0.191384 -0.906997 0.380543 -0.180398 -0.85438 0.380542 -0.353868 -0.906346 0.193916 -0.375411 -0.197092 -0.979602 -0.0391865 -0.380423 -0.921713 -0.0756573 -0.358357 -0.921712 -0.148415 -0.185648 -0.979602 -0.0769081 -0.980788 0 -0.195077 -0.962169 0.193917 -0.191384 -0.906346 0.193916 -0.375411 -0.92388 0 -0.382682 -0.197092 0.979602 -0.0391865 0 1 -0 -0.185648 0.979602 -0.0769081 0 -1 -0 -0.197092 -0.979602 -0.0391865 -0.185648 -0.979602 -0.0769081 -0.962169 -0.193917 -0.191384 -0.980788 0 -0.195077 -0.92388 0 -0.382682 -0.906346 -0.193916 -0.375411 -0.85438 0.380542 -0.353868 -0.769908 0.552764 -0.318895 -0.692902 0.552759 -0.462972 -0.768924 0.38054 -0.513756 -0.358357 -0.921712 -0.148415 -0.517147 -0.828656 -0.214214 -0.465417 -0.828657 -0.31099 -0.322498 -0.921714 -0.215497 -0.906346 0.193916 -0.375411 -0.85438 0.380542 -0.353868 -0.768924 0.38054 -0.513756 -0.815692 0.19392 -0.545015 -0.185648 -0.979602 -0.0769081 -0.358357 -0.921712 -0.148415 -0.322498 -0.921714 -0.215497 -0.167092 -0.979601 -0.111639 -0.92388 0 -0.382682 -0.906346 0.193916 -0.375411 -0.815692 0.19392 -0.545015 -0.831468 0 -0.555573 -0.185648 0.979602 -0.0769081 0 1 -0 -0.167092 0.979601 -0.111639 0 -1 -0 -0.185648 -0.979602 -0.0769081 -0.167092 -0.979601 -0.111639 -0.906346 -0.193916 -0.375411 -0.92388 0 -0.382682 -0.831468 0 -0.555573 -0.815692 -0.19392 -0.545015 -0.358357 0.921712 -0.148415 -0.185648 0.979602 -0.0769081 -0.167092 0.979601 -0.111639 -0.322498 0.921714 -0.215497 -0.85438 -0.380542 -0.353868 -0.906346 -0.193916 -0.375411 -0.815692 -0.19392 -0.545015 -0.768924 -0.38054 -0.513756 -0.517147 0.828656 -0.214214 -0.358357 0.921712 -0.148415 -0.322498 0.921714 -0.215497 -0.465417 0.828657 -0.31099 -0.769908 -0.552764 -0.318895 -0.85438 -0.380542 -0.353868 -0.768924 -0.38054 -0.513756 -0.692902 -0.552759 -0.462972 -0.656086 0.704063 -0.271749 -0.517147 0.828656 -0.214214 -0.465417 0.828657 -0.31099 -0.590465 0.704059 -0.394528 -0.656086 -0.704063 -0.271749 -0.769908 -0.552764 -0.318895 -0.692902 -0.552759 -0.462972 -0.590465 -0.704059 -0.394528 -0.769908 0.552764 -0.318895 -0.656086 0.704063 -0.271749 -0.590465 0.704059 -0.394528 -0.692902 0.552759 -0.462972 -0.517147 -0.828656 -0.214214 -0.656086 -0.704063 -0.271749 -0.590465 -0.704059 -0.394528 -0.465417 -0.828657 -0.31099 -0.768924 -0.38054 -0.513756 -0.815692 -0.19392 -0.545015 -0.693684 -0.193923 -0.693684 -0.653906 -0.380545 -0.653906 -0.465417 0.828657 -0.31099 -0.322498 0.921714 -0.215497 -0.274275 0.921708 -0.274275 -0.395805 0.82866 -0.395805 -0.692902 -0.552759 -0.462972 -0.768924 -0.38054 -0.513756 -0.653906 -0.380545 -0.653906 -0.589261 -0.55276 -0.589261 -0.590465 0.704059 -0.394528 -0.465417 0.828657 -0.31099 -0.395805 0.82866 -0.395805 -0.502143 0.704063 -0.502143 -0.590465 -0.704059 -0.394528 -0.692902 -0.552759 -0.462972 -0.589261 -0.55276 -0.589261 -0.502143 -0.704063 -0.502143 -0.692902 0.552759 -0.462972 -0.590465 0.704059 -0.394528 -0.502143 0.704063 -0.502143 -0.589261 0.55276 -0.589261 -0.465417 -0.828657 -0.31099 -0.590465 -0.704059 -0.394528 -0.502143 -0.704063 -0.502143 -0.395805 -0.82866 -0.395805 -0.768924 0.38054 -0.513756 -0.692902 0.552759 -0.462972 -0.589261 0.55276 -0.589261 -0.653906 0.380545 -0.653906 -0.322498 -0.921714 -0.215497 -0.465417 -0.828657 -0.31099 -0.395805 -0.82866 -0.395805 -0.274275 -0.921708 -0.274275 -0.815692 0.19392 -0.545015 -0.768924 0.38054 -0.513756 -0.653906 0.380545 -0.653906 -0.693684 0.193923 -0.693684 -0.167092 -0.979601 -0.111639 -0.322498 -0.921714 -0.215497 -0.274275 -0.921708 -0.274275 -0.142097 -0.979601 -0.142097 -0.831468 0 -0.555573 -0.815692 0.19392 -0.545015 -0.693684 0.193923 -0.693684 -0.707107 0 -0.707107 -0.167092 0.979601 -0.111639 0 1 -0 -0.142097 0.979601 -0.142097 0 -1 -0 -0.167092 -0.979601 -0.111639 -0.142097 -0.979601 -0.142097 -0.815692 -0.19392 -0.545015 -0.831468 0 -0.555573 -0.707107 0 -0.707107 -0.693684 -0.193923 -0.693684 -0.322498 0.921714 -0.215497 -0.167092 0.979601 -0.111639 -0.142097 0.979601 -0.142097 -0.274275 0.921708 -0.274275 -0.274275 -0.921708 -0.274275 -0.395805 -0.82866 -0.395805 -0.31099 -0.828657 -0.465417 -0.215497 -0.921714 -0.322498 -0.693684 0.193923 -0.693684 -0.653906 0.380545 -0.653906 -0.513756 0.38054 -0.768924 -0.545015 0.19392 -0.815692 -0.142097 -0.979601 -0.142097 -0.274275 -0.921708 -0.274275 -0.215497 -0.921714 -0.322498 -0.111639 -0.979601 -0.167092 -0.707107 0 -0.707107 -0.693684 0.193923 -0.693684 -0.545015 0.19392 -0.815692 -0.555573 0 -0.831468 -0.142097 0.979601 -0.142097 0 1 -0 -0.111639 0.979601 -0.167092 0 -1 -0 -0.142097 -0.979601 -0.142097 -0.111639 -0.979601 -0.167092 -0.693684 -0.193923 -0.693684 -0.707107 0 -0.707107 -0.555573 0 -0.831468 -0.545015 -0.19392 -0.815692 -0.274275 0.921708 -0.274275 -0.142097 0.979601 -0.142097 -0.111639 0.979601 -0.167092 -0.215497 0.921714 -0.322498 -0.653906 -0.380545 -0.653906 -0.693684 -0.193923 -0.693684 -0.545015 -0.19392 -0.815692 -0.513756 -0.38054 -0.768924 -0.395805 0.82866 -0.395805 -0.274275 0.921708 -0.274275 -0.215497 0.921714 -0.322498 -0.31099 0.828657 -0.465417 -0.589261 -0.55276 -0.589261 -0.653906 -0.380545 -0.653906 -0.513756 -0.38054 -0.768924 -0.462972 -0.552759 -0.692902 -0.502143 0.704063 -0.502143 -0.395805 0.82866 -0.395805 -0.31099 0.828657 -0.465417 -0.394528 0.704059 -0.590465 -0.502143 -0.704063 -0.502143 -0.589261 -0.55276 -0.589261 -0.462972 -0.552759 -0.692902 -0.394528 -0.704059 -0.590465 -0.589261 0.55276 -0.589261 -0.502143 0.704063 -0.502143 -0.394528 0.704059 -0.590465 -0.462972 0.552759 -0.692902 -0.395805 -0.82866 -0.395805 -0.502143 -0.704063 -0.502143 -0.394528 -0.704059 -0.590465 -0.31099 -0.828657 -0.465417 -0.653906 0.380545 -0.653906 -0.589261 0.55276 -0.589261 -0.462972 0.552759 -0.692902 -0.513756 0.38054 -0.768924 -0.462972 -0.552759 -0.692902 -0.513756 -0.38054 -0.768924 -0.353868 -0.380542 -0.85438 -0.318895 -0.552764 -0.769908 -0.394528 0.704059 -0.590465 -0.31099 0.828657 -0.465417 -0.214214 0.828656 -0.517147 -0.271749 0.704063 -0.656086 -0.394528 -0.704059 -0.590465 -0.462972 -0.552759 -0.692902 -0.318895 -0.552764 -0.769908 -0.271749 -0.704063 -0.656086 -0.462972 0.552759 -0.692902 -0.394528 0.704059 -0.590465 -0.271749 0.704063 -0.656086 -0.318895 0.552764 -0.769908 -0.31099 -0.828657 -0.465417 -0.394528 -0.704059 -0.590465 -0.271749 -0.704063 -0.656086 -0.214214 -0.828656 -0.517147 -0.513756 0.38054 -0.768924 -0.462972 0.552759 -0.692902 -0.318895 0.552764 -0.769908 -0.353868 0.380542 -0.85438 -0.215497 -0.921714 -0.322498 -0.31099 -0.828657 -0.465417 -0.214214 -0.828656 -0.517147 -0.148415 -0.921712 -0.358357 -0.545015 0.19392 -0.815692 -0.513756 0.38054 -0.768924 -0.353868 0.380542 -0.85438 -0.375411 0.193916 -0.906346 -0.111639 -0.979601 -0.167092 -0.215497 -0.921714 -0.322498 -0.148415 -0.921712 -0.358357 -0.0769081 -0.979602 -0.185648 -0.555573 0 -0.831468 -0.545015 0.19392 -0.815692 -0.375411 0.193916 -0.906346 -0.382682 0 -0.92388 -0.111639 0.979601 -0.167092 0 1 -0 -0.0769081 0.979602 -0.185648 0 -1 -0 -0.111639 -0.979601 -0.167092 -0.0769081 -0.979602 -0.185648 -0.545015 -0.19392 -0.815692 -0.555573 0 -0.831468 -0.382682 0 -0.92388 -0.375411 -0.193916 -0.906346 -0.215497 0.921714 -0.322498 -0.111639 0.979601 -0.167092 -0.0769081 0.979602 -0.185648 -0.148415 0.921712 -0.358357 -0.513756 -0.38054 -0.768924 -0.545015 -0.19392 -0.815692 -0.375411 -0.193916 -0.906346 -0.353868 -0.380542 -0.85438 -0.31099 0.828657 -0.465417 -0.215497 0.921714 -0.322498 -0.148415 0.921712 -0.358357 -0.214214 0.828656 -0.517147 -0.0769081 -0.979602 -0.185648 -0.148415 -0.921712 -0.358357 -0.0756573 -0.921713 -0.380423 -0.0391865 -0.979602 -0.197092 -0.382682 0 -0.92388 -0.375411 0.193916 -0.906346 -0.191384 0.193917 -0.962169 -0.195077 0 -0.980788 -0.0769081 0.979602 -0.185648 0 1 -0 -0.0391865 0.979602 -0.197092 0 -1 -0 -0.0769081 -0.979602 -0.185648 -0.0391865 -0.979602 -0.197092 -0.375411 -0.193916 -0.906346 -0.382682 0 -0.92388 -0.195077 0 -0.980788 -0.191384 -0.193917 -0.962169 -0.148415 0.921712 -0.358357 -0.0769081 0.979602 -0.185648 -0.0391865 0.979602 -0.197092 -0.0756573 0.921713 -0.380423 -0.353868 -0.380542 -0.85438 -0.375411 -0.193916 -0.906346 -0.191384 -0.193917 -0.962169 -0.180398 -0.380543 -0.906997 -0.214214 0.828656 -0.517147 -0.148415 0.921712 -0.358357 -0.0756573 0.921713 -0.380423 -0.109197 0.828654 -0.549007 -0.318895 -0.552764 -0.769908 -0.353868 -0.380542 -0.85438 -0.180398 -0.380543 -0.906997 -0.162575 -0.55276 -0.817329 -0.271749 0.704063 -0.656086 -0.214214 0.828656 -0.517147 -0.109197 0.828654 -0.549007 -0.138527 0.704048 -0.69651 -0.271749 -0.704063 -0.656086 -0.318895 -0.552764 -0.769908 -0.162575 -0.55276 -0.817329 -0.138527 -0.704048 -0.69651 -0.318895 0.552764 -0.769908 -0.271749 0.704063 -0.656086 -0.138527 0.704048 -0.69651 -0.162575 0.55276 -0.817329 -0.214214 -0.828656 -0.517147 -0.271749 -0.704063 -0.656086 -0.138527 -0.704048 -0.69651 -0.109197 -0.828654 -0.549007 -0.353868 0.380542 -0.85438 -0.318895 0.552764 -0.769908 -0.162575 0.55276 -0.817329 -0.180398 0.380543 -0.906997 -0.148415 -0.921712 -0.358357 -0.214214 -0.828656 -0.517147 -0.109197 -0.828654 -0.549007 -0.0756573 -0.921713 -0.380423 -0.375411 0.193916 -0.906346 -0.353868 0.380542 -0.85438 -0.180398 0.380543 -0.906997 -0.191384 0.193917 -0.962169 -0.138527 0.704048 -0.69651 -0.109197 0.828654 -0.549007 0 0.828645 -0.559775 0 0.704048 -0.710152 -0.138527 -0.704048 -0.69651 -0.162575 -0.55276 -0.817329 0 -0.552755 -0.833344 0 -0.704048 -0.710152 -0.162575 0.55276 -0.817329 -0.138527 0.704048 -0.69651 0 0.704048 -0.710152 0 0.552755 -0.833344 -0.109197 -0.828654 -0.549007 -0.138527 -0.704048 -0.69651 0 -0.704048 -0.710152 0 -0.828645 -0.559775 -0.180398 0.380543 -0.906997 -0.162575 0.55276 -0.817329 0 0.552755 -0.833344 0 0.380544 -0.924763 -0.0756573 -0.921713 -0.380423 -0.109197 -0.828654 -0.549007 0 -0.828645 -0.559775 0 -0.921714 -0.38787 -0.191384 0.193917 -0.962169 -0.180398 0.380543 -0.906997 0 0.380544 -0.924763 0 0.193921 -0.981017 -0.0391865 -0.979602 -0.197092 -0.0756573 -0.921713 -0.380423 0 -0.921714 -0.38787 0 -0.979598 -0.200967 -0.195077 0 -0.980788 -0.191384 0.193917 -0.962169 0 0.193921 -0.981017 0 0 -1 -0.0391865 0.979602 -0.197092 0 1 -0 0 0.979598 -0.200967 0 -1 -0 -0.0391865 -0.979602 -0.197092 0 -0.979598 -0.200967 -0.191384 -0.193917 -0.962169 -0.195077 0 -0.980788 0 0 -1 0 -0.193921 -0.981017 -0.0756573 0.921713 -0.380423 -0.0391865 0.979602 -0.197092 0 0.979598 -0.200967 0 0.921714 -0.38787 -0.180398 -0.380543 -0.906997 -0.191384 -0.193917 -0.962169 0 -0.193921 -0.981017 0 -0.380544 -0.924763 -0.109197 0.828654 -0.549007 -0.0756573 0.921713 -0.380423 0 0.921714 -0.38787 0 0.828645 -0.559775 -0.162575 -0.55276 -0.817329 -0.180398 -0.380543 -0.906997 0 -0.380544 -0.924763 0 -0.552755 -0.833344 </float_array>
     <technique_common>
      <accessor source="#ID11-array" count="1984" stride="3">
       <param name="X" type="float"/>
       <param name="Y" type="float"/>
       <param name="Z" type="float"/>
      </accessor>
     </technique_common>
    </source>
    <source id="geometrySource12">
     <float_array id="ID13-array" count="3968">0.75 0.3125 0.75 0.375 0.71875 0.375 0.71875 0.3125 0.75 0.75 0.75 0.8125 0.71875 0.8125 0.71875 0.75 0.75 0.25 0.75 0.3125 0.71875 0.3125 0.71875 0.25 0.75 0.6875 0.75 0.75 0.71875 0.75 0.71875 0.6875 0.75 0.1875 0.75 0.25 0.71875 0.25 0.71875 0.1875 0.75 0.625 0.75 0.6875 0.71875 0.6875 0.71875 0.625 0.75 0.125 0.75 0.1875 0.71875 0.1875 0.71875 0.125 0.75 0.5625 0.75 0.625 0.71875 0.625 0.71875 0.5625 0.75 0.0624999 0.75 0.125 0.71875 0.125 0.71875 0.0624999 0.75 0.5 0.75 0.5625 0.71875 0.5625 0.71875 0.5 0.75 0.9375 0.734375 1 0.71875 0.9375 0.734375 0 0.75 0.0624999 0.71875 0.0624999 0.75 0.4375 0.75 0.5 0.71875 0.5 0.71875 0.4375 0.75 0.875 0.75 0.9375 0.71875 0.9375 0.71875 0.875 0.75 0.375 0.75 0.4375 0.71875 0.4375 0.71875 0.375 0.75 0.8125 0.75 0.875 0.71875 0.875 0.71875 0.8125 0.71875 0.375 0.71875 0.4375 0.6875 0.4375 0.6875 0.375 0.71875 0.8125 0.71875 0.875 0.6875 0.875 0.6875 0.8125 0.71875 0.3125 0.71875 0.375 0.6875 0.375 0.6875 0.3125 0.71875 0.75 0.71875 0.8125 0.6875 0.8125 0.6875 0.75 0.71875 0.25 0.71875 0.3125 0.6875 0.3125 0.6875 0.25 0.71875 0.6875 0.71875 0.75 0.6875 0.75 0.6875 0.6875 0.71875 0.1875 0.71875 0.25 0.6875 0.25 0.6875 0.1875 0.71875 0.625 0.71875 0.6875 0.6875 0.6875 0.6875 0.625 0.71875 0.125 0.71875 0.1875 0.6875 0.1875 0.6875 0.125 0.71875 0.5625 0.71875 0.625 0.6875 0.625 0.6875 0.5625 0.71875 0.0624999 0.71875 0.125 0.6875 0.125 0.6875 0.0624999 0.71875 0.5 0.71875 0.5625 0.6875 0.5625 0.6875 0.5 0.71875 0.9375 0.703125 1 0.6875 0.9375 0.703125 0 0.71875 0.0624999 0.6875 0.0624999 0.71875 0.4375 0.71875 0.5 0.6875 0.5 0.6875 0.4375 0.71875 0.875 0.71875 0.9375 0.6875 0.9375 0.6875 0.875 0.6875 0.125 0.6875 0.1875 0.65625 0.1875 0.65625 0.125 0.6875 0.5625 0.6875 0.625 0.65625 0.625 0.65625 0.5625 0.6875 0.0624999 0.6875 0.125 0.65625 0.125 0.65625 0.0624999 0.6875 0.5 0.6875 0.5625 0.65625 0.5625 0.65625 0.5 0.6875 0.9375 0.671875 1 0.65625 0.9375 0.671875 0 0.6875 0.0624999 0.65625 0.0624999 0.6875 0.4375 0.6875 0.5 0.65625 0.5 0.65625 0.4375 0.6875 0.875 0.6875 0.9375 0.65625 0.9375 0.65625 0.875 0.6875 0.375 0.6875 0.4375 0.65625 0.4375 0.65625 0.375 0.6875 0.8125 0.6875 0.875 0.65625 0.875 0.65625 0.8125 0.6875 0.3125 0.6875 0.375 0.65625 0.375 0.65625 0.3125 0.6875 0.75 0.6875 0.8125 0.65625 0.8125 0.65625 0.75 0.6875 0.25 0.6875 0.3125 0.65625 0.3125 0.65625 0.25 0.6875 0.6875 0.6875 0.75 0.65625 0.75 0.65625 0.6875 0.6875 0.1875 0.6875 0.25 0.65625 0.25 0.65625 0.1875 0.6875 0.625 0.6875 0.6875 0.65625 0.6875 0.65625 0.625 0.65625 0.8125 0.65625 0.875 0.625 0.875 0.625 0.8125 0.65625 0.3125 0.65625 0.375 0.625 0.375 0.625 0.3125 0.65625 0.75 0.65625 0.8125 0.625 0.8125 0.625 0.75 0.65625 0.25 0.65625 0.3125 0.625 0.3125 0.625 0.25 0.65625 0.6875 0.65625 0.75 0.625 0.75 0.625 0.6875 0.65625 0.1875 0.65625 0.25 0.625 0.25 0.625 0.1875 0.65625 0.625 0.65625 0.6875 0.625 0.6875 0.625 0.625 0.65625 0.125 0.65625 0.1875 0.625 0.1875 0.625 0.125 0.65625 0.5625 0.65625 0.625 0.625 0.625 0.625 0.5625 0.65625 0.0624999 0.65625 0.125 0.625 0.125 0.625 0.0624999 0.65625 0.5 0.65625 0.5625 0.625 0.5625 0.625 0.5 0.65625 0.9375 0.640625 1 0.625 0.9375 0.640625 0 0.65625 0.0624999 0.625 0.0624999 0.65625 0.4375 0.65625 0.5 0.625 0.5 0.625 0.4375 0.65625 0.875 0.65625 0.9375 0.625 0.9375 0.625 0.875 0.65625 0.375 0.65625 0.4375 0.625 0.4375 0.625 0.375 0.625 0.5625 0.625 0.625 0.59375 0.625 0.59375 0.5625 0.625 0.0624999 0.625 0.125 0.59375 0.125 0.59375 0.0624999 0.625 0.5 0.625 0.5625 0.59375 0.5625 0.59375 0.5 0.625 0.9375 0.609375 1 0.59375 0.9375 0.609375 0 0.625 0.0624999 0.59375 0.0624999 0.625 0.4375 0.625 0.5 0.59375 0.5 0.59375 0.4375 0.625 0.875 0.625 0.9375 0.59375 0.9375 0.59375 0.875 0.625 0.375 0.625 0.4375 0.59375 0.4375 0.59375 0.375 0.625 0.8125 0.625 0.875 0.59375 0.875 0.59375 0.8125 0.625 0.3125 0.625 0.375 0.59375 0.375 0.59375 0.3125 0.625 0.75 0.625 0.8125 0.59375 0.8125 0.59375 0.75 0.625 0.25 0.625 0.3125 0.59375 0.3125 0.59375 0.25 0.625 0.6875 0.625 0.75 0.59375 0.75 0.59375 0.6875 0.625 0.1875 0.625 0.25 0.59375 0.25 0.59375 0.1875 0.625 0.625 0.625 0.6875 0.59375 0.6875 0.59375 0.625 0.625 0.125 0.625 0.1875 0.59375 0.1875 0.59375 0.125 0.59375 0.3125 0.59375 0.375 0.5625 0.375 0.5625 0.3125 0.59375 0.75 0.59375 0.8125 0.5625 0.8125 0.5625 0.75 0.59375 0.25 0.59375 0.3125 0.5625 0.3125 0.5625 0.25 0.59375 0.6875 0.59375 0.75 0.5625 0.75 0.5625 0.6875 0.59375 0.1875 0.59375 0.25 0.5625 0.25 0.5625 0.1875 0.59375 0.625 0.59375 0.6875 0.5625 0.6875 0.5625 0.625 0.59375 0.125 0.59375 0.1875 0.5625 0.1875 0.5625 0.125 0.59375 0.5625 0.59375 0.625 0.5625 0.625 0.5625 0.5625 0.59375 0.0624999 0.59375 0.125 0.5625 0.125 0.5625 0.0624999 0.59375 0.5 0.59375 0.5625 0.5625 0.5625 0.5625 0.5 0.59375 0.9375 0.578125 1 0.5625 0.9375 0.578125 0 0.59375 0.0624999 0.5625 0.0624999 0.59375 0.4375 0.59375 0.5 0.5625 0.5 0.5625 0.4375 0.59375 0.875 0.59375 0.9375 0.5625 0.9375 0.5625 0.875 0.59375 0.375 0.59375 0.4375 0.5625 0.4375 0.5625 0.375 0.59375 0.8125 0.59375 0.875 0.5625 0.875 0.5625 0.8125 0.5625 0.0624999 0.5625 0.125 0.53125 0.125 0.53125 0.0624999 0.5625 0.5 0.5625 0.5625 0.53125 0.5625 0.53125 0.5 0.5625 0.9375 0.546875 1 0.53125 0.9375 0.546875 0 0.5625 0.0624999 0.53125 0.0624999 0.5625 0.4375 0.5625 0.5 0.53125 0.5 0.53125 0.4375 0.5625 0.875 0.5625 0.9375 0.53125 0.9375 0.53125 0.875 0.5625 0.375 0.5625 0.4375 0.53125 0.4375 0.53125 0.375 0.5625 0.8125 0.5625 0.875 0.53125 0.875 0.53125 0.8125 0.5625 0.3125 0.5625 0.375 0.53125 0.375 0.53125 0.3125 0.5625 0.75 0.5625 0.8125 0.53125 0.8125 0.53125 0.75 0.5625 0.25 0.5625 0.3125 0.53125 0.3125 0.53125 0.25 0.5625 0.6875 0.5625 0.75 0.53125 0.75 0.53125 0.6875 0.5625 0.1875 0.5625 0.25 0.53125 0.25 0.53125 0.1875 0.5625 0.625 0.5625 0.6875 0.53125 0.6875 0.53125 0.625 0.5625 0.125 0.5625 0.1875 0.53125 0.1875 0.53125 0.125 0.5625 0.5625 0.5625 0.625 0.53125 0.625 0.53125 0.5625 0.53125 0.75 0.53125 0.8125 0.5 0.8125 0.5 0.75 0.53125 0.25 0.53125 0.3125 0.5 0.3125 0.5 0.25 0.53125 0.6875 0.53125 0.75 0.5 0.75 0.5 0.6875 0.53125 0.1875 0.53125 0.25 0.5 0.25 0.5 0.1875 0.53125 0.625 0.53125 0.6875 0.5 0.6875 0.5 0.625 0.53125 0.125 0.53125 0.1875 0.5 0.1875 0.5 0.125 0.53125 0.5625 0.53125 0.625 0.5 0.625 0.5 0.5625 0.53125 0.0624999 0.53125 0.125 0.5 0.125 0.5 0.0624999 0.53125 0.5 0.53125 0.5625 0.5 0.5625 0.5 0.5 0.53125 0.9375 0.515625 1 0.5 0.9375 0.515625 0 0.53125 0.0624999 0.5 0.0624999 0.53125 0.4375 0.53125 0.5 0.5 0.5 0.5 0.4375 0.53125 0.875 0.53125 0.9375 0.5 0.9375 0.5 0.875 0.53125 0.375 0.53125 0.4375 0.5 0.4375 0.5 0.375 0.53125 0.8125 0.53125 0.875 0.5 0.875 0.5 0.8125 0.53125 0.3125 0.53125 0.375 0.5 0.375 0.5 0.3125 0.5 0.5 0.5 0.5625 0.46875 0.5625 0.46875 0.5 0.5 0.9375 0.484374 1 0.46875 0.9375 0.484375 0 0.5 0.0624999 0.46875 0.0624999 0.5 0.4375 0.5 0.5 0.46875 0.5 0.46875 0.4375 0.5 0.875 0.5 0.9375 0.46875 0.9375 0.46875 0.875 0.5 0.375 0.5 0.4375 0.46875 0.4375 0.46875 0.375 0.5 0.8125 0.5 0.875 0.46875 0.875 0.46875 0.8125 0.5 0.3125 0.5 0.375 0.46875 0.375 0.46875 0.3125 0.5 0.75 0.5 0.8125 0.46875 0.8125 0.46875 0.75 0.5 0.25 0.5 0.3125 0.46875 0.3125 0.46875 0.25 0.5 0.6875 0.5 0.75 0.46875 0.75 0.46875 0.6875 0.5 0.1875 0.5 0.25 0.46875 0.25 0.46875 0.1875 0.5 0.625 0.5 0.6875 0.46875 0.6875 0.46875 0.625 0.5 0.125 0.5 0.1875 0.46875 0.1875 0.46875 0.125 0.5 0.5625 0.5 0.625 0.46875 0.625 0.46875 0.5625 0.5 0.0624999 0.5 0.125 0.46875 0.125 0.46875 0.0624999 0.46875 0.25 0.46875 0.3125 0.4375 0.3125 0.4375 0.25 0.46875 0.6875 0.46875 0.75 0.4375 0.75 0.4375 0.6875 0.46875 0.1875 0.46875 0.25 0.4375 0.25 0.4375 0.1875 0.46875 0.625 0.46875 0.6875 0.4375 0.6875 0.4375 0.625 0.46875 0.125 0.46875 0.1875 0.4375 0.1875 0.4375 0.125 0.46875 0.5625 0.46875 0.625 0.4375 0.625 0.4375 0.5625 0.46875 0.0624999 0.46875 0.125 0.4375 0.125 0.4375 0.0624999 0.46875 0.5 0.46875 0.5625 0.4375 0.5625 0.4375 0.5 0.46875 0.9375 0.453124 1 0.4375 0.9375 0.453125 0 0.46875 0.0624999 0.4375 0.0624999 0.46875 0.4375 0.46875 0.5 0.4375 0.5 0.4375 0.4375 0.46875 0.875 0.46875 0.9375 0.4375 0.9375 0.4375 0.875 0.46875 0.375 0.46875 0.4375 0.4375 0.4375 0.4375 0.375 0.46875 0.8125 0.46875 0.875 0.4375 0.875 0.4375 0.8125 0.46875 0.3125 0.46875 0.375 0.4375 0.375 0.4375 0.3125 0.46875 0.75 0.46875 0.8125 0.4375 0.8125 0.4375 0.75 0.421875 0 0.4375 0.0624999 0.40625 0.0624999 0.4375 0.4375 0.4375 0.5 0.40625 0.5 0.40625 0.4375 0.4375 0.875 0.4375 0.9375 0.40625 0.9375 0.40625 0.875 0.4375 0.375 0.4375 0.4375 0.40625 0.4375 0.40625 0.375 0.4375 0.8125 0.4375 0.875 0.40625 0.875 0.40625 0.8125 0.4375 0.3125 0.4375 0.375 0.40625 0.375 0.40625 0.3125 0.4375 0.75 0.4375 0.8125 0.40625 0.8125 0.40625 0.75 0.4375 0.25 0.4375 0.3125 0.40625 0.3125 0.40625 0.25 0.4375 0.6875 0.4375 0.75 0.40625 0.75 0.40625 0.6875 0.4375 0.1875 0.4375 0.25 0.40625 0.25 0.40625 0.1875 0.4375 0.625 0.4375 0.6875 0.40625 0.6875 0.40625 0.625 0.4375 0.125 0.4375 0.1875 0.40625 0.1875 0.40625 0.125 0.4375 0.5625 0.4375 0.625 0.40625 0.625 0.40625 0.5625 0.4375 0.0624999 0.4375 0.125 0.40625 0.125 0.40625 0.0624999 0.4375 0.5 0.4375 0.5625 0.40625 0.5625 0.40625 0.5 0.4375 0.9375 0.421874 1 0.40625 0.9375 0.40625 0.1875 0.40625 0.25 0.375 0.25 0.375 0.1875 0.40625 0.625 0.40625 0.6875 0.375 0.6875 0.375 0.625 0.40625 0.125 0.40625 0.1875 0.375 0.1875 0.375 0.125 0.40625 0.5625 0.40625 0.625 0.375 0.625 0.375 0.5625 0.40625 0.0624999 0.40625 0.125 0.375 0.125 0.375 0.0624999 0.40625 0.5 0.40625 0.5625 0.375 0.5625 0.375 0.5 0.40625 0.9375 0.390624 1 0.375 0.9375 0.390625 0 0.40625 0.0624999 0.375 0.0624999 0.40625 0.4375 0.40625 0.5 0.375 0.5 0.375 0.4375 0.40625 0.875 0.40625 0.9375 0.375 0.9375 0.375 0.875 0.40625 0.375 0.40625 0.4375 0.375 0.4375 0.375 0.375 0.40625 0.8125 0.40625 0.875 0.375 0.875 0.375 0.8125 0.40625 0.3125 0.40625 0.375 0.375 0.375 0.375 0.3125 0.40625 0.75 0.40625 0.8125 0.375 0.8125 0.375 0.75 0.40625 0.25 0.40625 0.3125 0.375 0.3125 0.375 0.25 0.40625 0.6875 0.40625 0.75 0.375 0.75 0.375 0.6875 0.375 0.875 0.375 0.9375 0.34375 0.9375 0.34375 0.875 0.375 0.375 0.375 0.4375 0.34375 0.4375 0.34375 0.375 0.375 0.8125 0.375 0.875 0.34375 0.875 0.34375 0.8125 0.375 0.3125 0.375 0.375 0.34375 0.375 0.34375 0.3125 0.375 0.75 0.375 0.8125 0.34375 0.8125 0.34375 0.75 0.375 0.25 0.375 0.3125 0.34375 0.3125 0.34375 0.25 0.375 0.6875 0.375 0.75 0.34375 0.75 0.34375 0.6875 0.375 0.1875 0.375 0.25 0.34375 0.25 0.34375 0.1875 0.375 0.625 0.375 0.6875 0.34375 0.6875 0.34375 0.625 0.375 0.125 0.375 0.1875 0.34375 0.1875 0.34375 0.125 0.375 0.5625 0.375 0.625 0.34375 0.625 0.34375 0.5625 0.375 0.0624999 0.375 0.125 0.34375 0.125 0.34375 0.0624999 0.375 0.5 0.375 0.5625 0.34375 0.5625 0.34375 0.5 0.375 0.9375 0.359375 1 0.34375 0.9375 0.359375 0 0.375 0.0624999 0.34375 0.0624999 0.375 0.4375 0.375 0.5 0.34375 0.5 0.34375 0.4375 0.34375 0.625 0.34375 0.6875 0.3125 0.6875 0.3125 0.625 0.34375 0.125 0.34375 0.1875 0.3125 0.1875 0.3125 0.125 0.34375 0.5625 0.34375 0.625 0.3125 0.625 0.3125 0.5625 0.34375 0.0624999 0.34375 0.125 0.3125 0.125 0.3125 0.0624999 0.34375 0.5 0.34375 0.5625 0.3125 0.5625 0.3125 0.5 0.34375 0.9375 0.328125 1 0.3125 0.9375 0.328125 0 0.34375 0.0624999 0.3125 0.0624999 0.34375 0.4375 0.34375 0.5 0.3125 0.5 0.3125 0.4375 0.34375 0.875 0.34375 0.9375 0.3125 0.9375 0.3125 0.875 0.34375 0.375 0.34375 0.4375 0.3125 0.4375 0.3125 0.375 0.34375 0.8125 0.34375 0.875 0.3125 0.875 0.3125 0.8125 0.34375 0.3125 0.34375 0.375 0.3125 0.375 0.3125 0.3125 0.34375 0.75 0.34375 0.8125 0.3125 0.8125 0.3125 0.75 0.34375 0.25 0.34375 0.3125 0.3125 0.3125 0.3125 0.25 0.34375 0.6875 0.34375 0.75 0.3125 0.75 0.3125 0.6875 0.34375 0.1875 0.34375 0.25 0.3125 0.25 0.3125 0.1875 0.3125 0.375 0.3125 0.4375 0.28125 0.4375 0.28125 0.375 0.3125 0.8125 0.3125 0.875 0.28125 0.875 0.28125 0.8125 0.3125 0.3125 0.3125 0.375 0.28125 0.375 0.28125 0.3125 0.3125 0.75 0.3125 0.8125 0.28125 0.8125 0.28125 0.75 0.3125 0.25 0.3125 0.3125 0.28125 0.3125 0.28125 0.25 0.3125 0.6875 0.3125 0.75 0.28125 0.75 0.28125 0.6875 0.3125 0.1875 0.3125 0.25 0.28125 0.25 0.28125 0.1875 0.3125 0.625 0.3125 0.6875 0.28125 0.6875 0.28125 0.625 0.3125 0.125 0.3125 0.1875 0.28125 0.1875 0.28125 0.125 0.3125 0.5625 0.3125 0.625 0.28125 0.625 0.28125 0.5625 0.3125 0.0624999 0.3125 0.125 0.28125 0.125 0.28125 0.0624999 0.3125 0.5 0.3125 0.5625 0.28125 0.5625 0.28125 0.5 0.3125 0.9375 0.296875 1 0.28125 0.9375 0.296875 0 0.3125 0.0624999 0.28125 0.0624999 0.3125 0.4375 0.3125 0.5 0.28125 0.5 0.28125 0.4375 0.3125 0.875 0.3125 0.9375 0.28125 0.9375 0.28125 0.875 0.28125 0.125 0.28125 0.1875 0.25 0.1875 0.25 0.125 0.28125 0.5625 0.28125 0.625 0.25 0.625 0.25 0.5625 0.28125 0.0624999 0.28125 0.125 0.25 0.125 0.25 0.0624999 0.28125 0.5 0.28125 0.5625 0.25 0.5625 0.25 0.5 0.28125 0.9375 0.265625 1 0.25 0.9375 0.265625 0 0.28125 0.0624999 0.25 0.0624999 0.28125 0.4375 0.28125 0.5 0.25 0.5 0.25 0.4375 0.28125 0.875 0.28125 0.9375 0.25 0.9375 0.25 0.875 0.28125 0.375 0.28125 0.4375 0.25 0.4375 0.25 0.375 0.28125 0.8125 0.28125 0.875 0.25 0.875 0.25 0.8125 0.28125 0.3125 0.28125 0.375 0.25 0.375 0.25 0.3125 0.28125 0.75 0.28125 0.8125 0.25 0.8125 0.25 0.75 0.28125 0.25 0.28125 0.3125 0.25 0.3125 0.25 0.25 0.28125 0.6875 0.28125 0.75 0.25 0.75 0.25 0.6875 0.28125 0.1875 0.28125 0.25 0.25 0.25 0.25 0.1875 0.28125 0.625 0.28125 0.6875 0.25 0.6875 0.25 0.625 0.25 0.8125 0.25 0.875 0.21875 0.875 0.21875 0.8125 0.25 0.3125 0.25 0.375 0.21875 0.375 0.21875 0.3125 0.25 0.75 0.25 0.8125 0.21875 0.8125 0.21875 0.75 0.25 0.25 0.25 0.3125 0.21875 0.3125 0.21875 0.25 0.25 0.6875 0.25 0.75 0.21875 0.75 0.21875 0.6875 0.25 0.1875 0.25 0.25 0.21875 0.25 0.21875 0.1875 0.25 0.625 0.25 0.6875 0.21875 0.6875 0.21875 0.625 0.25 0.125 0.25 0.1875 0.21875 0.1875 0.21875 0.125 0.25 0.5625 0.25 0.625 0.21875 0.625 0.21875 0.5625 0.25 0.0624999 0.25 0.125 0.21875 0.125 0.21875 0.0624999 0.25 0.5 0.25 0.5625 0.21875 0.5625 0.21875 0.5 0.25 0.9375 0.234375 1 0.21875 0.9375 0.234375 0 0.25 0.0624999 0.21875 0.0624999 0.25 0.4375 0.25 0.5 0.21875 0.5 0.21875 0.4375 0.25 0.875 0.25 0.9375 0.21875 0.9375 0.21875 0.875 0.25 0.375 0.25 0.4375 0.21875 0.4375 0.21875 0.375 0.21875 0.5625 0.21875 0.625 0.1875 0.625 0.1875 0.5625 0.21875 0.0624999 0.21875 0.125 0.1875 0.125 0.1875 0.0624999 0.21875 0.5 0.21875 0.5625 0.1875 0.5625 0.1875 0.5 0.21875 0.9375 0.203125 1 0.1875 0.9375 0.203125 0 0.21875 0.0624999 0.1875 0.0624999 0.21875 0.4375 0.21875 0.5 0.1875 0.5 0.1875 0.4375 0.21875 0.875 0.21875 0.9375 0.1875 0.9375 0.1875 0.875 0.21875 0.375 0.21875 0.4375 0.1875 0.4375 0.1875 0.375 0.21875 0.8125 0.21875 0.875 0.1875 0.875 0.1875 0.8125 0.21875 0.3125 0.21875 0.375 0.1875 0.375 0.1875 0.3125 0.21875 0.75 0.21875 0.8125 0.1875 0.8125 0.1875 0.75 0.21875 0.25 0.21875 0.3125 0.1875 0.3125 0.1875 0.25 0.21875 0.6875 0.21875 0.75 0.1875 0.75 0.1875 0.6875 0.21875 0.1875 0.21875 0.25 0.1875 0.25 0.1875 0.1875 0.21875 0.625 0.21875 0.6875 0.1875 0.6875 0.1875 0.625 0.21875 0.125 0.21875 0.1875 0.1875 0.1875 0.1875 0.125 0.1875 0.3125 0.1875 0.375 0.15625 0.375 0.15625 0.3125 0.1875 0.75 0.1875 0.8125 0.15625 0.8125 0.15625 0.75 0.1875 0.25 0.1875 0.3125 0.15625 0.3125 0.15625 0.25 0.1875 0.6875 0.1875 0.75 0.15625 0.75 0.15625 0.6875 0.1875 0.1875 0.1875 0.25 0.15625 0.25 0.15625 0.1875 0.1875 0.625 0.1875 0.6875 0.15625 0.6875 0.15625 0.625 0.1875 0.125 0.1875 0.1875 0.15625 0.1875 0.15625 0.125 0.1875 0.5625 0.1875 0.625 0.15625 0.625 0.15625 0.5625 0.1875 0.0624999 0.1875 0.125 0.15625 0.125 0.15625 0.0624999 0.1875 0.5 0.1875 0.5625 0.15625 0.5625 0.15625 0.5 0.1875 0.9375 0.171875 1 0.15625 0.9375 0.171875 0 0.1875 0.0624999 0.15625 0.0624999 0.1875 0.4375 0.1875 0.5 0.15625 0.5 0.15625 0.4375 0.1875 0.875 0.1875 0.9375 0.15625 0.9375 0.15625 0.875 0.1875 0.375 0.1875 0.4375 0.15625 0.4375 0.15625 0.375 0.1875 0.8125 0.1875 0.875 0.15625 0.875 0.15625 0.8125 0.15625 0.0624999 0.15625 0.125 0.125 0.125 0.125 0.0624999 0.15625 0.5 0.15625 0.5625 0.125 0.5625 0.125 0.5 0.15625 0.9375 0.140625 1 0.125 0.9375 0.140625 0 0.15625 0.0624999 0.125 0.0624999 0.15625 0.4375 0.15625 0.5 0.125 0.5 0.125 0.4375 0.15625 0.875 0.15625 0.9375 0.125 0.9375 0.125 0.875 0.15625 0.375 0.15625 0.4375 0.125 0.4375 0.125 0.375 0.15625 0.8125 0.15625 0.875 0.125 0.875 0.125 0.8125 0.15625 0.3125 0.15625 0.375 0.125 0.375 0.125 0.3125 0.15625 0.75 0.15625 0.8125 0.125 0.8125 0.125 0.75 0.15625 0.25 0.15625 0.3125 0.125 0.3125 0.125 0.25 0.15625 0.6875 0.15625 0.75 0.125 0.75 0.125 0.6875 0.15625 0.1875 0.15625 0.25 0.125 0.25 0.125 0.1875 0.15625 0.625 0.15625 0.6875 0.125 0.6875 0.125 0.625 0.15625 0.125 0.15625 0.1875 0.125 0.1875 0.125 0.125 0.15625 0.5625 0.15625 0.625 0.125 0.625 0.125 0.5625 0.125 0.25 0.125 0.3125 0.09375 0.3125 0.09375 0.25 0.125 0.6875 0.125 0.75 0.09375 0.75 0.09375 0.6875 0.125 0.1875 0.125 0.25 0.09375 0.25 0.09375 0.1875 0.125 0.625 0.125 0.6875 0.09375 0.6875 0.09375 0.625 0.125 0.125 0.125 0.1875 0.09375 0.1875 0.0937501 0.125 0.125 0.5625 0.125 0.625 0.09375 0.625 0.09375 0.5625 0.125 0.0624999 0.125 0.125 0.0937501 0.125 0.0937502 0.0624999 0.125 0.5 0.125 0.5625 0.09375 0.5625 0.09375 0.5 0.125 0.9375 0.109375 1 0.0937502 0.9375 0.109375 0 0.125 0.0624999 0.0937502 0.0624999 0.125 0.4375 0.125 0.5 0.09375 0.5 0.09375 0.4375 0.125 0.875 0.125 0.9375 0.0937502 0.9375 0.0937501 0.875 0.125 0.375 0.125 0.4375 0.09375 0.4375 0.09375 0.375 0.125 0.8125 0.125 0.875 0.0937501 0.875 0.09375 0.8125 0.125 0.3125 0.125 0.375 0.09375 0.375 0.09375 0.3125 0.125 0.75 0.125 0.8125 0.09375 0.8125 0.09375 0.75 0.0937502 0.9375 0.0781254 1 0.0625002 0.9375 0.0781253 0 0.0937502 0.0624999 0.0625002 0.0624999 0.09375 0.4375 0.09375 0.5 0.0625 0.5 0.0625 0.4375 0.0937501 0.875 0.0937502 0.9375 0.0625002 0.9375 0.0625001 0.875 0.09375 0.375 0.09375 0.4375 0.0625 0.4375 0.0625 0.375 0.09375 0.8125 0.0937501 0.875 0.0625001 0.875 0.0625001 0.8125 0.09375 0.3125 0.09375 0.375 0.0625 0.375 0.0625 0.3125 0.09375 0.75 0.09375 0.8125 0.0625001 0.8125 0.0625 0.75 0.09375 0.25 0.09375 0.3125 0.0625 0.3125 0.0625 0.25 0.09375 0.6875 0.09375 0.75 0.0625 0.75 0.0625 0.6875 0.09375 0.1875 0.09375 0.25 0.0625 0.25 0.0625001 0.1875 0.09375 0.625 0.09375 0.6875 0.0625 0.6875 0.0625 0.625 0.0937501 0.125 0.09375 0.1875 0.0625001 0.1875 0.0625001 0.125 0.09375 0.5625 0.09375 0.625 0.0625 0.625 0.0625 0.5625 0.0937502 0.0624999 0.0937501 0.125 0.0625001 0.125 0.0625002 0.0624999 0.09375 0.5 0.09375 0.5625 0.0625 0.5625 0.0625 0.5 0.0625 0.6875 0.0625 0.75 0.03125 0.75 0.03125 0.6875 0.0625001 0.1875 0.0625 0.25 0.03125 0.25 0.03125 0.1875 0.0625 0.625 0.0625 0.6875 0.03125 0.6875 0.03125 0.625 0.0625001 0.125 0.0625001 0.1875 0.03125 0.1875 0.03125 0.125 0.0625 0.5625 0.0625 0.625 0.03125 0.625 0.0312499 0.5625 0.0625002 0.0624999 0.0625001 0.125 0.03125 0.125 0.0312502 0.0624999 0.0625 0.5 0.0625 0.5625 0.0312499 0.5625 0.03125 0.5 0.0625002 0.9375 0.0468754 1 0.0312502 0.9375 0.0468754 0 0.0625002 0.0624999 0.0312502 0.0624999 0.0625 0.4375 0.0625 0.5 0.03125 0.5 0.0312499 0.4375 0.0625001 0.875 0.0625002 0.9375 0.0312502 0.9375 0.03125 0.875 0.0625 0.375 0.0625 0.4375 0.0312499 0.4375 0.03125 0.375 0.0625001 0.8125 0.0625001 0.875 0.03125 0.875 0.03125 0.8125 0.0625 0.3125 0.0625 0.375 0.03125 0.375 0.03125 0.3125 0.0625 0.75 0.0625001 0.8125 0.03125 0.8125 0.03125 0.75 0.0625 0.25 0.0625 0.3125 0.03125 0.3125 0.03125 0.25 0.0312499 0.4375 0.03125 0.5 0 0.5 0 0.4375 0.03125 0.875 0.0312502 0.9375 2.38419e-07 0.9375 0 0.875 0.03125 0.375 0.0312499 0.4375 0 0.4375 0 0.375 0.03125 0.8125 0.03125 0.875 0 0.875 0 0.8125 0.03125 0.3125 0.03125 0.375 0 0.375 0 0.3125 0.03125 0.75 0.03125 0.8125 0 0.8125 0 0.75 0.03125 0.25 0.03125 0.3125 0 0.3125 0 0.25 0.03125 0.6875 0.03125 0.75 0 0.75 0 0.6875 0.03125 0.1875 0.03125 0.25 0 0.25 0 0.1875 0.03125 0.625 0.03125 0.6875 0 0.6875 0 0.625 0.03125 0.125 0.03125 0.1875 0 0.1875 0 0.125 0.0312499 0.5625 0.03125 0.625 0 0.625 0 0.5625 0.0312502 0.0624999 0.03125 0.125 0 0.125 2.38419e-07 0.0624999 0.03125 0.5 0.0312499 0.5625 0 0.5625 0 0.5 0.0312502 0.9375 0.0156255 1 2.38419e-07 0.9375 0.0156254 0 0.0312502 0.0624999 2.38419e-07 0.0624999 1 0.1875 1 0.25 0.96875 0.25 0.96875 0.1875 1 0.625 1 0.6875 0.96875 0.6875 0.96875 0.625 1 0.125 1 0.1875 0.96875 0.1875 0.96875 0.125 1 0.5625 1 0.625 0.96875 0.625 0.96875 0.5625 1 0.0624999 1 0.125 0.96875 0.125 0.96875 0.0624999 1 0.5 1 0.5625 0.96875 0.5625 0.96875 0.5 1 0.9375 0.984375 1 0.96875 0.9375 0.984375 0 1 0.0624999 0.96875 0.0624999 1 0.4375 1 0.5 0.96875 0.5 0.96875 0.4375 1 0.875 1 0.9375 0.96875 0.9375 0.96875 0.875 1 0.375 1 0.4375 0.96875 0.4375 0.96875 0.375 1 0.8125 1 0.875 0.96875 0.875 0.96875 0.8125 1 0.3125 1 0.375 0.96875 0.375 0.96875 0.3125 1 0.75 1 0.8125 0.96875 0.8125 0.96875 0.75 1 0.25 1 0.3125 0.96875 0.3125 0.96875 0.25 1 0.6875 1 0.75 0.96875 0.75 0.96875 0.6875 0.96875 0.875 0.96875 0.9375 0.9375 0.9375 0.9375 0.875 0.96875 0.375 0.96875 0.4375 0.9375 0.4375 0.9375 0.375 0.96875 0.8125 0.96875 0.875 0.9375 0.875 0.9375 0.8125 0.96875 0.3125 0.96875 0.375 0.9375 0.375 0.9375 0.3125 0.96875 0.75 0.96875 0.8125 0.9375 0.8125 0.9375 0.75 0.96875 0.25 0.96875 0.3125 0.9375 0.3125 0.9375 0.25 0.96875 0.6875 0.96875 0.75 0.9375 0.75 0.9375 0.6875 0.96875 0.1875 0.96875 0.25 0.9375 0.25 0.9375 0.1875 0.96875 0.625 0.96875 0.6875 0.9375 0.6875 0.9375 0.625 0.96875 0.125 0.96875 0.1875 0.9375 0.1875 0.9375 0.125 0.96875 0.5625 0.96875 0.625 0.9375 0.625 0.9375 0.5625 0.96875 0.0624999 0.96875 0.125 0.9375 0.125 0.9375 0.0624999 0.96875 0.5 0.96875 0.5625 0.9375 0.5625 0.9375 0.5 0.96875 0.9375 0.953125 1 0.9375 0.9375 0.953125 0 0.96875 0.0624999 0.9375 0.0624999 0.96875 0.4375 0.96875 0.5 0.9375 0.5 0.9375 0.4375 0.9375 0.625 0.9375 0.6875 0.90625 0.6875 0.90625 0.625 0.9375 0.125 0.9375 0.1875 0.90625 0.1875 0.90625 0.125 0.9375 0.5625 0.9375 0.625 0.90625 0.625 0.90625 0.5625 0.9375 0.0624999 0.9375 0.125 0.90625 0.125 0.90625 0.0624999 0.9375 0.5 0.9375 0.5625 0.90625 0.5625 0.90625 0.5 0.9375 0.9375 0.921875 1 0.90625 0.9375 0.921875 0 0.9375 0.0624999 0.90625 0.0624999 0.9375 0.4375 0.9375 0.5 0.90625 0.5 0.90625 0.4375 0.9375 0.875 0.9375 0.9375 0.90625 0.9375 0.90625 0.875 0.9375 0.375 0.9375 0.4375 0.90625 0.4375 0.90625 0.375 0.9375 0.8125 0.9375 0.875 0.90625 0.875 0.90625 0.8125 0.9375 0.3125 0.9375 0.375 0.90625 0.375 0.90625 0.3125 0.9375 0.75 0.9375 0.8125 0.90625 0.8125 0.90625 0.75 0.9375 0.25 0.9375 0.3125 0.90625 0.3125 0.90625 0.25 0.9375 0.6875 0.9375 0.75 0.90625 0.75 0.90625 0.6875 0.9375 0.1875 0.9375 0.25 0.90625 0.25 0.90625 0.1875 0.90625 0.375 0.90625 0.4375 0.875 0.4375 0.875 0.375 0.90625 0.8125 0.90625 0.875 0.875 0.875 0.875 0.8125 0.90625 0.3125 0.90625 0.375 0.875 0.375 0.875 0.3125 0.90625 0.75 0.90625 0.8125 0.875 0.8125 0.875 0.75 0.90625 0.25 0.90625 0.3125 0.875 0.3125 0.875 0.25 0.90625 0.6875 0.90625 0.75 0.875 0.75 0.875 0.6875 0.90625 0.1875 0.90625 0.25 0.875 0.25 0.875 0.1875 0.90625 0.625 0.90625 0.6875 0.875 0.6875 0.875 0.625 0.90625 0.125 0.90625 0.1875 0.875 0.1875 0.875 0.125 0.90625 0.5625 0.90625 0.625 0.875 0.625 0.875 0.5625 0.90625 0.0624999 0.90625 0.125 0.875 0.125 0.875 0.0624999 0.90625 0.5 0.90625 0.5625 0.875 0.5625 0.875 0.5 0.90625 0.9375 0.890625 1 0.875 0.9375 0.890625 0 0.90625 0.0624999 0.875 0.0624999 0.90625 0.4375 0.90625 0.5 0.875 0.5 0.875 0.4375 0.90625 0.875 0.90625 0.9375 0.875 0.9375 0.875 0.875 0.875 0.125 0.875 0.1875 0.84375 0.1875 0.84375 0.125 0.875 0.5625 0.875 0.625 0.84375 0.625 0.84375 0.5625 0.875 0.0624999 0.875 0.125 0.84375 0.125 0.84375 0.0624999 0.875 0.5 0.875 0.5625 0.84375 0.5625 0.84375 0.5 0.875 0.9375 0.859375 1 0.84375 0.9375 0.859375 0 0.875 0.0624999 0.84375 0.0624999 0.875 0.4375 0.875 0.5 0.84375 0.5 0.84375 0.4375 0.875 0.875 0.875 0.9375 0.84375 0.9375 0.84375 0.875 0.875 0.375 0.875 0.4375 0.84375 0.4375 0.84375 0.375 0.875 0.8125 0.875 0.875 0.84375 0.875 0.84375 0.8125 0.875 0.3125 0.875 0.375 0.84375 0.375 0.84375 0.3125 0.875 0.75 0.875 0.8125 0.84375 0.8125 0.84375 0.75 0.875 0.25 0.875 0.3125 0.84375 0.3125 0.84375 0.25 0.875 0.6875 0.875 0.75 0.84375 0.75 0.84375 0.6875 0.875 0.1875 0.875 0.25 0.84375 0.25 0.84375 0.1875 0.875 0.625 0.875 0.6875 0.84375 0.6875 0.84375 0.625 0.84375 0.3125 0.84375 0.375 0.8125 0.375 0.8125 0.3125 0.84375 0.75 0.84375 0.8125 0.8125 0.8125 0.8125 0.75 0.84375 0.25 0.84375 0.3125 0.8125 0.3125 0.8125 0.25 0.84375 0.6875 0.84375 0.75 0.8125 0.75 0.8125 0.6875 0.84375 0.1875 0.84375 0.25 0.8125 0.25 0.8125 0.1875 0.84375 0.625 0.84375 0.6875 0.8125 0.6875 0.8125 0.625 0.84375 0.125 0.84375 0.1875 0.8125 0.1875 0.8125 0.125 0.84375 0.5625 0.84375 0.625 0.8125 0.625 0.8125 0.5625 0.84375 0.0624999 0.84375 0.125 0.8125 0.125 0.8125 0.0624999 0.84375 0.5 0.84375 0.5625 0.8125 0.5625 0.8125 0.5 0.84375 0.9375 0.828125 1 0.8125 0.9375 0.828125 0 0.84375 0.0624999 0.8125 0.0624999 0.84375 0.4375 0.84375 0.5 0.8125 0.5 0.8125 0.4375 0.84375 0.875 0.84375 0.9375 0.8125 0.9375 0.8125 0.875 0.84375 0.375 0.84375 0.4375 0.8125 0.4375 0.8125 0.375 0.84375 0.8125 0.84375 0.875 0.8125 0.875 0.8125 0.8125 0.8125 0.0624999 0.8125 0.125 0.78125 0.125 0.78125 0.0624999 0.8125 0.5 0.8125 0.5625 0.78125 0.5625 0.78125 0.5 0.8125 0.9375 0.796875 1 0.78125 0.9375 0.796875 0 0.8125 0.0624999 0.78125 0.0624999 0.8125 0.4375 0.8125 0.5 0.78125 0.5 0.78125 0.4375 0.8125 0.875 0.8125 0.9375 0.78125 0.9375 0.78125 0.875 0.8125 0.375 0.8125 0.4375 0.78125 0.4375 0.78125 0.375 0.8125 0.8125 0.8125 0.875 0.78125 0.875 0.78125 0.8125 0.8125 0.3125 0.8125 0.375 0.78125 0.375 0.78125 0.3125 0.8125 0.75 0.8125 0.8125 0.78125 0.8125 0.78125 0.75 0.8125 0.25 0.8125 0.3125 0.78125 0.3125 0.78125 0.25 0.8125 0.6875 0.8125 0.75 0.78125 0.75 0.78125 0.6875 0.8125 0.1875 0.8125 0.25 0.78125 0.25 0.78125 0.1875 0.8125 0.625 0.8125 0.6875 0.78125 0.6875 0.78125 0.625 0.8125 0.125 0.8125 0.1875 0.78125 0.1875 0.78125 0.125 0.8125 0.5625 0.8125 0.625 0.78125 0.625 0.78125 0.5625 0.78125 0.75 0.78125 0.8125 0.75 0.8125 0.75 0.75 0.78125 0.25 0.78125 0.3125 0.75 0.3125 0.75 0.25 0.78125 0.6875 0.78125 0.75 0.75 0.75 0.75 0.6875 0.78125 0.1875 0.78125 0.25 0.75 0.25 0.75 0.1875 0.78125 0.625 0.78125 0.6875 0.75 0.6875 0.75 0.625 0.78125 0.125 0.78125 0.1875 0.75 0.1875 0.75 0.125 0.78125 0.5625 0.78125 0.625 0.75 0.625 0.75 0.5625 0.78125 0.0624999 0.78125 0.125 0.75 0.125 0.75 0.0624999 0.78125 0.5 0.78125 0.5625 0.75 0.5625 0.75 0.5 0.78125 0.9375 0.765625 1 0.75 0.9375 0.765625 0 0.78125 0.0624999 0.75 0.0624999 0.78125 0.4375 0.78125 0.5 0.75 0.5 0.75 0.4375 0.78125 0.875 0.78125 0.9375 0.75 0.9375 0.75 0.875 0.78125 0.375 0.78125 0.4375 0.75 0.4375 0.75 0.375 0.78125 0.8125 0.78125 0.875 0.75 0.875 0.75 0.8125 0.78125 0.3125 0.78125 0.375 0.75 0.375 0.75 0.3125 </float_array>
     <technique_common>
      <accessor source="#ID13-array" count="1984" stride="2">
       <param name="S" type="float"/>
       <param name="T" type="float"/>
      </accessor>
     </technique_common>
    </source>
    <vertices id="geometrySource8-vertices">
     <input semantic="POSITION" source="#geometrySource8"/>
     <input semantic="NORMAL" source="#geometrySource10"/>
    </vertices>
    <triangles count="960" material="geometryElement14">
     <input semantic="VERTEX" offset="0" source="#geometrySource8-vertices"/>
     <input semantic="NORMAL" offset="0" source="#geometrySource10"/>
     <input semantic="TEXCOORD" offset="0" source="#geometrySource12" set="1"/>
     <p>0 1 2 0 2 3 4 5 6 4 6 7 8 9 10 8 10 11 12 13 14 12 14 15 16 17 18 16 18 19 20 21 22 20 22 23 24 25 26 24 26 27 28 29 30 28 30 31 32 33 34 32 34 35 36 37 38 36 38 39 40 41 42 43 44 45 46 47 48 46 48 49 50 51 52 50 52 53 54 55 56 54 56 57 58 59 60 58 60 61 62 63 64 62 64 65 66 67 68 66 68 69 70 71 72 70 72 73 74 75 76 74 76 77 78 79 80 78 80 81 82 83 84 82 84 85 86 87 88 86 88 89 90 91 92 90 92 93 94 95 96 94 96 97 98 99 100 98 100 101 102 103 104 102 104 105 106 107 108 106 108 109 110 111 112 113 114 115 116 117 118 116 118 119 120 121 122 120 122 123 124 125 126 124 126 127 128 129 130 128 130 131 132 133 134 132 134 135 136 137 138 136 138 139 140 141 142 143 144 145 146 147 148 146 148 149 150 151 152 150 152 153 154 155 156 154 156 157 158 159 160 158 160 161 162 163 164 162 164 165 166 167 168 166 168 169 170 171 172 170 172 173 174 175 176 174 176 177 178 179 180 178 180 181 182 183 184 182 184 185 186 187 188 186 188 189 190 191 192 190 192 193 194 195 196 194 196 197 198 199 200 198 200 201 202 203 204 202 204 205 206 207 208 206 208 209 210 211 212 210 212 213 214 215 216 214 216 217 218 219 220 218 220 221 222 223 224 222 224 225 226 227 228 226 228 229 230 231 232 233 234 235 236 237 238 236 238 239 240 241 242 240 242 243 244 245 246 244 246 247 248 249 250 248 250 251 252 253 254 252 254 255 256 257 258 256 258 259 260 261 262 263 264 265 266 267 268 266 268 269 270 271 272 270 272 273 274 275 276 274 276 277 278 279 280 278 280 281 282 283 284 282 284 285 286 287 288 286 288 289 290 291 292 290 292 293 294 295 296 294 296 297 298 299 300 298 300 301 302 303 304 302 304 305 306 307 308 306 308 309 310 311 312 310 312 313 314 315 316 314 316 317 318 319 320 318 320 321 322 323 324 322 324 325 326 327 328 326 328 329 330 331 332 330 332 333 334 335 336 334 336 337 338 339 340 338 340 341 342 343 344 342 344 345 346 347 348 346 348 349 350 351 352 353 354 355 356 357 358 356 358 359 360 361 362 360 362 363 364 365 366 364 366 367 368 369 370 368 370 371 372 373 374 372 374 375 376 377 378 376 378 379 380 381 382 383 384 385 386 387 388 386 388 389 390 391 392 390 392 393 394 395 396 394 396 397 398 399 400 398 400 401 402 403 404 402 404 405 406 407 408 406 408 409 410 411 412 410 412 413 414 415 416 414 416 417 418 419 420 418 420 421 422 423 424 422 424 425 426 427 428 426 428 429 430 431 432 430 432 433 434 435 436 434 436 437 438 439 440 438 440 441 442 443 444 442 444 445 446 447 448 446 448 449 450 451 452 450 452 453 454 455 456 454 456 457 458 459 460 458 460 461 462 463 464 462 464 465 466 467 468 466 468 469 470 471 472 473 474 475 476 477 478 476 478 479 480 481 482 480 482 483 484 485 486 484 486 487 488 489 490 488 490 491 492 493 494 492 494 495 496 497 498 496 498 499 500 501 502 503 504 505 506 507 508 506 508 509 510 511 512 510 512 513 514 515 516 514 516 517 518 519 520 518 520 521 522 523 524 522 524 525 526 527 528 526 528 529 530 531 532 530 532 533 534 535 536 534 536 537 538 539 540 538 540 541 542 543 544 542 544 545 546 547 548 546 548 549 550 551 552 550 552 553 554 555 556 554 556 557 558 559 560 558 560 561 562 563 564 562 564 565 566 567 568 566 568 569 570 571 572 570 572 573 574 575 576 574 576 577 578 579 580 578 580 581 582 583 584 582 584 585 586 587 588 586 588 589 590 591 592 593 594 595 596 597 598 596 598 599 600 601 602 600 602 603 604 605 606 604 606 607 608 609 610 608 610 611 612 613 614 612 614 615 616 617 618 616 618 619 620 621 622 623 624 625 623 625 626 627 628 629 627 629 630 631 632 633 631 633 634 635 636 637 635 637 638 639 640 641 639 641 642 643 644 645 643 645 646 647 648 649 647 649 650 651 652 653 651 653 654 655 656 657 655 657 658 659 660 661 659 661 662 663 664 665 663 665 666 667 668 669 667 669 670 671 672 673 671 673 674 675 676 677 675 677 678 679 680 681 682 683 684 682 684 685 686 687 688 686 688 689 690 691 692 690 692 693 694 695 696 694 696 697 698 699 700 698 700 701 702 703 704 702 704 705 706 707 708 709 710 711 712 713 714 712 714 715 716 717 718 716 718 719 720 721 722 720 722 723 724 725 726 724 726 727 728 729 730 728 730 731 732 733 734 732 734 735 736 737 738 736 738 739 740 741 742 740 742 743 744 745 746 744 746 747 748 749 750 748 750 751 752 753 754 752 754 755 756 757 758 756 758 759 760 761 762 760 762 763 764 765 766 764 766 767 768 769 770 768 770 771 772 773 774 772 774 775 776 777 778 776 778 779 780 781 782 780 782 783 784 785 786 784 786 787 788 789 790 788 790 791 792 793 794 792 794 795 796 797 798 799 800 801 802 803 804 802 804 805 806 807 808 806 808 809 810 811 812 810 812 813 814 815 816 814 816 817 818 819 820 818 820 821 822 823 824 822 824 825 826 827 828 829 830 831 832 833 834 832 834 835 836 837 838 836 838 839 840 841 842 840 842 843 844 845 846 844 846 847 848 849 850 848 850 851 852 853 854 852 854 855 856 857 858 856 858 859 860 861 862 860 862 863 864 865 866 864 866 867 868 869 870 868 870 871 872 873 874 872 874 875 876 877 878 876 878 879 880 881 882 880 882 883 884 885 886 884 886 887 888 889 890 888 890 891 892 893 894 892 894 895 896 897 898 896 898 899 900 901 902 900 902 903 904 905 906 904 906 907 908 909 910 908 910 911 912 913 914 912 914 915 916 917 918 919 920 921 922 923 924 922 924 925 926 927 928 926 928 929 930 931 932 930 932 933 934 935 936 934 936 937 938 939 940 938 940 941 942 943 944 942 944 945 946 947 948 949 950 951 952 953 954 952 954 955 956 957 958 956 958 959 960 961 962 960 962 963 964 965 966 964 966 967 968 969 970 968 970 971 972 973 974 972 974 975 976 977 978 976 978 979 980 981 982 980 982 983 984 985 986 984 986 987 988 989 990 988 990 991 992 993 994 992 994 995 996 997 998 996 998 999 1000 1001 1002 1000 1002 1003 1004 1005 1006 1004 1006 1007 1008 1009 1010 1008 1010 1011 1012 1013 1014 1012 1014 1015 1016 1017 1018 1016 1018 1019 1020 1021 1022 1020 1022 1023 1024 1025 1026 1024 1026 1027 1028 1029 1030 1028 1030 1031 1032 1033 1034 1032 1034 1035 1036 1037 1038 1039 1040 1041 1042 1043 1044 1042 1044 1045 1046 1047 1048 1046 1048 1049 1050 1051 1052 1050 1052 1053 1054 1055 1056 1054 1056 1057 1058 1059 1060 1058 1060 1061 1062 1063 1064 1062 1064 1065 1066 1067 1068 1069 1070 1071 1072 1073 1074 1072 1074 1075 1076 1077 1078 1076 1078 1079 1080 1081 1082 1080 1082 1083 1084 1085 1086 1084 1086 1087 1088 1089 1090 1088 1090 1091 1092 1093 1094 1092 1094 1095 1096 1097 1098 1096 1098 1099 1100 1101 1102 1100 1102 1103 1104 1105 1106 1104 1106 1107 1108 1109 1110 1108 1110 1111 1112 1113 1114 1112 1114 1115 1116 1117 1118 1116 1118 1119 1120 1121 1122 1120 1122 1123 1124 1125 1126 1124 1126 1127 1128 1129 1130 1128 1130 1131 1132 1133 1134 1132 1134 1135 1136 1137 1138 1136 1138 1139 1140 1141 1142 1140 1142 1143 1144 1145 1146 1144 1146 1147 1148 1149 1150 1148 1150 1151 1152 1153 1154 1152 1154 1155 1156 1157 1158 1159 1160 1161 1162 1163 1164 1162 1164 1165 1166 1167 1168 1166 1168 1169 1170 1171 1172 1170 1172 1173 1174 1175 1176 1174 1176 1177 1178 1179 1180 1178 1180 1181 1182 1183 1184 1182 1184 1185 1186 1187 1188 1189 1190 1191 1192 1193 1194 1192 1194 1195 1196 1197 1198 1196 1198 1199 1200 1201 1202 1200 1202 1203 1204 1205 1206 1204 1206 1207 1208 1209 1210 1208 1210 1211 1212 1213 1214 1212 1214 1215 1216 1217 1218 1216 1218 1219 1220 1221 1222 1220 1222 1223 1224 1225 1226 1224 1226 1227 1228 1229 1230 1228 1230 1231 1232 1233 1234 1232 1234 1235 1236 1237 1238 1236 1238 1239 1240 1241 1242 1240 1242 1243 1244 1245 1246 1244 1246 1247 1248 1249 1250 1248 1250 1251 1252 1253 1254 1252 1254 1255 1256 1257 1258 1256 1258 1259 1260 1261 1262 1260 1262 1263 1264 1265 1266 1264 1266 1267 1268 1269 1270 1268 1270 1271 1272 1273 1274 1275 1276 1277 1278 1279 1280 1278 1280 1281 1282 1283 1284 1282 1284 1285 1286 1287 1288 1286 1288 1289 1290 1291 1292 1290 1292 1293 1294 1295 1296 1294 1296 1297 1298 1299 1300 1298 1300 1301 1302 1303 1304 1305 1306 1307 1308 1309 1310 1308 1310 1311 1312 1313 1314 1312 1314 1315 1316 1317 1318 1316 1318 1319 1320 1321 1322 1320 1322 1323 1324 1325 1326 1324 1326 1327 1328 1329 1330 1328 1330 1331 1332 1333 1334 1332 1334 1335 1336 1337 1338 1336 1338 1339 1340 1341 1342 1340 1342 1343 1344 1345 1346 1344 1346 1347 1348 1349 1350 1348 1350 1351 1352 1353 1354 1352 1354 1355 1356 1357 1358 1356 1358 1359 1360 1361 1362 1360 1362 1363 1364 1365 1366 1364 1366 1367 1368 1369 1370 1368 1370 1371 1372 1373 1374 1372 1374 1375 1376 1377 1378 1376 1378 1379 1380 1381 1382 1380 1382 1383 1384 1385 1386 1384 1386 1387 1388 1389 1390 1388 1390 1391 1392 1393 1394 1395 1396 1397 1398 1399 1400 1398 1400 1401 1402 1403 1404 1402 1404 1405 1406 1407 1408 1406 1408 1409 1410 1411 1412 1410 1412 1413 1414 1415 1416 1414 1416 1417 1418 1419 1420 1418 1420 1421 1422 1423 1424 1422 1424 1425 1426 1427 1428 1426 1428 1429 1430 1431 1432 1430 1432 1433 1434 1435 1436 1434 1436 1437 1438 1439 1440 1438 1440 1441 1442 1443 1444 1442 1444 1445 1446 1447 1448 1446 1448 1449 1450 1451 1452 1450 1452 1453 1454 1455 1456 1454 1456 1457 1458 1459 1460 1458 1460 1461 1462 1463 1464 1462 1464 1465 1466 1467 1468 1466 1468 1469 1470 1471 1472 1470 1472 1473 1474 1475 1476 1474 1476 1477 1478 1479 1480 1478 1480 1481 1482 1483 1484 1485 1486 1487 1488 1489 1490 1488 1490 1491 1492 1493 1494 1492 1494 1495 1496 1497 1498 1496 1498 1499 1500 1501 1502 1500 1502 1503 1504 1505 1506 1504 1506 1507 1508 1509 1510 1508 1510 1511 1512 1513 1514 1515 1516 1517 1518 1519 1520 1518 1520 1521 1522 1523 1524 1522 1524 1525 1526 1527 1528 1526 1528 1529 1530 1531 1532 1530 1532 1533 1534 1535 1536 1534 1536 1537 1538 1539 1540 1538 1540 1541 1542 1543 1544 1542 1544 1545 1546 1547 1548 1546 1548 1549 1550 1551 1552 1550 1552 1553 1554 1555 1556 1554 1556 1557 1558 1559 1560 1558 1560 1561 1562 1563 1564 1562 1564 1565 1566 1567 1568 1566 1568 1569 1570 1571 1572 1570 1572 1573 1574 1575 1576 1574 1576 1577 1578 1579 1580 1578 1580 1581 1582 1583 1584 1582 1584 1585 1586 1587 1588 1586 1588 1589 1590 1591 1592 1590 1592 1593 1594 1595 1596 1594 1596 1597 1598 1599 1600 1598 1600 1601 1602 1603 1604 1605 1606 1607 1608 1609 1610 1608 1610 1611 1612 1613 1614 1612 1614 1615 1616 1617 1618 1616 1618 1619 1620 1621 1622 1620 1622 1623 1624 1625 1626 1624 1626 1627 1628 1629 1630 1628 1630 1631 1632 1633 1634 1635 1636 1637 1638 1639 1640 1638 1640 1641 1642 1643 1644 1642 1644 1645 1646 1647 1648 1646 1648 1649 1650 1651 1652 1650 1652 1653 1654 1655 1656 1654 1656 1657 1658 1659 1660 1658 1660 1661 1662 1663 1664 1662 1664 1665 1666 1667 1668 1666 1668 1669 1670 1671 1672 1670 1672 1673 1674 1675 1676 1674 1676 1677 1678 1679 1680 1678 1680 1681 1682 1683 1684 1682 1684 1685 1686 1687 1688 1686 1688 1689 1690 1691 1692 1690 1692 1693 1694 1695 1696 1694 1696 1697 1698 1699 1700 1698 1700 1701 1702 1703 1704 1702 1704 1705 1706 1707 1708 1706 1708 1709 1710 1711 1712 1710 1712 1713 1714 1715 1716 1714 1716 1717 1718 1719 1720 1718 1720 1721 1722 1723 1724 1725 1726 1727 1728 1729 1730 1728 1730 1731 1732 1733 1734 1732 1734 1735 1736 1737 1738 1736 1738 1739 1740 1741 1742 1740 1742 1743 1744 1745 1746 1744 1746 1747 1748 1749 1750 1748 1750 1751 1752 1753 1754 1755 1756 1757 1758 1759 1760 1758 1760 1761 1762 1763 1764 1762 1764 1765 1766 1767 1768 1766 1768 1769 1770 1771 1772 1770 1772 1773 1774 1775 1776 1774 1776 1777 1778 1779 1780 1778 1780 1781 1782 1783 1784 1782 1784 1785 1786 1787 1788 1786 1788 1789 1790 1791 1792 1790 1792 1793 1794 1795 1796 1794 1796 1797 1798 1799 1800 1798 1800 1801 1802 1803 1804 1802 1804 1805 1806 1807 1808 1806 1808 1809 1810 1811 1812 1810 1812 1813 1814 1815 1816 1814 1816 1817 1818 1819 1820 1818 1820 1821 1822 1823 1824 1822 1824 1825 1826 1827 1828 1826 1828 1829 1830 1831 1832 1830 1832 1833 1834 1835 1836 1834 1836 1837 1838 1839 1840 1841 1842 1843 1844 1845 1846 1844 1846 1847 1848 1849 1850 1848 1850 1851 1852 1853 1854 1852 1854 1855 1856 1857 1858 1856 1858 1859 1860 1861 1862 1860 1862 1863 1864 1865 1866 1864 1866 1867 1868 1869 1870 1871 1872 1873 1874 1875 1876 1874 1876 1877 1878 1879 1880 1878 1880 1881 1882 1883 1884 1882 1884 1885 1886 1887 1888 1886 1888 1889 1890 1891 1892 1890 1892 1893 1894 1895 1896 1894 1896 1897 1898 1899 1900 1898 1900 1901 1902 1903 1904 1902 1904 1905 1906 1907 1908 1906 1908 1909 1910 1911 1912 1910 1912 1913 1914 1915 1916 1914 1916 1917 1918 1919 1920 1918 1920 1921 1922 1923 1924 1922 1924 1925 1926 1927 1928 1926 1928 1929 1930 1931 1932 1930 1932 1933 1934 1935 1936 1934 1936 1937 1938 1939 1940 1938 1940 1941 1942 1943 1944 1942 1944 1945 1946 1947 1948 1946 1948 1949 1950 1951 1952 1950 1952 1953 1954 1955 1956 1954 1956 1957 1958 1959 1960 1961 1962 1963 1964 1965 1966 1964 1966 1967 1968 1969 1970 1968 1970 1971 1972 1973 1974 1972 1974 1975 1976 1977 1978 1976 1978 1979 1980 1981 1982 1980 1982 1983 </p>
    </triangles>
   </mesh>
  </geometry>
 </library_geometries>
 <library_visual_scenes>
  <visual_scene id="scene15">
   <node id="cloud-out" name="cloud-out">
    <matrix sid="SID_1">0 0 0 0 0 0 0 -9.31323e-10 0 0 0 0 0 0 0 1 </matrix>
    <instance_geometry url="#geometry7"/>
   </node>
  </visual_scene>
 </library_visual_scenes>
 <scene>
  <instance_visual_scene url="#scene15"/>
 </scene>
</COLLADA>
