<?xml version="1.0" encoding="UTF-8"?>
<COLLADA xmlns="http://www.collada.org/2005/11/COLLADASchema" version="1.4.1">
 <asset>
  <contributor>
   <authoring_tool>SceneKit Collada Exporter v1.0</authoring_tool>
  </contributor>
  <created>2026-04-02T01:34:05Z</created>
  <modified>2026-04-02T01:34:05Z</modified>
  <unit meter="1.000000"/>
  <up_axis>Y_UP</up_axis>
 </asset>
 <library_cameras>
  <camera id="camera" name="camera">
   <optics>
    <technique_common>
     <perspective>
      <yfov>47</yfov>
      <znear>0.111134</znear>
      <zfar>100</zfar>
     </perspective>
    </technique_common>
   </optics>
  </camera>
 </library_cameras>
 <library_lights>
  <light id="directional" name="directional">
   <technique_common>
    <directional>
     <color>1 1 1</color>
    </directional>
   </technique_common>
   <extra>
    <technique profile="SceneKit">
     <attenuationStart>0</attenuationStart>
     <attenuationEnd>0</attenuationEnd>
     <attenuationFalloffExponent>0</attenuationFalloffExponent>
     <intensity>1200</intensity>
     <shadow>
      <enable>0</enable>
      <color>0 0 0 1</color>
      <shadowRadius>4</shadowRadius>
      <zNear>1</zNear>
      <zFar>100</zFar>
      <orthographicScale>1</orthographicScale>
     </shadow>
    </technique>
   </extra>
  </light>
  <light id="light1" name="directional">
   <technique_common>
    <directional>
     <color>1 1 1</color>
    </directional>
   </technique_common>
   <extra>
    <technique profile="SceneKit">
     <attenuationStart>0</attenuationStart>
     <attenuationEnd>0</attenuationEnd>
     <attenuationFalloffExponent>2</attenuationFalloffExponent>
     <intensity>2000</intensity>
     <shadow>
      <enable>1</enable>
      <color>0 0 0 1</color>
      <shadowRadius>4</shadowRadius>
      <zNear>1</zNear>
      <zFar>100</zFar>
      <orthographicScale>1</orthographicScale>
     </shadow>
    </technique>
   </extra>
  </light>
  <light id="ambient" name="ambient">
   <technique_common>
    <ambient>
     <color>1 1 1</color>
    </ambient>
   </technique_common>
   <extra>
    <technique profile="SceneKit">
     <attenuationStart>0</attenuationStart>
     <attenuationEnd>0</attenuationEnd>
     <attenuationFalloffExponent>2</attenuationFalloffExponent>
     <intensity>300</intensity>
    </technique>
   </extra>
  </light>
 </library_lights>
 <library_materials>
  <material id="Main" name="Main">
   <instance_effect url="#effect_Main"/>
  </material>
  <material id="background" name="background">
   <instance_effect url="#effect_background"/>
  </material>
  <material id="material2" name="background">
   <instance_effect url="#effect_material2"/>
  </material>
  <material id="_untitled_material_" name="_untitled_material_">
   <instance_effect url="#effect__untitled_material_"/>
  </material>
 </library_materials>
 <library_effects>
  <effect id="effect_Main">
   <profile_COMMON>
    <technique sid="common">
     <constant>
      <reflective>
       <color>0 0 0 1</color>
      </reflective>
      <transparent opaque="A_ONE">
       <color>1 1 1 1</color>
      </transparent>
      <transparency>
       <float>1</float>
      </transparency>
     </constant>
     <extra>
      <technique profile="SceneKit">
       <constant_ambient>
        <color>0.484529 0.484529 0.484529 1</color>
       </constant_ambient>
       <constant_diffuse>
        <color>0 0 0 1</color>
       </constant_diffuse>
      </technique>
     </extra>
    </technique>
   </profile_COMMON>
   <extra>
    <technique profile="SceneKit">
     <litPerPixel>1</litPerPixel>
     <ambient_diffuse_lock>1</ambient_diffuse_lock>
    </technique>
   </extra>
  </effect>
  <effect id="effect_background">
   <profile_COMMON>
    <technique sid="common">
     <constant>
      <reflective>
       <color>0 0 0 1</color>
      </reflective>
      <transparent opaque="A_ONE">
       <color>0 0 0 1</color>
      </transparent>
      <transparency>
       <float>1</float>
      </transparency>
     </constant>
     <extra>
      <technique profile="SceneKit">
       <constant_ambient>
        <color>0 0 0 1</color>
       </constant_ambient>
       <constant_diffuse>
        <color>0 0 0 1</color>
       </constant_diffuse>
      </technique>
     </extra>
    </technique>
   </profile_COMMON>
   <extra>
    <technique profile="SceneKit">
     <litPerPixel>0</litPerPixel>
     <ambient_diffuse_lock>1</ambient_diffuse_lock>
     <intensities>
      <specular>
       <float>0.5</float>
      </specular>
      <normal>
       <float>0.8</float>
      </normal>
     </intensities>
    </technique>
   </extra>
  </effect>
  <effect id="effect_material2">
   <profile_COMMON>
    <technique sid="common">
     <constant>
      <reflective>
       <color>0 0 0 1</color>
      </reflective>
      <transparent opaque="A_ONE">
       <color>0 0 0 1</color>
      </transparent>
      <transparency>
       <float>1</float>
      </transparency>
     </constant>
     <extra>
      <technique profile="SceneKit">
       <constant_ambient>
        <color>0 0 0 1</color>
       </constant_ambient>
       <constant_diffuse>
        <color>0 0 0 1</color>
       </constant_diffuse>
      </technique>
     </extra>
    </technique>
   </profile_COMMON>
   <extra>
    <technique profile="SceneKit">
     <litPerPixel>0</litPerPixel>
     <ambient_diffuse_lock>1</ambient_diffuse_lock>
     <intensities>
      <specular>
       <float>0.5</float>
      </specular>
      <normal>
       <float>0.6</float>
      </normal>
     </intensities>
    </technique>
   </extra>
  </effect>
  <effect id="effect__untitled_material_">
   <profile_COMMON>
    <technique sid="common">
     <phong>
      <ambient>
       <color>0.484529 0.484529 0.484529 1</color>
      </ambient>
      <diffuse>
       <color>0.837421 0.837421 0.837421 1</color>
      </diffuse>
      <reflective>
       <color>0 0 0 1</color>
      </reflective>
      <transparent opaque="A_ONE">
       <color>1 1 1 1</color>
      </transparent>
      <transparency>
       <float>1</float>
      </transparency>
      <index_of_refraction>
       <float>1</float>
      </index_of_refraction>
     </phong>
    </technique>
   </profile_COMMON>
   <extra>
    <technique profile="SceneKit">
     <litPerPixel>1</litPerPixel>
     <ambient_diffuse_lock>1</ambient_diffuse_lock>
     <writesToDepthBuffer>0</writesToDepthBuffer>
    </technique>
   </extra>
  </effect>
 </library_effects>
 <library_geometries>
  <geometry id="geometry3">
   <mesh>
    <source id="geometrySource4">
     <float_array id="ID5-array" count="9990">-0.0792743 -2.99368 -0 -1.18396 -3.08855 -0 -1.18869 -2.99368 -0 -0.0792743 -2.99368 -0 -1.17564 -3.15135 -0 -1.18396 -3.08855 -0 -0.0792743 -2.99368 -0 -1.15569 -3.24438 -0 -1.17564 -3.15135 -0 -0.0792743 -2.99368 -0 -1.12707 -3.33543 -0 -1.15569 -3.24438 -0 -0.0792743 -2.99368 -0 -1.09012 -3.42385 -0 -1.12707 -3.33543 -0 -0.0792743 -2.99368 -0 -1.04518 -3.50896 -0 -1.09012 -3.42385 -0 -0.0792743 -2.99368 -0 -0.992593 -3.59013 -0 -1.04518 -3.50896 -0 -0.0792743 -2.99368 -0 -0.932703 -3.66668 -0 -0.992593 -3.59013 -0 -0.0792743 -2.99368 -0 -0.865854 -3.73797 -0 -0.932703 -3.66668 -0 -0.0792743 -2.99368 -0 -0.792384 -3.80333 -0 -0.865854 -3.73797 -0 -0.0792743 -2.99368 -0 -0.712639 -3.8621 -0 -0.792384 -3.80333 -0 -0.0792743 -2.99368 -0 -0.626959 -3.91364 -0 -0.712639 -3.8621 -0 -0.0792743 -2.99368 -0 -0.535688 -3.95729 -0 -0.626959 -3.91364 -0 -0.0792743 -2.99368 -0 -0.439168 -3.99237 -0 -0.535688 -3.95729 -0 -0.0792743 -2.99368 -0 -0.337739 -4.01825 -0 -0.439168 -3.99237 -0 -0.0792743 -2.99368 -0 -0.231745 -4.03426 -0 -0.337739 -4.01825 -0 -0.0792743 -2.99368 -0 -0.12153 -4.03974 -0 -0.231745 -4.03426 -0 0.0686445 -2.99368 -0 0.132054 -4.03974 -0 -0.12153 -4.03974 -0 -0.0792743 -2.99368 -0 0.0686445 -2.99368 -0 -0.12153 -4.03974 -0 0.0686445 -2.99368 -0 0.240479 -4.03426 -0 0.132054 -4.03974 -0 0.0686445 -2.99368 -0 0.310558 -4.02472 -0 0.240479 -4.03426 -0 0.0686445 -2.99368 -0 0.412105 -4.00206 -0 0.310558 -4.02472 -0 0.0686445 -2.99368 -0 0.509053 -3.96996 -0 0.412105 -4.00206 -0 0.0686445 -2.99368 -0 0.601045 -3.9291 -0 0.509053 -3.96996 -0 0.0686445 -2.99368 -0 0.687724 -3.88012 -0 0.601045 -3.9291 -0 0.0686445 -2.99368 -0 0.768733 -3.82368 -0 0.687724 -3.88012 -0 0.0686445 -2.99368 -0 0.843718 -3.76044 -0 0.768733 -3.82368 -0 0.0686445 -2.99368 -0 0.912322 -3.69106 -0 0.843718 -3.76044 -0 0.0686445 -2.99368 -0 0.974187 -3.61619 -0 0.912322 -3.69106 -0 0.0686445 -2.99368 -0 1.02896 -3.53649 -0 0.974187 -3.61619 -0 0.0686445 -2.99368 -0 1.07629 -3.45262 -0 1.02896 -3.53649 -0 0.0686445 -2.99368 -0 1.1158 -3.36523 -0 1.07629 -3.45262 -0 0.0686445 -2.99368 -0 1.14716 -3.27499 -0 1.1158 -3.36523 -0 0.0686445 -2.99368 -0 1.17 -3.18254 -0 1.14716 -3.27499 -0 0.0686445 -2.99368 -0 1.18396 -3.08855 -0 1.17 -3.18254 -0 0.0686445 -2.99368 -0 1.18869 -2.99368 -0 1.18396 -3.08855 -0 1.18869 -0.616285 -0 1.18869 -2.99368 -0 0.0686445 -2.99368 -0 0.0686445 -0.500053 -0 1.18869 -0.616285 -0 0.0686445 -2.99368 -0 0.0686445 -0.500053 -0 1.18495 -0.535585 -0 1.18869 -0.616285 -0 0.0686445 -0.500053 -0 1.17747 -0.478861 -0 1.18495 -0.535585 -0 0.0686445 -0.500053 -0 1.16179 -0.408025 -0 1.17747 -0.478861 -0 0.0686445 -0.500053 -0 1.1402 -0.342397 -0 1.16179 -0.408025 -0 1.11332 -0.28163 -0 1.1402 -0.342397 -0 0.0686445 -0.500053 -0 0.0686445 -0.500053 -0 1.08182 -0.225409 -0 1.11332 -0.28163 -0 0.0686445 -0.500053 -0 1.03693 -0.16103 -0 1.08182 -0.225409 -0 0.0686445 -0.500053 -0 0.987092 -0.102613 -0 1.03693 -0.16103 -0 0.0686445 -0.500053 -0 0.911424 -0.0296292 -0 0.987092 -0.102613 -0 0.0686445 -0.500053 -0 0.797716 0.0599747 -0 0.911424 -0.0296292 -0 0.0686445 0.567142 -0 0.854603 0.0951228 -0 0.797716 0.0599747 -0 0.0686445 0.567142 -0 0.899386 0.128147 -0 0.854603 0.0951228 -0 0.0686445 0.567142 -0 0.953552 0.175366 -0 0.899386 0.128147 -0 0.0686445 0.567142 -0 1.0047 0.229043 -0 0.953552 0.175366 -0 0.0686445 0.567142 -0 1.05175 0.288959 -0 1.0047 0.229043 -0 0.0686445 0.567142 -0 1.09363 0.354935 -0 1.05175 0.288959 -0 0.0686445 0.567142 -0 1.12925 0.426791 -0 1.09363 0.354935 -0 0.0686445 0.567142 -0 1.15253 0.488375 -0 1.12925 0.426791 -0 0.0686445 0.567142 -0 1.17056 0.553487 -0 1.15253 0.488375 -0 0.0686445 0.567142 -0 1.1828 0.622055 -0 1.17056 0.553487 -0 0.0686445 0.567142 -0 1.18869 0.693958 -0 1.1828 0.622055 -0 0.0686445 3.02909 -0 1.18869 3.01852 -0 1.18869 0.693958 -0 0.0686445 0.567142 -0 0.0686445 3.02909 -0 1.18869 0.693958 -0 0.0686445 3.02909 -0 1.18396 3.11685 -0 1.18869 3.01852 -0 0.0686445 3.02909 -0 1.17565 3.18162 -0 1.18396 3.11685 -0 0.0686445 3.02909 -0 1.15573 3.2771 -0 1.17565 3.18162 -0 0.0686445 3.02909 -0 1.12718 3.37007 -0 1.15573 3.2771 -0 0.0686445 3.02909 -0 1.09034 3.45991 -0 1.12718 3.37007 -0 0.0686445 3.02909 -0 1.04558 3.54602 -0 1.09034 3.45991 -0 0.0686445 3.02909 -0 0.993251 3.62781 -0 1.04558 3.54602 -0 0.0686445 3.02909 -0 0.93371 3.70467 -0 0.993251 3.62781 -0 0.0686445 3.02909 -0 0.867313 3.776 -0 0.93371 3.70467 -0 0.0686445 3.02909 -0 0.794416 3.8412 -0 0.867313 3.776 -0 0.0686445 3.02909 -0 0.715374 3.89965 -0 0.794416 3.8412 -0 0.0686445 3.02909 -0 0.630546 3.95077 -0 0.715374 3.89965 -0 0.0686445 3.02909 -0 0.540286 3.99393 -0 0.630546 3.95077 -0 0.0686445 3.02909 -0 0.44495 4.02857 -0 0.540286 3.99393 -0 0.0686445 3.02909 -0 0.344896 4.05404 -0 0.44495 4.02857 -0 0.0686445 3.02909 -0 0.240479 4.06978 -0 0.344896 4.05404 -0 0.0686445 3.02909 -0 0.132054 4.07515 -0 0.240479 4.06978 -0 -0.12153 4.07515 -0 0.132054 4.07515 -0 0.0686445 3.02909 -0 -0.0792743 3.02909 -0 -0.12153 4.07515 -0 0.0686445 3.02909 -0 -0.0792743 3.02909 -0 -0.231745 4.06978 -0 -0.12153 4.07515 -0 -0.0792743 3.02909 -0 -0.302898 4.0604 -0 -0.231745 4.06978 -0 -0.0792743 3.02909 -0 -0.405886 4.03811 -0 -0.302898 4.0604 -0 -0.0792743 3.02909 -0 -0.50408 4.00646 -0 -0.405886 4.03811 -0 -0.0792743 3.02909 -0 -0.59714 3.96607 -0 -0.50408 4.00646 -0 -0.0792743 3.02909 -0 -0.684721 3.91753 -0 -0.59714 3.96607 -0 -0.0792743 3.02909 -0 -0.766483 3.86145 -0 -0.684721 3.91753 -0 -0.0792743 3.02909 -0 -0.842082 3.79844 -0 -0.766483 3.86145 -0 -0.0792743 3.02909 -0 -0.911177 3.72909 -0 -0.842082 3.79844 -0 -0.0792743 3.02909 -0 -0.973424 3.65401 -0 -0.911177 3.72909 -0 -0.0792743 3.02909 -0 -1.02848 3.57379 -0 -0.973424 3.65401 -0 -0.0792743 3.02909 -0 -1.07601 3.48906 -0 -1.02848 3.57379 -0 -0.0792743 3.02909 -0 -1.11566 3.40039 -0 -1.07601 3.48906 -0 -0.0792743 3.02909 -0 -1.1471 3.3084 -0 -1.11566 3.40039 -0 -0.0792743 3.02909 -0 -1.16998 3.21368 -0 -1.1471 3.3084 -0 -0.0792743 3.02909 -0 -1.18396 3.11685 -0 -1.16998 3.21368 -0 -0.0792743 3.02909 -0 -1.18869 3.01852 -0 -1.18396 3.11685 -0 -1.18869 0.693958 -0 -1.18869 3.01852 -0 -0.0792743 3.02909 -0 -0.0792743 0.567142 -0 -1.18869 0.693958 -0 -0.0792743 3.02909 -0 -0.0792743 0.567142 -0 -1.18495 0.622055 -0 -1.18869 0.693958 -0 -0.0792743 0.567142 -0 -1.17747 0.570311 -0 -1.18495 0.622055 -0 -0.0792743 0.567142 -0 -1.16179 0.504323 -0 -1.17747 0.570311 -0 -0.0792743 0.567142 -0 -1.1402 0.441851 -0 -1.16179 0.504323 -0 -0.0792743 0.567142 -0 -1.11332 0.382979 -0 -1.1402 0.441851 -0 -0.0792743 0.567142 -0 -1.07331 0.314639 -0 -1.11332 0.382979 -0 -0.0792743 0.567142 -0 -1.02733 0.252263 -0 -1.07331 0.314639 -0 -0.0792743 0.567142 -0 -0.97666 0.196079 -0 -1.02733 0.252263 -0 -0.0792743 0.567142 -0 -0.922568 0.146255 -0 -0.97666 0.196079 -0 -0.0792743 0.567142 -0 -0.854927 0.0951228 -0 -0.922568 0.146255 -0 -0.0792743 0.567142 -0 -0.797768 0.0599747 -0 -0.854927 0.0951228 -0 -0.0792743 -0.500053 -0 -0.888998 -0.0104532 -0 -0.797768 0.0599747 -0 -0.0792743 -0.500053 -0 -0.97666 -0.0915854 -0 -0.888998 -0.0104532 -0 -0.0792743 -0.500053 -0 -1.02733 -0.148886 -0 -0.97666 -0.0915854 -0 -0.0792743 -0.500053 -0 -1.07331 -0.212029 -0 -1.02733 -0.148886 -0 -0.0792743 -0.500053 -0 -1.10586 -0.267157 -0 -1.07331 -0.212029 -0 -0.0792743 -0.500053 -0 -1.13395 -0.326761 -0 -1.10586 -0.267157 -0 -0.0792743 -0.500053 -0 -1.15692 -0.391141 -0 -1.13395 -0.326761 -0 -0.0792743 -0.500053 -0 -1.17414 -0.460645 -0 -1.15692 -0.391141 -0 -0.0792743 -0.500053 -0 -1.18495 -0.535585 -0 -1.17414 -0.460645 -0 -0.0792743 -0.500053 -0 -1.18869 -0.616285 -0 -1.18495 -0.535585 -0 -0.0792743 -2.99368 -0 -1.18869 -2.99368 -0 -1.18869 -0.616285 -0 -0.0792743 -0.500053 -0 -0.0792743 -2.99368 -0 -1.18869 -0.616285 -0 -0.0792743 -0.500053 -0 -0.0792743 0.567142 -0 0.0686445 0.567142 -0 0.0686445 -0.500053 -0 -0.0792743 -0.500053 -0 0.0686445 0.567142 -0 0.0686445 -0.500053 -0 0.0686445 0.567142 -0 0.797716 0.0599747 -0 -0.0792743 0.567142 -0 -0.0792743 -0.500053 -0 -0.797768 0.0599747 -0 -0.781072 0.0603616 0.61218 -0.55551 0.307976 1.06087 -0.584368 0.357895 1.06364 -0.922568 0.146255 -0 -0.854927 0.0951228 -0 -0.854927 0.0951228 0.583891 0.781428 0.0605463 0.612667 0.847389 0.102412 0.612335 0.5878 0.373543 1.06207 0.559013 0.322253 1.06116 0.781428 0.0605463 0.612667 0.5878 0.373543 1.06207 0.166242 0.0578002 1.0541 0.781428 0.0605463 0.612667 0.185172 0.0608055 1.02987 -0.0976555 0.0418469 1.06392 -0.0792743 -0.500053 0.6 0.0686445 -0.500053 0.6 -0.0792743 0.567142 0.6 -0.3074 0.130917 1.0633 -0.260706 0.111531 1.06299 -0.0792743 0.567142 0.6 -0.351821 0.154429 1.06362 -0.3074 0.130917 1.0633 -0.0792743 0.567142 0.6 -0.39371 0.181854 1.06394 -0.351821 0.154429 1.06362 -0.0792743 0.567142 0.6 -0.432813 0.212965 1.06424 -0.39371 0.181854 1.06394 -0.0792743 0.567142 0.6 -0.468874 0.247521 1.06452 -0.432813 0.212965 1.06424 -0.0792743 0.567142 0.6 -0.501647 0.28529 1.06478 -0.468874 0.247521 1.06452 -0.0792743 0.567142 0.6 -0.530892 0.32601 1.06504 -0.501647 0.28529 1.06478 -0.0792743 0.567142 0.6 -0.556377 0.369458 1.0653 -0.530892 0.32601 1.06504 -0.0792743 0.567142 0.6 -0.577847 0.415389 1.06558 -0.556377 0.369458 1.0653 -0.0792743 0.567142 0.6 -0.595033 0.463566 1.06583 -0.577847 0.415389 1.06558 -0.0792743 0.567142 0.6 -0.607681 0.513755 1.06607 -0.595033 0.463566 1.06583 -0.0792743 0.567142 0.6 -0.615532 0.565709 1.06628 -0.607681 0.513755 1.06607 -0.0792743 0.567142 0.6 -0.618324 0.619187 1.06645 -0.615532 0.565709 1.06628 -0.618324 0.619187 1.06645 -0.0792743 0.567142 0.6 -0.615853 3.08034 1.06655 -0.504023 -3.32941 1.06687 -0.0792743 -2.99368 0.6 -0.533029 -3.28854 1.06687 -0.0792743 -2.99368 0.6 -0.504023 -3.32941 1.06687 -0.471454 -3.36737 1.06687 -0.55823 -3.24499 1.06687 -0.0792743 -2.99368 0.6 -0.579378 -3.199 1.06685 -0.526827 0.267413 1.06076 -0.55551 0.307976 1.06087 -0.781072 0.0603616 0.61218 -0.0792743 -2.99368 -0 -0.0792743 -0.500053 -0 -0.0792743 -0.500053 0.6 -0.0792743 -2.99368 0.6 -0.0792743 -2.99368 -0 -0.0792743 -0.500053 0.6 0.0686445 -2.99368 -0 -0.0792743 -2.99368 -0 -0.0792743 -2.99368 0.6 0.0686445 -2.99368 0.6 0.0686445 -2.99368 -0 -0.0792743 -2.99368 0.6 -1.18869 -0.616285 0.583586 -1.18869 -0.616285 -0 -1.18869 -2.99368 0.583574 -1.17613 -0.613639 0.610869 -1.17615 -2.99372 0.610858 -0.649005 -2.99558 1.06701 -1.17414 -0.460645 0.583627 -1.17414 -0.460645 -0 -1.18495 -0.535585 0.583604 -0.649227 -0.50565 1.06681 -1.16188 -0.461526 0.6109 -1.17245 -0.534766 0.610885 -1.15692 -0.391141 0.583654 -1.15692 -0.391141 -0 -1.17414 -0.460645 0.583627 -0.649227 -0.50565 1.06681 -1.14504 -0.393603 0.610912 -1.16188 -0.461526 0.6109 -1.13395 -0.326761 0.583686 -1.13395 -0.326761 -0 -1.15692 -0.391141 0.583654 -1.12237 -0.329697 0.611067 -1.14504 -0.393603 0.610912 -0.649227 -0.50565 1.06681 -1.10586 -0.267157 0.583723 -1.10586 -0.267157 -0 -1.13395 -0.326761 0.583686 -0.646583 -0.44692 1.0657 -1.12237 -0.329697 0.611067 -0.649227 -0.50565 1.06681 -1.07331 -0.212029 0.583762 -1.07331 -0.212029 -0 -1.10586 -0.267157 0.583723 -1.06209 -0.215856 0.611393 -1.09471 -0.271321 0.611276 -0.646583 -0.44692 1.0657 -1.02733 -0.148886 0.583803 -1.02733 -0.148886 -0 -1.07331 -0.212029 0.583762 -0.641426 -0.408546 1.06498 -1.06209 -0.215856 0.611393 -0.646583 -0.44692 1.0657 -0.97666 -0.0915854 0.583843 -0.97666 -0.0915854 -0 -1.02733 -0.148886 0.583803 -0.629989 -0.354767 1.06444 -1.01561 -0.151971 0.611649 -0.641426 -0.408546 1.06498 -0.888998 -0.0104532 0.583874 -0.888998 -0.0104532 -0 -0.97666 -0.0915854 0.583843 -0.614835 -0.305702 1.06354 -0.965414 -0.0951883 0.611943 -0.629989 -0.354767 1.06444 -0.592392 -0.251829 1.06194 -0.878028 -0.014342 0.612233 -0.614835 -0.305702 1.06354 -0.847578 0.102073 0.612444 -0.781072 0.0603616 0.61218 -0.584368 0.357895 1.06364 -0.922568 0.146255 0.583873 -0.922568 0.146255 -0 -0.854927 0.0951228 0.583891 -0.584368 0.357895 1.06364 -0.911748 0.150579 0.612442 -0.847578 0.102073 0.612444 -0.97666 0.196079 0.583841 -0.97666 0.196079 -0 -0.922568 0.146255 0.583873 -0.911748 0.150579 0.612442 -0.584368 0.357895 1.06364 -0.6072 0.407501 1.06428 -1.02733 0.252263 0.583802 -1.02733 0.252263 -0 -0.97666 0.196079 0.583841 -1.01595 0.25609 0.61178 -0.96519 0.199805 0.612083 -0.624929 0.45809 1.06484 -1.07331 0.314639 0.583761 -1.07331 0.314639 -0 -1.02733 0.252263 0.583802 -1.06258 0.319349 0.611446 -1.01595 0.25609 0.61178 -0.638491 0.513103 1.06597 -1.11332 0.382979 0.583721 -1.11332 0.382979 -0 -1.07331 0.314639 0.583761 -0.638491 0.513103 1.06597 -1.10154 0.385888 0.611444 -1.06258 0.319349 0.611446 -1.1402 0.441851 0.583684 -1.1402 0.441851 -0 -1.11332 0.382979 0.583721 -1.10154 0.385888 0.611444 -0.638491 0.513103 1.06597 -0.646235 0.565973 1.06659 -1.16179 0.504323 0.58365 -1.16179 0.504323 -0 -1.1402 0.441851 0.583684 -0.646235 0.565973 1.06659 -1.14963 0.506345 0.611037 -1.1284 0.444721 0.611126 -1.17747 0.570311 0.583622 -1.17747 0.570311 -0 -1.16179 0.504323 0.58365 -1.14963 0.506345 0.611037 -0.646235 0.565973 1.06659 -0.648996 0.622938 1.06683 -1.18495 0.622055 0.5836 -1.18495 0.622055 -0 -1.17747 0.570311 0.583622 -0.648996 0.622938 1.06683 -1.17249 0.622024 0.610853 -1.16517 0.57145 0.610859 -1.18869 0.693958 0.583583 -1.18869 0.693958 -0 -1.18495 0.622055 0.5836 -0.648996 0.622938 1.06683 -1.17616 0.692303 0.610847 -1.17249 0.622024 0.610853 -1.18869 3.01852 0.583571 -1.18869 3.01852 -0 -1.18869 0.693958 0.583583 -0.648996 0.622938 1.06683 -1.17614 3.01994 0.610815 -1.17616 0.692303 0.610847 -1.18396 3.11685 0.583565 -1.18396 3.11685 -0 -1.18869 3.01852 0.583571 -0.648996 0.622938 1.06683 -0.646318 3.08262 1.067 -1.17614 3.01994 0.610815 -1.16998 3.21368 0.583562 -1.16998 3.21368 -0 -1.18396 3.11685 0.583565 -0.646318 3.08262 1.067 -0.641444 3.12013 1.06696 -1.17151 3.11607 0.610814 -1.1471 3.3084 0.583562 -1.1471 3.3084 -0 -1.16998 3.21368 0.583562 -0.641444 3.12013 1.06696 -0.630117 3.17335 1.06691 -1.15772 3.2116 0.61082 -1.11566 3.40039 0.583565 -1.11566 3.40039 -0 -1.1471 3.3084 0.583562 -0.630117 3.17335 1.06691 -0.613445 3.22623 1.06673 -1.13526 3.30459 0.610841 -1.07601 3.48906 0.583571 -1.07601 3.48906 -0 -1.11566 3.40039 0.583565 -0.613445 3.22623 1.06673 -0.593197 3.27408 1.0667 -1.10392 3.39628 0.610925 -1.02848 3.57379 0.583578 -1.02848 3.57379 -0 -1.07601 3.48906 0.583571 -0.593197 3.27408 1.0667 -0.568039 3.32082 1.06666 -1.06469 3.48402 0.610943 -0.973424 3.65401 0.583586 -0.973424 3.65401 -0 -1.02848 3.57379 0.583578 -0.963193 3.6472 0.610985 -1.01767 3.56785 0.610963 -0.568039 3.32082 1.06666 -0.911177 3.72909 0.583595 -0.911177 3.72909 -0 -0.973424 3.65401 0.583586 -0.538791 3.36484 1.06662 -0.963193 3.6472 0.610985 -0.568039 3.32082 1.06666 -0.842082 3.79844 0.583605 -0.842082 3.79844 -0 -0.911177 3.72909 0.583595 -0.505703 3.4059 1.06658 -0.901612 3.72147 0.611006 -0.538791 3.36484 1.06662 -0.766483 3.86145 0.583616 -0.766483 3.86145 -0 -0.842082 3.79844 0.583605 -0.469023 3.44372 1.06654 -0.833263 3.79006 0.611029 -0.505703 3.4059 1.06658 -0.684721 3.91753 0.583627 -0.684721 3.91753 -0 -0.766483 3.86145 0.583616 -0.428998 3.47807 1.0665 -0.758488 3.85237 0.611051 -0.469023 3.44372 1.06654 -0.59714 3.96607 0.583638 -0.59714 3.96607 -0 -0.684721 3.91753 0.583627 -0.385879 3.50867 1.06646 -0.677627 3.90782 0.611073 -0.428998 3.47807 1.0665 -0.50408 4.00646 0.583649 -0.50408 4.00646 -0 -0.59714 3.96607 0.583638 -0.338007 3.53635 1.06618 -0.591023 3.95582 0.611093 -0.385879 3.50867 1.06646 -0.405886 4.03811 0.583658 -0.405886 4.03811 -0 -0.50408 4.00646 0.583649 -0.291075 3.55798 1.0661 -0.500075 3.9953 0.611096 -0.338007 3.53635 1.06618 -0.302898 4.0604 0.583666 -0.302898 4.0604 -0 -0.405886 4.03811 0.583658 -0.239191 3.57616 1.06587 -0.402099 4.02688 0.611241 -0.291075 3.55798 1.0661 -0.231745 4.06978 0.583671 -0.231745 4.06978 -0 -0.302898 4.0604 0.583666 -0.1876 3.58885 1.06584 -0.300555 4.04886 0.611289 -0.239191 3.57616 1.06587 -0.12153 4.07515 0.583673 -0.12153 4.07515 -0 -0.231745 4.06978 0.583671 -0.133789 3.59674 1.06582 -0.229356 4.05824 0.611359 -0.1876 3.58885 1.06584 0.132054 4.07515 0.583671 0.132054 4.07515 -0 -0.12153 4.07515 0.583673 -0.0773556 3.59948 1.06581 -0.120453 4.06355 0.611361 -0.133789 3.59674 1.06582 0.240479 4.06978 0.583664 0.240479 4.06978 -0 0.132054 4.07515 0.583671 0.0725101 3.59949 1.0658 0.125687 3.59692 1.06579 0.12982 4.06355 0.611362 0.344896 4.05404 0.583655 0.344896 4.05404 -0 0.240479 4.06978 0.583664 0.165201 3.59179 1.06591 0.217558 3.58064 1.06605 0.238453 4.05816 0.611335 0.44495 4.02857 0.583645 0.44495 4.02857 -0 0.344896 4.05404 0.583655 0.217558 3.58064 1.06605 0.269083 3.56439 1.06618 0.341721 4.0426 0.611278 0.540286 3.99393 0.583633 0.540286 3.99393 -0 0.44495 4.02857 0.583645 0.269083 3.56439 1.06618 0.318369 3.54355 1.0663 0.44067 4.01741 0.61122 0.630546 3.95077 0.58362 0.630546 3.95077 -0 0.540286 3.99393 0.583633 0.318369 3.54355 1.0663 0.365177 3.51837 1.0664 0.534947 3.98316 0.611165 0.715374 3.89965 0.583608 0.715374 3.89965 -0 0.630546 3.95077 0.58362 0.365177 3.51837 1.0664 0.409251 3.48909 1.0665 0.624208 3.94048 0.611114 0.794416 3.8412 0.583597 0.794416 3.8412 -0 0.715374 3.89965 0.583608 0.409251 3.48909 1.0665 0.450337 3.45596 1.06659 0.708089 3.88993 0.611067 0.867313 3.776 0.583586 0.867313 3.776 -0 0.794416 3.8412 0.583597 0.450337 3.45596 1.06659 0.48818 3.41926 1.06666 0.786252 3.83212 0.611024 0.93371 3.70467 0.583576 0.93371 3.70467 -0 0.867313 3.776 0.583586 0.48818 3.41926 1.06666 0.522679 3.37899 1.06677 0.858405 3.76759 0.610984 0.993251 3.62781 0.583567 0.993251 3.62781 -0 0.93371 3.70467 0.583576 0.98293 3.62104 0.610915 0.924069 3.69705 0.610939 0.522679 3.37899 1.06677 1.04558 3.54602 0.583559 1.04558 3.54602 -0 0.993251 3.62781 0.583567 0.553123 3.33607 1.06683 0.98293 3.62104 0.610915 0.522679 3.37899 1.06677 1.09034 3.45991 0.583552 1.09034 3.45991 -0 1.04558 3.54602 0.583559 0.579724 3.29012 1.0669 1.03463 3.54024 0.610877 0.553123 3.33607 1.06683 1.12718 3.37007 0.583548 1.12718 3.37007 -0 1.09034 3.45991 0.583552 0.602062 3.24158 1.06696 1.07889 3.45509 0.610846 0.579724 3.29012 1.0669 1.15573 3.2771 0.583545 1.15573 3.2771 -0 1.12718 3.37007 0.583548 0.619879 3.19074 1.06702 1.11531 3.36625 0.610817 0.602062 3.24158 1.06696 1.17565 3.18162 0.583546 1.17565 3.18162 -0 1.15573 3.2771 0.583545 0.632842 3.13813 1.06708 1.14356 3.2743 0.610789 0.619879 3.19074 1.06702 1.18396 3.11685 0.58355 1.18396 3.11685 -0 1.17565 3.18162 0.583546 0.632842 3.13813 1.06708 0.640986 3.08276 1.06712 1.16313 3.18057 0.610786 1.18869 3.01852 0.583558 1.18869 3.01852 -0 1.18396 3.11685 0.58355 1.17609 3.01871 0.610802 1.17141 3.11607 0.610797 0.640986 3.08276 1.06712 1.18869 0.693958 0.583571 1.18869 0.693958 -0 1.18869 3.01852 0.583558 0.643697 3.02678 1.06712 1.17609 3.01871 0.610802 0.640986 3.08276 1.06712 1.1828 0.622055 0.583591 1.1828 0.622055 -0 1.18869 0.693958 0.583571 0.643835 0.624304 1.067 1.17608 0.692308 0.61081 0.643697 3.02678 1.06712 1.17056 0.553487 0.583615 1.17056 0.553487 -0 1.1828 0.622055 0.583591 0.643835 0.624304 1.067 1.15833 0.555003 0.61083 1.17031 0.622024 0.610821 1.15253 0.488375 0.583644 1.15253 0.488375 -0 1.17056 0.553487 0.583615 1.14055 0.490826 0.610834 1.15833 0.555003 0.61083 0.643835 0.624304 1.067 1.12925 0.426791 0.583677 1.12925 0.426791 -0 1.15253 0.488375 0.583644 0.641345 0.567421 1.06619 1.14055 0.490826 0.610834 0.643835 0.624304 1.067 1.09363 0.354935 0.583714 1.09363 0.354935 -0 1.12925 0.426791 0.583677 1.08242 0.358704 0.611342 1.11757 0.430014 0.611142 0.641345 0.567421 1.06619 1.05175 0.288959 0.583753 1.05175 0.288959 -0 1.09363 0.354935 0.583714 0.636164 0.528937 1.06552 1.08242 0.358704 0.611342 0.641345 0.567421 1.06619 1.0047 0.229043 0.583791 1.0047 0.229043 -0 1.05175 0.288959 0.583753 0.625854 0.478442 1.0646 1.04026 0.292333 0.61151 0.636164 0.528937 1.06552 0.953552 0.175366 0.583825 0.953552 0.175366 -0 1.0047 0.229043 0.583791 0.942519 0.179653 0.611816 0.99511 0.235081 0.611668 0.625854 0.478442 1.0646 0.899386 0.128147 0.583853 0.899386 0.128147 -0 0.953552 0.175366 0.583825 0.608359 0.424144 1.06362 0.942519 0.179653 0.611816 0.625854 0.478442 1.0646 0.854603 0.0951228 0.583869 0.854603 0.0951228 -0 0.899386 0.128147 0.583853 0.5878 0.373543 1.06207 0.888191 0.132297 0.612137 0.608359 0.424144 1.06362 0.331265 0.00840348 1.0594 0.374624 -0.015287 1.05994 0.781428 0.0605463 0.612667 1.03693 -0.16103 -0 0.987092 -0.102613 -0 0.987092 -0.102613 0.583814 0.987092 -0.102613 0.583814 0.987092 -0.102613 -0 0.911424 -0.0296292 0.583848 0.599098 -0.2805 1.0635 0.897283 -0.0309948 0.61244 0.57929 -0.237474 1.06351 1.03693 -0.16103 0.583777 1.03693 -0.16103 -0 0.987092 -0.102613 0.583814 0.620139 -0.340523 1.0643 0.633153 -0.393312 1.0656 0.975734 -0.106662 0.611911 1.08182 -0.225409 0.583738 1.08182 -0.225409 -0 1.03693 -0.16103 0.583777 0.633153 -0.393312 1.0656 1.07005 -0.228523 0.611561 1.02684 -0.166567 0.611562 1.11332 -0.28163 0.5837 1.11332 -0.28163 -0 1.08182 -0.225409 0.583738 0.633153 -0.393312 1.0656 0.640828 -0.445712 1.06635 1.07005 -0.228523 0.611561 1.1402 -0.342397 0.583664 1.1402 -0.342397 -0 1.11332 -0.28163 0.5837 0.640828 -0.445712 1.06635 1.12839 -0.345243 0.611215 1.10193 -0.285433 0.611217 1.16179 -0.408025 0.583632 1.16179 -0.408025 -0 1.1402 -0.342397 0.583664 0.640828 -0.445712 1.06635 0.643882 -0.504786 1.06696 1.12839 -0.345243 0.611215 1.17747 -0.478861 0.583606 1.17747 -0.478861 -0 1.16179 -0.408025 0.583632 0.643882 -0.504786 1.06696 1.16507 -0.479326 0.610848 1.14973 -0.410093 0.610859 1.18495 -0.535585 0.583584 1.18495 -0.535585 -0 1.17747 -0.478861 0.583606 0.643882 -0.504786 1.06696 1.17239 -0.53477 0.610834 1.16507 -0.479326 0.610848 1.18869 -0.616285 0.583568 1.18869 -0.616285 -0 1.18495 -0.535585 0.583584 0.643882 -0.504786 1.06696 1.17607 -0.613652 0.61082 1.17239 -0.53477 0.610834 1.18869 -2.99368 0.583556 1.18869 -2.99368 -0 1.18869 -0.616285 0.583568 0.643882 -0.504786 1.06696 0.643692 -2.99558 1.06713 1.17607 -0.613652 0.61082 1.18396 -3.08855 0.583551 1.18396 -3.08855 -0 1.18869 -2.99368 0.583556 0.643692 -2.99558 1.06713 0.640983 -3.05145 1.06712 1.17608 -2.99372 0.61081 1.17 -3.18254 0.583549 1.17 -3.18254 -0 1.18396 -3.08855 0.583551 0.640983 -3.05145 1.06712 0.636115 -3.08873 1.0671 1.1714 -3.08769 0.610805 1.14716 -3.27499 0.583551 1.14716 -3.27499 -0 1.17 -3.18254 0.583549 0.636115 -3.08873 1.0671 0.624769 -3.14205 1.06702 1.15756 -3.18093 0.610811 1.1158 -3.36523 0.583556 1.1158 -3.36523 -0 1.14716 -3.27499 0.583551 0.624769 -3.14205 1.06702 0.60857 -3.19343 1.06694 1.13508 -3.27189 0.610798 1.07629 -3.45262 0.583563 1.07629 -3.45262 -0 1.1158 -3.36523 0.583556 0.60857 -3.19343 1.06694 0.586865 -3.24476 1.06668 1.10443 -3.36011 0.61083 1.02896 -3.53649 0.583571 1.02896 -3.53649 -0 1.07629 -3.45262 0.583563 0.586865 -3.24476 1.06668 0.562895 -3.28927 1.06665 1.06483 -3.44769 0.610954 0.974187 -3.61619 0.583581 0.974187 -3.61619 -0 1.02896 -3.53649 0.583571 0.963804 -3.60952 0.610998 1.018 -3.53067 0.610975 0.562895 -3.28927 1.06665 0.912322 -3.69106 0.583592 0.912322 -3.69106 -0 0.974187 -3.61619 0.583581 0.533659 -3.33329 1.06661 0.963804 -3.60952 0.610998 0.562895 -3.28927 1.06665 0.843718 -3.76044 0.583604 0.843718 -3.76044 -0 0.912322 -3.69106 0.583592 0.500584 -3.37434 1.06656 0.902594 -3.68358 0.611023 0.533659 -3.33329 1.06661 0.768733 -3.82368 0.583617 0.768733 -3.82368 -0 0.843718 -3.76044 0.583604 0.760547 -3.81473 0.611075 0.834723 -3.7522 0.611049 0.463922 -3.41218 1.06652 0.687724 -3.88012 0.583629 0.687724 -3.88012 -0 0.768733 -3.82368 0.583617 0.423919 -3.44653 1.06647 0.760547 -3.81473 0.611075 0.463922 -3.41218 1.06652 0.601045 -3.9291 0.583642 0.601045 -3.9291 -0 0.687724 -3.88012 0.583629 0.380827 -3.47715 1.06642 0.680419 -3.87053 0.611101 0.423919 -3.44653 1.06647 0.509053 -3.96996 0.583654 0.509053 -3.96996 -0 0.601045 -3.9291 0.583642 0.334894 -3.50376 1.06638 0.594695 -3.91895 0.611128 0.380827 -3.47715 1.06642 0.412105 -4.00206 0.583666 0.412105 -4.00206 -0 0.509053 -3.96996 0.583654 0.286369 -3.5261 1.06633 0.503728 -3.95935 0.611153 0.334894 -3.50376 1.06638 0.310558 -4.02472 0.583676 0.310558 -4.02472 -0 0.412105 -4.00206 0.583666 0.231253 -3.54539 1.06582 0.407873 -3.99108 0.611175 0.286369 -3.5261 1.06633 0.240479 -4.03426 0.583684 0.240479 -4.03426 -0 0.310558 -4.02472 0.583676 0.182676 -3.55738 1.06582 0.309602 -4.013 0.61118 0.231253 -3.54539 1.06582 0.132054 -4.03974 0.583688 0.132054 -4.03974 -0 0.240479 -4.03426 0.583684 0.182676 -3.55738 1.06582 0.128896 -3.56526 1.06579 0.23775 -4.02279 0.611392 -0.12153 -4.03974 0.583689 -0.12153 -4.03974 -0 0.132054 -4.03974 0.583688 0.128896 -3.56526 1.06579 0.0725119 -3.56801 1.06579 0.130598 -4.0282 0.611394 -0.231745 -4.03426 0.583685 -0.231745 -4.03426 -0 -0.12153 -4.03974 0.583689 -0.0773583 -3.56801 1.06578 -0.120449 -4.0282 0.611396 0.0725119 -3.56801 1.06579 -0.337739 -4.01825 0.583678 -0.337739 -4.01825 -0 -0.231745 -4.03426 0.583685 -0.168449 -3.56077 1.06578 -0.229399 -4.02278 0.611397 -0.133798 -3.56527 1.06578 -0.439168 -3.99237 0.58367 -0.439168 -3.99237 -0 -0.337739 -4.01825 0.583678 -0.435024 -3.98129 0.611288 -0.334729 -4.00687 0.611336 -0.274363 -3.53295 1.06601 -0.535688 -3.95729 0.58366 -0.535688 -3.95729 -0 -0.439168 -3.99237 0.58367 -0.530577 -3.94655 0.611242 -0.435024 -3.98129 0.611288 -0.323661 -3.5121 1.06611 -0.626959 -3.91364 0.583649 -0.626959 -3.91364 -0 -0.535688 -3.95729 0.58366 -0.620798 -3.90341 0.611186 -0.530577 -3.94655 0.611242 -0.37075 -3.48671 1.06625 -0.712639 -3.8621 0.583638 -0.712639 -3.8621 -0 -0.626959 -3.91364 0.583649 -0.705528 -3.85241 0.611158 -0.620798 -3.90341 0.611186 -0.37075 -3.48671 1.06625 -0.792384 -3.80333 0.583627 -0.792384 -3.80333 -0 -0.712639 -3.8621 0.583638 -0.41453 -3.45762 1.06633 -0.705528 -3.85241 0.611158 -0.37075 -3.48671 1.06625 -0.865854 -3.73797 0.583616 -0.865854 -3.73797 -0 -0.792384 -3.80333 0.583627 -0.45563 -3.42449 1.06642 -0.784297 -3.79436 0.611108 -0.41453 -3.45762 1.06633 -0.932703 -3.66668 0.583605 -0.932703 -3.66668 -0 -0.865854 -3.73797 0.583616 -0.493486 -3.38777 1.0665 -0.856952 -3.72972 0.611068 -0.45563 -3.42449 1.06642 -0.992593 -3.59013 0.583595 -0.992593 -3.59013 -0 -0.932703 -3.66668 0.583605 -0.527846 -3.34772 1.06659 -0.92306 -3.65923 0.611029 -0.493486 -3.38777 1.0665 -1.04518 -3.50896 0.583585 -1.04518 -3.50896 -0 -0.992593 -3.59013 0.583595 -0.558453 -3.30459 1.06667 -0.982284 -3.58352 0.610989 -0.527846 -3.34772 1.06659 -1.09012 -3.42385 0.583577 -1.09012 -3.42385 -0 -1.04518 -3.50896 0.583585 -0.585052 -3.25863 1.06675 -1.03428 -3.50326 0.61095 -0.558453 -3.30459 1.06667 -1.12707 -3.33543 0.58357 -1.12707 -3.33543 -0 -1.09012 -3.42385 0.583577 -0.607386 -3.21011 1.06682 -1.07872 -3.4191 0.610911 -0.585052 -3.25863 1.06675 -1.15569 -3.24438 0.583566 -1.15569 -3.24438 -0 -1.12707 -3.33543 0.58357 -1.11526 -3.33167 0.610875 -0.607386 -3.21011 1.06682 -0.625201 -3.15928 1.06689 -1.17564 -3.15135 0.583565 -1.17564 -3.15135 -0 -1.15569 -3.24438 0.583566 -1.16317 -3.15027 0.610843 -1.14355 -3.24171 0.610844 -0.638179 -3.10663 1.06696 -1.18396 -3.08855 0.583567 -1.18396 -3.08855 -0 -1.17564 -3.15135 0.583565 -1.17146 -3.08769 0.610853 -1.16317 -3.15027 0.610843 -0.646295 -3.05146 1.067 -1.18869 -2.99368 0.583574 -1.18869 -2.99368 -0 -1.18396 -3.08855 0.583567 -1.17615 -2.99372 0.610858 -1.17146 -3.08769 0.610853 -0.646295 -3.05146 1.067 -0.649005 -2.99558 1.06701 -1.17615 -2.99372 0.610858 -0.646295 -3.05146 1.067 -1.17414 -0.460645 -0 -1.18495 -0.535585 -0 -1.18495 -0.535585 0.583604 -0.0792743 3.02909 -0 0.0686445 3.02909 -0 0.0686445 3.02909 0.6 -0.0792743 3.02909 0.6 -0.0792743 3.02909 -0 0.0686445 3.02909 0.6 -0.0792743 0.567142 -0 -0.0792743 3.02909 -0 -0.0792743 3.02909 0.6 -0.0792743 0.567142 0.6 -0.0792743 0.567142 -0 -0.0792743 3.02909 0.6 0.0686445 0.567142 -0 -0.0792743 0.567142 -0 -0.0792743 0.567142 0.6 0.0686445 0.567142 0.6 0.0686445 0.567142 -0 -0.0792743 0.567142 0.6 -0.0792743 -0.500053 -0 0.0686445 -0.500053 -0 0.0686445 -0.500053 0.6 -0.0792743 -0.500053 0.6 -0.0792743 -0.500053 -0 0.0686445 -0.500053 0.6 -0.97666 0.196079 -0 -0.922568 0.146255 -0 -0.922568 0.146255 0.583873 -0.96519 0.199805 0.612083 -0.911748 0.150579 0.612442 -0.6072 0.407501 1.06428 -1.07331 0.314639 -0 -1.02733 0.252263 -0 -1.02733 0.252263 0.583802 -1.11332 0.382979 -0 -1.07331 0.314639 -0 -1.07331 0.314639 0.583761 -1.1402 0.441851 -0 -1.11332 0.382979 -0 -1.11332 0.382979 0.583721 -1.1284 0.444721 0.611126 -1.10154 0.385888 0.611444 -0.646235 0.565973 1.06659 -1.17747 0.570311 -0 -1.16179 0.504323 -0 -1.16179 0.504323 0.58365 -1.16517 0.57145 0.610859 -1.14963 0.506345 0.611037 -0.648996 0.622938 1.06683 -1.18869 0.693958 -0 -1.18495 0.622055 -0 -1.18495 0.622055 0.5836 -1.18869 3.01852 -0 -1.18869 0.693958 -0 -1.18869 0.693958 0.583583 -1.18396 3.11685 -0 -1.18869 3.01852 -0 -1.18869 3.01852 0.583571 -1.16998 3.21368 -0 -1.18396 3.11685 -0 -1.18396 3.11685 0.583565 -0.646318 3.08262 1.067 -1.17151 3.11607 0.610814 -1.17614 3.01994 0.610815 -1.1471 3.3084 -0 -1.16998 3.21368 -0 -1.16998 3.21368 0.583562 -1.11566 3.40039 -0 -1.1471 3.3084 -0 -1.1471 3.3084 0.583562 -1.07601 3.48906 -0 -1.11566 3.40039 -0 -1.11566 3.40039 0.583565 -1.02848 3.57379 -0 -1.07601 3.48906 -0 -1.07601 3.48906 0.583571 -0.973424 3.65401 -0 -1.02848 3.57379 -0 -1.02848 3.57379 0.583578 -0.911177 3.72909 -0 -0.973424 3.65401 -0 -0.973424 3.65401 0.583586 -0.842082 3.79844 -0 -0.911177 3.72909 -0 -0.911177 3.72909 0.583595 -0.766483 3.86145 -0 -0.842082 3.79844 -0 -0.842082 3.79844 0.583605 -0.684721 3.91753 -0 -0.766483 3.86145 -0 -0.766483 3.86145 0.583616 -0.59714 3.96607 -0 -0.684721 3.91753 -0 -0.684721 3.91753 0.583627 -0.50408 4.00646 -0 -0.59714 3.96607 -0 -0.59714 3.96607 0.583638 -0.405886 4.03811 -0 -0.50408 4.00646 -0 -0.50408 4.00646 0.583649 -0.302898 4.0604 -0 -0.405886 4.03811 -0 -0.405886 4.03811 0.583658 -0.231745 4.06978 -0 -0.302898 4.0604 -0 -0.302898 4.0604 0.583666 -0.12153 4.07515 -0 -0.231745 4.06978 -0 -0.231745 4.06978 0.583671 0.132054 4.07515 -0 -0.12153 4.07515 -0 -0.12153 4.07515 0.583673 -0.0773556 3.59948 1.06581 0.0725101 3.59949 1.0658 -0.120453 4.06355 0.611361 0.240479 4.06978 -0 0.132054 4.07515 -0 0.132054 4.07515 0.583671 0.0725101 3.59949 1.0658 0.12982 4.06355 0.611362 -0.120453 4.06355 0.611361 0.125687 3.59692 1.06579 0.165201 3.59179 1.06591 0.12982 4.06355 0.611362 0.44495 4.02857 -0 0.344896 4.05404 -0 0.344896 4.05404 0.583655 0.540286 3.99393 -0 0.44495 4.02857 -0 0.44495 4.02857 0.583645 0.630546 3.95077 -0 0.540286 3.99393 -0 0.540286 3.99393 0.583633 0.715374 3.89965 -0 0.630546 3.95077 -0 0.630546 3.95077 0.58362 0.794416 3.8412 -0 0.715374 3.89965 -0 0.715374 3.89965 0.583608 0.867313 3.776 -0 0.794416 3.8412 -0 0.794416 3.8412 0.583597 0.93371 3.70467 -0 0.867313 3.776 -0 0.867313 3.776 0.583586 0.993251 3.62781 -0 0.93371 3.70467 -0 0.93371 3.70467 0.583576 1.04558 3.54602 -0 0.993251 3.62781 -0 0.993251 3.62781 0.583567 1.09034 3.45991 -0 1.04558 3.54602 -0 1.04558 3.54602 0.583559 1.12718 3.37007 -0 1.09034 3.45991 -0 1.09034 3.45991 0.583552 1.15573 3.2771 -0 1.12718 3.37007 -0 1.12718 3.37007 0.583548 1.17565 3.18162 -0 1.15573 3.2771 -0 1.15573 3.2771 0.583545 1.18396 3.11685 -0 1.17565 3.18162 -0 1.17565 3.18162 0.583546 1.18869 3.01852 -0 1.18396 3.11685 -0 1.18396 3.11685 0.58355 1.18869 0.693958 -0 1.18869 3.01852 -0 1.18869 3.01852 0.583558 1.17608 0.692308 0.61081 1.17609 3.01871 0.610802 0.643697 3.02678 1.06712 1.1828 0.622055 -0 1.18869 0.693958 -0 1.18869 0.693958 0.583571 0.643835 0.624304 1.067 1.17031 0.622024 0.610821 1.17608 0.692308 0.61081 1.17056 0.553487 -0 1.1828 0.622055 -0 1.1828 0.622055 0.583591 1.15253 0.488375 -0 1.17056 0.553487 -0 1.17056 0.553487 0.583615 1.12925 0.426791 -0 1.15253 0.488375 -0 1.15253 0.488375 0.583644 1.09363 0.354935 -0 1.12925 0.426791 -0 1.12925 0.426791 0.583677 1.05175 0.288959 -0 1.09363 0.354935 -0 1.09363 0.354935 0.583714 1.0047 0.229043 -0 1.05175 0.288959 -0 1.05175 0.288959 0.583753 0.953552 0.175366 -0 1.0047 0.229043 -0 1.0047 0.229043 0.583791 0.899386 0.128147 -0 0.953552 0.175366 -0 0.953552 0.175366 0.583825 0.854603 0.0951228 -0 0.899386 0.128147 -0 0.899386 0.128147 0.583853 0.854603 0.0951228 -0 0.854603 0.0951228 0.583869 0.798404 0.0604039 0.583867 0.987092 -0.102613 -0 0.911424 -0.0296292 -0 0.911424 -0.0296292 0.583848 -0.276987 0.00304282 1.06421 -0.0792743 -0.500053 0.6 -0.213152 0.0227837 1.06399 0.172998 0.0888916 1.06262 0.0686445 0.567142 0.6 0.0683951 0.0791582 1.06265 0.301439 0.0992964 1.05874 0.25443 0.0826226 1.0583 0.781428 0.0605463 0.612667 0.346288 0.120248 1.05926 0.301439 0.0992964 1.05874 0.781428 0.0605463 0.612667 0.388842 0.145236 1.05978 0.346288 0.120248 1.05926 0.781428 0.0605463 0.612667 0.428895 0.17404 1.06024 0.388842 0.145236 1.05978 0.781428 0.0605463 0.612667 0.466201 0.206386 1.06061 0.428895 0.17404 1.06024 0.781428 0.0605463 0.612667 0.500502 0.242042 1.06089 0.466201 0.206386 1.06061 0.781428 0.0605463 0.612667 0.531528 0.28075 1.06107 0.500502 0.242042 1.06089 0.781428 0.0605463 0.612667 0.559013 0.322253 1.06116 0.531528 0.28075 1.06107 0.781428 0.0605463 0.612667 0.23804 0.043183 1.0584 0.285695 0.027966 1.05885 0.781428 0.0605463 0.612667 0.165201 3.59179 1.06591 0.238453 4.05816 0.611335 0.12982 4.06355 0.611362 -0.494697 0.229713 1.06054 -0.526827 0.267413 1.06076 -0.781072 0.0603616 0.61218 -0.45939 0.195148 1.06022 -0.494697 0.229713 1.06054 -0.781072 0.0603616 0.61218 -0.421176 0.163964 1.0598 -0.45939 0.195148 1.06022 -0.781072 0.0603616 0.61218 -0.380317 0.136418 1.05928 -0.421176 0.163964 1.0598 -0.781072 0.0603616 0.61218 -0.337056 0.112756 1.0587 -0.380317 0.136418 1.05928 -0.781072 0.0603616 0.61218 -0.291595 0.0932192 1.05811 -0.337056 0.112756 1.0587 -0.781072 0.0603616 0.61218 -0.244054 0.0780259 1.05763 -0.291595 0.0932192 1.05811 -0.781072 0.0603616 0.61218 -0.131134 0.0606247 1.05749 -0.244054 0.0780259 1.05763 -0.781072 0.0603616 0.61218 -0.564092 -0.201033 1.06122 -0.781072 0.0603616 0.61218 -0.592392 -0.251829 1.06194 -0.854927 0.0951228 0.583891 -0.854927 0.0951228 -0 -0.79846 0.0604039 0.583891 -1.02733 0.252263 -0 -0.97666 0.196079 -0 -0.97666 0.196079 0.583841 -0.96519 0.199805 0.612083 -0.6072 0.407501 1.06428 -0.624929 0.45809 1.06484 -1.01595 0.25609 0.61178 -0.624929 0.45809 1.06484 -0.638491 0.513103 1.06597 -1.16179 0.504323 -0 -1.1402 0.441851 -0 -1.1402 0.441851 0.583684 -1.18495 0.622055 -0 -1.17747 0.570311 -0 -1.17747 0.570311 0.583622 -0.641444 3.12013 1.06696 -1.15772 3.2116 0.61082 -1.17151 3.11607 0.610814 -0.630117 3.17335 1.06691 -1.13526 3.30459 0.610841 -1.15772 3.2116 0.61082 -0.613445 3.22623 1.06673 -1.10392 3.39628 0.610925 -1.13526 3.30459 0.610841 -0.593197 3.27408 1.0667 -1.06469 3.48402 0.610943 -1.10392 3.39628 0.610925 -0.568039 3.32082 1.06666 -1.01767 3.56785 0.610963 -1.06469 3.48402 0.610943 -0.901612 3.72147 0.611006 -0.963193 3.6472 0.610985 -0.538791 3.36484 1.06662 -0.833263 3.79006 0.611029 -0.901612 3.72147 0.611006 -0.505703 3.4059 1.06658 -0.758488 3.85237 0.611051 -0.833263 3.79006 0.611029 -0.469023 3.44372 1.06654 -0.677627 3.90782 0.611073 -0.758488 3.85237 0.611051 -0.428998 3.47807 1.0665 -0.591023 3.95582 0.611093 -0.677627 3.90782 0.611073 -0.385879 3.50867 1.06646 -0.500075 3.9953 0.611096 -0.591023 3.95582 0.611093 -0.338007 3.53635 1.06618 -0.402099 4.02688 0.611241 -0.500075 3.9953 0.611096 -0.291075 3.55798 1.0661 -0.300555 4.04886 0.611289 -0.402099 4.02688 0.611241 -0.239191 3.57616 1.06587 -0.229356 4.05824 0.611359 -0.300555 4.04886 0.611289 -0.1876 3.58885 1.06584 -0.120453 4.06355 0.611361 -0.229356 4.05824 0.611359 -0.133789 3.59674 1.06582 0.344896 4.05404 -0 0.240479 4.06978 -0 0.240479 4.06978 0.583664 0.217558 3.58064 1.06605 0.341721 4.0426 0.611278 0.238453 4.05816 0.611335 0.269083 3.56439 1.06618 0.44067 4.01741 0.61122 0.341721 4.0426 0.611278 0.318369 3.54355 1.0663 0.534947 3.98316 0.611165 0.44067 4.01741 0.61122 0.365177 3.51837 1.0664 0.624208 3.94048 0.611114 0.534947 3.98316 0.611165 0.409251 3.48909 1.0665 0.708089 3.88993 0.611067 0.624208 3.94048 0.611114 0.450337 3.45596 1.06659 0.786252 3.83212 0.611024 0.708089 3.88993 0.611067 0.48818 3.41926 1.06666 0.858405 3.76759 0.610984 0.786252 3.83212 0.611024 0.522679 3.37899 1.06677 0.924069 3.69705 0.610939 0.858405 3.76759 0.610984 1.03463 3.54024 0.610877 0.98293 3.62104 0.610915 0.553123 3.33607 1.06683 1.07889 3.45509 0.610846 1.03463 3.54024 0.610877 0.579724 3.29012 1.0669 1.11531 3.36625 0.610817 1.07889 3.45509 0.610846 0.602062 3.24158 1.06696 1.14356 3.2743 0.610789 1.11531 3.36625 0.610817 0.619879 3.19074 1.06702 0.632842 3.13813 1.06708 1.16313 3.18057 0.610786 1.14356 3.2743 0.610789 0.640986 3.08276 1.06712 1.17141 3.11607 0.610797 1.16313 3.18057 0.610786 0.641345 0.567421 1.06619 1.11757 0.430014 0.611142 1.14055 0.490826 0.610834 1.04026 0.292333 0.61151 1.08242 0.358704 0.611342 0.636164 0.528937 1.06552 0.625854 0.478442 1.0646 0.99511 0.235081 0.611668 1.04026 0.292333 0.61151 0.888191 0.132297 0.612137 0.942519 0.179653 0.611816 0.608359 0.424144 1.06362 0.5878 0.373543 1.06207 0.847389 0.102412 0.612335 0.888191 0.132297 0.612137 0.781428 0.0605463 0.612667 0.183335 0.0660058 1.05397 0.185172 0.0608055 1.02987 -0.611446 3.11505 1.06664 -0.0792743 3.02909 0.6 -0.600733 3.16578 1.06671 0.222935 0.10099 1.06281 0.0686445 0.567142 0.6 0.172998 0.0888916 1.06262 -0.0792743 0.567142 0.6 -0.0792743 3.02909 0.6 -0.615853 3.08034 1.06655 -0.600733 3.16578 1.06671 -0.0792743 3.02909 0.6 -0.585389 3.21462 1.06676 -0.585389 3.21462 1.06676 -0.0792743 3.02909 0.6 -0.565663 3.26137 1.06679 -0.565663 3.26137 1.06679 -0.0792743 3.02909 0.6 -0.5418 3.30576 1.06681 -0.5418 3.30576 1.06681 -0.0792743 3.02909 0.6 -0.514044 3.34755 1.06682 -0.514044 3.34755 1.06682 -0.0792743 3.02909 0.6 -0.482644 3.3865 1.06682 -0.482644 3.3865 1.06682 -0.0792743 3.02909 0.6 -0.447843 3.42237 1.06681 -0.447843 3.42237 1.06681 -0.0792743 3.02909 0.6 -0.409882 3.45493 1.06681 -0.409882 3.45493 1.06681 -0.0792743 3.02909 0.6 -0.369006 3.48393 1.0668 -0.369006 3.48393 1.0668 -0.0792743 3.02909 0.6 -0.325459 3.50911 1.06678 -0.325459 3.50911 1.06678 -0.0792743 3.02909 0.6 -0.27948 3.53026 1.06677 -0.27948 3.53026 1.06677 -0.0792743 3.02909 0.6 -0.231314 3.54713 1.06676 -0.231314 3.54713 1.06676 -0.0792743 3.02909 0.6 -0.181202 3.55947 1.06675 -0.181202 3.55947 1.06675 -0.0792743 3.02909 0.6 -0.129383 3.56706 1.06675 -0.129383 3.56706 1.06675 -0.0792743 3.02909 0.6 -0.0760996 3.56963 1.06674 0.0686445 3.02909 0.6 0.0706379 3.56964 1.06675 -0.0760996 3.56963 1.06674 0.123924 3.56707 1.06676 0.0686445 3.02909 0.6 0.15865 3.56257 1.06677 0.0686445 3.02909 0.6 0.209363 3.55179 1.06679 0.15865 3.56257 1.06677 0.209363 3.55179 1.06679 0.0686445 3.02909 0.6 0.258214 3.53641 1.06681 0.258214 3.53641 1.06681 0.0686445 3.02909 0.6 0.304958 3.51668 1.06683 0.304958 3.51668 1.06683 0.0686445 3.02909 0.6 0.349354 3.49282 1.06685 0.349354 3.49282 1.06685 0.0686445 3.02909 0.6 0.391161 3.46508 1.06687 0.391161 3.46508 1.06687 0.0686445 3.02909 0.6 0.430133 3.43368 1.06689 0.430133 3.43368 1.06689 0.0686445 3.02909 0.6 0.466031 3.39889 1.06691 0.466031 3.39889 1.06691 0.0686445 3.02909 0.6 0.498608 3.36094 1.06692 0.498608 3.36094 1.06692 0.0686445 3.02909 0.6 0.527622 3.32006 1.06693 0.527622 3.32006 1.06693 0.0686445 3.02909 0.6 0.552827 3.27651 1.06692 0.552827 3.27651 1.06692 0.0686445 3.02909 0.6 0.57398 3.23051 1.06691 0.57398 3.23051 1.06691 0.0686445 3.02909 0.6 0.590832 3.18233 1.06688 0.590832 3.18233 1.06688 0.0686445 3.02909 0.6 0.603138 3.13219 1.06684 0.603138 3.13219 1.06684 0.0686445 3.02909 0.6 0.610653 3.08036 1.06677 0.610653 3.08036 1.06677 0.0686445 3.02909 0.6 0.613127 3.02707 1.06668 0.612976 0.619198 1.06655 0.613127 3.02707 1.06668 0.0686445 3.02909 0.6 0.0686445 0.567142 0.6 0.610186 0.565709 1.06638 0.612976 0.619198 1.06655 0.0686445 0.567142 0.6 0.605419 0.530886 1.06618 0.610186 0.565709 1.06638 0.0686445 0.567142 0.6 0.612976 0.619198 1.06655 0.0686445 3.02909 0.6 0.605419 0.530886 1.06618 0.0686445 0.567142 0.6 0.594333 0.480081 1.06595 0.0686445 0.567142 0.6 0.578623 0.431196 1.06569 0.594333 0.480081 1.06595 0.578623 0.431196 1.06569 0.0686445 0.567142 0.6 0.558554 0.384485 1.06543 0.0686445 0.567142 0.6 0.534388 0.340184 1.06518 0.558554 0.384485 1.06543 0.534388 0.340184 1.06518 0.0686445 0.567142 0.6 0.506378 0.298507 1.06493 0.0686445 0.567142 0.6 0.474753 0.259713 1.06468 0.506378 0.298507 1.06493 0.474753 0.259713 1.06468 0.0686445 0.567142 0.6 0.439752 0.224053 1.06441 0.0686445 0.567142 0.6 0.401624 0.191773 1.06411 0.439752 0.224053 1.06441 0.401624 0.191773 1.06411 0.0686445 0.567142 0.6 0.36062 0.163093 1.06379 0.0686445 0.567142 0.6 0.316997 0.13827 1.06345 0.36062 0.163093 1.06379 0.316997 0.13827 1.06345 0.0686445 0.567142 0.6 0.271016 0.1175 1.06311 0.271016 0.1175 1.06311 0.0686445 0.567142 0.6 0.222935 0.10099 1.06281 -0.615853 3.08034 1.06655 -0.0792743 3.02909 0.6 -0.611446 3.11505 1.06664 -0.0976068 0.0789041 1.06269 0.0686445 0.567142 0.6 -0.0792743 0.567142 0.6 -0.0792743 -2.99368 0.6 -0.55823 -3.24499 1.06687 -0.533029 -3.28854 1.06687 -0.596232 -3.15082 1.06683 -0.0792743 -2.99368 0.6 -0.608547 -3.10069 1.06679 0.0686445 3.02909 0.6 0.123924 3.56707 1.06676 0.0706379 3.56964 1.06675 -0.616075 -3.04886 1.06674 -0.0792743 -2.99368 0.6 -0.618572 -2.99558 1.06667 -0.618453 -0.499458 1.06656 -0.618572 -2.99558 1.06667 -0.0792743 -2.99368 0.6 -0.608547 -3.10069 1.06679 -0.0792743 -2.99368 0.6 -0.616075 -3.04886 1.06674 -0.0792743 -0.500053 0.6 -0.618453 -0.499458 1.06656 -0.0792743 -2.99368 0.6 -0.618453 -0.499458 1.06656 -0.0792743 -0.500053 0.6 -0.615711 -0.445982 1.06643 -0.615711 -0.445982 1.06643 -0.0792743 -0.500053 0.6 -0.611012 -0.411168 1.06629 -0.611012 -0.411168 1.06629 -0.0792743 -0.500053 0.6 -0.60001 -0.360354 1.06613 -0.60001 -0.360354 1.06613 -0.0792743 -0.500053 0.6 -0.584389 -0.311444 1.06596 -0.584389 -0.311444 1.06596 -0.0792743 -0.500053 0.6 -0.564403 -0.26469 1.06579 -0.564403 -0.26469 1.06579 -0.0792743 -0.500053 0.6 -0.540317 -0.220315 1.06563 -0.540317 -0.220315 1.06563 -0.0792743 -0.500053 0.6 -0.512371 -0.17857 1.06548 -0.512371 -0.17857 1.06548 -0.0792743 -0.500053 0.6 -0.480795 -0.139685 1.06532 -0.480795 -0.139685 1.06532 -0.0792743 -0.500053 0.6 -0.445824 -0.103923 1.06515 -0.445824 -0.103923 1.06515 -0.0792743 -0.500053 0.6 -0.407706 -0.0715373 1.06495 -0.407706 -0.0715373 1.06495 -0.0792743 -0.500053 0.6 -0.366689 -0.0427508 1.06472 -0.366689 -0.0427508 1.06472 -0.0792743 -0.500053 0.6 -0.32303 -0.0178238 1.06447 -0.213152 0.0227837 1.06399 -0.0792743 -0.500053 0.6 -0.0976555 0.0418469 1.06392 -0.32303 -0.0178238 1.06447 -0.0792743 -0.500053 0.6 -0.276987 0.00304282 1.06421 -0.579378 -3.199 1.06685 -0.0792743 -2.99368 0.6 -0.596232 -3.15082 1.06683 0.0686445 -2.99368 -0 0.0686445 -2.99368 0.6 0.0686445 -0.500053 0.6 0.0686445 -0.500053 -0 0.0686445 -2.99368 -0 0.0686445 -0.500053 0.6 0.13768 0.060824 1.05025 0.166242 0.0578002 1.0541 0.185172 0.0608055 1.02987 0.0686445 -0.500053 0.6 0.156203 0.0348046 1.06377 0.0683944 0.0419659 1.06384 0.156203 0.0348046 1.06377 0.0686445 -0.500053 0.6 0.206836 0.0241901 1.06391 0.0686445 -0.500053 0.6 0.255674 0.00908631 1.06415 0.206836 0.0241901 1.06391 0.255674 0.00908631 1.06415 0.0686445 -0.500053 0.6 0.302472 -0.0103487 1.06443 0.0686445 -0.500053 0.6 0.346974 -0.0339336 1.06471 0.302472 -0.0103487 1.06443 0.346974 -0.0339336 1.06471 0.0686445 -0.500053 0.6 0.388919 -0.0614485 1.06496 0.0686445 -0.500053 0.6 0.428054 -0.0926586 1.06518 0.388919 -0.0614485 1.06496 0.428054 -0.0926586 1.06518 0.0686445 -0.500053 0.6 0.464122 -0.127319 1.06538 0.0686445 -0.500053 0.6 0.496878 -0.165192 1.06556 0.464122 -0.127319 1.06538 0.496878 -0.165192 1.06556 0.0686445 -0.500053 0.6 0.52608 -0.206012 1.06572 0.0686445 -0.500053 0.6 0.551498 -0.249549 1.06588 0.52608 -0.206012 1.06572 0.551498 -0.249549 1.06588 0.0686445 -0.500053 0.6 0.572883 -0.295552 1.06605 0.0686445 -0.500053 0.6 0.589987 -0.34378 1.06621 0.572883 -0.295552 1.06605 0.589987 -0.34378 1.06621 0.0686445 -0.500053 0.6 0.602568 -0.393999 1.06638 0.0686445 -0.500053 0.6 0.0686445 -2.99368 0.6 0.613114 -0.499458 1.06667 0.610365 -0.445971 1.06654 0.0686445 -0.500053 0.6 0.613114 -0.499458 1.06667 0.0686445 -0.500053 0.6 0.610365 -0.445971 1.06654 0.602568 -0.393999 1.06638 0.0686445 -2.99368 0.6 0.613237 -2.99558 1.06678 0.613114 -0.499458 1.06667 0.0686445 -2.99368 0.6 0.610743 -3.04888 1.06685 0.613237 -2.99558 1.06678 0.610743 -3.04888 1.06685 0.0686445 -2.99368 0.6 0.606286 -3.08362 1.06691 0.0686445 -2.99368 0.6 0.595531 -3.13435 1.06694 0.606286 -3.08362 1.06691 0.595531 -3.13435 1.06694 0.0686445 -2.99368 0.6 0.580153 -3.18322 1.06696 0.0686445 -2.99368 0.6 0.560396 -3.22997 1.06697 0.580153 -3.18322 1.06696 0.560396 -3.22997 1.06697 0.0686445 -2.99368 0.6 0.536507 -3.27437 1.06697 0.0686445 -2.99368 0.6 0.508732 -3.31617 1.06697 0.536507 -3.27437 1.06697 0.508732 -3.31617 1.06697 0.0686445 -2.99368 0.6 0.477312 -3.35513 1.06696 0.477312 -3.35513 1.06696 0.0686445 -2.99368 0.6 0.442492 -3.391 1.06695 0.0686445 -2.99368 0.6 0.404514 -3.42356 1.06693 0.442492 -3.391 1.06695 0.404514 -3.42356 1.06693 0.0686445 -2.99368 0.6 0.363621 -3.45255 1.06691 0.0686445 -2.99368 0.6 0.320058 -3.47774 1.06689 0.363621 -3.45255 1.06691 0.320058 -3.47774 1.06689 0.0686445 -2.99368 0.6 0.274065 -3.49888 1.06687 0.0686445 -2.99368 0.6 0.225885 -3.51574 1.06685 0.274065 -3.49888 1.06687 0.225885 -3.51574 1.06685 0.0686445 -2.99368 0.6 0.17576 -3.52807 1.06683 0.0686445 -2.99368 0.6 -0.0792743 -2.99368 0.6 0.0706381 -3.53821 1.0668 0.123931 -3.53564 1.06682 0.0686445 -2.99368 0.6 0.0706381 -3.53821 1.0668 -0.0792743 -2.99368 0.6 -0.0760992 -3.5382 1.0668 0.0706381 -3.53821 1.0668 -0.0760992 -3.5382 1.0668 -0.0792743 -2.99368 0.6 -0.129388 -3.53562 1.06679 -0.129388 -3.53562 1.06679 -0.0792743 -2.99368 0.6 -0.164115 -3.5311 1.0668 -0.164115 -3.5311 1.0668 -0.0792743 -2.99368 0.6 -0.214827 -3.52031 1.0668 -0.0792743 -2.99368 0.6 -0.263674 -3.50493 1.06681 -0.214827 -3.52031 1.0668 -0.263674 -3.50493 1.06681 -0.0792743 -2.99368 0.6 -0.310412 -3.48518 1.06682 -0.0792743 -2.99368 0.6 -0.354803 -3.46131 1.06684 -0.310412 -3.48518 1.06682 -0.354803 -3.46131 1.06684 -0.0792743 -2.99368 0.6 -0.396601 -3.43356 1.06685 -0.396601 -3.43356 1.06685 -0.0792743 -2.99368 0.6 -0.435565 -3.40216 1.06686 -0.435565 -3.40216 1.06686 -0.0792743 -2.99368 0.6 -0.471454 -3.36737 1.06687 0.0686445 3.02909 0.6 0.0686445 3.02909 -0 0.0686445 0.567142 -0 0.0686445 0.567142 0.6 0.0686445 3.02909 0.6 0.0686445 0.567142 -0 -0.0792743 0.567142 0.6 -0.211993 0.0964448 1.06274 -0.0976068 0.0789041 1.06269 0.183335 0.0660058 1.05397 0.13768 0.060824 1.05025 0.185172 0.0608055 1.02987 0.0686445 -2.99368 0.6 0.123931 -3.53564 1.06682 0.17576 -3.52807 1.06683 0.911424 -0.0296292 0.583848 0.911424 -0.0296292 -0 0.798404 0.0604039 0.583867 0.599098 -0.2805 1.0635 0.620139 -0.340523 1.0643 0.897283 -0.0309948 0.61244 1.08182 -0.225409 -0 1.03693 -0.16103 -0 1.03693 -0.16103 0.583777 1.11332 -0.28163 -0 1.08182 -0.225409 -0 1.08182 -0.225409 0.583738 1.1402 -0.342397 -0 1.11332 -0.28163 -0 1.11332 -0.28163 0.5837 1.16179 -0.408025 -0 1.1402 -0.342397 -0 1.1402 -0.342397 0.583664 1.17747 -0.478861 -0 1.16179 -0.408025 -0 1.16179 -0.408025 0.583632 1.18495 -0.535585 -0 1.17747 -0.478861 -0 1.17747 -0.478861 0.583606 1.18869 -0.616285 -0 1.18495 -0.535585 -0 1.18495 -0.535585 0.583584 1.18869 -2.99368 -0 1.18869 -0.616285 -0 1.18869 -0.616285 0.583568 1.18396 -3.08855 -0 1.18869 -2.99368 -0 1.18869 -2.99368 0.583556 1.17 -3.18254 -0 1.18396 -3.08855 -0 1.18396 -3.08855 0.583551 1.14716 -3.27499 -0 1.17 -3.18254 -0 1.17 -3.18254 0.583549 1.1158 -3.36523 -0 1.14716 -3.27499 -0 1.14716 -3.27499 0.583551 1.07629 -3.45262 -0 1.1158 -3.36523 -0 1.1158 -3.36523 0.583556 1.02896 -3.53649 -0 1.07629 -3.45262 -0 1.07629 -3.45262 0.583563 0.974187 -3.61619 -0 1.02896 -3.53649 -0 1.02896 -3.53649 0.583571 0.912322 -3.69106 -0 0.974187 -3.61619 -0 0.974187 -3.61619 0.583581 0.843718 -3.76044 -0 0.912322 -3.69106 -0 0.912322 -3.69106 0.583592 0.834723 -3.7522 0.611049 0.902594 -3.68358 0.611023 0.500584 -3.37434 1.06656 0.463922 -3.41218 1.06652 0.834723 -3.7522 0.611049 0.500584 -3.37434 1.06656 0.601045 -3.9291 -0 0.687724 -3.88012 -0 0.687724 -3.88012 0.583629 0.509053 -3.96996 -0 0.601045 -3.9291 -0 0.601045 -3.9291 0.583642 0.412105 -4.00206 -0 0.509053 -3.96996 -0 0.509053 -3.96996 0.583654 0.310558 -4.02472 -0 0.412105 -4.00206 -0 0.412105 -4.00206 0.583666 0.240479 -4.03426 -0 0.310558 -4.02472 -0 0.310558 -4.02472 0.583676 0.132054 -4.03974 -0 0.240479 -4.03426 -0 0.240479 -4.03426 0.583684 -0.12153 -4.03974 -0 0.132054 -4.03974 -0 0.132054 -4.03974 0.583688 -0.231745 -4.03426 -0 -0.12153 -4.03974 -0 -0.12153 -4.03974 0.583689 -0.0773583 -3.56801 1.06578 -0.133798 -3.56527 1.06578 -0.120449 -4.0282 0.611396 -0.439168 -3.99237 -0 -0.337739 -4.01825 -0 -0.337739 -4.01825 0.583678 -0.535688 -3.95729 -0 -0.439168 -3.99237 -0 -0.439168 -3.99237 0.58367 -0.626959 -3.91364 -0 -0.535688 -3.95729 -0 -0.535688 -3.95729 0.58366 -0.712639 -3.8621 -0 -0.626959 -3.91364 -0 -0.626959 -3.91364 0.583649 -0.792384 -3.80333 -0 -0.712639 -3.8621 -0 -0.712639 -3.8621 0.583638 -0.865854 -3.73797 -0 -0.792384 -3.80333 -0 -0.792384 -3.80333 0.583627 -0.932703 -3.66668 -0 -0.865854 -3.73797 -0 -0.865854 -3.73797 0.583616 -0.992593 -3.59013 -0 -0.932703 -3.66668 -0 -0.932703 -3.66668 0.583605 -1.04518 -3.50896 -0 -0.992593 -3.59013 -0 -0.992593 -3.59013 0.583595 -1.09012 -3.42385 -0 -1.04518 -3.50896 -0 -1.04518 -3.50896 0.583585 -1.12707 -3.33543 -0 -1.09012 -3.42385 -0 -1.09012 -3.42385 0.583577 -1.15569 -3.24438 -0 -1.12707 -3.33543 -0 -1.12707 -3.33543 0.58357 -1.14355 -3.24171 0.610844 -1.11526 -3.33167 0.610875 -0.625201 -3.15928 1.06689 -1.18396 -3.08855 -0 -1.17564 -3.15135 -0 -1.17564 -3.15135 0.583565 -1.18869 -2.99368 -0 -1.18396 -3.08855 -0 -1.18396 -3.08855 0.583567 -1.18869 -0.616285 -0 -1.18869 -2.99368 -0 -1.18869 -2.99368 0.583574 -0.649227 -0.50565 1.06681 -1.17613 -0.613639 0.610869 -0.649005 -2.99558 1.06701 -1.18495 -0.535585 -0 -1.18869 -0.616285 -0 -1.18869 -0.616285 0.583586 -1.15692 -0.391141 -0 -1.17414 -0.460645 -0 -1.17414 -0.460645 0.583627 -1.13395 -0.326761 -0 -1.15692 -0.391141 -0 -1.15692 -0.391141 0.583654 -1.10586 -0.267157 -0 -1.13395 -0.326761 -0 -1.13395 -0.326761 0.583686 -1.07331 -0.212029 -0 -1.10586 -0.267157 -0 -1.10586 -0.267157 0.583723 -1.02733 -0.148886 -0 -1.07331 -0.212029 -0 -1.07331 -0.212029 0.583762 -0.97666 -0.0915854 -0 -1.02733 -0.148886 -0 -1.02733 -0.148886 0.583803 -0.888998 -0.0104532 -0 -0.97666 -0.0915854 -0 -0.97666 -0.0915854 0.583843 -0.797768 0.0599747 -0 -0.888998 -0.0104532 -0 -0.888998 -0.0104532 0.583874 -0.79846 0.0604039 0.583891 -0.797768 0.0599747 -0 -0.888998 -0.0104532 0.583874 -0.306778 0.0219625 1.0585 -0.244555 0.0417297 1.05786 -0.781072 0.0603616 0.61218 -0.393961 -0.0239913 1.05975 -0.351482 0.00100422 1.05915 -0.781072 0.0603616 0.61218 -0.43398 -0.0528034 1.06026 -0.393961 -0.0239913 1.05975 -0.781072 0.0603616 0.61218 -0.471273 -0.0851588 1.06065 -0.43398 -0.0528034 1.06026 -0.781072 0.0603616 0.61218 -0.505573 -0.120823 1.06094 -0.471273 -0.0851588 1.06065 -0.781072 0.0603616 0.61218 -0.536603 -0.159537 1.06113 -0.505573 -0.120823 1.06094 -0.781072 0.0603616 0.61218 -0.564092 -0.201033 1.06122 -0.536603 -0.159537 1.06113 -0.781072 0.0603616 0.61218 0.797716 0.0599747 -0 0.854603 0.0951228 -0 0.798404 0.0604039 0.583867 -0.337739 -4.01825 -0 -0.231745 -4.03426 -0 -0.231745 -4.03426 0.583685 -0.120449 -4.0282 0.611396 0.130598 -4.0282 0.611394 0.0725119 -3.56801 1.06579 0.521397 -0.146416 1.0613 0.550119 -0.18702 1.0614 0.781428 0.0605463 0.612667 0.489218 -0.10868 1.06111 0.521397 -0.146416 1.0613 0.781428 0.0605463 0.612667 0.453852 -0.0740802 1.06081 0.489218 -0.10868 1.06111 0.781428 0.0605463 0.612667 0.415567 -0.0428644 1.06042 0.453852 -0.0740802 1.06081 0.781428 0.0605463 0.612667 0.374624 -0.015287 1.05994 0.415567 -0.0428644 1.06042 0.781428 0.0605463 0.612667 0.285695 0.027966 1.05885 0.331265 0.00840348 1.0594 0.781428 0.0605463 0.612667 0.550119 -0.18702 1.0614 0.57929 -0.237474 1.06351 0.781428 0.0605463 0.612667 0.911424 -0.0296292 -0 0.797716 0.0599747 -0 0.798404 0.0604039 0.583867 0.23804 0.043183 1.0584 0.781428 0.0605463 0.612667 0.166242 0.0578002 1.0541 0.620139 -0.340523 1.0643 0.975734 -0.106662 0.611911 0.897283 -0.0309948 0.61244 0.897283 -0.0309948 0.61244 0.781428 0.0605463 0.612667 0.57929 -0.237474 1.06351 0.633153 -0.393312 1.0656 1.02684 -0.166567 0.611562 0.975734 -0.106662 0.611911 0.640828 -0.445712 1.06635 1.10193 -0.285433 0.611217 1.07005 -0.228523 0.611561 0.643882 -0.504786 1.06696 1.14973 -0.410093 0.610859 1.12839 -0.345243 0.611215 0.643692 -2.99558 1.06713 1.17608 -2.99372 0.61081 1.17607 -0.613652 0.61082 0.640983 -3.05145 1.06712 1.1714 -3.08769 0.610805 1.17608 -2.99372 0.61081 0.636115 -3.08873 1.0671 1.15756 -3.18093 0.610811 1.1714 -3.08769 0.610805 0.624769 -3.14205 1.06702 1.13508 -3.27189 0.610798 1.15756 -3.18093 0.610811 0.60857 -3.19343 1.06694 1.10443 -3.36011 0.61083 1.13508 -3.27189 0.610798 0.586865 -3.24476 1.06668 1.06483 -3.44769 0.610954 1.10443 -3.36011 0.61083 0.562895 -3.28927 1.06665 1.018 -3.53067 0.610975 1.06483 -3.44769 0.610954 0.533659 -3.33329 1.06661 0.902594 -3.68358 0.611023 0.963804 -3.60952 0.610998 0.687724 -3.88012 -0 0.768733 -3.82368 -0 0.768733 -3.82368 0.583617 0.680419 -3.87053 0.611101 0.760547 -3.81473 0.611075 0.423919 -3.44653 1.06647 0.594695 -3.91895 0.611128 0.680419 -3.87053 0.611101 0.380827 -3.47715 1.06642 0.503728 -3.95935 0.611153 0.594695 -3.91895 0.611128 0.334894 -3.50376 1.06638 0.407873 -3.99108 0.611175 0.503728 -3.95935 0.611153 0.286369 -3.5261 1.06633 0.309602 -4.013 0.61118 0.407873 -3.99108 0.611175 0.231253 -3.54539 1.06582 0.182676 -3.55738 1.06582 0.23775 -4.02279 0.611392 0.309602 -4.013 0.61118 0.128896 -3.56526 1.06579 0.130598 -4.0282 0.611394 0.23775 -4.02279 0.611392 -0.229399 -4.02278 0.611397 -0.120449 -4.0282 0.611396 -0.133798 -3.56527 1.06578 -0.334729 -4.00687 0.611336 -0.229399 -4.02278 0.611397 -0.222854 -3.54919 1.06589 -0.229399 -4.02278 0.611397 -0.168449 -3.56077 1.06578 -0.222854 -3.54919 1.06589 -0.334729 -4.00687 0.611336 -0.222854 -3.54919 1.06589 -0.274363 -3.53295 1.06601 -0.435024 -3.98129 0.611288 -0.274363 -3.53295 1.06601 -0.323661 -3.5121 1.06611 -0.530577 -3.94655 0.611242 -0.323661 -3.5121 1.06611 -0.37075 -3.48671 1.06625 -0.784297 -3.79436 0.611108 -0.705528 -3.85241 0.611158 -0.41453 -3.45762 1.06633 -0.856952 -3.72972 0.611068 -0.784297 -3.79436 0.611108 -0.45563 -3.42449 1.06642 -0.92306 -3.65923 0.611029 -0.856952 -3.72972 0.611068 -0.493486 -3.38777 1.0665 -0.982284 -3.58352 0.610989 -0.92306 -3.65923 0.611029 -0.527846 -3.34772 1.06659 -1.03428 -3.50326 0.61095 -0.982284 -3.58352 0.610989 -0.558453 -3.30459 1.06667 -1.07872 -3.4191 0.610911 -1.03428 -3.50326 0.61095 -0.585052 -3.25863 1.06675 -0.607386 -3.21011 1.06682 -1.11526 -3.33167 0.610875 -1.07872 -3.4191 0.610911 -1.17564 -3.15135 -0 -1.15569 -3.24438 -0 -1.15569 -3.24438 0.583566 -1.14355 -3.24171 0.610844 -0.625201 -3.15928 1.06689 -0.638179 -3.10663 1.06696 -1.16317 -3.15027 0.610843 -0.638179 -3.10663 1.06696 -0.646295 -3.05146 1.067 -0.854927 0.0951228 -0 -0.797768 0.0599747 -0 -0.79846 0.0604039 0.583891 -0.649227 -0.50565 1.06681 -1.17245 -0.534766 0.610885 -1.17613 -0.613639 0.610869 -0.646583 -0.44692 1.0657 -1.09471 -0.271321 0.611276 -1.12237 -0.329697 0.611067 -1.01561 -0.151971 0.611649 -1.06209 -0.215856 0.611393 -0.641426 -0.408546 1.06498 -0.965414 -0.0951883 0.611943 -1.01561 -0.151971 0.611649 -0.629989 -0.354767 1.06444 -0.878028 -0.014342 0.612233 -0.965414 -0.0951883 0.611943 -0.614835 -0.305702 1.06354 -0.781072 0.0603616 0.61218 -0.878028 -0.014342 0.612233 -0.592392 -0.251829 1.06194 -0.306778 0.0219625 1.0585 -0.781072 0.0603616 0.61218 -0.351482 0.00100422 1.05915 -0.244555 0.0417297 1.05786 -0.131134 0.0606247 1.05749 -0.781072 0.0603616 0.61218 0.768733 -3.82368 -0 0.843718 -3.76044 -0 0.843718 -3.76044 0.583604 0.0686445 3.02909 0.6 -0.0760996 3.56963 1.06674 -0.0792743 3.02909 0.6 -0.0976555 0.0418469 1.06392 0.0686445 -0.500053 0.6 0.0683944 0.0419659 1.06384 -0.0792743 0.567142 0.6 -0.260706 0.111531 1.06299 -0.211993 0.0964448 1.06274 0.25443 0.0826226 1.0583 0.183335 0.0660058 1.05397 0.781428 0.0605463 0.612667 -0.0976068 0.0789041 1.06269 0.0683951 0.0791582 1.06265 0.0686445 0.567142 0.6 0.0683944 0.0419659 1.06384 0.13768 0.060824 1.05025 0.0683951 0.0791582 1.06265 -0.0976555 0.0418469 1.06392 -0.0976068 0.0789041 1.06269 -0.131134 0.0606247 1.05749 -0.854927 0.0951228 0.583891 -0.79846 0.0604039 0.583891 -0.781072 0.0603616 0.61218 -0.847578 0.102073 0.612444 0.847389 0.102412 0.612335 0.781428 0.0605463 0.612667 0.798404 0.0604039 0.583867 0.854603 0.0951228 0.583869 -0.211993 0.0964448 1.06274 -0.260706 0.111531 1.06299 -0.291595 0.0932192 1.05811 -0.244054 0.0780259 1.05763 -0.260706 0.111531 1.06299 -0.3074 0.130917 1.0633 -0.337056 0.112756 1.0587 -0.291595 0.0932192 1.05811 -0.3074 0.130917 1.0633 -0.351821 0.154429 1.06362 -0.380317 0.136418 1.05928 -0.337056 0.112756 1.0587 -0.351821 0.154429 1.06362 -0.39371 0.181854 1.06394 -0.421176 0.163964 1.0598 -0.380317 0.136418 1.05928 -0.39371 0.181854 1.06394 -0.432813 0.212965 1.06424 -0.45939 0.195148 1.06022 -0.421176 0.163964 1.0598 -0.432813 0.212965 1.06424 -0.468874 0.247521 1.06452 -0.494697 0.229713 1.06054 -0.45939 0.195148 1.06022 -0.468874 0.247521 1.06452 -0.501647 0.28529 1.06478 -0.526827 0.267413 1.06076 -0.494697 0.229713 1.06054 -0.501647 0.28529 1.06478 -0.530892 0.32601 1.06504 -0.55551 0.307976 1.06087 -0.526827 0.267413 1.06076 -0.530892 0.32601 1.06504 -0.556377 0.369458 1.0653 -0.584368 0.357895 1.06364 -0.55551 0.307976 1.06087 -0.556377 0.369458 1.0653 -0.577847 0.415389 1.06558 -0.6072 0.407501 1.06428 -0.584368 0.357895 1.06364 -0.577847 0.415389 1.06558 -0.595033 0.463566 1.06583 -0.624929 0.45809 1.06484 -0.6072 0.407501 1.06428 -0.595033 0.463566 1.06583 -0.607681 0.513755 1.06607 -0.638491 0.513103 1.06597 -0.624929 0.45809 1.06484 -0.607681 0.513755 1.06607 -0.615532 0.565709 1.06628 -0.646235 0.565973 1.06659 -0.638491 0.513103 1.06597 -0.615532 0.565709 1.06628 -0.618324 0.619187 1.06645 -0.648996 0.622938 1.06683 -0.646235 0.565973 1.06659 -0.585052 -3.25863 1.06675 -0.558453 -3.30459 1.06667 -0.533029 -3.28854 1.06687 -0.55823 -3.24499 1.06687 -0.558453 -3.30459 1.06667 -0.527846 -3.34772 1.06659 -0.504023 -3.32941 1.06687 -0.533029 -3.28854 1.06687 -0.625201 -3.15928 1.06689 -0.607386 -3.21011 1.06682 -0.579378 -3.199 1.06685 -0.596232 -3.15082 1.06683 0.23804 0.043183 1.0584 0.166242 0.0578002 1.0541 0.156203 0.0348046 1.06377 0.206836 0.0241901 1.06391 -1.17613 -0.613639 0.610869 -1.17245 -0.534766 0.610885 -1.18495 -0.535585 0.583604 -1.18869 -0.616285 0.583586 -1.17245 -0.534766 0.610885 -1.16188 -0.461526 0.6109 -1.17414 -0.460645 0.583627 -1.18495 -0.535585 0.583604 -1.16188 -0.461526 0.6109 -1.14504 -0.393603 0.610912 -1.15692 -0.391141 0.583654 -1.17414 -0.460645 0.583627 -1.14504 -0.393603 0.610912 -1.12237 -0.329697 0.611067 -1.13395 -0.326761 0.583686 -1.15692 -0.391141 0.583654 -1.12237 -0.329697 0.611067 -1.09471 -0.271321 0.611276 -1.10586 -0.267157 0.583723 -1.13395 -0.326761 0.583686 -1.09471 -0.271321 0.611276 -1.06209 -0.215856 0.611393 -1.07331 -0.212029 0.583762 -1.10586 -0.267157 0.583723 -1.06209 -0.215856 0.611393 -1.01561 -0.151971 0.611649 -1.02733 -0.148886 0.583803 -1.07331 -0.212029 0.583762 -1.01561 -0.151971 0.611649 -0.965414 -0.0951883 0.611943 -0.97666 -0.0915854 0.583843 -1.02733 -0.148886 0.583803 -0.965414 -0.0951883 0.611943 -0.878028 -0.014342 0.612233 -0.888998 -0.0104532 0.583874 -0.97666 -0.0915854 0.583843 -0.847578 0.102073 0.612444 -0.911748 0.150579 0.612442 -0.922568 0.146255 0.583873 -0.854927 0.0951228 0.583891 -0.911748 0.150579 0.612442 -0.96519 0.199805 0.612083 -0.97666 0.196079 0.583841 -0.922568 0.146255 0.583873 -0.96519 0.199805 0.612083 -1.01595 0.25609 0.61178 -1.02733 0.252263 0.583802 -0.97666 0.196079 0.583841 -1.01595 0.25609 0.61178 -1.06258 0.319349 0.611446 -1.07331 0.314639 0.583761 -1.02733 0.252263 0.583802 -1.06258 0.319349 0.611446 -1.10154 0.385888 0.611444 -1.11332 0.382979 0.583721 -1.07331 0.314639 0.583761 -1.10154 0.385888 0.611444 -1.1284 0.444721 0.611126 -1.1402 0.441851 0.583684 -1.11332 0.382979 0.583721 -1.1284 0.444721 0.611126 -1.14963 0.506345 0.611037 -1.16179 0.504323 0.58365 -1.1402 0.441851 0.583684 -1.14963 0.506345 0.611037 -1.16517 0.57145 0.610859 -1.17747 0.570311 0.583622 -1.16179 0.504323 0.58365 -1.16517 0.57145 0.610859 -1.17249 0.622024 0.610853 -1.18495 0.622055 0.5836 -1.17747 0.570311 0.583622 -1.17249 0.622024 0.610853 -1.17616 0.692303 0.610847 -1.18869 0.693958 0.583583 -1.18495 0.622055 0.5836 -1.17616 0.692303 0.610847 -1.17614 3.01994 0.610815 -1.18869 3.01852 0.583571 -1.18869 0.693958 0.583583 -1.17614 3.01994 0.610815 -1.17151 3.11607 0.610814 -1.18396 3.11685 0.583565 -1.18869 3.01852 0.583571 -1.17151 3.11607 0.610814 -1.15772 3.2116 0.61082 -1.16998 3.21368 0.583562 -1.18396 3.11685 0.583565 -1.15772 3.2116 0.61082 -1.13526 3.30459 0.610841 -1.1471 3.3084 0.583562 -1.16998 3.21368 0.583562 -1.13526 3.30459 0.610841 -1.10392 3.39628 0.610925 -1.11566 3.40039 0.583565 -1.1471 3.3084 0.583562 -1.10392 3.39628 0.610925 -1.06469 3.48402 0.610943 -1.07601 3.48906 0.583571 -1.11566 3.40039 0.583565 -1.06469 3.48402 0.610943 -1.01767 3.56785 0.610963 -1.02848 3.57379 0.583578 -1.07601 3.48906 0.583571 -1.01767 3.56785 0.610963 -0.963193 3.6472 0.610985 -0.973424 3.65401 0.583586 -1.02848 3.57379 0.583578 -0.963193 3.6472 0.610985 -0.901612 3.72147 0.611006 -0.911177 3.72909 0.583595 -0.973424 3.65401 0.583586 -0.901612 3.72147 0.611006 -0.833263 3.79006 0.611029 -0.842082 3.79844 0.583605 -0.911177 3.72909 0.583595 -0.833263 3.79006 0.611029 -0.758488 3.85237 0.611051 -0.766483 3.86145 0.583616 -0.842082 3.79844 0.583605 -0.758488 3.85237 0.611051 -0.677627 3.90782 0.611073 -0.684721 3.91753 0.583627 -0.766483 3.86145 0.583616 -0.677627 3.90782 0.611073 -0.591023 3.95582 0.611093 -0.59714 3.96607 0.583638 -0.684721 3.91753 0.583627 -0.591023 3.95582 0.611093 -0.500075 3.9953 0.611096 -0.50408 4.00646 0.583649 -0.59714 3.96607 0.583638 -0.500075 3.9953 0.611096 -0.402099 4.02688 0.611241 -0.405886 4.03811 0.583658 -0.50408 4.00646 0.583649 -0.402099 4.02688 0.611241 -0.300555 4.04886 0.611289 -0.302898 4.0604 0.583666 -0.405886 4.03811 0.583658 -0.300555 4.04886 0.611289 -0.229356 4.05824 0.611359 -0.231745 4.06978 0.583671 -0.302898 4.0604 0.583666 -0.229356 4.05824 0.611359 -0.120453 4.06355 0.611361 -0.12153 4.07515 0.583673 -0.231745 4.06978 0.583671 -0.120453 4.06355 0.611361 0.12982 4.06355 0.611362 0.132054 4.07515 0.583671 -0.12153 4.07515 0.583673 0.12982 4.06355 0.611362 0.238453 4.05816 0.611335 0.240479 4.06978 0.583664 0.132054 4.07515 0.583671 0.238453 4.05816 0.611335 0.341721 4.0426 0.611278 0.344896 4.05404 0.583655 0.240479 4.06978 0.583664 0.341721 4.0426 0.611278 0.44067 4.01741 0.61122 0.44495 4.02857 0.583645 0.344896 4.05404 0.583655 0.44067 4.01741 0.61122 0.534947 3.98316 0.611165 0.540286 3.99393 0.583633 0.44495 4.02857 0.583645 0.534947 3.98316 0.611165 0.624208 3.94048 0.611114 0.630546 3.95077 0.58362 0.540286 3.99393 0.583633 0.624208 3.94048 0.611114 0.708089 3.88993 0.611067 0.715374 3.89965 0.583608 0.630546 3.95077 0.58362 0.708089 3.88993 0.611067 0.786252 3.83212 0.611024 0.794416 3.8412 0.583597 0.715374 3.89965 0.583608 0.786252 3.83212 0.611024 0.858405 3.76759 0.610984 0.867313 3.776 0.583586 0.794416 3.8412 0.583597 0.858405 3.76759 0.610984 0.924069 3.69705 0.610939 0.93371 3.70467 0.583576 0.867313 3.776 0.583586 0.924069 3.69705 0.610939 0.98293 3.62104 0.610915 0.993251 3.62781 0.583567 0.93371 3.70467 0.583576 0.98293 3.62104 0.610915 1.03463 3.54024 0.610877 1.04558 3.54602 0.583559 0.993251 3.62781 0.583567 1.03463 3.54024 0.610877 1.07889 3.45509 0.610846 1.09034 3.45991 0.583552 1.04558 3.54602 0.583559 1.07889 3.45509 0.610846 1.11531 3.36625 0.610817 1.12718 3.37007 0.583548 1.09034 3.45991 0.583552 1.11531 3.36625 0.610817 1.14356 3.2743 0.610789 1.15573 3.2771 0.583545 1.12718 3.37007 0.583548 1.14356 3.2743 0.610789 1.16313 3.18057 0.610786 1.17565 3.18162 0.583546 1.15573 3.2771 0.583545 1.16313 3.18057 0.610786 1.17141 3.11607 0.610797 1.18396 3.11685 0.58355 1.17565 3.18162 0.583546 1.17141 3.11607 0.610797 1.17609 3.01871 0.610802 1.18869 3.01852 0.583558 1.18396 3.11685 0.58355 1.17609 3.01871 0.610802 1.17608 0.692308 0.61081 1.18869 0.693958 0.583571 1.18869 3.01852 0.583558 1.17608 0.692308 0.61081 1.17031 0.622024 0.610821 1.1828 0.622055 0.583591 1.18869 0.693958 0.583571 1.17031 0.622024 0.610821 1.15833 0.555003 0.61083 1.17056 0.553487 0.583615 1.1828 0.622055 0.583591 1.15833 0.555003 0.61083 1.14055 0.490826 0.610834 1.15253 0.488375 0.583644 1.17056 0.553487 0.583615 1.14055 0.490826 0.610834 1.11757 0.430014 0.611142 1.12925 0.426791 0.583677 1.15253 0.488375 0.583644 1.11757 0.430014 0.611142 1.08242 0.358704 0.611342 1.09363 0.354935 0.583714 1.12925 0.426791 0.583677 1.08242 0.358704 0.611342 1.04026 0.292333 0.61151 1.05175 0.288959 0.583753 1.09363 0.354935 0.583714 1.04026 0.292333 0.61151 0.99511 0.235081 0.611668 1.0047 0.229043 0.583791 1.05175 0.288959 0.583753 0.99511 0.235081 0.611668 0.942519 0.179653 0.611816 0.953552 0.175366 0.583825 1.0047 0.229043 0.583791 0.942519 0.179653 0.611816 0.888191 0.132297 0.612137 0.899386 0.128147 0.583853 0.953552 0.175366 0.583825 0.888191 0.132297 0.612137 0.847389 0.102412 0.612335 0.854603 0.0951228 0.583869 0.899386 0.128147 0.583853 0.897283 -0.0309948 0.61244 0.975734 -0.106662 0.611911 0.987092 -0.102613 0.583814 0.911424 -0.0296292 0.583848 0.975734 -0.106662 0.611911 1.02684 -0.166567 0.611562 1.03693 -0.16103 0.583777 0.987092 -0.102613 0.583814 1.02684 -0.166567 0.611562 1.07005 -0.228523 0.611561 1.08182 -0.225409 0.583738 1.03693 -0.16103 0.583777 1.07005 -0.228523 0.611561 1.10193 -0.285433 0.611217 1.11332 -0.28163 0.5837 1.08182 -0.225409 0.583738 1.10193 -0.285433 0.611217 1.12839 -0.345243 0.611215 1.1402 -0.342397 0.583664 1.11332 -0.28163 0.5837 1.12839 -0.345243 0.611215 1.14973 -0.410093 0.610859 1.16179 -0.408025 0.583632 1.1402 -0.342397 0.583664 1.14973 -0.410093 0.610859 1.16507 -0.479326 0.610848 1.17747 -0.478861 0.583606 1.16179 -0.408025 0.583632 1.16507 -0.479326 0.610848 1.17239 -0.53477 0.610834 1.18495 -0.535585 0.583584 1.17747 -0.478861 0.583606 1.17239 -0.53477 0.610834 1.17607 -0.613652 0.61082 1.18869 -0.616285 0.583568 1.18495 -0.535585 0.583584 1.17607 -0.613652 0.61082 1.17608 -2.99372 0.61081 1.18869 -2.99368 0.583556 1.18869 -0.616285 0.583568 1.17608 -2.99372 0.61081 1.1714 -3.08769 0.610805 1.18396 -3.08855 0.583551 1.18869 -2.99368 0.583556 1.1714 -3.08769 0.610805 1.15756 -3.18093 0.610811 1.17 -3.18254 0.583549 1.18396 -3.08855 0.583551 1.15756 -3.18093 0.610811 1.13508 -3.27189 0.610798 1.14716 -3.27499 0.583551 1.17 -3.18254 0.583549 1.13508 -3.27189 0.610798 1.10443 -3.36011 0.61083 1.1158 -3.36523 0.583556 1.14716 -3.27499 0.583551 1.10443 -3.36011 0.61083 1.06483 -3.44769 0.610954 1.07629 -3.45262 0.583563 1.1158 -3.36523 0.583556 1.06483 -3.44769 0.610954 1.018 -3.53067 0.610975 1.02896 -3.53649 0.583571 1.07629 -3.45262 0.583563 1.018 -3.53067 0.610975 0.963804 -3.60952 0.610998 0.974187 -3.61619 0.583581 1.02896 -3.53649 0.583571 0.963804 -3.60952 0.610998 0.902594 -3.68358 0.611023 0.912322 -3.69106 0.583592 0.974187 -3.61619 0.583581 0.902594 -3.68358 0.611023 0.834723 -3.7522 0.611049 0.843718 -3.76044 0.583604 0.912322 -3.69106 0.583592 0.834723 -3.7522 0.611049 0.760547 -3.81473 0.611075 0.768733 -3.82368 0.583617 0.843718 -3.76044 0.583604 0.760547 -3.81473 0.611075 0.680419 -3.87053 0.611101 0.687724 -3.88012 0.583629 0.768733 -3.82368 0.583617 0.680419 -3.87053 0.611101 0.594695 -3.91895 0.611128 0.601045 -3.9291 0.583642 0.687724 -3.88012 0.583629 0.594695 -3.91895 0.611128 0.503728 -3.95935 0.611153 0.509053 -3.96996 0.583654 0.601045 -3.9291 0.583642 0.503728 -3.95935 0.611153 0.407873 -3.99108 0.611175 0.412105 -4.00206 0.583666 0.509053 -3.96996 0.583654 0.407873 -3.99108 0.611175 0.309602 -4.013 0.61118 0.310558 -4.02472 0.583676 0.412105 -4.00206 0.583666 0.309602 -4.013 0.61118 0.23775 -4.02279 0.611392 0.240479 -4.03426 0.583684 0.310558 -4.02472 0.583676 0.23775 -4.02279 0.611392 0.130598 -4.0282 0.611394 0.132054 -4.03974 0.583688 0.240479 -4.03426 0.583684 0.130598 -4.0282 0.611394 -0.120449 -4.0282 0.611396 -0.12153 -4.03974 0.583689 0.132054 -4.03974 0.583688 -0.120449 -4.0282 0.611396 -0.229399 -4.02278 0.611397 -0.231745 -4.03426 0.583685 -0.12153 -4.03974 0.583689 -0.229399 -4.02278 0.611397 -0.334729 -4.00687 0.611336 -0.337739 -4.01825 0.583678 -0.231745 -4.03426 0.583685 -0.334729 -4.00687 0.611336 -0.435024 -3.98129 0.611288 -0.439168 -3.99237 0.58367 -0.337739 -4.01825 0.583678 -0.435024 -3.98129 0.611288 -0.530577 -3.94655 0.611242 -0.535688 -3.95729 0.58366 -0.439168 -3.99237 0.58367 -0.530577 -3.94655 0.611242 -0.620798 -3.90341 0.611186 -0.626959 -3.91364 0.583649 -0.535688 -3.95729 0.58366 -0.620798 -3.90341 0.611186 -0.705528 -3.85241 0.611158 -0.712639 -3.8621 0.583638 -0.626959 -3.91364 0.583649 -0.705528 -3.85241 0.611158 -0.784297 -3.79436 0.611108 -0.792384 -3.80333 0.583627 -0.712639 -3.8621 0.583638 -0.784297 -3.79436 0.611108 -0.856952 -3.72972 0.611068 -0.865854 -3.73797 0.583616 -0.792384 -3.80333 0.583627 -0.856952 -3.72972 0.611068 -0.92306 -3.65923 0.611029 -0.932703 -3.66668 0.583605 -0.865854 -3.73797 0.583616 -0.92306 -3.65923 0.611029 -0.982284 -3.58352 0.610989 -0.992593 -3.59013 0.583595 -0.932703 -3.66668 0.583605 -0.982284 -3.58352 0.610989 -1.03428 -3.50326 0.61095 -1.04518 -3.50896 0.583585 -0.992593 -3.59013 0.583595 -1.03428 -3.50326 0.61095 -1.07872 -3.4191 0.610911 -1.09012 -3.42385 0.583577 -1.04518 -3.50896 0.583585 -1.07872 -3.4191 0.610911 -1.11526 -3.33167 0.610875 -1.12707 -3.33543 0.58357 -1.09012 -3.42385 0.583577 -1.11526 -3.33167 0.610875 -1.14355 -3.24171 0.610844 -1.15569 -3.24438 0.583566 -1.12707 -3.33543 0.58357 -1.14355 -3.24171 0.610844 -1.16317 -3.15027 0.610843 -1.17564 -3.15135 0.583565 -1.15569 -3.24438 0.583566 -1.16317 -3.15027 0.610843 -1.17146 -3.08769 0.610853 -1.18396 -3.08855 0.583567 -1.17564 -3.15135 0.583565 -1.17146 -3.08769 0.610853 -1.17615 -2.99372 0.610858 -1.18869 -2.99368 0.583574 -1.18396 -3.08855 0.583567 -1.18869 -0.616285 0.583586 -1.18869 -2.99368 0.583574 -1.17615 -2.99372 0.610858 -1.17613 -0.613639 0.610869 -0.618324 0.619187 1.06645 -0.615853 3.08034 1.06655 -0.646318 3.08262 1.067 -0.648996 0.622938 1.06683 -0.129383 3.56706 1.06675 -0.0760996 3.56963 1.06674 -0.0773556 3.59948 1.06581 -0.133789 3.59674 1.06582 -0.0760996 3.56963 1.06674 0.0706379 3.56964 1.06675 0.0725101 3.59949 1.0658 -0.0773556 3.59948 1.06581 0.610653 3.08036 1.06677 0.613127 3.02707 1.06668 0.643697 3.02678 1.06712 0.640986 3.08276 1.06712 0.613127 3.02707 1.06668 0.612976 0.619198 1.06655 0.643835 0.624304 1.067 0.643697 3.02678 1.06712 0.183335 0.0660058 1.05397 0.25443 0.0826226 1.0583 0.222935 0.10099 1.06281 0.172998 0.0888916 1.06262 0.271016 0.1175 1.06311 0.222935 0.10099 1.06281 0.25443 0.0826226 1.0583 0.301439 0.0992964 1.05874 0.316997 0.13827 1.06345 0.271016 0.1175 1.06311 0.301439 0.0992964 1.05874 0.346288 0.120248 1.05926 0.36062 0.163093 1.06379 0.316997 0.13827 1.06345 0.346288 0.120248 1.05926 0.388842 0.145236 1.05978 0.401624 0.191773 1.06411 0.36062 0.163093 1.06379 0.388842 0.145236 1.05978 0.428895 0.17404 1.06024 0.439752 0.224053 1.06441 0.401624 0.191773 1.06411 0.428895 0.17404 1.06024 0.466201 0.206386 1.06061 0.474753 0.259713 1.06468 0.439752 0.224053 1.06441 0.466201 0.206386 1.06061 0.500502 0.242042 1.06089 0.506378 0.298507 1.06493 0.474753 0.259713 1.06468 0.500502 0.242042 1.06089 0.531528 0.28075 1.06107 0.534388 0.340184 1.06518 0.506378 0.298507 1.06493 0.531528 0.28075 1.06107 0.559013 0.322253 1.06116 0.0706379 3.56964 1.06675 0.123924 3.56707 1.06676 0.125687 3.59692 1.06579 0.0725101 3.59949 1.0658 -0.615853 3.08034 1.06655 -0.611446 3.11505 1.06664 -0.641444 3.12013 1.06696 -0.646318 3.08262 1.067 -0.611446 3.11505 1.06664 -0.600733 3.16578 1.06671 -0.630117 3.17335 1.06691 -0.641444 3.12013 1.06696 -0.600733 3.16578 1.06671 -0.585389 3.21462 1.06676 -0.613445 3.22623 1.06673 -0.630117 3.17335 1.06691 -0.585389 3.21462 1.06676 -0.565663 3.26137 1.06679 -0.593197 3.27408 1.0667 -0.613445 3.22623 1.06673 -0.565663 3.26137 1.06679 -0.5418 3.30576 1.06681 -0.568039 3.32082 1.06666 -0.593197 3.27408 1.0667 -0.5418 3.30576 1.06681 -0.514044 3.34755 1.06682 -0.538791 3.36484 1.06662 -0.568039 3.32082 1.06666 -0.514044 3.34755 1.06682 -0.482644 3.3865 1.06682 -0.505703 3.4059 1.06658 -0.538791 3.36484 1.06662 -0.482644 3.3865 1.06682 -0.447843 3.42237 1.06681 -0.469023 3.44372 1.06654 -0.505703 3.4059 1.06658 -0.447843 3.42237 1.06681 -0.409882 3.45493 1.06681 -0.428998 3.47807 1.0665 -0.469023 3.44372 1.06654 -0.409882 3.45493 1.06681 -0.369006 3.48393 1.0668 -0.385879 3.50867 1.06646 -0.428998 3.47807 1.0665 -0.369006 3.48393 1.0668 -0.325459 3.50911 1.06678 -0.338007 3.53635 1.06618 -0.385879 3.50867 1.06646 -0.325459 3.50911 1.06678 -0.27948 3.53026 1.06677 -0.291075 3.55798 1.0661 -0.338007 3.53635 1.06618 -0.27948 3.53026 1.06677 -0.231314 3.54713 1.06676 -0.239191 3.57616 1.06587 -0.291075 3.55798 1.0661 -0.231314 3.54713 1.06676 -0.181202 3.55947 1.06675 -0.1876 3.58885 1.06584 -0.239191 3.57616 1.06587 -0.181202 3.55947 1.06675 -0.129383 3.56706 1.06675 -0.133789 3.59674 1.06582 -0.1876 3.58885 1.06584 0.123924 3.56707 1.06676 0.15865 3.56257 1.06677 0.165201 3.59179 1.06591 0.125687 3.59692 1.06579 0.15865 3.56257 1.06677 0.209363 3.55179 1.06679 0.217558 3.58064 1.06605 0.165201 3.59179 1.06591 0.209363 3.55179 1.06679 0.258214 3.53641 1.06681 0.269083 3.56439 1.06618 0.217558 3.58064 1.06605 0.258214 3.53641 1.06681 0.304958 3.51668 1.06683 0.318369 3.54355 1.0663 0.269083 3.56439 1.06618 0.304958 3.51668 1.06683 0.349354 3.49282 1.06685 0.365177 3.51837 1.0664 0.318369 3.54355 1.0663 0.349354 3.49282 1.06685 0.391161 3.46508 1.06687 0.409251 3.48909 1.0665 0.365177 3.51837 1.0664 0.391161 3.46508 1.06687 0.430133 3.43368 1.06689 0.450337 3.45596 1.06659 0.409251 3.48909 1.0665 0.430133 3.43368 1.06689 0.466031 3.39889 1.06691 0.48818 3.41926 1.06666 0.450337 3.45596 1.06659 0.466031 3.39889 1.06691 0.498608 3.36094 1.06692 0.522679 3.37899 1.06677 0.48818 3.41926 1.06666 0.498608 3.36094 1.06692 0.527622 3.32006 1.06693 0.553123 3.33607 1.06683 0.522679 3.37899 1.06677 0.527622 3.32006 1.06693 0.552827 3.27651 1.06692 0.579724 3.29012 1.0669 0.553123 3.33607 1.06683 0.552827 3.27651 1.06692 0.57398 3.23051 1.06691 0.602062 3.24158 1.06696 0.579724 3.29012 1.0669 0.57398 3.23051 1.06691 0.590832 3.18233 1.06688 0.619879 3.19074 1.06702 0.602062 3.24158 1.06696 0.590832 3.18233 1.06688 0.603138 3.13219 1.06684 0.632842 3.13813 1.06708 0.619879 3.19074 1.06702 0.603138 3.13219 1.06684 0.610653 3.08036 1.06677 0.640986 3.08276 1.06712 0.632842 3.13813 1.06708 0.612976 0.619198 1.06655 0.610186 0.565709 1.06638 0.641345 0.567421 1.06619 0.643835 0.624304 1.067 0.610186 0.565709 1.06638 0.605419 0.530886 1.06618 0.636164 0.528937 1.06552 0.641345 0.567421 1.06619 0.605419 0.530886 1.06618 0.594333 0.480081 1.06595 0.625854 0.478442 1.0646 0.636164 0.528937 1.06552 0.594333 0.480081 1.06595 0.578623 0.431196 1.06569 0.608359 0.424144 1.06362 0.625854 0.478442 1.0646 0.578623 0.431196 1.06569 0.558554 0.384485 1.06543 0.5878 0.373543 1.06207 0.608359 0.424144 1.06362 0.558554 0.384485 1.06543 0.534388 0.340184 1.06518 0.559013 0.322253 1.06116 0.5878 0.373543 1.06207 -0.607386 -3.21011 1.06682 -0.585052 -3.25863 1.06675 -0.55823 -3.24499 1.06687 -0.579378 -3.199 1.06685 -0.646295 -3.05146 1.067 -0.638179 -3.10663 1.06696 -0.608547 -3.10069 1.06679 -0.616075 -3.04886 1.06674 -0.649227 -0.50565 1.06681 -0.649005 -2.99558 1.06701 -0.618572 -2.99558 1.06667 -0.618453 -0.499458 1.06656 -0.649005 -2.99558 1.06701 -0.646295 -3.05146 1.067 -0.616075 -3.04886 1.06674 -0.618572 -2.99558 1.06667 -0.646583 -0.44692 1.0657 -0.649227 -0.50565 1.06681 -0.618453 -0.499458 1.06656 -0.615711 -0.445982 1.06643 -0.641426 -0.408546 1.06498 -0.646583 -0.44692 1.0657 -0.615711 -0.445982 1.06643 -0.611012 -0.411168 1.06629 -0.629989 -0.354767 1.06444 -0.641426 -0.408546 1.06498 -0.611012 -0.411168 1.06629 -0.60001 -0.360354 1.06613 -0.614835 -0.305702 1.06354 -0.629989 -0.354767 1.06444 -0.60001 -0.360354 1.06613 -0.584389 -0.311444 1.06596 -0.592392 -0.251829 1.06194 -0.614835 -0.305702 1.06354 -0.584389 -0.311444 1.06596 -0.564403 -0.26469 1.06579 -0.564092 -0.201033 1.06122 -0.592392 -0.251829 1.06194 -0.564403 -0.26469 1.06579 -0.540317 -0.220315 1.06563 -0.536603 -0.159537 1.06113 -0.564092 -0.201033 1.06122 -0.540317 -0.220315 1.06563 -0.512371 -0.17857 1.06548 -0.505573 -0.120823 1.06094 -0.536603 -0.159537 1.06113 -0.512371 -0.17857 1.06548 -0.480795 -0.139685 1.06532 -0.471273 -0.0851588 1.06065 -0.505573 -0.120823 1.06094 -0.480795 -0.139685 1.06532 -0.445824 -0.103923 1.06515 -0.43398 -0.0528034 1.06026 -0.471273 -0.0851588 1.06065 -0.445824 -0.103923 1.06515 -0.407706 -0.0715373 1.06495 -0.393961 -0.0239913 1.05975 -0.43398 -0.0528034 1.06026 -0.407706 -0.0715373 1.06495 -0.366689 -0.0427508 1.06472 -0.351482 0.00100422 1.05915 -0.393961 -0.0239913 1.05975 -0.366689 -0.0427508 1.06472 -0.32303 -0.0178238 1.06447 -0.306778 0.0219625 1.0585 -0.351482 0.00100422 1.05915 -0.32303 -0.0178238 1.06447 -0.276987 0.00304282 1.06421 -0.244555 0.0417297 1.05786 -0.306778 0.0219625 1.0585 -0.276987 0.00304282 1.06421 -0.213152 0.0227837 1.06399 -0.131134 0.0606247 1.05749 -0.244555 0.0417297 1.05786 -0.213152 0.0227837 1.06399 -0.0976555 0.0418469 1.06392 -0.638179 -3.10663 1.06696 -0.625201 -3.15928 1.06689 -0.596232 -3.15082 1.06683 -0.608547 -3.10069 1.06679 0.285695 0.027966 1.05885 0.23804 0.043183 1.0584 0.206836 0.0241901 1.06391 0.255674 0.00908631 1.06415 0.331265 0.00840348 1.0594 0.285695 0.027966 1.05885 0.255674 0.00908631 1.06415 0.302472 -0.0103487 1.06443 0.374624 -0.015287 1.05994 0.331265 0.00840348 1.0594 0.302472 -0.0103487 1.06443 0.346974 -0.0339336 1.06471 0.415567 -0.0428644 1.06042 0.374624 -0.015287 1.05994 0.346974 -0.0339336 1.06471 0.388919 -0.0614485 1.06496 0.453852 -0.0740802 1.06081 0.415567 -0.0428644 1.06042 0.388919 -0.0614485 1.06496 0.428054 -0.0926586 1.06518 0.489218 -0.10868 1.06111 0.453852 -0.0740802 1.06081 0.428054 -0.0926586 1.06518 0.464122 -0.127319 1.06538 0.521397 -0.146416 1.0613 0.489218 -0.10868 1.06111 0.464122 -0.127319 1.06538 0.496878 -0.165192 1.06556 0.550119 -0.18702 1.0614 0.521397 -0.146416 1.0613 0.496878 -0.165192 1.06556 0.52608 -0.206012 1.06572 0.57929 -0.237474 1.06351 0.550119 -0.18702 1.0614 0.52608 -0.206012 1.06572 0.551498 -0.249549 1.06588 0.599098 -0.2805 1.0635 0.57929 -0.237474 1.06351 0.551498 -0.249549 1.06588 0.572883 -0.295552 1.06605 0.620139 -0.340523 1.0643 0.599098 -0.2805 1.0635 0.572883 -0.295552 1.06605 0.589987 -0.34378 1.06621 0.633153 -0.393312 1.0656 0.620139 -0.340523 1.0643 0.589987 -0.34378 1.06621 0.602568 -0.393999 1.06638 0.640828 -0.445712 1.06635 0.633153 -0.393312 1.0656 0.602568 -0.393999 1.06638 0.610365 -0.445971 1.06654 0.643882 -0.504786 1.06696 0.640828 -0.445712 1.06635 0.610365 -0.445971 1.06654 0.613114 -0.499458 1.06667 0.643692 -2.99558 1.06713 0.643882 -0.504786 1.06696 0.613114 -0.499458 1.06667 0.613237 -2.99558 1.06678 0.640983 -3.05145 1.06712 0.643692 -2.99558 1.06713 0.613237 -2.99558 1.06678 0.610743 -3.04888 1.06685 0.636115 -3.08873 1.0671 0.640983 -3.05145 1.06712 0.610743 -3.04888 1.06685 0.606286 -3.08362 1.06691 0.624769 -3.14205 1.06702 0.636115 -3.08873 1.0671 0.606286 -3.08362 1.06691 0.595531 -3.13435 1.06694 0.60857 -3.19343 1.06694 0.624769 -3.14205 1.06702 0.595531 -3.13435 1.06694 0.580153 -3.18322 1.06696 0.586865 -3.24476 1.06668 0.60857 -3.19343 1.06694 0.580153 -3.18322 1.06696 0.560396 -3.22997 1.06697 0.562895 -3.28927 1.06665 0.586865 -3.24476 1.06668 0.560396 -3.22997 1.06697 0.536507 -3.27437 1.06697 0.533659 -3.33329 1.06661 0.562895 -3.28927 1.06665 0.536507 -3.27437 1.06697 0.508732 -3.31617 1.06697 0.500584 -3.37434 1.06656 0.533659 -3.33329 1.06661 0.508732 -3.31617 1.06697 0.477312 -3.35513 1.06696 0.463922 -3.41218 1.06652 0.500584 -3.37434 1.06656 0.477312 -3.35513 1.06696 0.442492 -3.391 1.06695 0.423919 -3.44653 1.06647 0.463922 -3.41218 1.06652 0.442492 -3.391 1.06695 0.404514 -3.42356 1.06693 0.380827 -3.47715 1.06642 0.423919 -3.44653 1.06647 0.404514 -3.42356 1.06693 0.363621 -3.45255 1.06691 0.334894 -3.50376 1.06638 0.380827 -3.47715 1.06642 0.363621 -3.45255 1.06691 0.320058 -3.47774 1.06689 0.286369 -3.5261 1.06633 0.334894 -3.50376 1.06638 0.320058 -3.47774 1.06689 0.274065 -3.49888 1.06687 0.231253 -3.54539 1.06582 0.286369 -3.5261 1.06633 0.274065 -3.49888 1.06687 0.225885 -3.51574 1.06685 0.182676 -3.55738 1.06582 0.231253 -3.54539 1.06582 0.225885 -3.51574 1.06685 0.17576 -3.52807 1.06683 0.128896 -3.56526 1.06579 0.182676 -3.55738 1.06582 0.17576 -3.52807 1.06683 0.123931 -3.53564 1.06682 0.0725119 -3.56801 1.06579 0.128896 -3.56526 1.06579 0.123931 -3.53564 1.06682 0.0706381 -3.53821 1.0668 -0.0773583 -3.56801 1.06578 0.0725119 -3.56801 1.06579 0.0706381 -3.53821 1.0668 -0.0760992 -3.5382 1.0668 -0.133798 -3.56527 1.06578 -0.0773583 -3.56801 1.06578 -0.0760992 -3.5382 1.0668 -0.129388 -3.53562 1.06679 -0.168449 -3.56077 1.06578 -0.133798 -3.56527 1.06578 -0.129388 -3.53562 1.06679 -0.164115 -3.5311 1.0668 -0.222854 -3.54919 1.06589 -0.168449 -3.56077 1.06578 -0.164115 -3.5311 1.0668 -0.214827 -3.52031 1.0668 -0.274363 -3.53295 1.06601 -0.222854 -3.54919 1.06589 -0.214827 -3.52031 1.0668 -0.263674 -3.50493 1.06681 -0.323661 -3.5121 1.06611 -0.274363 -3.53295 1.06601 -0.263674 -3.50493 1.06681 -0.310412 -3.48518 1.06682 -0.37075 -3.48671 1.06625 -0.323661 -3.5121 1.06611 -0.310412 -3.48518 1.06682 -0.354803 -3.46131 1.06684 -0.41453 -3.45762 1.06633 -0.37075 -3.48671 1.06625 -0.354803 -3.46131 1.06684 -0.396601 -3.43356 1.06685 -0.45563 -3.42449 1.06642 -0.41453 -3.45762 1.06633 -0.396601 -3.43356 1.06685 -0.435565 -3.40216 1.06686 -0.493486 -3.38777 1.0665 -0.45563 -3.42449 1.06642 -0.435565 -3.40216 1.06686 -0.471454 -3.36737 1.06687 -0.527846 -3.34772 1.06659 -0.493486 -3.38777 1.0665 -0.471454 -3.36737 1.06687 -0.504023 -3.32941 1.06687 0.0683951 0.0791582 1.06265 -0.0976068 0.0789041 1.06269 -0.0976555 0.0418469 1.06392 0.0683944 0.0419659 1.06384 -0.878028 -0.014342 0.612233 -0.781072 0.0603616 0.61218 -0.79846 0.0604039 0.583891 -0.888998 -0.0104532 0.583874 0.781428 0.0605463 0.612667 0.897283 -0.0309948 0.61244 0.911424 -0.0296292 0.583848 0.798404 0.0604039 0.583867 -0.0976068 0.0789041 1.06269 -0.211993 0.0964448 1.06274 -0.244054 0.0780259 1.05763 -0.131134 0.0606247 1.05749 0.166242 0.0578002 1.0541 0.13768 0.060824 1.05025 0.0683944 0.0419659 1.06384 0.156203 0.0348046 1.06377 0.13768 0.060824 1.05025 0.183335 0.0660058 1.05397 0.172998 0.0888916 1.06262 0.0683951 0.0791582 1.06265 -1.18495 -0.535585 0.583604 -1.18495 -0.535585 -0 -1.18869 -0.616285 0.583586 </float_array>
     <technique_common>
      <accessor source="#ID5-array" count="3330" stride="3">
       <param name="X" type="float"/>
       <param name="Y" type="float"/>
       <param name="Z" type="float"/>
      </accessor>
     </technique_common>
    </source>
    <source id="geometrySource6">
     <float_array id="ID7-array" count="9990">0 0 -1 0 0 -1 0 0 -1 0 0 -1 0 0 -1 0 0 -1 0 0 -1 0 0 -1 0 0 -1 0 0 -1 0 0 -1 0 0 -1 0 0 -1 0 0 -1 0 0 -1 0 0 -1 0 0 -1 0 0 -1 0 0 -1 0 0 -1 0 0 -1 0 0 -1 0 0 -1 0 0 -1 0 0 -1 0 0 -1 0 0 -1 0 0 -1 0 0 -1 0 0 -1 0 0 -1 0 0 -1 0 0 -1 0 0 -1 0 0 -1 0 0 -1 0 0 -1 0 0 -1 0 0 -1 0 0 -1 0 0 -1 0 0 -1 0 0 -1 0 0 -1 0 0 -1 0 0 -1 0 0 -1 0 0 -1 0 0 -1 0 0 -1 0 0 -1 0 0 -1 0 0 -1 0 0 -1 0 0 -1 0 0 -1 0 0 -1 0 0 -1 0 0 -1 0 0 -1 0 0 -1 0 0 -1 0 0 -1 0 0 -1 0 0 -1 0 0 -1 0 0 -1 0 0 -1 0 0 -1 0 0 -1 0 0 -1 0 0 -1 0 0 -1 0 0 -1 0 0 -1 0 0 -1 0 0 -1 0 0 -1 0 0 -1 0 0 -1 0 0 -1 0 0 -1 0 0 -1 0 0 -1 0 0 -1 0 0 -1 0 0 -1 0 0 -1 0 0 -1 0 0 -1 0 0 -1 0 0 -1 0 0 -1 0 0 -1 0 0 -1 0 0 -1 0 0 -1 0 0 -1 0 0 -1 0 0 -1 0 0 -1 0 0 -1 0 0 -1 0 0 -1 0 0 -1 0 0 -1 0 0 -1 0 0 -1 0 0 -1 0 0 -1 0 0 -1 0 0 -1 0 0 -1 0 0 -1 0 0 -1 0 0 -1 0 0 -1 0 0 -1 0 0 -1 0 0 -1 0 0 -1 0 0 -1 0 0 -1 0 0 -1 0 0 -1 0 0 -1 0 0 -1 0 0 -1 0 0 -1 0 0 -1 0 0 -1 0 0 -1 0 0 -1 0 0 -1 0 0 -1 0 0 -1 0 0 -1 0 0 -1 0 0 -1 0 0 -1 0 0 -1 0 0 -1 0 0 -1 0 0 -1 0 0 -1 0 0 -1 0 0 -1 0 0 -1 0 0 -1 0 0 -1 0 0 -1 0 0 -1 0 0 -1 0 0 -1 0 0 -1 0 0 -1 0 0 -1 0 0 -1 0 0 -1 0 0 -1 0 0 -1 0 0 -1 0 0 -1 0 0 -1 0 0 -1 0 0 -1 0 0 -1 0 0 -1 0 0 -1 0 0 -1 0 0 -1 0 0 -1 0 0 -1 0 0 -1 0 0 -1 0 0 -1 0 0 -1 0 0 -1 0 0 -1 0 0 -1 0 0 -1 0 0 -1 0 0 -1 0 0 -1 0 0 -1 0 0 -1 0 0 -1 0 0 -1 0 0 -1 0 0 -1 0 0 -1 0 0 -1 0 0 -1 0 0 -1 0 0 -1 0 0 -1 0 0 -1 0 0 -1 0 0 -1 0 0 -1 0 0 -1 0 0 -1 0 0 -1 0 0 -1 0 0 -1 0 0 -1 0 0 -1 0 0 -1 0 0 -1 0 0 -1 0 0 -1 0 0 -1 0 0 -1 0 0 -1 0 0 -1 0 0 -1 0 0 -1 0 0 -1 0 0 -1 0 0 -1 0 0 -1 0 0 -1 0 0 -1 0 0 -1 0 0 -1 0 0 -1 0 0 -1 0 0 -1 0 0 -1 0 0 -1 0 0 -1 0 0 -1 0 0 -1 0 0 -1 0 0 -1 0 0 -1 0 0 -1 0 0 -1 0 0 -1 0 0 -1 0 0 -1 0 0 -1 0 0 -1 0 0 -1 0 0 -1 0 0 -1 0 0 -1 0 0 -1 0 0 -1 0 0 -1 0 0 -1 0 0 -1 0 0 -1 0 0 -1 0 0 -1 0 0 -1 0 0 -1 0 0 -1 0 0 -1 0 0 -1 0 0 -1 0 0 -1 0 0 -1 0 0 -1 0 0 -1 0 0 -1 0 0 -1 0 0 -1 0 0 -1 0 0 -1 0 0 -1 0 0 -1 0 0 -1 0 0 -1 0 0 -1 0 0 -1 0 0 -1 0 0 -1 0 0 -1 0 0 -1 0 0 -1 0 0 -1 0 0 -1 0 0 -1 0 0 -1 0 0 -1 0 0 -1 0 0 -1 0 0 -1 0 0 -1 0 0 -1 0 0 -1 0 0 -1 0 0 -1 0 0 -1 0 0 -1 0 0 -1 0 0 -1 0 0 -1 0 0 -1 0 0 -1 0 0 -1 0 0 -1 0 0 -1 0 0 -1 0 0 -1 0 0 -1 0 0 -1 0 0 -1 0 0 -1 0 0 -1 0 0 -1 0 0 -1 0 0 -1 0 0 -1 0 0 -1 0 0 -1 0 0 -1 0 0 -1 0 0 -1 0 0 -1 0 0 -1 0 0 -1 0 0 -1 0 0 -1 0 0 -1 0 0 -1 0 0 -1 0 0 -1 0 0 -1 0 0 -1 0 0 -1 0 0 -1 0 0 -1 0 0 -1 0 0 -1 0 0 -1 0 0 -1 0 0 -1 0 0 -1 0 0 -1 0 0 -1 0 0 -1 0 0 -1 0 0 -1 0 0 -1 0 0 -1 0 0 -1 0 0 -1 0 0 -1 0 0 -1 0 0 -1 0 0 -1 0 0 -1 0 0 -1 0 0 -1 0 0 -1 0 0 -1 0 0 -1 0 0 -1 0 0 -1 0 0 -1 0 0 -1 0 0 -1 0 0 -1 0 0 -1 0 0 -1 0 0 -1 0 0 -1 0 0 -1 0 0 -1 0 0 -1 0 0 -1 0 0 -1 0 0 -1 0 0 -1 0 0 -1 0 0 -1 -0.46754 -0.724477 0.506497 -0.67551 -0.44711 0.586326 -0.67221 -0.396248 0.625398 -0.641014 -0.767529 -0 -0.564066 -0.82573 2.65984e-06 -0.558111 -0.813579 0.163101 0.474391 -0.713169 0.516085 0.493014 -0.720974 0.486964 0.691585 -0.369317 0.620738 0.689106 -0.422865 0.588489 0.474391 -0.713169 0.516085 0.691585 -0.369317 0.620738 0.112007 0.971829 0.207372 0.530509 0.675889 0.5116 0.166742 0.954155 0.248566 0.0525842 -0.648344 0.759529 0.389177 -0.385884 0.836442 -0.386144 -0.385773 0.837897 0.389277 0.417709 0.820965 0.296872 0.617946 0.728018 0.237693 0.644148 0.727032 0.389277 0.417709 0.820965 0.352527 0.586423 0.729269 0.296872 0.617946 0.728018 0.389277 0.417709 0.820965 0.404265 0.550031 0.730778 0.352527 0.586423 0.729269 0.389277 0.417709 0.820965 0.451822 0.509165 0.732535 0.404265 0.550031 0.730778 0.389277 0.417709 0.820965 0.49502 0.464126 0.734535 0.451822 0.509165 0.732535 0.389277 0.417709 0.820965 0.533611 0.415274 0.736754 0.49502 0.464126 0.734535 0.389277 0.417709 0.820965 0.567396 0.362872 0.739179 0.533611 0.415274 0.736754 0.389277 0.417709 0.820965 0.59612 0.307265 0.741774 0.567396 0.362872 0.739179 0.389277 0.417709 0.820965 0.619476 0.248907 0.74451 0.59612 0.307265 0.741774 0.389277 0.417709 0.820965 0.637217 0.188186 0.747356 0.619476 0.248907 0.74451 0.389277 0.417709 0.820965 0.649063 0.125701 0.750278 0.637217 0.188186 0.747356 0.389277 0.417709 0.820965 0.654789 0.0621541 0.753252 0.649063 0.125701 0.750278 0.389277 0.417709 0.820965 0.655084 0.014575 0.755415 0.654789 0.0621541 0.753252 0.655084 0.014575 0.755415 0.389277 0.417709 0.820965 0.65303 -0.0430351 0.756109 0.514615 0.402062 0.757309 0.388972 0.385997 0.836485 0.5496 0.353081 0.757149 0.388972 0.385997 0.836485 0.514615 0.402062 0.757309 0.475456 0.447386 0.757488 0.580139 0.300658 0.756996 0.388972 0.385997 0.836485 0.605913 0.24506 0.756845 -0.636534 -0.496678 0.59003 -0.67551 -0.44711 0.586326 -0.46754 -0.724477 0.506497 1 0 -0 1 0 -0 1 0 -0 1 0 -0 1 0 -0 1 0 -0 0 1 -0 0 1 -0 0 1 -5.68248e-07 0 1 -6.71591e-07 0 1 -0 0 1 -5.68248e-07 -0.976911 0.0220038 0.212511 -0.999731 0.0231938 -0 -0.976727 -0.0242714 0.213109 -0.801606 0.0184532 0.597567 -0.800596 -0.0199292 0.598872 -0.654298 -0.016089 0.756066 -0.960198 0.186928 0.207554 -0.981431 0.191815 -0 -0.973436 0.091624 0.209825 -0.667192 0.0351865 0.744055 -0.794186 0.155155 0.587533 -0.802338 0.0761634 0.59199 -0.937312 0.281671 0.205202 -0.957436 0.288646 -0 -0.960198 0.186928 0.207554 -0.667192 0.0351865 0.744055 -0.777691 0.233325 0.583744 -0.794186 0.155155 0.587533 -0.905645 0.37275 0.202148 -0.924298 0.381673 -0 -0.937312 0.281671 0.205202 -0.757025 0.308263 0.576097 -0.777691 0.233325 0.583744 -0.667192 0.0351865 0.744055 -0.866548 0.45768 0.199056 -0.883787 0.467889 -0 -0.905645 0.37275 0.202148 -0.690186 0.0869418 0.71839 -0.757025 0.308263 0.576097 -0.667192 0.0351865 0.744055 -0.820769 0.537051 0.194718 -0.835708 0.549175 -0 -0.866548 0.45768 0.199056 -0.695391 0.452414 0.558349 -0.728048 0.38406 0.567842 -0.690186 0.0869418 0.71839 -0.767497 0.613016 0.187507 -0.779642 0.626226 -0 -0.820769 0.537051 0.194718 -0.706037 0.140486 0.6941 -0.695391 0.452414 0.558349 -0.690186 0.0869418 0.71839 -0.705611 0.68575 0.178493 -0.715081 0.699041 -0 -0.767497 0.613016 0.187507 -0.709982 0.201809 0.674684 -0.658695 0.523304 0.540623 -0.706037 0.140486 0.6941 -0.639736 0.748981 0.172526 -0.645806 0.763501 -0 -0.705611 0.68575 0.178493 -0.705083 0.286539 0.648655 -0.614397 0.594848 0.518336 -0.709982 0.201809 0.674684 -0.70129 0.371518 0.608413 -0.563064 0.659338 0.498229 -0.705083 0.286539 0.648655 -0.497377 -0.723584 0.478584 -0.46754 -0.724477 0.506497 -0.67221 -0.396248 0.625398 -0.633699 -0.7543 0.171627 -0.641014 -0.767529 -0 -0.558111 -0.813579 0.163101 -0.67221 -0.396248 0.625398 -0.55949 -0.662717 0.497772 -0.497377 -0.723584 0.478584 -0.701112 -0.689751 0.180789 -0.710817 -0.703377 -0 -0.633699 -0.7543 0.171627 -0.55949 -0.662717 0.497772 -0.67221 -0.396248 0.625398 -0.689131 -0.295519 0.66164 -0.76229 -0.618987 0.189129 -0.77473 -0.632293 -0 -0.701112 -0.689751 0.180789 -0.653459 -0.527127 0.543258 -0.609829 -0.596648 0.521652 -0.695796 -0.226045 0.681741 -0.819819 -0.538527 0.194643 -0.835108 -0.550086 -0 -0.76229 -0.618987 0.189129 -0.694817 -0.45633 0.555871 -0.653459 -0.527127 0.543258 -0.684441 -0.161299 0.711002 -0.870459 -0.450134 0.1992 -0.887465 -0.460875 -0 -0.819819 -0.538527 0.194643 -0.684441 -0.161299 0.711002 -0.732384 -0.376247 0.567496 -0.694817 -0.45633 0.555871 -0.909471 -0.362446 0.203703 -0.928466 -0.371417 -0 -0.870459 -0.450134 0.1992 -0.732384 -0.376247 0.567496 -0.684441 -0.161299 0.711002 -0.672711 -0.0800137 0.735566 -0.939672 -0.272321 0.207021 -0.960213 -0.27927 -0 -0.909471 -0.362446 0.203703 -0.672711 -0.0800137 0.735566 -0.779508 -0.223573 0.585134 -0.759069 -0.301556 0.576957 -0.960688 -0.182578 0.209153 -0.98231 -0.18726 -0 -0.939672 -0.272321 0.207021 -0.779508 -0.223573 0.585134 -0.672711 -0.0800137 0.735566 -0.660541 -0.0238909 0.75041 -0.972968 -0.094881 0.21055 -0.995222 -0.0976365 -0 -0.960688 -0.182578 0.209153 -0.660541 -0.0238909 0.75041 -0.800778 -0.0784469 0.593803 -0.79257 -0.150692 0.590867 -0.976831 -0.0249229 0.212555 -0.999661 -0.026024 -0 -0.972968 -0.094881 0.21055 -0.660541 -0.0238909 0.75041 -0.801373 -0.0207274 0.597806 -0.800778 -0.0784469 0.593803 -0.976795 0.0231032 0.212929 -0.999711 0.0240542 -0 -0.976831 -0.0249229 0.212555 -0.660541 -0.0238909 0.75041 -0.800421 0.0192915 0.599128 -0.801373 -0.0207274 0.597806 -0.972904 0.0932479 0.211572 -0.99542 0.0955999 -0 -0.976795 0.0231032 0.212929 -0.660541 -0.0238909 0.75041 -0.65204 0.0443445 0.756886 -0.800421 0.0192915 0.599128 -0.959885 0.184654 0.211006 -0.981967 0.189051 -0 -0.972904 0.0932479 0.211572 -0.65204 0.0443445 0.756886 -0.646377 0.111665 0.754803 -0.799153 0.0766195 0.596225 -0.938566 0.273205 0.210838 -0.960178 0.279388 -0 -0.959885 0.184654 0.211006 -0.646377 0.111665 0.754803 -0.634921 0.169692 0.753711 -0.789287 0.151691 0.594992 -0.909797 0.357742 0.210453 -0.930539 0.366192 -0 -0.938566 0.273205 0.210838 -0.634921 0.169692 0.753711 -0.617867 0.229988 0.751895 -0.772644 0.224012 0.594003 -0.87373 0.438962 0.209544 -0.893438 0.449187 -0 -0.909797 0.357742 0.210453 -0.617867 0.229988 0.751895 -0.595827 0.28731 0.749962 -0.749618 0.294486 0.592749 -0.830666 0.516195 0.208656 -0.849193 0.528083 -0 -0.87373 0.438962 0.209544 -0.595827 0.28731 0.749962 -0.568742 0.343366 0.747417 -0.720962 0.362143 0.590819 -0.780783 0.589263 0.207721 -0.797985 0.602678 -0 -0.830666 0.516195 0.208656 -0.646167 0.487688 0.587051 -0.686343 0.426629 0.589 -0.568742 0.343366 0.747417 -0.724155 0.657924 0.206727 -0.739893 0.672725 -0 -0.780783 0.589263 0.207721 -0.537266 0.395714 0.744819 -0.646167 0.487688 0.587051 -0.568742 0.343366 0.747417 -0.660914 0.721733 0.205654 -0.675054 0.737769 -0 -0.724155 0.657924 0.206727 -0.500607 0.445061 0.742505 -0.600355 0.545505 0.584806 -0.537266 0.395714 0.744819 -0.591181 0.780188 0.204479 -0.603596 0.797291 -0 -0.660914 0.721733 0.205654 -0.459586 0.4911 0.740001 -0.548951 0.599555 0.582398 -0.500607 0.445061 0.742505 -0.515192 0.832642 0.203188 -0.52577 0.850627 -0 -0.591181 0.780188 0.204479 -0.414409 0.533563 0.737276 -0.492024 0.649429 0.579788 -0.459586 0.4911 0.740001 -0.433295 0.878363 0.201826 -0.441968 0.897031 -0 -0.515192 0.832642 0.203188 -0.363737 0.572999 0.734417 -0.429725 0.694599 0.576948 -0.414409 0.533563 0.737276 -0.345657 0.916576 0.201021 -0.352864 0.935675 -0 -0.433295 0.878363 0.201826 -0.310301 0.607595 0.731124 -0.362224 0.734451 0.573913 -0.363737 0.572999 0.734417 -0.254678 0.946104 0.200068 -0.259475 0.96575 -0 -0.345657 0.916576 0.201021 -0.253866 0.637225 0.727665 -0.290824 0.767588 0.571165 -0.310301 0.607595 0.731124 -0.168008 0.965497 0.198971 -0.171232 0.985231 -0 -0.254678 0.946104 0.200068 -0.19337 0.662269 0.723884 -0.214372 0.794393 0.568318 -0.253866 0.637225 0.727665 -0.0885374 0.976246 0.197749 -0.0897275 0.995966 -0 -0.168008 0.965497 0.198971 -0.131805 0.680531 0.720767 -0.142047 0.812343 0.565617 -0.19337 0.662269 0.723884 -0.0240784 0.980139 0.196845 -0.0243663 0.999703 -0 -0.0885374 0.976246 0.197749 -0.0655428 0.693204 0.717755 -0.0746785 0.823318 0.562645 -0.131805 0.680531 0.720767 0.0247704 0.980024 0.19733 0.0247679 0.999693 -0 -0.0240784 0.980139 0.196845 -0.0163713 0.698792 0.715137 -0.0202335 0.827654 0.560874 -0.0655428 0.693204 0.717755 0.0978612 0.975231 0.198362 0.0993756 0.99505 -0 0.0247704 0.980024 0.19733 0.0161179 0.698555 0.715375 0.0620058 0.69606 0.715302 0.0209457 0.826853 0.562029 0.194576 0.960304 0.199892 0.198114 0.980179 -0 0.0978612 0.975231 0.198362 0.112938 0.687246 0.717592 0.172304 0.66925 0.722784 0.0826932 0.821227 0.564577 0.288854 0.935948 0.201406 0.294458 0.955665 -0 0.194576 0.960304 0.199892 0.172304 0.66925 0.722784 0.233753 0.645462 0.727144 0.163765 0.806337 0.568332 0.379231 0.9028 0.202821 0.386886 0.922128 -0 0.288854 0.935948 0.201406 0.233753 0.645462 0.727144 0.29177 0.616681 0.731147 0.24224 0.783647 0.572029 0.464685 0.861629 0.204118 0.474333 0.880345 -0 0.379231 0.9028 0.202821 0.29177 0.616681 0.731147 0.346175 0.583347 0.734758 0.31705 0.753854 0.575486 0.54444 0.813287 0.205304 0.555991 0.831188 -0 0.464685 0.861629 0.204118 0.346175 0.583347 0.734758 0.396724 0.545875 0.73799 0.387432 0.717676 0.578652 0.617955 0.758641 0.206386 0.631295 0.775543 -0 0.54444 0.813287 0.205304 0.396724 0.545875 0.73799 0.443208 0.504628 0.740889 0.452808 0.675845 0.581548 0.685005 0.698414 0.207332 0.700028 0.714116 -0 0.617955 0.758641 0.206386 0.443208 0.504628 0.740889 0.485561 0.459814 0.743506 0.512807 0.629094 0.584183 0.745495 0.633155 0.20821 0.762029 0.647544 -0 0.685005 0.698414 0.207332 0.485561 0.459814 0.743506 0.521949 0.411743 0.747019 0.567368 0.577945 0.586577 0.79935 0.563318 0.209076 0.817274 0.576249 -0 0.745495 0.633155 0.20821 0.660105 0.464767 0.59013 0.616345 0.523387 0.588375 0.521949 0.411743 0.747019 0.846533 0.489211 0.209892 0.865693 0.500576 -0 0.79935 0.563318 0.209076 0.55514 0.358847 0.750365 0.660105 0.464767 0.59013 0.521949 0.411743 0.747019 0.886933 0.411062 0.210659 0.907194 0.420712 -0 0.846533 0.489211 0.209892 0.583887 0.304637 0.752511 0.697872 0.403027 0.592067 0.55514 0.358847 0.750365 0.920356 0.329035 0.211378 0.94156 0.336845 -0 0.886933 0.411062 0.210659 0.607773 0.247615 0.754519 0.730043 0.338112 0.5939 0.583887 0.304637 0.752511 0.946493 0.243401 0.211913 0.968453 0.249198 -0 0.920356 0.329035 0.211378 0.626509 0.188229 0.756344 0.756465 0.270231 0.595597 0.607773 0.247615 0.754519 0.963633 0.161696 0.212755 0.986153 0.165838 -0 0.946493 0.243401 0.211913 0.639875 0.127002 0.757912 0.776978 0.199679 0.59702 0.626509 0.188229 0.756344 0.97321 0.0855957 0.213393 0.996146 0.0877072 -0 0.963633 0.161696 0.212755 0.639875 0.127002 0.757912 0.64814 0.0636465 0.758857 0.789729 0.132981 0.598869 0.976519 0.0233771 0.21416 0.999711 0.024047 -0 0.97321 0.0855957 0.213393 0.798561 0.0191865 0.601608 0.796873 0.0702194 0.600053 0.64814 0.0636465 0.758857 0.9763 -0.0390919 0.212863 0.999164 -0.0408837 -0 0.976519 0.0233771 0.21416 0.650832 0.0160676 0.759052 0.798561 0.0191865 0.601608 0.64814 0.0636465 0.758857 0.969538 -0.125217 0.210514 0.991663 -0.128862 -0 0.9763 -0.0390919 0.212863 0.659513 -0.0283265 0.751159 0.800238 -0.0325777 0.598797 0.650832 0.0160676 0.759052 0.95379 -0.216111 0.208759 0.975146 -0.221566 -0 0.969538 -0.125217 0.210514 0.659513 -0.0283265 0.751159 0.786888 -0.178706 0.590653 0.797701 -0.103531 0.5941 0.930293 -0.302998 0.206754 0.950558 -0.310546 -0 0.95379 -0.216111 0.208759 0.772293 -0.248759 0.584536 0.786888 -0.178706 0.590653 0.659513 -0.0283265 0.751159 0.898329 -0.389704 0.202819 0.9168 -0.399346 -0 0.930293 -0.302998 0.206754 0.676228 -0.0827493 0.732031 0.772293 -0.248759 0.584536 0.659513 -0.0283265 0.751159 0.854973 -0.47964 0.197398 0.871321 -0.490714 -0 0.898329 -0.389704 0.202819 0.719929 -0.401427 0.56618 0.750336 -0.324111 0.57615 0.676228 -0.0827493 0.732031 0.802296 -0.565177 0.192083 0.816414 -0.577468 -0 0.854973 -0.47964 0.197398 0.689622 -0.136102 0.711265 0.719929 -0.401427 0.56618 0.676228 -0.0827493 0.732031 0.743316 -0.64206 0.187724 0.756086 -0.654472 -0 0.802296 -0.565177 0.192083 0.694989 -0.212481 0.686908 0.682345 -0.479337 0.551943 0.689622 -0.136102 0.711265 0.681786 -0.708569 0.181929 0.691274 -0.722592 -0 0.743316 -0.64206 0.187724 0.591314 -0.610644 0.526747 0.636634 -0.54966 0.540898 0.694989 -0.212481 0.686908 0.618305 -0.766572 0.173395 0.625829 -0.779961 -0 0.681786 -0.708569 0.181929 0.704649 -0.280286 0.651851 0.591314 -0.610644 0.526747 0.694989 -0.212481 0.686908 0.55419 -0.815925 0.16474 0.56003 -0.828472 2.61506e-06 0.618305 -0.766572 0.173395 0.691585 -0.369317 0.620738 0.54367 -0.671074 0.504067 0.704649 -0.280286 0.651851 0.367263 0.80602 0.464165 0.428896 0.7416 0.515827 0.530509 0.675889 0.5116 0.791455 0.611228 -0 0.728348 0.685208 -0 0.71757 0.671336 0.185476 0.71757 0.671336 0.185476 0.728348 0.685208 -0 0.652386 0.737253 0.175643 0.717019 0.289457 0.634112 0.574034 0.64509 0.504325 0.681383 0.387071 0.621203 0.777488 0.599068 0.191392 0.791455 0.611228 -0 0.71757 0.671336 0.185476 0.715913 0.240138 0.655593 0.698249 0.168302 0.69579 0.618661 0.575194 0.535173 0.831948 0.51896 0.196326 0.847357 0.531023 -0 0.777488 0.599068 0.191392 0.698249 0.168302 0.69579 0.703553 0.43628 0.560957 0.662363 0.510141 0.548664 0.876731 0.437057 0.200806 0.894471 0.447127 -0 0.831948 0.51896 0.196326 0.698249 0.168302 0.69579 0.682393 0.0873834 0.725744 0.703553 0.43628 0.560957 0.914107 0.350435 0.203969 0.933349 0.358971 -0 0.876731 0.437057 0.200806 0.682393 0.0873834 0.725744 0.761554 0.288633 0.580282 0.734868 0.365849 0.571072 0.94371 0.258118 0.206849 0.96434 0.264665 -0 0.914107 0.350435 0.203969 0.682393 0.0873834 0.725744 0.662393 0.0326261 0.748446 0.761554 0.288633 0.580282 0.963151 0.16899 0.209244 0.984827 0.17354 -0 0.94371 0.258118 0.206849 0.662393 0.0326261 0.748446 0.794113 0.139835 0.591465 0.78095 0.213068 0.587128 0.973653 0.0858357 0.211261 0.996066 0.088618 -0 0.963151 0.16899 0.209244 0.662393 0.0326261 0.748446 0.800222 0.0710756 0.595477 0.794113 0.139835 0.591465 0.976665 0.0220009 0.21364 0.999731 0.0231928 -0 0.973653 0.0858357 0.211261 0.662393 0.0326261 0.748446 0.799507 0.0184042 0.600375 0.800222 0.0710756 0.595477 0.976478 -0.024258 0.214247 0.999689 -0.0249259 -0 0.976665 0.0220009 0.21364 0.662393 0.0326261 0.748446 0.650724 -0.0160015 0.759146 0.799507 0.0184042 0.600375 0.972279 -0.0960536 0.213182 0.995136 -0.0985119 -0 0.976478 -0.024258 0.214247 0.650724 -0.0160015 0.759146 0.648706 -0.0585715 0.758782 0.79849 -0.019872 0.60168 0.958791 -0.188823 0.212288 0.981078 -0.193612 -0 0.972279 -0.0960536 0.213182 0.648706 -0.0585715 0.758782 0.642683 -0.111376 0.757993 0.796547 -0.0786828 0.599435 0.937128 -0.277688 0.211379 0.958728 -0.284325 -0 0.958791 -0.188823 0.212288 0.642683 -0.111376 0.757993 0.631801 -0.168551 0.756583 0.786442 -0.155206 0.597846 0.907826 -0.362285 0.21119 0.928833 -0.370499 -0 0.937128 -0.277688 0.211379 0.631801 -0.168551 0.756583 0.614944 -0.230089 0.754256 0.769936 -0.228004 0.595997 0.872106 -0.441659 0.210638 0.89193 -0.452174 -0 0.907826 -0.362285 0.21119 0.614944 -0.230089 0.754256 0.59337 -0.287975 0.751653 0.747248 -0.296824 0.594572 0.829772 -0.517349 0.209353 0.848363 -0.529416 -0 0.872106 -0.441659 0.210638 0.59337 -0.287975 0.751653 0.56743 -0.342962 0.748599 0.718602 -0.36362 0.592784 0.781045 -0.588744 0.208203 0.798292 -0.60227 -0 0.829772 -0.517349 0.209353 0.64595 -0.486982 0.587875 0.684909 -0.427196 0.590257 0.56743 -0.342962 0.748599 0.725935 -0.655857 0.207052 0.741723 -0.670707 -0 0.781045 -0.588744 0.208203 0.536557 -0.395356 0.74552 0.64595 -0.486982 0.587875 0.56743 -0.342962 0.748599 0.664378 -0.718481 0.205884 0.678592 -0.734516 -5.76379e-07 0.725935 -0.655857 0.207052 0.500286 -0.44483 0.74286 0.601582 -0.543656 0.585267 0.536557 -0.395356 0.74552 0.596295 -0.776236 0.204669 0.608816 -0.793311 -4.659e-07 0.664378 -0.718481 0.205884 0.496192 -0.646204 0.579839 0.55169 -0.596833 0.582606 0.459568 -0.490949 0.740112 0.521679 -0.828549 0.203366 0.532388 -0.8465 -0 0.596295 -0.776236 0.204669 0.414545 -0.533512 0.737236 0.496192 -0.646204 0.579839 0.459568 -0.490949 0.740112 0.440692 -0.874648 0.201943 0.449481 -0.89329 -0 0.521679 -0.828549 0.203366 0.365351 -0.572291 0.734168 0.435061 -0.691308 0.576901 0.414545 -0.533512 0.737236 0.353754 -0.913624 0.200371 0.360536 -0.932745 -5.55837e-07 0.440692 -0.874648 0.201943 0.312134 -0.606994 0.730843 0.368393 -0.73152 0.573729 0.365351 -0.572291 0.734168 0.261598 -0.944504 0.198694 0.266351 -0.963876 -4.45431e-07 0.353754 -0.913624 0.200371 0.252512 -0.638091 0.727377 0.296486 -0.76609 0.570265 0.312134 -0.606994 0.730843 0.172709 -0.964794 0.198354 0.176517 -0.984298 -0 0.261598 -0.944504 0.198694 0.192066 -0.663332 0.723257 0.219828 -0.794172 0.56654 0.252512 -0.638091 0.727377 0.0918095 -0.976007 0.197436 0.0927971 -0.995685 -9.41478e-07 0.172709 -0.964794 0.198354 0.132053 -0.681663 0.719651 0.147665 -0.812359 0.564152 0.192066 -0.663332 0.723257 0.0250548 -0.980298 0.19593 0.0252569 -0.999681 -1.6915e-06 0.0918095 -0.976007 0.197436 0.132053 -0.681663 0.719651 0.065406 -0.695213 0.715822 0.0777804 -0.82397 0.561269 -0.0245614 -0.980334 0.195812 -0.0248474 -0.999691 -1.05827e-06 0.0250548 -0.980298 0.19593 0.065406 -0.695213 0.715822 0.0162412 -0.701474 0.712511 0.0210279 -0.829215 0.558534 -0.0982953 -0.975534 0.196651 -0.0996315 -0.995025 -1.47221e-06 -0.0245614 -0.980334 0.195812 -0.0164823 -0.701728 0.712255 -0.0206707 -0.829395 0.55828 0.0162412 -0.701474 0.712511 -0.194961 -0.960565 0.198255 -0.198517 -0.980097 -8.43531e-07 -0.0982953 -0.975534 0.196651 -0.117606 -0.688394 0.715739 -0.0832699 -0.82415 0.560216 -0.0606449 -0.696925 0.714575 -0.289225 -0.936231 0.199549 -0.294789 -0.955562 -0 -0.194961 -0.960565 0.198255 -0.243356 -0.786713 0.567327 -0.16455 -0.809083 0.564188 -0.2362 -0.650911 0.721473 -0.379397 -0.9032 0.200719 -0.386977 -0.922089 -0 -0.289225 -0.936231 0.199549 -0.318518 -0.757157 0.570315 -0.243356 -0.786713 0.567327 -0.294873 -0.622314 0.725103 -0.464508 -0.862255 0.201864 -0.473961 -0.880546 -0 -0.379397 -0.9032 0.200719 -0.388834 -0.721681 0.572699 -0.318518 -0.757157 0.570315 -0.347982 -0.588446 0.729822 -0.543705 -0.814352 0.203017 -0.554999 -0.831851 -0 -0.464508 -0.862255 0.201864 -0.454597 -0.680121 0.575132 -0.388834 -0.721681 0.572699 -0.347982 -0.588446 0.729822 -0.616669 -0.760304 0.204101 -0.629664 -0.776868 -0 -0.543705 -0.814352 0.203017 -0.399307 -0.549066 0.734221 -0.454597 -0.680121 0.575132 -0.347982 -0.588446 0.729822 -0.683161 -0.700862 0.205144 -0.697768 -0.716324 -0 -0.616669 -0.760304 0.204101 -0.445912 -0.507811 0.737082 -0.514364 -0.633703 0.577797 -0.399307 -0.549066 0.734221 -0.743181 -0.636536 0.206163 -0.759284 -0.650759 -0 -0.683161 -0.700862 0.205144 -0.488313 -0.462744 0.739877 -0.568619 -0.582951 0.58038 -0.445912 -0.507811 0.737082 -0.796754 -0.567684 0.207168 -0.814236 -0.580535 -0 -0.743181 -0.636536 0.206163 -0.526274 -0.414157 0.742637 -0.617317 -0.528364 0.582881 -0.488313 -0.462744 0.739877 -0.843895 -0.494483 0.208153 -0.862634 -0.505829 -0 -0.796754 -0.567684 0.207168 -0.559625 -0.362287 0.745364 -0.660496 -0.470255 0.585325 -0.526274 -0.414157 0.742637 -0.884527 -0.416995 0.20911 -0.904395 -0.426697 -0 -0.843895 -0.494483 0.208153 -0.588188 -0.307374 0.748035 -0.698203 -0.408791 0.587709 -0.559625 -0.362287 0.745364 -0.91844 -0.335215 0.21 -0.939293 -0.343117 -0 -0.884527 -0.416995 0.20911 -0.61178 -0.249709 0.75058 -0.730424 -0.344048 0.59001 -0.588188 -0.307374 0.748035 -0.945272 -0.249111 0.210726 -0.966926 -0.255059 -0 -0.91844 -0.335215 0.21 -0.757063 -0.276062 0.592154 -0.61178 -0.249709 0.75058 -0.630214 -0.189707 0.752889 -0.963069 -0.166358 0.211715 -0.985342 -0.170591 -0 -0.945272 -0.249111 0.210726 -0.791083 -0.137084 0.596151 -0.777923 -0.204957 0.593994 -0.643349 -0.127915 0.754812 -0.973176 -0.088462 0.212376 -0.995886 -0.0906191 -0 -0.963069 -0.166358 0.211715 -0.79865 -0.0727054 0.597388 -0.791083 -0.137084 0.596151 -0.651519 -0.0640731 0.755922 -0.976727 -0.0242714 0.213109 -0.999689 -0.0249319 -0 -0.973176 -0.088462 0.212376 -0.800596 -0.0199292 0.598872 -0.79865 -0.0727054 0.597388 -0.651519 -0.0640731 0.755922 -0.654298 -0.016089 0.756066 -0.800596 -0.0199292 0.598872 -0.651519 -0.0640731 0.755922 -0.981431 0.191815 -0 -0.99551 0.0946565 -0 -0.973436 0.091624 0.209825 0 -1 -0 0 -1 -0 0 -1 -0 0 -1 -0 0 -1 -0 0 -1 -0 1 0 -0 1 0 -0 1 0 -0 1 0 -0 1 0 -0 1 0 -0 0 1 -0 0 1 -0 0 1 -0 0 1 -0 0 1 -0 0 1 -0 0 -1 -0 0 -1 -0 0 -1 -0 0 -1 -0 0 -1 -0 0 -1 -0 -0.710817 -0.703377 -0 -0.641014 -0.767529 -0 -0.633699 -0.7543 0.171627 -0.609829 -0.596648 0.521652 -0.55949 -0.662717 0.497772 -0.689131 -0.295519 0.66164 -0.835108 -0.550086 -0 -0.77473 -0.632293 -0 -0.76229 -0.618987 0.189129 -0.887465 -0.460875 -0 -0.835108 -0.550086 -0 -0.819819 -0.538527 0.194643 -0.928466 -0.371417 -0 -0.887465 -0.460875 -0 -0.870459 -0.450134 0.1992 -0.759069 -0.301556 0.576957 -0.732384 -0.376247 0.567496 -0.672711 -0.0800137 0.735566 -0.98231 -0.18726 -0 -0.960213 -0.27927 -0 -0.939672 -0.272321 0.207021 -0.79257 -0.150692 0.590867 -0.779508 -0.223573 0.585134 -0.660541 -0.0238909 0.75041 -0.999661 -0.026024 -0 -0.995222 -0.0976365 -0 -0.972968 -0.094881 0.21055 -0.999711 0.0240542 -0 -0.999661 -0.026024 -0 -0.976831 -0.0249229 0.212555 -0.99542 0.0955999 -0 -0.999711 0.0240542 -0 -0.976795 0.0231032 0.212929 -0.981967 0.189051 -0 -0.99542 0.0955999 -0 -0.972904 0.0932479 0.211572 -0.65204 0.0443445 0.756886 -0.799153 0.0766195 0.596225 -0.800421 0.0192915 0.599128 -0.960178 0.279388 -0 -0.981967 0.189051 -0 -0.959885 0.184654 0.211006 -0.930539 0.366192 -0 -0.960178 0.279388 -0 -0.938566 0.273205 0.210838 -0.893438 0.449187 -0 -0.930539 0.366192 -0 -0.909797 0.357742 0.210453 -0.849193 0.528083 -0 -0.893438 0.449187 -0 -0.87373 0.438962 0.209544 -0.797985 0.602678 -0 -0.849193 0.528083 -0 -0.830666 0.516195 0.208656 -0.739893 0.672725 -0 -0.797985 0.602678 -0 -0.780783 0.589263 0.207721 -0.675054 0.737769 -0 -0.739893 0.672725 -0 -0.724155 0.657924 0.206727 -0.603596 0.797291 -0 -0.675054 0.737769 -0 -0.660914 0.721733 0.205654 -0.52577 0.850627 -0 -0.603596 0.797291 -0 -0.591181 0.780188 0.204479 -0.441968 0.897031 -0 -0.52577 0.850627 -0 -0.515192 0.832642 0.203188 -0.352864 0.935675 -0 -0.441968 0.897031 -0 -0.433295 0.878363 0.201826 -0.259475 0.96575 -0 -0.352864 0.935675 -0 -0.345657 0.916576 0.201021 -0.171232 0.985231 -0 -0.259475 0.96575 -0 -0.254678 0.946104 0.200068 -0.0897275 0.995966 -0 -0.171232 0.985231 -0 -0.168008 0.965497 0.198971 -0.0243663 0.999703 -0 -0.0897275 0.995966 -0 -0.0885374 0.976246 0.197749 0.0247679 0.999693 -0 -0.0243663 0.999703 -0 -0.0240784 0.980139 0.196845 -0.0163713 0.698792 0.715137 0.0161179 0.698555 0.715375 -0.0202335 0.827654 0.560874 0.0993756 0.99505 -0 0.0247679 0.999693 -0 0.0247704 0.980024 0.19733 0.0161179 0.698555 0.715375 0.0209457 0.826853 0.562029 -0.0202335 0.827654 0.560874 0.0620058 0.69606 0.715302 0.112938 0.687246 0.717592 0.0209457 0.826853 0.562029 0.294458 0.955665 -0 0.198114 0.980179 -0 0.194576 0.960304 0.199892 0.386886 0.922128 -0 0.294458 0.955665 -0 0.288854 0.935948 0.201406 0.474333 0.880345 -0 0.386886 0.922128 -0 0.379231 0.9028 0.202821 0.555991 0.831188 -0 0.474333 0.880345 -0 0.464685 0.861629 0.204118 0.631295 0.775543 -0 0.555991 0.831188 -0 0.54444 0.813287 0.205304 0.700028 0.714116 -0 0.631295 0.775543 -0 0.617955 0.758641 0.206386 0.762029 0.647544 -0 0.700028 0.714116 -0 0.685005 0.698414 0.207332 0.817274 0.576249 -0 0.762029 0.647544 -0 0.745495 0.633155 0.20821 0.865693 0.500576 -0 0.817274 0.576249 -0 0.79935 0.563318 0.209076 0.907194 0.420712 -0 0.865693 0.500576 -0 0.846533 0.489211 0.209892 0.94156 0.336845 -0 0.907194 0.420712 -0 0.886933 0.411062 0.210659 0.968453 0.249198 -0 0.94156 0.336845 -0 0.920356 0.329035 0.211378 0.986153 0.165838 -0 0.968453 0.249198 -0 0.946493 0.243401 0.211913 0.996146 0.0877072 -0 0.986153 0.165838 -0 0.963633 0.161696 0.212755 0.999711 0.024047 -0 0.996146 0.0877072 -0 0.97321 0.0855957 0.213393 0.999164 -0.0408837 -0 0.999711 0.024047 -0 0.976519 0.0233771 0.21416 0.800238 -0.0325777 0.598797 0.798561 0.0191865 0.601608 0.650832 0.0160676 0.759052 0.991663 -0.128862 -0 0.999164 -0.0408837 -0 0.9763 -0.0390919 0.212863 0.659513 -0.0283265 0.751159 0.797701 -0.103531 0.5941 0.800238 -0.0325777 0.598797 0.975146 -0.221566 -0 0.991663 -0.128862 -0 0.969538 -0.125217 0.210514 0.950558 -0.310546 -0 0.975146 -0.221566 -0 0.95379 -0.216111 0.208759 0.9168 -0.399346 -0 0.950558 -0.310546 -0 0.930293 -0.302998 0.206754 0.871321 -0.490714 -0 0.9168 -0.399346 -0 0.898329 -0.389704 0.202819 0.816414 -0.577468 -0 0.871321 -0.490714 -0 0.854973 -0.47964 0.197398 0.756086 -0.654472 -0 0.816414 -0.577468 -0 0.802296 -0.565177 0.192083 0.691274 -0.722592 -0 0.756086 -0.654472 -0 0.743316 -0.64206 0.187724 0.625829 -0.779961 -0 0.691274 -0.722592 -0 0.681786 -0.708569 0.181929 0.56003 -0.828472 2.61506e-06 0.625829 -0.779961 -0 0.618305 -0.766572 0.173395 0.56003 -0.828472 2.61506e-06 0.55419 -0.815925 0.16474 0.520315 -0.834675 0.180526 0.728348 0.685208 -0 0.657709 0.753272 -0.000553323 0.652386 0.737253 0.175643 0.23441 -0.60788 0.75864 0.389177 -0.385884 0.836442 0.151611 -0.634088 0.758253 -0.115443 0.677485 0.726421 -0.386085 0.417888 0.82238 -0.0315889 0.68768 0.725327 0.321943 -0.848436 0.42013 0.227868 -0.921292 0.315115 0.474391 -0.713169 0.516085 0.388539 -0.784426 0.483438 0.321943 -0.848436 0.42013 0.474391 -0.713169 0.516085 0.447944 -0.720226 0.529737 0.388539 -0.784426 0.483438 0.474391 -0.713169 0.516085 0.502143 -0.657144 0.562152 0.447944 -0.720226 0.529737 0.474391 -0.713169 0.516085 0.55277 -0.595553 0.582891 0.502143 -0.657144 0.562152 0.474391 -0.713169 0.516085 0.601464 -0.534772 0.593515 0.55277 -0.595553 0.582891 0.474391 -0.713169 0.516085 0.649322 -0.474063 0.594682 0.601464 -0.534772 0.593515 0.474391 -0.713169 0.516085 0.689106 -0.422865 0.588489 0.649322 -0.474063 0.594682 0.474391 -0.713169 0.516085 0.203342 0.936896 0.28439 0.297917 0.869273 0.394475 0.530509 0.675889 0.5116 0.112938 0.687246 0.717592 0.0826932 0.821227 0.564577 0.0209457 0.826853 0.562029 -0.588094 -0.557315 0.586127 -0.636534 -0.496678 0.59003 -0.46754 -0.724477 0.506497 -0.538451 -0.618241 0.57258 -0.588094 -0.557315 0.586127 -0.46754 -0.724477 0.506497 -0.486353 -0.680178 0.548469 -0.538451 -0.618241 0.57258 -0.46754 -0.724477 0.506497 -0.430194 -0.743451 0.512069 -0.486353 -0.680178 0.548469 -0.46754 -0.724477 0.506497 -0.368165 -0.807508 0.460853 -0.430194 -0.743451 0.512069 -0.46754 -0.724477 0.506497 -0.298468 -0.870319 0.391741 -0.368165 -0.807508 0.460853 -0.46754 -0.724477 0.506497 -0.180626 -0.949807 0.255424 -0.298468 -0.870319 0.391741 -0.46754 -0.724477 0.506497 -0.148408 -0.964785 0.217177 -0.180626 -0.949807 0.255424 -0.46754 -0.724477 0.506497 -0.694501 0.423142 0.58191 -0.523347 0.679867 0.5137 -0.70129 0.371518 0.608413 -0.558111 -0.813579 0.163101 -0.564066 -0.82573 2.65984e-06 -0.517129 -0.836688 0.180363 -0.77473 -0.632293 -0 -0.710817 -0.703377 -0 -0.701112 -0.689751 0.180789 -0.609829 -0.596648 0.521652 -0.689131 -0.295519 0.66164 -0.695796 -0.226045 0.681741 -0.653459 -0.527127 0.543258 -0.695796 -0.226045 0.681741 -0.684441 -0.161299 0.711002 -0.960213 -0.27927 -0 -0.928466 -0.371417 -0 -0.909471 -0.362446 0.203703 -0.995222 -0.0976365 -0 -0.98231 -0.18726 -0 -0.960688 -0.182578 0.209153 -0.646377 0.111665 0.754803 -0.789287 0.151691 0.594992 -0.799153 0.0766195 0.596225 -0.634921 0.169692 0.753711 -0.772644 0.224012 0.594003 -0.789287 0.151691 0.594992 -0.617867 0.229988 0.751895 -0.749618 0.294486 0.592749 -0.772644 0.224012 0.594003 -0.595827 0.28731 0.749962 -0.720962 0.362143 0.590819 -0.749618 0.294486 0.592749 -0.568742 0.343366 0.747417 -0.686343 0.426629 0.589 -0.720962 0.362143 0.590819 -0.600355 0.545505 0.584806 -0.646167 0.487688 0.587051 -0.537266 0.395714 0.744819 -0.548951 0.599555 0.582398 -0.600355 0.545505 0.584806 -0.500607 0.445061 0.742505 -0.492024 0.649429 0.579788 -0.548951 0.599555 0.582398 -0.459586 0.4911 0.740001 -0.429725 0.694599 0.576948 -0.492024 0.649429 0.579788 -0.414409 0.533563 0.737276 -0.362224 0.734451 0.573913 -0.429725 0.694599 0.576948 -0.363737 0.572999 0.734417 -0.290824 0.767588 0.571165 -0.362224 0.734451 0.573913 -0.310301 0.607595 0.731124 -0.214372 0.794393 0.568318 -0.290824 0.767588 0.571165 -0.253866 0.637225 0.727665 -0.142047 0.812343 0.565617 -0.214372 0.794393 0.568318 -0.19337 0.662269 0.723884 -0.0746785 0.823318 0.562645 -0.142047 0.812343 0.565617 -0.131805 0.680531 0.720767 -0.0202335 0.827654 0.560874 -0.0746785 0.823318 0.562645 -0.0655428 0.693204 0.717755 0.198114 0.980179 -0 0.0993756 0.99505 -0 0.0978612 0.975231 0.198362 0.172304 0.66925 0.722784 0.163765 0.806337 0.568332 0.0826932 0.821227 0.564577 0.233753 0.645462 0.727144 0.24224 0.783647 0.572029 0.163765 0.806337 0.568332 0.29177 0.616681 0.731147 0.31705 0.753854 0.575486 0.24224 0.783647 0.572029 0.346175 0.583347 0.734758 0.387432 0.717676 0.578652 0.31705 0.753854 0.575486 0.396724 0.545875 0.73799 0.452808 0.675845 0.581548 0.387432 0.717676 0.578652 0.443208 0.504628 0.740889 0.512807 0.629094 0.584183 0.452808 0.675845 0.581548 0.485561 0.459814 0.743506 0.567368 0.577945 0.586577 0.512807 0.629094 0.584183 0.521949 0.411743 0.747019 0.616345 0.523387 0.588375 0.567368 0.577945 0.586577 0.697872 0.403027 0.592067 0.660105 0.464767 0.59013 0.55514 0.358847 0.750365 0.730043 0.338112 0.5939 0.697872 0.403027 0.592067 0.583887 0.304637 0.752511 0.756465 0.270231 0.595597 0.730043 0.338112 0.5939 0.607773 0.247615 0.754519 0.776978 0.199679 0.59702 0.756465 0.270231 0.595597 0.626509 0.188229 0.756344 0.639875 0.127002 0.757912 0.789729 0.132981 0.598869 0.776978 0.199679 0.59702 0.64814 0.0636465 0.758857 0.796873 0.0702194 0.600053 0.789729 0.132981 0.598869 0.676228 -0.0827493 0.732031 0.750336 -0.324111 0.57615 0.772293 -0.248759 0.584536 0.682345 -0.479337 0.551943 0.719929 -0.401427 0.56618 0.689622 -0.136102 0.711265 0.694989 -0.212481 0.686908 0.636634 -0.54966 0.540898 0.682345 -0.479337 0.551943 0.54367 -0.671074 0.504067 0.591314 -0.610644 0.526747 0.704649 -0.280286 0.651851 0.691585 -0.369317 0.620738 0.493014 -0.720974 0.486964 0.54367 -0.671074 0.504067 0.474391 -0.713169 0.516085 0.134995 -0.962892 0.233697 0.133325 -0.966631 0.218746 0.645129 -0.110383 0.756058 0.389891 -0.387856 0.835196 0.632946 -0.166734 0.756028 -0.196314 0.657362 0.727555 -0.386085 0.417888 0.82238 -0.115443 0.677485 0.726421 0.389277 0.417709 0.820965 0.389891 -0.387856 0.835196 0.65303 -0.0430351 0.756109 0.632946 -0.166734 0.756028 0.389891 -0.387856 0.835196 0.6143 -0.22612 0.75598 0.6143 -0.22612 0.75598 0.389891 -0.387856 0.835196 0.590381 -0.282871 0.755933 0.590381 -0.282871 0.755933 0.389891 -0.387856 0.835196 0.561512 -0.336645 0.755893 0.561512 -0.336645 0.755893 0.389891 -0.387856 0.835196 0.528077 -0.387041 0.755867 0.528077 -0.387041 0.755867 0.389891 -0.387856 0.835196 0.490351 -0.433835 0.755873 0.490351 -0.433835 0.755873 0.389891 -0.387856 0.835196 0.448546 -0.476872 0.75591 0.448546 -0.476872 0.75591 0.389891 -0.387856 0.835196 0.402951 -0.515871 0.755982 0.402951 -0.515871 0.755982 0.389891 -0.387856 0.835196 0.353649 -0.55069 0.756091 0.353649 -0.55069 0.756091 0.389891 -0.387856 0.835196 0.300911 -0.581029 0.756213 0.300911 -0.581029 0.756213 0.389891 -0.387856 0.835196 0.245182 -0.606489 0.756345 0.245182 -0.606489 0.756345 0.389891 -0.387856 0.835196 0.18658 -0.626837 0.756481 0.18658 -0.626837 0.756481 0.389891 -0.387856 0.835196 0.125728 -0.641674 0.756602 0.125728 -0.641674 0.756602 0.389891 -0.387856 0.835196 0.0632312 -0.650658 0.756733 0.0632312 -0.650658 0.756733 0.389891 -0.387856 0.835196 0.015579 -0.65352 0.756749 -0.385953 -0.388294 0.83682 -0.0156494 -0.653434 0.756822 0.015579 -0.65352 0.756749 -0.0581437 -0.650812 0.757009 -0.385953 -0.388294 0.83682 -0.110198 -0.643878 0.757151 -0.385953 -0.388294 0.83682 -0.166482 -0.631477 0.757312 -0.110198 -0.643878 0.757151 -0.166482 -0.631477 0.757312 -0.385953 -0.388294 0.83682 -0.225635 -0.612655 0.757458 -0.225635 -0.612655 0.757458 -0.385953 -0.388294 0.83682 -0.282091 -0.588622 0.757594 -0.282091 -0.588622 0.757594 -0.385953 -0.388294 0.83682 -0.335578 -0.559685 0.757721 -0.335578 -0.559685 0.757721 -0.385953 -0.388294 0.83682 -0.385738 -0.52619 0.757846 -0.385738 -0.52619 0.757846 -0.385953 -0.388294 0.83682 -0.432282 -0.488465 0.75798 -0.432282 -0.488465 0.75798 -0.385953 -0.388294 0.83682 -0.475027 -0.44675 0.758132 -0.475027 -0.44675 0.758132 -0.385953 -0.388294 0.83682 -0.51381 -0.401225 0.758299 -0.51381 -0.401225 0.758299 -0.385953 -0.388294 0.83682 -0.54839 -0.352111 0.758476 -0.54839 -0.352111 0.758476 -0.385953 -0.388294 0.83682 -0.578501 -0.299626 0.758658 -0.578501 -0.299626 0.758658 -0.385953 -0.388294 0.83682 -0.60384 -0.244065 0.758821 -0.60384 -0.244065 0.758821 -0.385953 -0.388294 0.83682 -0.624071 -0.185763 0.758965 -0.624071 -0.185763 0.758965 -0.385953 -0.388294 0.83682 -0.638844 -0.125206 0.759079 -0.638844 -0.125206 0.759079 -0.385953 -0.388294 0.83682 -0.647834 -0.0630115 0.759171 -0.647834 -0.0630115 0.759171 -0.385953 -0.388294 0.83682 -0.650732 -0.0155697 0.759148 -0.651523 0.0148565 0.758483 -0.650732 -0.0155697 0.759148 -0.385953 -0.388294 0.83682 -0.386085 0.417888 0.82238 -0.651424 0.0568804 0.756579 -0.651523 0.0148565 0.758483 -0.386085 0.417888 0.82238 -0.647548 0.109451 0.754124 -0.651424 0.0568804 0.756579 -0.386085 0.417888 0.82238 -0.651523 0.0148565 0.758483 -0.385953 -0.388294 0.83682 -0.647548 0.109451 0.754124 -0.386085 0.417888 0.82238 -0.638438 0.1666 0.751426 -0.386085 0.417888 0.82238 -0.62282 0.227667 0.748507 -0.638438 0.1666 0.751426 -0.62282 0.227667 0.748507 -0.386085 0.417888 0.82238 -0.601522 0.286656 0.745654 -0.386085 0.417888 0.82238 -0.574848 0.343004 0.742899 -0.601522 0.286656 0.745654 -0.574848 0.343004 0.742899 -0.386085 0.417888 0.82238 -0.543064 0.396311 0.740283 -0.386085 0.417888 0.82238 -0.50637 0.446318 0.737828 -0.543064 0.396311 0.740283 -0.50637 0.446318 0.737828 -0.386085 0.417888 0.82238 -0.465001 0.492676 0.735558 -0.386085 0.417888 0.82238 -0.419239 0.535001 0.733494 -0.465001 0.492676 0.735558 -0.419239 0.535001 0.733494 -0.386085 0.417888 0.82238 -0.369205 0.573033 0.731656 -0.386085 0.417888 0.82238 -0.315142 0.606404 0.730042 -0.369205 0.573033 0.731656 -0.315142 0.606404 0.730042 -0.386085 0.417888 0.82238 -0.257401 0.63465 0.728673 -0.257401 0.63465 0.728673 -0.386085 0.417888 0.82238 -0.196314 0.657362 0.727555 0.65303 -0.0430351 0.756109 0.389891 -0.387856 0.835196 0.645129 -0.110383 0.756058 0.0512112 0.686003 0.725794 -0.386085 0.417888 0.82238 0.389277 0.417709 0.820965 0.388972 0.385997 0.836485 0.580139 0.300658 0.756996 0.5496 0.353081 0.757149 0.62657 0.186658 0.756683 0.388972 0.385997 0.836485 0.64175 0.125915 0.756507 -0.385953 -0.388294 0.83682 -0.0581437 -0.650812 0.757009 -0.0156494 -0.653434 0.756822 0.6511 0.0634341 0.756336 0.388972 0.385997 0.836485 0.654235 0.0157067 0.756128 0.65426 -0.0156556 0.756108 0.654235 0.0157067 0.756128 0.388972 0.385997 0.836485 0.64175 0.125915 0.756507 0.388972 0.385997 0.836485 0.6511 0.0634341 0.756336 0.389177 -0.385884 0.836442 0.65426 -0.0156556 0.756108 0.388972 0.385997 0.836485 0.65426 -0.0156556 0.756108 0.389177 -0.385884 0.836442 0.651697 -0.058157 0.756247 0.651697 -0.058157 0.756247 0.389177 -0.385884 0.836442 0.644818 -0.110252 0.756343 0.644818 -0.110252 0.756343 0.389177 -0.385884 0.836442 0.632466 -0.166549 0.756471 0.632466 -0.166549 0.756471 0.389177 -0.385884 0.836442 0.613633 -0.225835 0.756606 0.613633 -0.225835 0.756606 0.389177 -0.385884 0.836442 0.589541 -0.282457 0.756743 0.589541 -0.282457 0.756743 0.389177 -0.385884 0.836442 0.560539 -0.336025 0.75689 0.560539 -0.336025 0.75689 0.389177 -0.385884 0.836442 0.526991 -0.386199 0.757054 0.526991 -0.386199 0.757054 0.389177 -0.385884 0.836442 0.489179 -0.432754 0.75725 0.489179 -0.432754 0.75725 0.389177 -0.385884 0.836442 0.447306 -0.475548 0.757477 0.447306 -0.475548 0.757477 0.389177 -0.385884 0.836442 0.401696 -0.514277 0.757734 0.401696 -0.514277 0.757734 0.389177 -0.385884 0.836442 0.352468 -0.548787 0.758023 0.352468 -0.548787 0.758023 0.389177 -0.385884 0.836442 0.299877 -0.578809 0.758323 0.151611 -0.634088 0.758253 0.389177 -0.385884 0.836442 0.0525842 -0.648344 0.759529 0.299877 -0.578809 0.758323 0.389177 -0.385884 0.836442 0.23441 -0.60788 0.75864 0.605913 0.24506 0.756845 0.388972 0.385997 0.836485 0.62657 0.186658 0.756683 -1 0 -0 -1 0 -0 -1 0 -0 -1 0 -0 -1 0 -0 -1 0 -0 0.079056 0.97988 0.183264 0.112007 0.971829 0.207372 0.166742 0.954155 0.248566 -0.386144 -0.385773 0.837897 -0.0944093 -0.643324 0.75975 -0.0252561 -0.649987 0.759526 -0.0944093 -0.643324 0.75975 -0.386144 -0.385773 0.837897 -0.165747 -0.628673 0.759802 -0.386144 -0.385773 0.837897 -0.224732 -0.6101 0.759785 -0.165747 -0.628673 0.759802 -0.224732 -0.6101 0.759785 -0.386144 -0.385773 0.837897 -0.281102 -0.586314 0.759748 -0.386144 -0.385773 0.837897 -0.33449 -0.557657 0.759694 -0.281102 -0.586314 0.759748 -0.33449 -0.557657 0.759694 -0.386144 -0.385773 0.837897 -0.384543 -0.524481 0.759636 -0.386144 -0.385773 0.837897 -0.431043 -0.487062 0.759587 -0.384543 -0.524481 0.759636 -0.431043 -0.487062 0.759587 -0.386144 -0.385773 0.837897 -0.473834 -0.445602 0.759553 -0.386144 -0.385773 0.837897 -0.512678 -0.400341 0.759532 -0.473834 -0.445602 0.759553 -0.512678 -0.400341 0.759532 -0.386144 -0.385773 0.837897 -0.547367 -0.351444 0.759524 -0.386144 -0.385773 0.837897 -0.577629 -0.299138 0.759514 -0.547367 -0.351444 0.759524 -0.577629 -0.299138 0.759514 -0.386144 -0.385773 0.837897 -0.603115 -0.243757 0.759497 -0.386144 -0.385773 0.837897 -0.623522 -0.185579 0.759461 -0.603115 -0.243757 0.759497 -0.623522 -0.185579 0.759461 -0.386144 -0.385773 0.837897 -0.638484 -0.125095 0.759401 -0.386144 -0.385773 0.837897 -0.38597 0.386028 0.83786 -0.650688 -0.0155677 0.759186 -0.647659 -0.0629283 0.759328 -0.386144 -0.385773 0.837897 -0.650688 -0.0155677 0.759186 -0.386144 -0.385773 0.837897 -0.647659 -0.0629283 0.759328 -0.638484 -0.125095 0.759401 -0.38597 0.386028 0.83786 -0.650666 0.0156201 0.759204 -0.650688 -0.0155677 0.759186 -0.38597 0.386028 0.83786 -0.648067 0.0579721 0.759374 -0.650666 0.0156201 0.759204 -0.648067 0.0579721 0.759374 -0.38597 0.386028 0.83786 -0.641201 0.109746 0.759485 -0.38597 0.386028 0.83786 -0.628927 0.16572 0.759597 -0.641201 0.109746 0.759485 -0.628927 0.16572 0.759597 -0.38597 0.386028 0.83786 -0.610259 0.224685 0.759672 -0.38597 0.386028 0.83786 -0.5864 0.281018 0.759713 -0.610259 0.224685 0.759672 -0.5864 0.281018 0.759713 -0.38597 0.386028 0.83786 -0.557707 0.334333 0.759727 -0.38597 0.386028 0.83786 -0.524489 0.384355 0.759725 -0.557707 0.334333 0.759727 -0.524489 0.384355 0.759725 -0.38597 0.386028 0.83786 -0.487018 0.430855 0.759722 -0.487018 0.430855 0.759722 -0.38597 0.386028 0.83786 -0.445548 0.473617 0.759719 -0.38597 0.386028 0.83786 -0.40028 0.512452 0.759716 -0.445548 0.473617 0.759719 -0.40028 0.512452 0.759716 -0.38597 0.386028 0.83786 -0.351412 0.547128 0.759711 -0.38597 0.386028 0.83786 -0.29916 0.577377 0.759697 -0.351412 0.547128 0.759711 -0.29916 0.577377 0.759697 -0.38597 0.386028 0.83786 -0.24379 0.602897 0.759659 -0.38597 0.386028 0.83786 -0.185655 0.623345 0.759588 -0.24379 0.602897 0.759659 -0.185655 0.623345 0.759588 -0.38597 0.386028 0.83786 -0.125209 0.638367 0.75948 -0.38597 0.386028 0.83786 0.388972 0.385997 0.836485 -0.0156124 0.650728 0.759151 -0.0630537 0.647624 0.759347 -0.38597 0.386028 0.83786 -0.0156124 0.650728 0.759151 0.388972 0.385997 0.836485 0.0155404 0.650814 0.759078 -0.0156124 0.650728 0.759151 0.0155404 0.650814 0.759078 0.388972 0.385997 0.836485 0.0578532 0.648454 0.759053 0.0578532 0.648454 0.759053 0.388972 0.385997 0.836485 0.109728 0.641867 0.758925 0.109728 0.641867 0.758925 0.388972 0.385997 0.836485 0.165831 0.629886 0.758778 0.388972 0.385997 0.836485 0.224997 0.611496 0.758584 0.165831 0.629886 0.758778 0.224997 0.611496 0.758584 0.388972 0.385997 0.836485 0.281586 0.587869 0.758367 0.388972 0.385997 0.836485 0.335204 0.559346 0.758136 0.281586 0.587869 0.758367 0.335204 0.559346 0.758136 0.388972 0.385997 0.836485 0.38554 0.526246 0.757908 0.38554 0.526246 0.757908 0.388972 0.385997 0.836485 0.432358 0.488848 0.75769 0.432358 0.488848 0.75769 0.388972 0.385997 0.836485 0.475456 0.447386 0.757488 -1 0 -0 -1 0 -0 -1 0 -0 -1 0 -0 -1 0 -0 -1 0 -0 0.389277 0.417709 0.820965 0.157277 0.669423 0.726042 0.0512112 0.686003 0.725794 0.134995 -0.962892 0.233697 0.092678 -0.971815 0.216765 0.133325 -0.966631 0.218746 -0.38597 0.386028 0.83786 -0.0630537 0.647624 0.759347 -0.125209 0.638367 0.75948 0.652386 0.737253 0.175643 0.657709 0.753272 -0.000553323 0.610888 0.768911 0.188659 0.717019 0.289457 0.634112 0.715913 0.240138 0.655593 0.574034 0.64509 0.504325 0.847357 0.531023 -0 0.791455 0.611228 -0 0.777488 0.599068 0.191392 0.894471 0.447127 -0 0.847357 0.531023 -0 0.831948 0.51896 0.196326 0.933349 0.358971 -0 0.894471 0.447127 -0 0.876731 0.437057 0.200806 0.96434 0.264665 -0 0.933349 0.358971 -0 0.914107 0.350435 0.203969 0.984827 0.17354 -0 0.96434 0.264665 -0 0.94371 0.258118 0.206849 0.996066 0.088618 -0 0.984827 0.17354 -0 0.963151 0.16899 0.209244 0.999731 0.0231928 -0 0.996066 0.088618 -0 0.973653 0.0858357 0.211261 0.999689 -0.0249259 -0 0.999731 0.0231928 -0 0.976665 0.0220009 0.21364 0.995136 -0.0985119 -0 0.999689 -0.0249259 -0 0.976478 -0.024258 0.214247 0.981078 -0.193612 -0 0.995136 -0.0985119 -0 0.972279 -0.0960536 0.213182 0.958728 -0.284325 -0 0.981078 -0.193612 -0 0.958791 -0.188823 0.212288 0.928833 -0.370499 -0 0.958728 -0.284325 -0 0.937128 -0.277688 0.211379 0.89193 -0.452174 -0 0.928833 -0.370499 -0 0.907826 -0.362285 0.21119 0.848363 -0.529416 -0 0.89193 -0.452174 -0 0.872106 -0.441659 0.210638 0.798292 -0.60227 -0 0.848363 -0.529416 -0 0.829772 -0.517349 0.209353 0.741723 -0.670707 -0 0.798292 -0.60227 -0 0.781045 -0.588744 0.208203 0.678592 -0.734516 -5.76379e-07 0.741723 -0.670707 -0 0.725935 -0.655857 0.207052 0.55169 -0.596833 0.582606 0.601582 -0.543656 0.585267 0.500286 -0.44483 0.74286 0.459568 -0.490949 0.740112 0.55169 -0.596833 0.582606 0.500286 -0.44483 0.74286 0.449481 -0.89329 -0 0.532388 -0.8465 -0 0.521679 -0.828549 0.203366 0.360536 -0.932745 -5.55837e-07 0.449481 -0.89329 -0 0.440692 -0.874648 0.201943 0.266351 -0.963876 -4.45431e-07 0.360536 -0.932745 -5.55837e-07 0.353754 -0.913624 0.200371 0.176517 -0.984298 -0 0.266351 -0.963876 -4.45431e-07 0.261598 -0.944504 0.198694 0.0927971 -0.995685 -9.41478e-07 0.176517 -0.984298 -0 0.172709 -0.964794 0.198354 0.0252569 -0.999681 -1.6915e-06 0.0927971 -0.995685 -9.41478e-07 0.0918095 -0.976007 0.197436 -0.0248474 -0.999691 -1.05827e-06 0.0252569 -0.999681 -1.6915e-06 0.0250548 -0.980298 0.19593 -0.0996315 -0.995025 -1.47221e-06 -0.0248474 -0.999691 -1.05827e-06 -0.0245614 -0.980334 0.195812 -0.0164823 -0.701728 0.712255 -0.0606449 -0.696925 0.714575 -0.0206707 -0.829395 0.55828 -0.294789 -0.955562 -0 -0.198517 -0.980097 -8.43531e-07 -0.194961 -0.960565 0.198255 -0.386977 -0.922089 -0 -0.294789 -0.955562 -0 -0.289225 -0.936231 0.199549 -0.473961 -0.880546 -0 -0.386977 -0.922089 -0 -0.379397 -0.9032 0.200719 -0.554999 -0.831851 -0 -0.473961 -0.880546 -0 -0.464508 -0.862255 0.201864 -0.629664 -0.776868 -0 -0.554999 -0.831851 -0 -0.543705 -0.814352 0.203017 -0.697768 -0.716324 -0 -0.629664 -0.776868 -0 -0.616669 -0.760304 0.204101 -0.759284 -0.650759 -0 -0.697768 -0.716324 -0 -0.683161 -0.700862 0.205144 -0.814236 -0.580535 -0 -0.759284 -0.650759 -0 -0.743181 -0.636536 0.206163 -0.862634 -0.505829 -0 -0.814236 -0.580535 -0 -0.796754 -0.567684 0.207168 -0.904395 -0.426697 -0 -0.862634 -0.505829 -0 -0.843895 -0.494483 0.208153 -0.939293 -0.343117 -0 -0.904395 -0.426697 -0 -0.884527 -0.416995 0.20911 -0.966926 -0.255059 -0 -0.939293 -0.343117 -0 -0.91844 -0.335215 0.21 -0.777923 -0.204957 0.593994 -0.757063 -0.276062 0.592154 -0.630214 -0.189707 0.752889 -0.995886 -0.0906191 -0 -0.985342 -0.170591 -0 -0.963069 -0.166358 0.211715 -0.999689 -0.0249319 -0 -0.995886 -0.0906191 -0 -0.973176 -0.088462 0.212376 -0.999731 0.0231938 -0 -0.999689 -0.0249319 -0 -0.976727 -0.0242714 0.213109 -0.667192 0.0351865 0.744055 -0.801606 0.0184532 0.597567 -0.654298 -0.016089 0.756066 -0.99551 0.0946565 -0 -0.999731 0.0231938 -0 -0.976911 0.0220038 0.212511 -0.957436 0.288646 -0 -0.981431 0.191815 -0 -0.960198 0.186928 0.207554 -0.924298 0.381673 -0 -0.957436 0.288646 -0 -0.937312 0.281671 0.205202 -0.883787 0.467889 -0 -0.924298 0.381673 -0 -0.905645 0.37275 0.202148 -0.835708 0.549175 -0 -0.883787 0.467889 -0 -0.866548 0.45768 0.199056 -0.779642 0.626226 -0 -0.835708 0.549175 -0 -0.820769 0.537051 0.194718 -0.715081 0.699041 -0 -0.779642 0.626226 -0 -0.767497 0.613016 0.187507 -0.645806 0.763501 -0 -0.715081 0.699041 -0 -0.705611 0.68575 0.178493 -0.611728 0.791069 -0.000162049 -0.645806 0.763501 -0 -0.639736 0.748981 0.172526 -0.603108 0.774053 0.192624 -0.611728 0.791069 -0.000162049 -0.639736 0.748981 0.172526 -0.304472 0.86538 0.398012 -0.188362 0.945315 0.266271 -0.523347 0.679867 0.5137 -0.449627 0.722587 0.525075 -0.389803 0.786466 0.479088 -0.523347 0.679867 0.5137 -0.504289 0.659676 0.557243 -0.449627 0.722587 0.525075 -0.523347 0.679867 0.5137 -0.555389 0.598134 0.577736 -0.504289 0.659676 0.557243 -0.523347 0.679867 0.5137 -0.604543 0.537309 0.58807 -0.555389 0.598134 0.577736 -0.523347 0.679867 0.5137 -0.65281 0.476506 0.588881 -0.604543 0.537309 0.58807 -0.523347 0.679867 0.5137 -0.694501 0.423142 0.58191 -0.65281 0.476506 0.588881 -0.523347 0.679867 0.5137 0.525622 -0.850718 5.62949e-06 0.56003 -0.828472 2.61506e-06 0.520315 -0.834675 0.180526 -0.198517 -0.980097 -8.43531e-07 -0.0996315 -0.995025 -1.47221e-06 -0.0982953 -0.975534 0.196651 -0.0206707 -0.829395 0.55828 0.0210279 -0.829215 0.558534 0.0162412 -0.701474 0.712511 0.633409 0.494462 0.595231 0.674294 0.442118 0.591489 0.530509 0.675889 0.5116 0.585429 0.555045 0.59093 0.633409 0.494462 0.595231 0.530509 0.675889 0.5116 0.536251 0.61601 0.577032 0.585429 0.555045 0.59093 0.530509 0.675889 0.5116 0.484614 0.678082 0.552588 0.536251 0.61601 0.577032 0.530509 0.675889 0.5116 0.428896 0.7416 0.515827 0.484614 0.678082 0.552588 0.530509 0.675889 0.5116 0.297917 0.869273 0.394475 0.367263 0.80602 0.464165 0.530509 0.675889 0.5116 0.674294 0.442118 0.591489 0.681383 0.387071 0.621203 0.530509 0.675889 0.5116 0.657709 0.753272 -0.000553323 0.618938 0.785439 -0.00130713 0.610888 0.768911 0.188659 0.203342 0.936896 0.28439 0.530509 0.675889 0.5116 0.112007 0.971829 0.207372 0.715913 0.240138 0.655593 0.618661 0.575194 0.535173 0.574034 0.64509 0.504325 0.574034 0.64509 0.504325 0.530509 0.675889 0.5116 0.681383 0.387071 0.621203 0.698249 0.168302 0.69579 0.662363 0.510141 0.548664 0.618661 0.575194 0.535173 0.682393 0.0873834 0.725744 0.734868 0.365849 0.571072 0.703553 0.43628 0.560957 0.662393 0.0326261 0.748446 0.78095 0.213068 0.587128 0.761554 0.288633 0.580282 0.650724 -0.0160015 0.759146 0.79849 -0.019872 0.60168 0.799507 0.0184042 0.600375 0.648706 -0.0585715 0.758782 0.796547 -0.0786828 0.599435 0.79849 -0.019872 0.60168 0.642683 -0.111376 0.757993 0.786442 -0.155206 0.597846 0.796547 -0.0786828 0.599435 0.631801 -0.168551 0.756583 0.769936 -0.228004 0.595997 0.786442 -0.155206 0.597846 0.614944 -0.230089 0.754256 0.747248 -0.296824 0.594572 0.769936 -0.228004 0.595997 0.59337 -0.287975 0.751653 0.718602 -0.36362 0.592784 0.747248 -0.296824 0.594572 0.56743 -0.342962 0.748599 0.684909 -0.427196 0.590257 0.718602 -0.36362 0.592784 0.536557 -0.395356 0.74552 0.601582 -0.543656 0.585267 0.64595 -0.486982 0.587875 0.532388 -0.8465 -0 0.608816 -0.793311 -4.659e-07 0.596295 -0.776236 0.204669 0.435061 -0.691308 0.576901 0.496192 -0.646204 0.579839 0.414545 -0.533512 0.737236 0.368393 -0.73152 0.573729 0.435061 -0.691308 0.576901 0.365351 -0.572291 0.734168 0.296486 -0.76609 0.570265 0.368393 -0.73152 0.573729 0.312134 -0.606994 0.730843 0.219828 -0.794172 0.56654 0.296486 -0.76609 0.570265 0.252512 -0.638091 0.727377 0.147665 -0.812359 0.564152 0.219828 -0.794172 0.56654 0.192066 -0.663332 0.723257 0.132053 -0.681663 0.719651 0.0777804 -0.82397 0.561269 0.147665 -0.812359 0.564152 0.065406 -0.695213 0.715822 0.0210279 -0.829215 0.558534 0.0777804 -0.82397 0.561269 -0.0832699 -0.82415 0.560216 -0.0206707 -0.829395 0.55828 -0.0606449 -0.696925 0.714575 -0.16455 -0.809083 0.564188 -0.0832699 -0.82415 0.560216 -0.174193 -0.674283 0.717635 -0.0832699 -0.82415 0.560216 -0.117606 -0.688394 0.715739 -0.174193 -0.674283 0.717635 -0.16455 -0.809083 0.564188 -0.174193 -0.674283 0.717635 -0.2362 -0.650911 0.721473 -0.243356 -0.786713 0.567327 -0.2362 -0.650911 0.721473 -0.294873 -0.622314 0.725103 -0.318518 -0.757157 0.570315 -0.294873 -0.622314 0.725103 -0.347982 -0.588446 0.729822 -0.514364 -0.633703 0.577797 -0.454597 -0.680121 0.575132 -0.399307 -0.549066 0.734221 -0.568619 -0.582951 0.58038 -0.514364 -0.633703 0.577797 -0.445912 -0.507811 0.737082 -0.617317 -0.528364 0.582881 -0.568619 -0.582951 0.58038 -0.488313 -0.462744 0.739877 -0.660496 -0.470255 0.585325 -0.617317 -0.528364 0.582881 -0.526274 -0.414157 0.742637 -0.698203 -0.408791 0.587709 -0.660496 -0.470255 0.585325 -0.559625 -0.362287 0.745364 -0.730424 -0.344048 0.59001 -0.698203 -0.408791 0.587709 -0.588188 -0.307374 0.748035 -0.61178 -0.249709 0.75058 -0.757063 -0.276062 0.592154 -0.730424 -0.344048 0.59001 -0.985342 -0.170591 -0 -0.966926 -0.255059 -0 -0.945272 -0.249111 0.210726 -0.777923 -0.204957 0.593994 -0.630214 -0.189707 0.752889 -0.643349 -0.127915 0.754812 -0.791083 -0.137084 0.596151 -0.643349 -0.127915 0.754812 -0.651519 -0.0640731 0.755922 -0.564066 -0.82573 2.65984e-06 -0.523813 -0.851833 5.72559e-06 -0.517129 -0.836688 0.180363 -0.667192 0.0351865 0.744055 -0.802338 0.0761634 0.59199 -0.801606 0.0184532 0.597567 -0.690186 0.0869418 0.71839 -0.728048 0.38406 0.567842 -0.757025 0.308263 0.576097 -0.658695 0.523304 0.540623 -0.695391 0.452414 0.558349 -0.706037 0.140486 0.6941 -0.614397 0.594848 0.518336 -0.658695 0.523304 0.540623 -0.709982 0.201809 0.674684 -0.563064 0.659338 0.498229 -0.614397 0.594848 0.518336 -0.705083 0.286539 0.648655 -0.523347 0.679867 0.5137 -0.563064 0.659338 0.498229 -0.70129 0.371518 0.608413 -0.304472 0.86538 0.398012 -0.523347 0.679867 0.5137 -0.389803 0.786466 0.479088 -0.188362 0.945315 0.266271 -0.159107 0.959698 0.231655 -0.523347 0.679867 0.5137 0.608816 -0.793311 -4.659e-07 0.678592 -0.734516 -5.76379e-07 0.664378 -0.718481 0.205884 -0.385953 -0.388294 0.83682 0.015579 -0.65352 0.756749 0.389891 -0.387856 0.835196 0.0525842 -0.648344 0.759529 -0.386144 -0.385773 0.837897 -0.0252561 -0.649987 0.759526 0.389277 0.417709 0.820965 0.237693 0.644148 0.727032 0.157277 0.669423 0.726042 0.227868 -0.921292 0.315115 0.134995 -0.962892 0.233697 0.474391 -0.713169 0.516085 0.0512112 0.686003 0.725794 -0.0315889 0.68768 0.725327 -0.386085 0.417888 0.82238 0.0761814 0.0857106 0.993403 0.0341872 0.0218618 0.999176 0.077865 -0.0223091 0.996714 -0.063203 0.0791195 0.99486 -0.0624321 -0.0172093 0.997901 -0.0603467 0.0200423 0.997976 -0.558111 -0.813579 0.163101 -0.517129 -0.836688 0.180363 -0.46754 -0.724477 0.506497 -0.497377 -0.723584 0.478584 0.493014 -0.720974 0.486964 0.474391 -0.713169 0.516085 0.520315 -0.834675 0.180526 0.55419 -0.815925 0.16474 -0.0368134 -0.207669 0.977506 -0.0521078 -0.175486 0.983102 -0.0556148 -0.165988 0.984558 -0.0457703 -0.189824 0.980751 -0.0521078 -0.175486 0.983102 -0.0601726 -0.153325 0.986342 -0.0627196 -0.14607 0.987284 -0.0556148 -0.165988 0.984558 -0.0601726 -0.153325 0.986342 -0.0672436 -0.133632 0.988747 -0.0691471 -0.128584 0.989285 -0.0627196 -0.14607 0.987284 -0.0672436 -0.133632 0.988747 -0.0739727 -0.117048 0.990367 -0.0754713 -0.113816 0.990631 -0.0691471 -0.128584 0.989285 -0.0739727 -0.117048 0.990367 -0.081123 -0.103489 0.991317 -0.0823197 -0.101624 0.991411 -0.0754713 -0.113816 0.990631 -0.081123 -0.103489 0.991317 -0.0894632 -0.0925485 0.991681 -0.0903166 -0.0916532 0.991687 -0.0823197 -0.101624 0.991411 -0.0894632 -0.0925485 0.991681 -0.0997428 -0.0836894 0.991488 -0.10007 -0.0834628 0.991474 -0.0903166 -0.0916532 0.991687 -0.0997428 -0.0836894 0.991488 -0.0867729 -0.0760988 0.993317 -0.0881726 -0.0763708 0.993173 -0.10007 -0.0834628 0.991474 -0.0867729 -0.0760988 0.993317 -0.0563243 -0.0520315 0.997056 -0.0547841 -0.0495794 0.997267 -0.0881726 -0.0763708 0.993173 -0.0563243 -0.0520315 0.997056 -0.0381729 -0.0248994 0.998961 -0.0375581 -0.0242214 0.999001 -0.0547841 -0.0495794 0.997267 -0.0381729 -0.0248994 0.998961 -0.0257068 -0.0187528 0.999494 -0.0244551 -0.0185228 0.999529 -0.0375581 -0.0242214 0.999001 -0.0257068 -0.0187528 0.999494 -0.00739801 -0.0127338 0.999892 -0.00519997 -0.0116663 0.999919 -0.0244551 -0.0185228 0.999529 -0.00739801 -0.0127338 0.999892 0.0070681 -0.00543898 0.99996 0.00758475 -0.00514859 0.999958 -0.00519997 -0.0116663 0.999919 0.0070681 -0.00543898 0.99996 0.0122168 -0.00176597 0.999924 0.0124477 -0.00147641 0.999922 0.00758475 -0.00514859 0.999958 -0.00320363 -0.00247204 0.999992 -0.00529545 -0.00436908 0.999977 -0.00530475 -0.00437921 0.999976 -0.00321412 -0.00248009 0.999992 -0.00529545 -0.00436908 0.999977 -0.0069713 -0.00655526 0.999954 -0.00697857 -0.00656688 0.999954 -0.00530475 -0.00437921 0.999976 0.00213134 0.000175513 0.999998 -0.000738846 -0.000925945 0.999999 -0.000749401 -0.000931351 0.999999 0.00212181 0.000172888 0.999998 0.0477878 0.224087 0.973397 0.022517 0.381903 0.923928 0.019941 0.403957 0.914561 0.0365178 0.282113 0.958686 -0.801606 0.0184532 0.597567 -0.802338 0.0761634 0.59199 -0.973436 0.091624 0.209825 -0.976911 0.0220038 0.212511 -0.802338 0.0761634 0.59199 -0.794186 0.155155 0.587533 -0.960198 0.186928 0.207554 -0.973436 0.091624 0.209825 -0.794186 0.155155 0.587533 -0.777691 0.233325 0.583744 -0.937312 0.281671 0.205202 -0.960198 0.186928 0.207554 -0.777691 0.233325 0.583744 -0.757025 0.308263 0.576097 -0.905645 0.37275 0.202148 -0.937312 0.281671 0.205202 -0.757025 0.308263 0.576097 -0.728048 0.38406 0.567842 -0.866548 0.45768 0.199056 -0.905645 0.37275 0.202148 -0.728048 0.38406 0.567842 -0.695391 0.452414 0.558349 -0.820769 0.537051 0.194718 -0.866548 0.45768 0.199056 -0.695391 0.452414 0.558349 -0.658695 0.523304 0.540623 -0.767497 0.613016 0.187507 -0.820769 0.537051 0.194718 -0.658695 0.523304 0.540623 -0.614397 0.594848 0.518336 -0.705611 0.68575 0.178493 -0.767497 0.613016 0.187507 -0.614397 0.594848 0.518336 -0.563064 0.659338 0.498229 -0.639736 0.748981 0.172526 -0.705611 0.68575 0.178493 -0.497377 -0.723584 0.478584 -0.55949 -0.662717 0.497772 -0.633699 -0.7543 0.171627 -0.558111 -0.813579 0.163101 -0.55949 -0.662717 0.497772 -0.609829 -0.596648 0.521652 -0.701112 -0.689751 0.180789 -0.633699 -0.7543 0.171627 -0.609829 -0.596648 0.521652 -0.653459 -0.527127 0.543258 -0.76229 -0.618987 0.189129 -0.701112 -0.689751 0.180789 -0.653459 -0.527127 0.543258 -0.694817 -0.45633 0.555871 -0.819819 -0.538527 0.194643 -0.76229 -0.618987 0.189129 -0.694817 -0.45633 0.555871 -0.732384 -0.376247 0.567496 -0.870459 -0.450134 0.1992 -0.819819 -0.538527 0.194643 -0.732384 -0.376247 0.567496 -0.759069 -0.301556 0.576957 -0.909471 -0.362446 0.203703 -0.870459 -0.450134 0.1992 -0.759069 -0.301556 0.576957 -0.779508 -0.223573 0.585134 -0.939672 -0.272321 0.207021 -0.909471 -0.362446 0.203703 -0.779508 -0.223573 0.585134 -0.79257 -0.150692 0.590867 -0.960688 -0.182578 0.209153 -0.939672 -0.272321 0.207021 -0.79257 -0.150692 0.590867 -0.800778 -0.0784469 0.593803 -0.972968 -0.094881 0.21055 -0.960688 -0.182578 0.209153 -0.800778 -0.0784469 0.593803 -0.801373 -0.0207274 0.597806 -0.976831 -0.0249229 0.212555 -0.972968 -0.094881 0.21055 -0.801373 -0.0207274 0.597806 -0.800421 0.0192915 0.599128 -0.976795 0.0231032 0.212929 -0.976831 -0.0249229 0.212555 -0.800421 0.0192915 0.599128 -0.799153 0.0766195 0.596225 -0.972904 0.0932479 0.211572 -0.976795 0.0231032 0.212929 -0.799153 0.0766195 0.596225 -0.789287 0.151691 0.594992 -0.959885 0.184654 0.211006 -0.972904 0.0932479 0.211572 -0.789287 0.151691 0.594992 -0.772644 0.224012 0.594003 -0.938566 0.273205 0.210838 -0.959885 0.184654 0.211006 -0.772644 0.224012 0.594003 -0.749618 0.294486 0.592749 -0.909797 0.357742 0.210453 -0.938566 0.273205 0.210838 -0.749618 0.294486 0.592749 -0.720962 0.362143 0.590819 -0.87373 0.438962 0.209544 -0.909797 0.357742 0.210453 -0.720962 0.362143 0.590819 -0.686343 0.426629 0.589 -0.830666 0.516195 0.208656 -0.87373 0.438962 0.209544 -0.686343 0.426629 0.589 -0.646167 0.487688 0.587051 -0.780783 0.589263 0.207721 -0.830666 0.516195 0.208656 -0.646167 0.487688 0.587051 -0.600355 0.545505 0.584806 -0.724155 0.657924 0.206727 -0.780783 0.589263 0.207721 -0.600355 0.545505 0.584806 -0.548951 0.599555 0.582398 -0.660914 0.721733 0.205654 -0.724155 0.657924 0.206727 -0.548951 0.599555 0.582398 -0.492024 0.649429 0.579788 -0.591181 0.780188 0.204479 -0.660914 0.721733 0.205654 -0.492024 0.649429 0.579788 -0.429725 0.694599 0.576948 -0.515192 0.832642 0.203188 -0.591181 0.780188 0.204479 -0.429725 0.694599 0.576948 -0.362224 0.734451 0.573913 -0.433295 0.878363 0.201826 -0.515192 0.832642 0.203188 -0.362224 0.734451 0.573913 -0.290824 0.767588 0.571165 -0.345657 0.916576 0.201021 -0.433295 0.878363 0.201826 -0.290824 0.767588 0.571165 -0.214372 0.794393 0.568318 -0.254678 0.946104 0.200068 -0.345657 0.916576 0.201021 -0.214372 0.794393 0.568318 -0.142047 0.812343 0.565617 -0.168008 0.965497 0.198971 -0.254678 0.946104 0.200068 -0.142047 0.812343 0.565617 -0.0746785 0.823318 0.562645 -0.0885374 0.976246 0.197749 -0.168008 0.965497 0.198971 -0.0746785 0.823318 0.562645 -0.0202335 0.827654 0.560874 -0.0240784 0.980139 0.196845 -0.0885374 0.976246 0.197749 -0.0202335 0.827654 0.560874 0.0209457 0.826853 0.562029 0.0247704 0.980024 0.19733 -0.0240784 0.980139 0.196845 0.0209457 0.826853 0.562029 0.0826932 0.821227 0.564577 0.0978612 0.975231 0.198362 0.0247704 0.980024 0.19733 0.0826932 0.821227 0.564577 0.163765 0.806337 0.568332 0.194576 0.960304 0.199892 0.0978612 0.975231 0.198362 0.163765 0.806337 0.568332 0.24224 0.783647 0.572029 0.288854 0.935948 0.201406 0.194576 0.960304 0.199892 0.24224 0.783647 0.572029 0.31705 0.753854 0.575486 0.379231 0.9028 0.202821 0.288854 0.935948 0.201406 0.31705 0.753854 0.575486 0.387432 0.717676 0.578652 0.464685 0.861629 0.204118 0.379231 0.9028 0.202821 0.387432 0.717676 0.578652 0.452808 0.675845 0.581548 0.54444 0.813287 0.205304 0.464685 0.861629 0.204118 0.452808 0.675845 0.581548 0.512807 0.629094 0.584183 0.617955 0.758641 0.206386 0.54444 0.813287 0.205304 0.512807 0.629094 0.584183 0.567368 0.577945 0.586577 0.685005 0.698414 0.207332 0.617955 0.758641 0.206386 0.567368 0.577945 0.586577 0.616345 0.523387 0.588375 0.745495 0.633155 0.20821 0.685005 0.698414 0.207332 0.616345 0.523387 0.588375 0.660105 0.464767 0.59013 0.79935 0.563318 0.209076 0.745495 0.633155 0.20821 0.660105 0.464767 0.59013 0.697872 0.403027 0.592067 0.846533 0.489211 0.209892 0.79935 0.563318 0.209076 0.697872 0.403027 0.592067 0.730043 0.338112 0.5939 0.886933 0.411062 0.210659 0.846533 0.489211 0.209892 0.730043 0.338112 0.5939 0.756465 0.270231 0.595597 0.920356 0.329035 0.211378 0.886933 0.411062 0.210659 0.756465 0.270231 0.595597 0.776978 0.199679 0.59702 0.946493 0.243401 0.211913 0.920356 0.329035 0.211378 0.776978 0.199679 0.59702 0.789729 0.132981 0.598869 0.963633 0.161696 0.212755 0.946493 0.243401 0.211913 0.789729 0.132981 0.598869 0.796873 0.0702194 0.600053 0.97321 0.0855957 0.213393 0.963633 0.161696 0.212755 0.796873 0.0702194 0.600053 0.798561 0.0191865 0.601608 0.976519 0.0233771 0.21416 0.97321 0.0855957 0.213393 0.798561 0.0191865 0.601608 0.800238 -0.0325777 0.598797 0.9763 -0.0390919 0.212863 0.976519 0.0233771 0.21416 0.800238 -0.0325777 0.598797 0.797701 -0.103531 0.5941 0.969538 -0.125217 0.210514 0.9763 -0.0390919 0.212863 0.797701 -0.103531 0.5941 0.786888 -0.178706 0.590653 0.95379 -0.216111 0.208759 0.969538 -0.125217 0.210514 0.786888 -0.178706 0.590653 0.772293 -0.248759 0.584536 0.930293 -0.302998 0.206754 0.95379 -0.216111 0.208759 0.772293 -0.248759 0.584536 0.750336 -0.324111 0.57615 0.898329 -0.389704 0.202819 0.930293 -0.302998 0.206754 0.750336 -0.324111 0.57615 0.719929 -0.401427 0.56618 0.854973 -0.47964 0.197398 0.898329 -0.389704 0.202819 0.719929 -0.401427 0.56618 0.682345 -0.479337 0.551943 0.802296 -0.565177 0.192083 0.854973 -0.47964 0.197398 0.682345 -0.479337 0.551943 0.636634 -0.54966 0.540898 0.743316 -0.64206 0.187724 0.802296 -0.565177 0.192083 0.636634 -0.54966 0.540898 0.591314 -0.610644 0.526747 0.681786 -0.708569 0.181929 0.743316 -0.64206 0.187724 0.591314 -0.610644 0.526747 0.54367 -0.671074 0.504067 0.618305 -0.766572 0.173395 0.681786 -0.708569 0.181929 0.54367 -0.671074 0.504067 0.493014 -0.720974 0.486964 0.55419 -0.815925 0.16474 0.618305 -0.766572 0.173395 0.574034 0.64509 0.504325 0.618661 0.575194 0.535173 0.71757 0.671336 0.185476 0.652386 0.737253 0.175643 0.618661 0.575194 0.535173 0.662363 0.510141 0.548664 0.777488 0.599068 0.191392 0.71757 0.671336 0.185476 0.662363 0.510141 0.548664 0.703553 0.43628 0.560957 0.831948 0.51896 0.196326 0.777488 0.599068 0.191392 0.703553 0.43628 0.560957 0.734868 0.365849 0.571072 0.876731 0.437057 0.200806 0.831948 0.51896 0.196326 0.734868 0.365849 0.571072 0.761554 0.288633 0.580282 0.914107 0.350435 0.203969 0.876731 0.437057 0.200806 0.761554 0.288633 0.580282 0.78095 0.213068 0.587128 0.94371 0.258118 0.206849 0.914107 0.350435 0.203969 0.78095 0.213068 0.587128 0.794113 0.139835 0.591465 0.963151 0.16899 0.209244 0.94371 0.258118 0.206849 0.794113 0.139835 0.591465 0.800222 0.0710756 0.595477 0.973653 0.0858357 0.211261 0.963151 0.16899 0.209244 0.800222 0.0710756 0.595477 0.799507 0.0184042 0.600375 0.976665 0.0220009 0.21364 0.973653 0.0858357 0.211261 0.799507 0.0184042 0.600375 0.79849 -0.019872 0.60168 0.976478 -0.024258 0.214247 0.976665 0.0220009 0.21364 0.79849 -0.019872 0.60168 0.796547 -0.0786828 0.599435 0.972279 -0.0960536 0.213182 0.976478 -0.024258 0.214247 0.796547 -0.0786828 0.599435 0.786442 -0.155206 0.597846 0.958791 -0.188823 0.212288 0.972279 -0.0960536 0.213182 0.786442 -0.155206 0.597846 0.769936 -0.228004 0.595997 0.937128 -0.277688 0.211379 0.958791 -0.188823 0.212288 0.769936 -0.228004 0.595997 0.747248 -0.296824 0.594572 0.907826 -0.362285 0.21119 0.937128 -0.277688 0.211379 0.747248 -0.296824 0.594572 0.718602 -0.36362 0.592784 0.872106 -0.441659 0.210638 0.907826 -0.362285 0.21119 0.718602 -0.36362 0.592784 0.684909 -0.427196 0.590257 0.829772 -0.517349 0.209353 0.872106 -0.441659 0.210638 0.684909 -0.427196 0.590257 0.64595 -0.486982 0.587875 0.781045 -0.588744 0.208203 0.829772 -0.517349 0.209353 0.64595 -0.486982 0.587875 0.601582 -0.543656 0.585267 0.725935 -0.655857 0.207052 0.781045 -0.588744 0.208203 0.601582 -0.543656 0.585267 0.55169 -0.596833 0.582606 0.664378 -0.718481 0.205884 0.725935 -0.655857 0.207052 0.55169 -0.596833 0.582606 0.496192 -0.646204 0.579839 0.596295 -0.776236 0.204669 0.664378 -0.718481 0.205884 0.496192 -0.646204 0.579839 0.435061 -0.691308 0.576901 0.521679 -0.828549 0.203366 0.596295 -0.776236 0.204669 0.435061 -0.691308 0.576901 0.368393 -0.73152 0.573729 0.440692 -0.874648 0.201943 0.521679 -0.828549 0.203366 0.368393 -0.73152 0.573729 0.296486 -0.76609 0.570265 0.353754 -0.913624 0.200371 0.440692 -0.874648 0.201943 0.296486 -0.76609 0.570265 0.219828 -0.794172 0.56654 0.261598 -0.944504 0.198694 0.353754 -0.913624 0.200371 0.219828 -0.794172 0.56654 0.147665 -0.812359 0.564152 0.172709 -0.964794 0.198354 0.261598 -0.944504 0.198694 0.147665 -0.812359 0.564152 0.0777804 -0.82397 0.561269 0.0918095 -0.976007 0.197436 0.172709 -0.964794 0.198354 0.0777804 -0.82397 0.561269 0.0210279 -0.829215 0.558534 0.0250548 -0.980298 0.19593 0.0918095 -0.976007 0.197436 0.0210279 -0.829215 0.558534 -0.0206707 -0.829395 0.55828 -0.0245614 -0.980334 0.195812 0.0250548 -0.980298 0.19593 -0.0206707 -0.829395 0.55828 -0.0832699 -0.82415 0.560216 -0.0982953 -0.975534 0.196651 -0.0245614 -0.980334 0.195812 -0.0832699 -0.82415 0.560216 -0.16455 -0.809083 0.564188 -0.194961 -0.960565 0.198255 -0.0982953 -0.975534 0.196651 -0.16455 -0.809083 0.564188 -0.243356 -0.786713 0.567327 -0.289225 -0.936231 0.199549 -0.194961 -0.960565 0.198255 -0.243356 -0.786713 0.567327 -0.318518 -0.757157 0.570315 -0.379397 -0.9032 0.200719 -0.289225 -0.936231 0.199549 -0.318518 -0.757157 0.570315 -0.388834 -0.721681 0.572699 -0.464508 -0.862255 0.201864 -0.379397 -0.9032 0.200719 -0.388834 -0.721681 0.572699 -0.454597 -0.680121 0.575132 -0.543705 -0.814352 0.203017 -0.464508 -0.862255 0.201864 -0.454597 -0.680121 0.575132 -0.514364 -0.633703 0.577797 -0.616669 -0.760304 0.204101 -0.543705 -0.814352 0.203017 -0.514364 -0.633703 0.577797 -0.568619 -0.582951 0.58038 -0.683161 -0.700862 0.205144 -0.616669 -0.760304 0.204101 -0.568619 -0.582951 0.58038 -0.617317 -0.528364 0.582881 -0.743181 -0.636536 0.206163 -0.683161 -0.700862 0.205144 -0.617317 -0.528364 0.582881 -0.660496 -0.470255 0.585325 -0.796754 -0.567684 0.207168 -0.743181 -0.636536 0.206163 -0.660496 -0.470255 0.585325 -0.698203 -0.408791 0.587709 -0.843895 -0.494483 0.208153 -0.796754 -0.567684 0.207168 -0.698203 -0.408791 0.587709 -0.730424 -0.344048 0.59001 -0.884527 -0.416995 0.20911 -0.843895 -0.494483 0.208153 -0.730424 -0.344048 0.59001 -0.757063 -0.276062 0.592154 -0.91844 -0.335215 0.21 -0.884527 -0.416995 0.20911 -0.757063 -0.276062 0.592154 -0.777923 -0.204957 0.593994 -0.945272 -0.249111 0.210726 -0.91844 -0.335215 0.21 -0.777923 -0.204957 0.593994 -0.791083 -0.137084 0.596151 -0.963069 -0.166358 0.211715 -0.945272 -0.249111 0.210726 -0.791083 -0.137084 0.596151 -0.79865 -0.0727054 0.597388 -0.973176 -0.088462 0.212376 -0.963069 -0.166358 0.211715 -0.79865 -0.0727054 0.597388 -0.800596 -0.0199292 0.598872 -0.976727 -0.0242714 0.213109 -0.973176 -0.088462 0.212376 -0.976911 0.0220038 0.212511 -0.976727 -0.0242714 0.213109 -0.800596 -0.0199292 0.598872 -0.801606 0.0184532 0.597567 0.0122168 -0.00176597 0.999924 0.0129762 -0.00122344 0.999915 0.0129683 -0.00123888 0.999915 0.0124477 -0.00147641 0.999922 -0.00272411 0.0307572 0.999523 -0.000683329 0.0313631 0.999508 -0.000699338 0.0313589 0.999508 -0.00281203 0.0307295 0.999524 -0.000683329 0.0313631 0.999508 0.000744322 0.0316966 0.999497 0.000780989 0.0317041 0.999497 -0.000699338 0.0313589 0.999508 -0.0111839 -0.00154567 0.999936 -0.0136765 -0.000766379 0.999906 -0.0137115 -0.000736895 0.999906 -0.0112209 -0.00154364 0.999936 -0.0136765 -0.000766379 0.999906 -0.00821024 -0.0049178 0.999954 -0.00955921 -0.00387823 0.999947 -0.0137115 -0.000736895 0.999906 0.0255527 -0.340788 0.939793 0.0432116 -0.189159 0.980995 0.0345806 -0.245302 0.96883 0.0241266 -0.362227 0.931777 0.0501586 -0.153718 0.986841 0.0345806 -0.245302 0.96883 0.0432116 -0.189159 0.980995 0.0534057 -0.146752 0.987731 0.0580477 -0.13641 0.98895 0.0501586 -0.153718 0.986841 0.0534057 -0.146752 0.987731 0.0604413 -0.13088 0.989554 0.0651489 -0.12038 0.990588 0.0580477 -0.13641 0.98895 0.0604413 -0.13088 0.989554 0.0669752 -0.116444 0.990937 0.0720755 -0.106492 0.991698 0.0651489 -0.12038 0.990588 0.0669752 -0.116444 0.990937 0.0735008 -0.103969 0.991861 0.0794883 -0.0948903 0.992309 0.0720755 -0.106492 0.991698 0.0735008 -0.103969 0.991861 0.0805921 -0.0934459 0.992357 0.0881048 -0.0852777 0.992454 0.0794883 -0.0948903 0.992309 0.0805921 -0.0934459 0.992357 0.0888186 -0.0846249 0.992446 0.0985722 -0.0772321 0.992128 0.0881048 -0.0852777 0.992454 0.0888186 -0.0846249 0.992446 0.0987049 -0.0771474 0.992122 0.10193 -0.070342 0.992302 0.0985722 -0.0772321 0.992128 0.0987049 -0.0771474 0.992122 0.102162 -0.0706678 0.992254 0.000744322 0.0316966 0.999497 0.00189447 0.0311786 0.999512 0.00188017 0.0312037 0.999511 0.000780989 0.0317041 0.999497 0.0129762 -0.00122344 0.999915 0.0102709 -0.00213152 0.999945 0.010273 -0.00213176 0.999945 0.0129683 -0.00123888 0.999915 0.0102709 -0.00213152 0.999945 0.00554496 -0.000750656 0.999984 0.00556052 -0.000757282 0.999984 0.010273 -0.00213176 0.999945 0.00554496 -0.000750656 0.999984 0.000582062 0.000584689 1 0.000459252 0.000596376 1 0.00556052 -0.000757282 0.999984 0.000582062 0.000584689 1 -0.00266963 0.00144261 0.999996 -0.00265551 0.00143129 0.999996 0.000459252 0.000596376 1 -0.00266963 0.00144261 0.999996 -0.00401091 0.00273472 0.999988 -0.00399703 0.00271839 0.999988 -0.00265551 0.00143129 0.999996 -0.00401091 0.00273472 0.999988 -0.00497395 0.00411654 0.999979 -0.00496262 0.00409621 0.999979 -0.00399703 0.00271839 0.999988 -0.00497395 0.00411654 0.999979 -0.0055998 0.00554955 0.999969 -0.00559235 0.00552654 0.999969 -0.00496262 0.00409621 0.999979 -0.0055998 0.00554955 0.999969 -0.00591081 0.00699222 0.999958 -0.00590813 0.0069679 0.999958 -0.00559235 0.00552654 0.999969 -0.00591081 0.00699222 0.999958 -0.00592834 0.00839478 0.999947 -0.00593042 0.00837088 0.999947 -0.00590813 0.0069679 0.999958 -0.00592834 0.00839478 0.999947 -0.00567776 0.0121243 0.99991 -0.00568443 0.0120177 0.999912 -0.00593042 0.00837088 0.999947 -0.00567776 0.0121243 0.99991 -0.00677609 0.0173621 0.999826 -0.00685382 0.0175005 0.999823 -0.00568443 0.0120177 0.999912 -0.00677609 0.0173621 0.999826 -0.00731105 0.0225851 0.999718 -0.00732344 0.0225431 0.999719 -0.00685382 0.0175005 0.999823 -0.00731105 0.0225851 0.999718 -0.00665158 0.0272032 0.999608 -0.00665635 0.0272614 0.999606 -0.00732344 0.0225431 0.999719 -0.00665158 0.0272032 0.999608 -0.00545478 0.0297217 0.999543 -0.00549042 0.0297057 0.999544 -0.00665635 0.0272614 0.999606 -0.00545478 0.0297217 0.999543 -0.00272411 0.0307572 0.999523 -0.00281203 0.0307295 0.999524 -0.00549042 0.0297057 0.999544 0.00189447 0.0311786 0.999512 0.00315273 0.028603 0.999586 0.00321251 0.0284734 0.999589 0.00188017 0.0312037 0.999511 0.00315273 0.028603 0.999586 0.00479203 0.024443 0.99969 0.00480932 0.0243904 0.999691 0.00321251 0.0284734 0.999589 0.00479203 0.024443 0.99969 0.00591022 0.0203916 0.999775 0.00591969 0.0203477 0.999776 0.00480932 0.0243904 0.999691 0.00591022 0.0203916 0.999775 0.00650084 0.0167807 0.999838 0.00650454 0.0167455 0.999839 0.00591969 0.0203477 0.999776 0.00650084 0.0167807 0.999838 0.00667739 0.0135983 0.999885 0.00667739 0.0135704 0.999886 0.00650454 0.0167455 0.999839 0.00667739 0.0135983 0.999885 0.00651681 0.0108173 0.99992 0.00651401 0.0107952 0.99992 0.00667739 0.0135704 0.999886 0.00651681 0.0108173 0.99992 0.00606138 0.00839281 0.999946 0.00605673 0.00837493 0.999947 0.00651401 0.0107952 0.99992 0.00606138 0.00839281 0.999946 0.00502664 0.00621807 0.999968 0.00501597 0.00620305 0.999968 0.00605673 0.00837493 0.999947 0.00502664 0.00621807 0.999968 0.00360906 0.00404841 0.999985 0.00359207 0.00402009 0.999986 0.00501597 0.00620305 0.999968 0.00360906 0.00404841 0.999985 0.00215936 0.00220728 0.999995 0.00214934 0.00219816 0.999995 0.00359207 0.00402009 0.999986 0.00215936 0.00220728 0.999995 0.000405288 0.000874165 1 0.000393308 0.00086647 1 0.00214934 0.00219816 0.999995 0.000405288 0.000874165 1 -0.00176752 -0.000251289 0.999999 -0.00178039 -0.000256594 0.999999 0.000393308 0.00086647 1 -0.00176752 -0.000251289 0.999999 -0.00449604 -0.00101638 0.99999 -0.00450981 -0.00101882 0.999989 -0.00178039 -0.000256594 0.999999 -0.00449604 -0.00101638 0.99999 -0.00779742 -0.00146431 0.999969 -0.00778764 -0.00146335 0.999969 -0.00450981 -0.00101882 0.999989 -0.00779742 -0.00146431 0.999969 -0.0111839 -0.00154567 0.999936 -0.0112209 -0.00154364 0.999936 -0.00778764 -0.00146335 0.999969 -0.00821024 -0.0049178 0.999954 0.00604856 -0.0115352 0.999915 0.00446332 -0.0110596 0.999929 -0.00955921 -0.00387823 0.999947 0.00604856 -0.0115352 0.999915 0.0230661 -0.0159949 0.999606 0.0218733 -0.0157199 0.999637 0.00446332 -0.0110596 0.999929 0.0230661 -0.0159949 0.999606 0.0427449 -0.0239449 0.998799 0.0400339 -0.0225214 0.998945 0.0218733 -0.0157199 0.999637 0.0427449 -0.0239449 0.998799 0.0650261 -0.040363 0.997067 0.0631472 -0.0387127 0.997253 0.0400339 -0.0225214 0.998945 0.0650261 -0.040363 0.997067 0.0888324 -0.0594012 0.994274 0.0874763 -0.0584155 0.994452 0.0631472 -0.0387127 0.997253 0.0888324 -0.0594012 0.994274 0.10193 -0.070342 0.992302 0.102162 -0.0706678 0.992254 0.0874763 -0.0584155 0.994452 -0.000738846 -0.000925945 0.999999 -0.00320363 -0.00247204 0.999992 -0.00321412 -0.00248009 0.999992 -0.000749401 -0.000931351 0.999999 0.00840139 0.001122 0.999964 0.0053066 0.000857932 0.999986 0.00531608 0.000859428 0.999986 0.00838196 0.00112188 0.999964 0.00157142 0.00495958 0.999987 0.00972396 0.000585173 0.999953 0.0097273 0.000601353 0.999952 -0.00108594 0.00657844 0.999978 0.00972396 0.000585173 0.999953 0.00840139 0.001122 0.999964 0.00838196 0.00112188 0.999964 0.0097273 0.000601353 0.999952 -0.0200445 0.0136692 0.999706 0.00157142 0.00495958 0.999987 -0.00108594 0.00657844 0.999978 -0.0218675 0.0140336 0.999663 -0.0396549 0.0165291 0.999077 -0.0200445 0.0136692 0.999706 -0.0218675 0.0140336 0.999663 -0.0404533 0.0165657 0.999044 -0.0544648 0.0233214 0.998243 -0.0396549 0.0165291 0.999077 -0.0404533 0.0165657 0.999044 -0.0551579 0.0239477 0.99819 -0.0743368 0.0414733 0.99637 -0.0544648 0.0233214 0.998243 -0.0551579 0.0239477 0.99819 -0.077144 0.0440562 0.996046 -0.101275 0.0633407 0.99284 -0.0743368 0.0414733 0.99637 -0.077144 0.0440562 0.996046 -0.101568 0.0635394 0.992797 -0.115235 0.076511 0.990387 -0.101275 0.0633407 0.99284 -0.101568 0.0635394 0.992797 -0.114983 0.0757541 0.990475 -0.111508 0.085578 0.990072 -0.115235 0.076511 0.990387 -0.114983 0.0757541 0.990475 -0.111715 0.0853712 0.990066 -0.102794 0.0959433 0.990065 -0.111508 0.085578 0.990072 -0.111715 0.0853712 0.990066 -0.102419 0.0964779 0.990052 -0.0954742 0.108153 0.989539 -0.102794 0.0959433 0.990065 -0.102419 0.0964779 0.990052 -0.0946904 0.109723 0.989442 -0.0890219 0.122705 0.988442 -0.0954742 0.108153 0.989539 -0.0946904 0.109723 0.989442 -0.0878761 0.125717 0.988167 -0.0828425 0.140098 0.986666 -0.0890219 0.122705 0.988442 -0.0878761 0.125717 0.988167 -0.0812272 0.145103 0.986077 -0.0763112 0.16077 0.984037 -0.0828425 0.140098 0.986666 -0.0812272 0.145103 0.986077 -0.0739924 0.168356 0.982945 -0.0678562 0.186297 0.980147 -0.0763112 0.16077 0.984037 -0.0739924 0.168356 0.982945 -0.0629181 0.199524 0.977871 -0.0545223 0.220134 0.973945 -0.0678562 0.186297 0.980147 -0.0629181 0.199524 0.977871 -0.045024 0.241655 0.969317 -0.0603467 0.0200423 0.997976 -0.0545223 0.220134 0.973945 -0.045024 0.241655 0.969317 -0.063203 0.0791195 0.99486 0.0053066 0.000857932 0.999986 0.00213134 0.000175513 0.999998 0.00212181 0.000172888 0.999998 0.00531608 0.000859428 0.999986 0.0606058 0.177399 0.982271 0.0477878 0.224087 0.973397 0.0365178 0.282113 0.958686 0.0565739 0.186557 0.980814 0.0689963 0.156977 0.985189 0.0606058 0.177399 0.982271 0.0565739 0.186557 0.980814 0.0661645 0.164103 0.984222 0.0763104 0.138518 0.987416 0.0689963 0.156977 0.985189 0.0661645 0.164103 0.984222 0.07432 0.143548 0.986849 0.0830821 0.122427 0.988994 0.0763104 0.138518 0.987416 0.07432 0.143548 0.986849 0.0816592 0.125672 0.988705 0.0899127 0.108656 0.990005 0.0830821 0.122427 0.988994 0.0816592 0.125672 0.988705 0.0889056 0.11051 0.989891 0.0973902 0.0969394 0.990514 0.0899127 0.108656 0.990005 0.0889056 0.11051 0.989891 0.0967941 0.097758 0.990492 0.106062 0.0869157 0.990554 0.0973902 0.0969394 0.990514 0.0967941 0.097758 0.990492 0.106001 0.0869757 0.990555 0.0985473 0.0778917 0.992079 0.106062 0.0869157 0.990554 0.106001 0.0869757 0.990555 0.0969097 0.0773286 0.992285 0.0784412 0.0534737 0.995484 0.0985473 0.0778917 0.992079 0.0969097 0.0773286 0.992285 0.0789456 0.0551174 0.995354 0.0707583 0.0343106 0.996903 0.0784412 0.0534737 0.995484 0.0789456 0.0551174 0.995354 0.0703492 0.0340811 0.99694 0.0538626 0.0283807 0.998145 0.0707583 0.0343106 0.996903 0.0703492 0.0340811 0.99694 0.0568401 0.0293127 0.997953 0.0275373 0.017134 0.999474 0.0538626 0.0283807 0.998145 0.0568401 0.0293127 0.997953 0.0305112 0.0186592 0.99936 0.00664472 0.00863159 0.999941 0.0275373 0.017134 0.999474 0.0305112 0.0186592 0.99936 0.00761384 0.00888699 0.999932 -0.00646448 0.00288844 0.999975 0.00664472 0.00863159 0.999941 0.00761384 0.00888699 0.999932 -0.00530112 0.00370467 0.999979 -0.0103487 0.000595321 0.999946 -0.00646448 0.00288844 0.999975 -0.00530112 0.00370467 0.999979 -0.010344 0.000611966 0.999946 -0.00886381 0.00126958 0.99996 -0.0103487 0.000595321 0.999946 -0.010344 0.000611966 0.999946 -0.0088585 0.00127005 0.99996 -0.00600147 0.000964758 0.999982 -0.00886381 0.00126958 0.99996 -0.0088585 0.00127005 0.99996 -0.00600296 0.000965174 0.999982 -0.00278759 0.000176239 0.999996 -0.00600147 0.000964758 0.999982 -0.00600296 0.000965174 0.999982 -0.00278777 0.000176279 0.999996 0.00130779 -0.00215834 0.999997 -0.00278759 0.000176239 0.999996 -0.00278777 0.000176279 0.999996 0.00133091 -0.00217718 0.999997 0.00637591 -0.00464159 0.999969 0.00130779 -0.00215834 0.999997 0.00133091 -0.00217718 0.999997 0.00617397 -0.00460351 0.99997 0.00901538 -0.0058698 0.999942 0.00637591 -0.00464159 0.999969 0.00617397 -0.00460351 0.99997 0.00902259 -0.00589579 0.999942 0.00934952 -0.00747102 0.999928 0.00901538 -0.0058698 0.999942 0.00902259 -0.00589579 0.999942 0.009354 -0.00750291 0.999928 0.00946504 -0.00913131 0.999914 0.00934952 -0.00747102 0.999928 0.009354 -0.00750291 0.999928 0.00946498 -0.00916779 0.999913 0.00933874 -0.0108195 0.999898 0.00946504 -0.00913131 0.999914 0.00946498 -0.00916779 0.999913 0.00933278 -0.0108588 0.999897 0.00895256 -0.0124952 0.999882 0.00933874 -0.0108195 0.999898 0.00933278 -0.0108588 0.999897 0.00893986 -0.0125355 0.999882 0.00830024 -0.0141106 0.999866 0.00895256 -0.0124952 0.999882 0.00893986 -0.0125355 0.999882 0.0082804 -0.0141501 0.999866 0.007384 -0.0156004 0.999851 0.00830024 -0.0141106 0.999866 0.0082804 -0.0141501 0.999866 0.007357 -0.0156365 0.999851 0.00548613 -0.0211506 0.999761 0.007384 -0.0156004 0.999851 0.007357 -0.0156365 0.999851 0.00541395 -0.0214071 0.999756 0.00609779 -0.0298327 0.999536 0.00548613 -0.0211506 0.999761 0.00541395 -0.0214071 0.999756 0.00583035 -0.0293629 0.999552 0.00623989 -0.0332483 0.999428 0.00609779 -0.0298327 0.999536 0.00583035 -0.0293629 0.999552 0.00615853 -0.0332638 0.999428 0.00306082 -0.0338344 0.999423 0.00623989 -0.0332483 0.999428 0.00615853 -0.0332638 0.999428 0.0029251 -0.0338584 0.999422 0.000721251 -0.0341269 0.999417 0.00306082 -0.0338344 0.999423 0.0029251 -0.0338584 0.999422 0.000684465 -0.0341274 0.999417 -0.000878526 -0.0340987 0.999418 0.000721251 -0.0341269 0.999417 0.000684465 -0.0341274 0.999417 -0.000859715 -0.0340996 0.999418 -0.00306517 -0.033872 0.999421 -0.000878526 -0.0340987 0.999418 -0.000859715 -0.0340996 0.999418 -0.00296628 -0.0338857 0.999421 -0.0049569 -0.032739 0.999452 -0.00306517 -0.033872 0.999421 -0.00296628 -0.0338857 0.999421 -0.00497651 -0.0327088 0.999452 -0.00655442 -0.0296906 0.999538 -0.0049569 -0.032739 0.999452 -0.00497651 -0.0327088 0.999452 -0.00653791 -0.0297261 0.999537 -0.0081622 -0.0257001 0.999636 -0.00655442 -0.0296906 0.999538 -0.00653791 -0.0297261 0.999537 -0.00815219 -0.0257295 0.999636 -0.00888443 -0.0217462 0.999724 -0.0081622 -0.0257001 0.999636 -0.00815219 -0.0257295 0.999636 -0.00888353 -0.0217727 0.999724 -0.00917298 -0.0177437 0.999801 -0.00888443 -0.0217462 0.999724 -0.00888353 -0.0217727 0.999724 -0.00916725 -0.0177954 0.9998 -0.00933486 -0.0143873 0.999853 -0.00917298 -0.0177437 0.999801 -0.00916725 -0.0177954 0.9998 -0.0093354 -0.0144015 0.999853 -0.00899333 -0.0116264 0.999892 -0.00933486 -0.0143873 0.999853 -0.0093354 -0.0144015 0.999853 -0.00899619 -0.0116401 0.999892 -0.00820422 -0.0089857 0.999926 -0.00899333 -0.0116264 0.999892 -0.00899619 -0.0116401 0.999892 -0.00820923 -0.00899839 0.999926 -0.0069713 -0.00655526 0.999954 -0.00820422 -0.0089857 0.999926 -0.00820923 -0.00899839 0.999926 -0.00697857 -0.00656688 0.999954 0.077865 -0.0223091 0.996714 -0.0624321 -0.0172093 0.997901 -0.063203 0.0791195 0.99486 0.0761814 0.0857106 0.993403 -0.563064 0.659338 0.498229 -0.523347 0.679867 0.5137 -0.603108 0.774053 0.192624 -0.639736 0.748981 0.172526 0.530509 0.675889 0.5116 0.574034 0.64509 0.504325 0.652386 0.737253 0.175643 0.610888 0.768911 0.188659 -0.0624321 -0.0172093 0.997901 -0.0368134 -0.207669 0.977506 -0.0457703 -0.189824 0.980751 -0.0603467 0.0200423 0.997976 0.022517 0.381903 0.923928 0.0341872 0.0218618 0.999176 0.0761814 0.0857106 0.993403 0.019941 0.403957 0.914561 0.0341872 0.0218618 0.999176 0.0255527 -0.340788 0.939793 0.0241266 -0.362227 0.931777 0.077865 -0.0223091 0.996714 -0.973436 0.091624 0.209825 -0.99551 0.0946565 -0 -0.976911 0.0220038 0.212511 </float_array>
     <technique_common>
      <accessor source="#ID7-array" count="3330" stride="3">
       <param name="X" type="float"/>
       <param name="Y" type="float"/>
       <param name="Z" type="float"/>
      </accessor>
     </technique_common>
    </source>
    <source id="geometrySource8">
     <float_array id="ID9-array" count="6660">0 1 0 1 0 1 0 1 0 1 0 1 0 1 0 1 0 1 0 1 0 1 0 1 0 1 0 1 0 1 0 1 0 1 0 1 0 1 0 1 0 1 0 1 0 1 0 1 0 1 0 1 0 1 0 1 0 1 0 1 0 1 0 1 0 1 0 1 0 1 0 1 0 1 0 1 0 1 0 1 0 1 0 1 0 1 0 1 0 1 0 1 0 1 0 1 0 1 0 1 0 1 0 1 0 1 0 1 0 1 0 1 0 1 0 1 0 1 0 1 0 1 0 1 0 1 0 1 0 1 0 1 0 1 0 1 0 1 0 1 0 1 0 1 0 1 0 1 0 1 0 1 0 1 0 1 0 1 0 1 0 1 0 1 0 1 0 1 0 1 0 1 0 1 0 1 0 1 0 1 0 1 0 1 0 1 0 1 0 1 0 1 0 1 0 1 0 1 0 1 0 1 0 1 0 1 0 1 0 1 0 1 0 1 0 1 0 1 0 1 0 1 0 1 0 1 0 1 0 1 0 1 0 1 0 1 0 1 0 1 0 1 0 1 0 1 0 1 0 1 0 1 0 1 0 1 0 1 0 1 0 1 0 1 0 1 0 1 0 1 0 1 0 1 0 1 0 1 0 1 0 1 0 1 0 1 0 1 0 1 0 1 0 1 0 1 0 1 0 1 0 1 0 1 0 1 0 1 0 1 0 1 0 1 0 1 0 1 0 1 0 1 0 1 0 1 0 1 0 1 0 1 0 1 0 1 0 1 0 1 0 1 0 1 0 1 0 1 0 1 0 1 0 1 0 1 0 1 0 1 0 1 0 1 0 1 0 1 0 1 0 1 0 1 0 1 0 1 0 1 0 1 0 1 0 1 0 1 0 1 0 1 0 1 0 1 0 1 0 1 0 1 0 1 0 1 0 1 0 1 0 1 0 1 0 1 0 1 0 1 0 1 0 1 0 1 0 1 0 1 0 1 0 1 0 1 0 1 0 1 0 1 0 1 0 1 0 1 0 1 0 1 0 1 0 1 0 1 0 1 0 1 0 1 0 1 0 1 0 1 0 1 0 1 0 1 0 1 0 1 0 1 0 1 0 1 0 1 0 1 0 1 0 1 0 1 0 1 0 1 0 1 0 1 0 1 0 1 0 1 0 1 0 1 0 1 0 1 0 1 0 1 0 1 0 1 0 1 0 1 0 1 0 1 0 1 0 1 0 1 0 1 0 1 0 1 0 1 0 1 0 1 0 1 0 1 0 1 0 1 0 1 0 1 0 1 0 1 0 1 0 1 0 1 0 1 0 1 0 1 0 1 0 1 0 1 0 1 0 1 0 1 0 1 0 1 0 1 0 1 0 1 0 1 0 1 0 1 0 1 0 1 0 1 0 1 0 1 0 1 0 1 0 1 0 1 0 1 0 1 0 1 0 1 0 1 0 1 0 1 0 1 0 1 0 1 0 1 0 1 0 1 0 1 0 1 0 1 0 1 0 1 0 1 0 1 0 1 0 1 0 1 0 1 0 1 0 1 0 1 0 1 0 1 0 1 0 1 0 1 0 1 0 1 0 1 0 1 0 1 0 1 0 1 0 1 0 1 0 1 0 1 0 1 0 1 0 1 0 1 0 1 0 1 0 1 0 1 0 1 0 1 0 1 0 1 0 1 0 1 0 1 0 1 0 1 0 1 0 1 0 1 0 1 0 1 0 1 0 1 0 1 0 1 0 1 0 1 0 1 0 1 0 1 0 1 0 1 0 1 0 1 0 1 0 1 0 1 0 1 0 1 0 1 0 1 0 1 0 1 0 1 0 1 0 1 0 1 0 1 0 1 0 1 0 1 0 1 0 1 0 1 0 1 0 1 0 1 0 1 0 1 0 1 0 1 0 1 0 1 0 1 0 1 0 1 0 1 0 1 0 1 0 1 0 1 0 1 0 1 0 1 0 1 0 1 0 1 0 1 0 1 0 1 0 1 0 1 0 1 0 1 0 1 0 1 0 1 0 1 0 1 0 1 0 1 0 1 0 1 0 1 0 1 0 1 0 1 0 1 0 1 0 1 0 1 0 1 0 1 0 1 0 1 0 1 0 1 0 1 0 1 0 1 0 1 0 1 0 1 0 1 0 1 0 1 0 1 0 1 0 1 0 1 0 1 0 1 0 1 0 1 0 1 0 1 0 1 0 1 0 1 0 1 0 1 0 1 0 1 0 1 0 1 0 1 0 1 0 1 0 1 0 1 0 1 0 1 0 1 0 1 0 1 0 1 0 1 0 1 0 1 0 1 0 1 0 1 0 1 0 1 0 1 0 1 0 1 0 1 0 1 0 1 0 1 0 1 0 1 0 1 0 1 0 1 0 1 0 1 0 1 0 1 0 1 0 1 0 1 0 1 0 1 0 1 0 1 0 1 0 1 0 1 0 1 0 1 0 1 0 1 0 1 0 1 0 1 0 1 0 1 0 1 0 1 0 1 0 1 0 1 0 1 0 1 0 1 0 1 0 1 0 1 0 1 0 1 0 1 0 1 0 1 0 1 0 1 0 1 0 1 0 1 0 1 0 1 0 1 0 1 0 1 0 1 0 1 0 1 0 1 0 1 0 1 0 1 0 1 0 1 0 1 0 1 0 1 0 1 0 1 0 1 0 1 0 1 0 1 0 1 0 1 0 1 0 1 0 1 0 1 0 1 0 1 0 1 0 1 0 1 0 1 0 1 0 1 0 1 0 1 0 1 0 1 0 1 0 1 0 1 0 1 0 1 0 1 0 1 0 1 0 1 0 1 0 1 0 1 0 1 0 1 0 1 0 1 0 1 0 1 0 1 0 1 0 1 0 1 0 1 0 1 0 1 0 1 0 1 0 1 0 1 0 1 0 1 0 1 0 1 0 1 0 1 0 1 0 1 0 1 0 1 0 1 0 1 0 1 0 1 0 1 0 1 0 1 0 1 0 1 0 1 0 1 0 1 0 1 0 1 0 1 0 1 0 1 0 1 0 1 0 1 0 1 0 1 0 1 0 1 0 1 0 1 0 1 0 1 0 1 0 1 0 1 0 1 0 1 0 1 0 1 0 1 0 1 0 1 0 1 0 1 0 1 0 1 0 1 0 1 0 1 0 1 0 1 0 1 0 1 0 1 0 1 0 1 0 1 0 1 0 1 0 1 0 1 0 1 0 1 0 1 0 1 0 1 0 1 0 1 0 1 0 1 0 1 0 1 0 1 0 1 0 1 0 1 0 1 0 1 0 1 0 1 0 1 0 1 0 1 0 1 0 1 0 1 0 1 0 1 0 1 0 1 0 1 0 1 0 1 0 1 0 1 0 1 0 1 0 1 0 1 0 1 0 1 0 1 0 1 0 1 0 1 0 1 0 1 0 1 0 1 0 1 0 1 0 1 0 1 0 1 0 1 0 1 0 1 0 1 0 1 0 1 0 1 0 1 0 1 0 1 0 1 0 1 0 1 0 1 0 1 0 1 0 1 0 1 0 1 0 1 0 1 0 1 0 1 0 1 0 1 0 1 0 1 0 1 0 1 0 1 0 1 0 1 0 1 0 1 0 1 0 1 0 1 0 1 0 1 0 1 0 1 0 1 0 1 0 1 0 1 0 1 0 1 0 1 0 1 0 1 0 1 0 1 0 1 0 1 0 1 0 1 0 1 0 1 0 1 0 1 0 1 0 1 0 1 0 1 0 1 0 1 0 1 0 1 0 1 0 1 0 1 0 1 0 1 0 1 0 1 0 1 0 1 0 1 0 1 0 1 0 1 0 1 0 1 0 1 0 1 0 1 0 1 0 1 0 1 0 1 0 1 0 1 0 1 0 1 0 1 0 1 0 1 0 1 0 1 0 1 0 1 0 1 0 1 0 1 0 1 0 1 0 1 0 1 0 1 0 1 0 1 0 1 0 1 0 1 0 1 0 1 0 1 0 1 0 1 0 1 0 1 0 1 0 1 0 1 0 1 0 1 0 1 0 1 0 1 0 1 0 1 0 1 0 1 0 1 0 1 0 1 0 1 0 1 0 1 0 1 0 1 0 1 0 1 0 1 0 1 0 1 0 1 0 1 0 1 0 1 0 1 0 1 0 1 0 1 0 1 0 1 0 1 0 1 0 1 0 1 0 1 0 1 0 1 0 1 0 1 0 1 0 1 0 1 0 1 0 1 0 1 0 1 0 1 0 1 0 1 0 1 0 1 0 1 0 1 0 1 0 1 0 1 0 1 0 1 0 1 0 1 0 1 0 1 0 1 0 1 0 1 0 1 0 1 0 1 0 1 0 1 0 1 0 1 0 1 0 1 0 1 0 1 0 1 0 1 0 1 0 1 0 1 0 1 0 1 0 1 0 1 0 1 0 1 0 1 0 1 0 1 0 1 0 1 0 1 0 1 0 1 0 1 0 1 0 1 0 1 0 1 0 1 0 1 0 1 0 1 0 1 0 1 0 1 0 1 0 1 0 1 0 1 0 1 0 1 0 1 0 1 0 1 0 1 0 1 0 1 0 1 0 1 0 1 0 1 0 1 0 1 0 1 0 1 0 1 0 1 0 1 0 1 0 1 0 1 0 1 0 1 0 1 0 1 0 1 0 1 0 1 0 1 0 1 0 1 0 1 0 1 0 1 0 1 0 1 0 1 0 1 0 1 0 1 0 1 0 1 0 1 0 1 0 1 0 1 0 1 0 1 0 1 0 1 0 1 0 1 0 1 0 1 0 1 0 1 0 1 0 1 0 1 0 1 0 1 0 1 0 1 0 1 0 1 0 1 0 1 0 1 0 1 0 1 0 1 0 1 0 1 0 1 0 1 0 1 0 1 0 1 0 1 0 1 0 1 0 1 0 1 0 1 0 1 0 1 0 1 0 1 0 1 0 1 0 1 0 1 0 1 0 1 0 1 0 1 0 1 0 1 0 1 0 1 0 1 0 1 0 1 0 1 0 1 0 1 0 1 0 1 0 1 0 1 0 1 0 1 0 1 0 1 0 1 0 1 0 1 0 1 0 1 0 1 0 1 0 1 0 1 0 1 0 1 0 1 0 1 0 1 0 1 0 1 0 1 0 1 0 1 0 1 0 1 0 1 0 1 0 1 0 1 0 1 0 1 0 1 0 1 0 1 0 1 0 1 0 1 0 1 0 1 0 1 0 1 0 1 0 1 0 1 0 1 0 1 0 1 0 1 0 1 0 1 0 1 0 1 0 1 0 1 0 1 0 1 0 1 0 1 0 1 0 1 0 1 0 1 0 1 0 1 0 1 0 1 0 1 0 1 0 1 0 1 0 1 0 1 0 1 0 1 0 1 0 1 0 1 0 1 0 1 0 1 0 1 0 1 0 1 0 1 0 1 0 1 0 1 0 1 0 1 0 1 0 1 0 1 0 1 0 1 0 1 0 1 0 1 0 1 0 1 0 1 0 1 0 1 0 1 0 1 0 1 0 1 0 1 0 1 0 1 0 1 0 1 0 1 0 1 0 1 0 1 0 1 0 1 0 1 0 1 0 1 0 1 0 1 0 1 0 1 0 1 0 1 0 1 0 1 0 1 0 1 0 1 0 1 0 1 0 1 0 1 0 1 0 1 0 1 0 1 0 1 0 1 0 1 0 1 0 1 0 1 0 1 0 1 0 1 0 1 0 1 0 1 0 1 0 1 0 1 0 1 0 1 0 1 0 1 0 1 0 1 0 1 0 1 0 1 0 1 0 1 0 1 0 1 0 1 0 1 0 1 0 1 0 1 0 1 0 1 0 1 0 1 0 1 0 1 0 1 0 1 0 1 0 1 0 1 0 1 0 1 0 1 0 1 0 1 0 1 0 1 0 1 0 1 0 1 0 1 0 1 0 1 0 1 0 1 0 1 0 1 0 1 0 1 0 1 0 1 0 1 0 1 0 1 0 1 0 1 0 1 0 1 0 1 0 1 0 1 0 1 0 1 0 1 0 1 0 1 0 1 0 1 0 1 0 1 0 1 0 1 0 1 0 1 0 1 0 1 0 1 0 1 0 1 0 1 0 1 0 1 0 1 0 1 0 1 0 1 0 1 0 1 0 1 0 1 0 1 0 1 0 1 0 1 0 1 0 1 0 1 0 1 0 1 0 1 0 1 0 1 0 1 0 1 0 1 0 1 0 1 0 1 0 1 0 1 0 1 0 1 0 1 0 1 0 1 0 1 0 1 0 1 0 1 0 1 0 1 0 1 0 1 0 1 0 1 0 1 0 1 0 1 0 1 0 1 0 1 0 1 0 1 0 1 0 1 0 1 0 1 0 1 0 1 0 1 0 1 0 1 0 1 0 1 0 1 0 1 0 1 0 1 0 1 0 1 0 1 0 1 0 1 0 1 0 1 0 1 0 1 0 1 0 1 0 1 0 1 0 1 0 1 0 1 0 1 0 1 0 1 0 1 0 1 0 1 0 1 0 1 0 1 0 1 0 1 0 1 0 1 0 1 0 1 0 1 0 1 0 1 0 1 0 1 0 1 0 1 0 1 0 1 0 1 0 1 0 1 0 1 0 1 0 1 0 1 0 1 0 1 0 1 0 1 0 1 0 1 0 1 0 1 0 1 0 1 0 1 0 1 0 1 0 1 0 1 0 1 0 1 0 1 0 1 0 1 0 1 0 1 0 1 0 1 0 1 0 1 0 1 0 1 0 1 0 1 0 1 0 1 0 1 0 1 0 1 0 1 0 1 0 1 0 1 0 1 0 1 0 1 0 1 0 1 0 1 0 1 0 1 0 1 0 1 0 1 0 1 0 1 0 1 0 1 0 1 0 1 0 1 0 1 0 1 0 1 0 1 0 1 0 1 0 1 0 1 0 1 0 1 0 1 0 1 0 1 0 1 0 1 0 1 0 1 0 1 0 1 0 1 0 1 0 1 0 1 0 1 0 1 0 1 0 1 0 1 0 1 0 1 0 1 0 1 0 1 0 1 0 1 0 1 0 1 0 1 0 1 0 1 0 1 0 1 0 1 0 1 0 1 0 1 0 1 0 1 0 1 0 1 0 1 0 1 0 1 0 1 0 1 0 1 0 1 0 1 0 1 0 1 0 1 0 1 0 1 0 1 0 1 0 1 0 1 0 1 0 1 0 1 0 1 0 1 0 1 0 1 0 1 0 1 0 1 0 1 0 1 0 1 0 1 0 1 0 1 0 1 0 1 0 1 0 1 0 1 0 1 0 1 0 1 0 1 0 1 0 1 0 1 0 1 0 1 0 1 0 1 0 1 0 1 0 1 0 1 0 1 0 1 0 1 0 1 0 1 0 1 0 1 0 1 0 1 0 1 0 1 0 1 0 1 0 1 0 1 0 1 0 1 0 1 0 1 0 1 0 1 0 1 0 1 0 1 0 1 0 1 0 1 0 1 0 1 0 1 0 1 0 1 0 1 0 1 0 1 0 1 0 1 0 1 0 1 0 1 0 1 0 1 0 1 0 1 0 1 0 1 0 1 0 1 0 1 0 1 0 1 0 1 0 1 0 1 0 1 0 1 0 1 0 1 0 1 0 1 0 1 0 1 0 1 0 1 0 1 0 1 0 1 0 1 0 1 0 1 0 1 0 1 0 1 0 1 0 1 0 1 0 1 0 1 0 1 0 1 0 1 0 1 0 1 0 1 0 1 0 1 0 1 0 1 0 1 0 1 0 1 0 1 0 1 0 1 0 1 0 1 0 1 0 1 0 1 0 1 0 1 0 1 0 1 0 1 0 1 0 1 0 1 0 1 0 1 0 1 0 1 0 1 0 1 0 1 0 1 0 1 0 1 0 1 0 1 0 1 0 1 0 1 0 1 0 1 0 1 0 1 0 1 0 1 0 1 0 1 0 1 0 1 0 1 0 1 0 1 0 1 0 1 0 1 0 1 0 1 0 1 0 1 0 1 0 1 0 1 0 1 0 1 0 1 0 1 0 1 0 1 0 1 0 1 0 1 0 1 0 1 0 1 0 1 0 1 0 1 0 1 0 1 0 1 0 1 0 1 0 1 0 1 0 1 0 1 0 1 0 1 0 1 0 1 0 1 0 1 0 1 0 1 0 1 0 1 0 1 0 1 0 1 0 1 0 1 0 1 0 1 0 1 0 1 0 1 0 1 0 1 0 1 0 1 0 1 0 1 0 1 0 1 0 1 0 1 0 1 0 1 0 1 0 1 0 1 0 1 0 1 0 1 0 1 0 1 0 1 0 1 0 1 0 1 0 1 0 1 0 1 0 1 0 1 0 1 0 1 0 1 0 1 0 1 0 1 0 1 0 1 0 1 0 1 0 1 0 1 0 1 0 1 0 1 0 1 0 1 0 1 0 1 0 1 0 1 0 1 0 1 0 1 0 1 0 1 0 1 0 1 0 1 0 1 0 1 0 1 0 1 0 1 0 1 0 1 0 1 0 1 0 1 0 1 0 1 0 1 0 1 0 1 0 1 0 1 0 1 0 1 0 1 0 1 0 1 0 1 0 1 0 1 0 1 0 1 0 1 0 1 0 1 0 1 0 1 0 1 0 1 0 1 0 1 0 1 0 1 0 1 0 1 0 1 0 1 0 1 0 1 0 1 0 1 0 1 0 1 0 1 0 1 0 1 0 1 0 1 0 1 0 1 0 1 0 1 0 1 0 1 0 1 0 1 0 1 0 1 0 1 0 1 0 1 0 1 0 1 0 1 0 1 0 1 0 1 0 1 0 1 0 1 0 1 0 1 0 1 0 1 0 1 0 1 0 1 0 1 0 1 0 1 0 1 0 1 0 1 0 1 0 1 0 1 0 1 0 1 0 1 0 1 0 1 0 1 0 1 0 1 0 1 0 1 0 1 0 1 0 1 0 1 0 1 0 1 0 1 0 1 0 1 0 1 0 1 0 1 0 1 0 1 0 1 0 1 0 1 0 1 0 1 0 1 0 1 0 1 0 1 0 1 0 1 0 1 0 1 0 1 0 1 0 1 0 1 0 1 0 1 0 1 0 1 0 1 0 1 0 1 0 1 0 1 0 1 0 1 0 1 0 1 0 1 0 1 0 1 0 1 0 1 0 1 0 1 0 1 0 1 0 1 0 1 0 1 0 1 0 1 0 1 0 1 0 1 0 1 0 1 0 1 0 1 0 1 0 1 0 1 0 1 0 1 0 1 0 1 0 1 0 1 0 1 0 1 0 1 0 1 0 1 0 1 0 1 0 1 0 1 0 1 0 1 0 1 0 1 0 1 0 1 0 1 0 1 0 1 0 1 0 1 0 1 0 1 0 1 0 1 0 1 0 1 0 1 0 1 0 1 0 1 0 1 0 1 0 1 0 1 0 1 0 1 0 1 0 1 0 1 0 1 0 1 0 1 0 1 0 1 0 1 0 1 0 1 0 1 0 1 0 1 0 1 0 1 0 1 0 1 0 1 0 1 0 1 0 1 0 1 0 1 0 1 0 1 0 1 0 1 0 1 0 1 0 1 0 1 0 1 0 1 0 1 0 1 0 1 0 1 0 1 0 1 0 1 0 1 0 1 0 1 0 1 0 1 0 1 0 1 0 1 0 1 0 1 0 1 0 1 0 1 0 1 0 1 0 1 0 1 0 1 0 1 0 1 0 1 0 1 0 1 0 1 0 1 0 1 0 1 0 1 0 1 0 1 0 1 0 1 0 1 0 1 0 1 0 1 0 1 0 1 0 1 0 1 0 1 0 1 0 1 0 1 0 1 0 1 0 1 0 1 0 1 0 1 0 1 0 1 0 1 0 1 0 1 0 1 0 1 0 1 0 1 0 1 0 1 0 1 0 1 0 1 0 1 0 1 0 1 0 1 0 1 0 1 0 1 0 1 0 1 0 1 0 1 0 1 0 1 0 1 0 1 0 1 0 1 0 1 0 1 0 1 0 1 0 1 0 1 0 1 0 1 0 1 0 1 0 1 0 1 0 1 0 1 0 1 0 1 0 1 0 1 0 1 0 1 0 1 0 1 0 1 0 1 0 1 0 1 0 1 0 1 0 1 0 1 0 1 0 1 0 1 0 1 0 1 0 1 0 1 0 1 0 1 0 1 0 1 0 1 0 1 0 1 0 1 0 1 0 1 0 1 0 1 0 1 0 1 0 1 0 1 0 1 0 1 0 1 0 1 0 1 0 1 0 1 0 1 0 1 0 1 0 1 0 1 0 1 0 1 0 1 0 1 0 1 0 1 0 1 0 1 0 1 0 1 0 1 0 1 0 1 0 1 0 1 0 1 0 1 0 1 0 1 0 1 0 1 0 1 0 1 0 1 0 1 0 1 0 1 0 1 0 1 0 1 0 1 0 1 0 1 0 1 0 1 0 1 0 1 0 1 0 1 0 1 0 1 0 1 0 1 0 1 0 1 0 1 0 1 0 1 0 1 0 1 0 1 0 1 0 1 0 1 0 1 0 1 0 1 0 1 0 1 0 1 0 1 0 1 0 1 0 1 0 1 0 1 0 1 0 1 0 1 0 1 0 1 0 1 0 1 0 1 0 1 0 1 0 1 0 1 0 1 0 1 0 1 0 1 0 1 0 1 0 1 0 1 0 1 0 1 0 1 0 1 0 1 0 1 0 1 0 1 0 1 0 1 0 1 0 1 0 1 0 1 0 1 0 1 0 1 0 1 0 1 0 1 0 1 0 1 0 1 0 1 0 1 0 1 0 1 0 1 0 1 0 1 0 1 0 1 0 1 0 1 0 1 0 1 0 1 0 1 0 1 0 1 0 1 0 1 0 1 0 1 0 1 0 1 0 1 0 1 0 1 0 1 0 1 0 1 0 1 0 1 0 1 0 1 0 1 0 1 0 1 0 1 0 1 0 1 0 1 0 1 0 1 0 1 0 1 0 1 0 1 0 1 0 1 0 1 0 1 0 1 0 1 0 1 0 1 0 1 0 1 0 1 0 1 0 1 0 1 0 1 0 1 0 1 0 1 0 1 0 1 0 1 0 1 0 1 0 1 0 1 0 1 0 1 0 1 0 1 0 1 0 1 0 1 0 1 0 1 0 1 0 1 0 1 0 1 0 1 0 1 0 1 0 1 0 1 0 1 0 1 0 1 0 1 0 1 0 1 0 1 0 1 0 1 0 1 0 1 0 1 0 1 0 1 0 1 0 1 0 1 0 1 0 1 0 1 0 1 0 1 0 1 0 1 0 1 0 1 0 1 0 1 0 1 0 1 0 1 0 1 0 1 0 1 0 1 0 1 0 1 0 1 0 1 0 1 0 1 0 1 0 1 0 1 0 1 0 1 0 1 0 1 0 1 0 1 0 1 0 1 0 1 0 1 0 1 0 1 0 1 0 1 0 1 0 1 0 1 0 1 0 1 0 1 0 1 0 1 0 1 0 1 0 1 0 1 0 1 0 1 0 1 0 1 0 1 0 1 0 1 0 1 0 1 0 1 0 1 0 1 0 1 0 1 0 1 0 1 0 1 0 1 0 1 0 1 0 1 0 1 0 1 0 1 0 1 0 1 0 1 0 1 0 1 0 1 0 1 0 1 0 1 0 1 0 1 0 1 0 1 0 1 0 1 0 1 0 1 0 1 0 1 0 1 0 1 0 1 0 1 0 1 0 1 0 1 0 1 0 1 0 1 0 1 0 1 0 1 0 1 0 1 0 1 0 1 0 1 0 1 0 1 0 1 0 1 0 1 0 1 0 1 0 1 0 1 0 1 0 1 0 1 0 1 0 1 0 1 0 1 0 1 0 1 0 1 0 1 0 1 0 1 0 1 0 1 0 1 0 1 0 1 0 1 0 1 0 1 0 1 0 1 0 1 0 1 0 1 0 1 0 1 0 1 0 1 0 1 0 1 0 1 0 1 0 1 0 1 0 1 0 1 0 1 0 1 0 1 0 1 0 1 0 1 0 1 0 1 0 1 0 1 0 1 0 1 0 1 0 1 0 1 0 1 0 1 0 1 0 1 0 1 0 1 0 1 0 1 0 1 0 1 0 1 0 1 0 1 0 1 0 1 0 1 0 1 0 1 0 1 0 1 0 1 0 1 0 1 0 1 0 1 0 1 0 1 0 1 0 1 0 1 0 1 0 1 0 1 0 1 0 1 0 1 0 1 0 1 0 1 0 1 0 1 0 1 0 1 0 1 0 1 0 1 0 1 0 1 0 1 0 1 0 1 0 1 0 1 0 1 0 1 0 1 0 1 0 1 0 1 0 1 0 1 0 1 0 1 0 1 0 1 0 1 0 1 0 1 0 1 0 1 0 1 0 1 0 1 0 1 0 1 0 1 0 1 0 1 0 1 0 1 0 1 0 1 0 1 0 1 0 1 0 1 0 1 0 1 0 1 0 1 0 1 0 1 0 1 0 1 0 1 0 1 0 1 0 1 0 1 0 1 0 1 0 1 0 1 0 1 0 1 0 1 0 1 0 1 0 1 0 1 0 1 0 1 0 1 0 1 0 1 0 1 0 1 0 1 0 1 0 1 0 1 0 1 0 1 0 1 0 1 0 1 0 1 0 1 0 1 0 1 0 1 0 1 0 1 0 1 0 1 0 1 0 1 0 1 0 1 0 1 0 1 0 1 0 1 0 1 0 1 0 1 0 1 0 1 0 1 0 1 0 1 0 1 0 1 0 1 0 1 0 1 0 1 0 1 0 1 0 1 0 1 0 1 0 1 0 1 0 1 0 1 0 1 0 1 0 1 0 1 0 1 0 1 0 1 0 1 0 1 0 1 0 1 0 1 0 1 0 1 0 1 0 1 0 1 0 1 0 1 0 1 0 1 0 1 0 1 0 1 0 1 0 1 0 1 0 1 0 1 0 1 0 1 0 1 0 1 0 1 0 1 0 1 0 1 0 1 0 1 0 1 0 1 0 1 0 1 0 1 0 1 0 1 0 1 0 1 0 1 0 1 0 1 0 1 0 1 0 1 0 1 0 1 0 1 0 1 0 1 0 1 0 1 0 1 0 1 0 1 0 1 0 1 0 1 0 1 0 1 0 1 0 1 0 1 0 1 0 1 0 1 0 1 0 1 0 1 0 1 0 1 0 1 0 1 0 1 0 1 0 1 0 1 0 1 0 1 0 1 0 1 0 1 0 1 0 1 0 1 0 1 0 1 0 1 0 1 0 1 0 1 0 1 0 1 0 1 0 1 0 1 0 1 0 1 0 1 0 1 0 1 0 1 0 1 0 1 0 1 0 1 0 1 0 1 0 1 0 1 0 1 0 1 0 1 0 1 0 1 0 1 0 1 0 1 0 1 0 1 0 1 0 1 0 1 0 1 0 1 0 1 0 1 0 1 0 1 0 1 0 1 0 1 0 1 0 1 0 1 0 1 0 1 0 1 0 1 0 1 0 1 0 1 0 1 0 1 0 1 0 1 0 1 0 1 0 1 0 1 0 1 0 1 0 1 0 1 0 1 0 1 0 1 0 1 0 1 0 1 0 1 0 1 0 1 0 1 0 1 0 1 0 1 0 1 0 1 0 1 0 1 0 1 0 1 0 1 0 1 0 1 0 1 0 1 0 1 0 1 0 1 0 1 0 1 0 1 0 1 0 1 0 1 0 1 0 1 0 1 0 1 0 1 0 1 0 1 0 1 0 1 0 1 0 1 0 1 0 1 0 1 0 1 0 1 0 1 0 1 0 1 0 1 0 1 0 1 0 1 0 1 0 1 0 1 0 1 0 1 0 1 0 1 0 1 0 1 0 1 0 1 0 1 0 1 0 1 0 1 0 1 0 1 0 1 0 1 0 1 0 1 0 1 0 1 0 1 0 1 0 1 0 1 0 1 0 1 0 1 0 1 0 1 0 1 0 1 0 1 0 1 0 1 0 1 0 1 0 1 0 1 0 1 0 1 0 1 0 1 0 1 0 1 0 1 0 1 0 1 0 1 0 1 0 1 0 1 0 1 0 1 0 1 0 1 0 1 0 1 0 1 0 1 0 1 0 1 0 1 0 1 0 1 0 1 0 1 0 1 0 1 0 1 0 1 0 1 0 1 0 1 0 1 0 1 0 1 0 1 0 1 0 1 0 1 0 1 0 1 0 1 0 1 0 1 0 1 0 1 0 1 0 1 0 1 0 1 0 1 0 1 0 1 0 1 0 1 0 1 0 1 0 1 0 1 0 1 0 1 0 1 0 1 0 1 0 1 0 1 0 1 0 1 0 1 0 1 0 1 0 1 0 1 0 1 0 1 0 1 0 1 0 1 0 1 0 1 0 1 0 1 0 1 0 1 0 1 0 1 0 1 0 1 0 1 0 1 0 1 0 1 0 1 0 1 0 1 0 1 0 1 0 1 0 1 0 1 0 1 0 1 0 1 0 1 0 1 0 1 0 1 0 1 0 1 0 1 0 1 0 1 0 1 0 1 0 1 0 1 0 1 0 1 0 1 0 1 0 1 0 1 0 1 0 1 0 1 0 1 0 1 0 1 0 1 0 1 0 1 0 1 0 1 0 1 0 1 0 1 0 1 0 1 0 1 0 1 0 1 0 1 0 1 0 1 0 1 0 1 0 1 0 1 0 1 0 1 0 1 0 1 0 1 0 1 0 1 0 1 0 1 0 1 0 1 0 1 0 1 0 1 0 1 0 1 0 1 0 1 0 1 0 1 0 1 0 1 0 1 0 1 0 1 0 1 0 1 0 1 0 1 0 1 0 1 0 1 0 1 0 1 0 1 0 1 0 1 0 1 0 1 0 1 0 1 0 1 0 1 0 1 0 1 0 1 0 1 0 1 0 1 0 1 0 1 0 1 0 1 0 1 0 1 0 1 0 1 0 1 0 1 0 1 0 1 0 1 0 1 0 1 0 1 0 1 0 1 0 1 0 1 0 1 0 1 0 1 0 1 0 1 0 1 0 1 0 1 0 1 0 1 0 1 0 1 0 1 0 1 0 1 0 1 0 1 0 1 0 1 0 1 0 1 0 1 0 1 0 1 0 1 0 1 0 1 0 1 0 1 0 1 0 1 0 1 0 1 0 1 0 1 </float_array>
     <technique_common>
      <accessor source="#ID9-array" count="3330" stride="2">
       <param name="S" type="float"/>
       <param name="T" type="float"/>
      </accessor>
     </technique_common>
    </source>
    <vertices id="geometrySource4-vertices">
     <input semantic="POSITION" source="#geometrySource4"/>
     <input semantic="NORMAL" source="#geometrySource6"/>
    </vertices>
    <triangles count="1278" material="geometryElement10">
     <input semantic="VERTEX" offset="0" source="#geometrySource4-vertices"/>
     <input semantic="NORMAL" offset="0" source="#geometrySource6"/>
     <input semantic="TEXCOORD" offset="0" source="#geometrySource8" set="1"/>
     <p>0 1 2 3 4 5 6 7 8 9 10 11 12 13 14 15 16 17 18 19 20 21 22 23 24 25 26 27 28 29 30 31 32 33 34 35 36 37 38 39 40 41 42 43 44 45 46 47 48 49 50 51 52 53 54 55 56 57 58 59 60 61 62 63 64 65 66 67 68 69 70 71 72 73 74 75 76 77 78 79 80 81 82 83 84 85 86 87 88 89 90 91 92 93 94 95 96 97 98 99 100 101 102 103 104 105 106 107 108 109 110 111 112 113 114 115 116 117 118 119 120 121 122 123 124 125 126 127 128 129 130 131 132 133 134 135 136 137 138 139 140 141 142 143 144 145 146 147 148 149 150 151 152 153 154 155 156 157 158 159 160 161 162 163 164 165 166 167 168 169 170 171 172 173 174 175 176 177 178 179 180 181 182 183 184 185 186 187 188 189 190 191 192 193 194 195 196 197 198 199 200 201 202 203 204 205 206 207 208 209 210 211 212 213 214 215 216 217 218 219 220 221 222 223 224 225 226 227 228 229 230 231 232 233 234 235 236 237 238 239 240 241 242 243 244 245 246 247 248 249 250 251 252 253 254 255 256 257 258 259 260 261 262 263 264 265 266 267 268 269 270 271 272 273 274 275 276 277 278 279 280 281 282 283 284 285 286 287 288 289 290 291 292 293 294 295 296 297 298 299 300 301 302 303 304 305 306 307 308 309 310 311 312 313 314 315 316 317 318 319 320 321 322 323 324 325 326 327 328 329 330 331 332 333 334 335 336 337 338 339 340 341 342 343 344 345 346 347 348 349 350 351 352 353 354 355 356 357 358 359 360 361 362 363 364 365 366 367 368 369 370 371 372 373 374 375 376 377 378 379 380 381 382 383 384 385 386 387 388 389 390 391 392 393 394 395 396 397 398 399 400 401 402 403 404 405 406 407 408 409 410 411 412 413 414 415 416 417 418 419 420 421 422 423 424 425 426 427 428 429 430 431 432 433 434 435 436 437 438 439 440 441 442 443 444 445 446 447 448 449 450 451 452 453 454 455 456 457 458 459 460 461 462 463 464 465 466 467 468 469 470 471 472 473 474 475 476 477 478 479 480 481 482 483 484 485 486 487 488 489 490 491 492 493 494 495 496 497 498 499 500 501 502 503 504 505 506 507 508 509 510 511 512 513 514 515 516 517 518 519 520 521 522 523 524 525 526 527 528 529 530 531 532 533 534 535 536 537 538 539 540 541 542 543 544 545 546 547 548 549 550 551 552 553 554 555 556 557 558 559 560 561 562 563 564 565 566 567 568 569 570 571 572 573 574 575 576 577 578 579 580 581 582 583 584 585 586 587 588 589 590 591 592 593 594 595 596 597 598 599 600 601 602 603 604 605 606 607 608 609 610 611 612 613 614 615 616 617 618 619 620 621 622 623 624 625 626 627 628 629 630 631 632 633 634 635 636 637 638 639 640 641 642 643 644 645 646 647 648 649 650 651 652 653 654 655 656 657 658 659 660 661 662 663 664 665 666 667 668 669 670 671 672 673 674 675 676 677 678 679 680 681 682 683 684 685 686 687 688 689 690 691 692 693 694 695 696 697 698 699 700 701 702 703 704 705 706 707 708 709 710 711 712 713 714 715 716 717 718 719 720 721 722 723 724 725 726 727 728 729 730 731 732 733 734 735 736 737 738 739 740 741 742 743 744 745 746 747 748 749 750 751 752 753 754 755 756 757 758 759 760 761 762 763 764 765 766 767 768 769 770 771 772 773 774 775 776 777 778 779 780 781 782 783 784 785 786 787 788 789 790 791 792 793 794 795 796 797 798 799 800 801 802 803 804 805 806 807 808 809 810 811 812 813 814 815 816 817 818 819 820 821 822 823 824 825 826 827 828 829 830 831 832 833 834 835 836 837 838 839 840 841 842 843 844 845 846 847 848 849 850 851 852 853 854 855 856 857 858 859 860 861 862 863 864 865 866 867 868 869 870 871 872 873 874 875 876 877 878 879 880 881 882 883 884 885 886 887 888 889 890 891 892 893 894 895 896 897 898 899 900 901 902 903 904 905 906 907 908 909 910 911 912 913 914 915 916 917 918 919 920 921 922 923 924 925 926 927 928 929 930 931 932 933 934 935 936 937 938 939 940 941 942 943 944 945 946 947 948 949 950 951 952 953 954 955 956 957 958 959 960 961 962 963 964 965 966 967 968 969 970 971 972 973 974 975 976 977 978 979 980 981 982 983 984 985 986 987 988 989 990 991 992 993 994 995 996 997 998 999 1000 1001 1002 1003 1004 1005 1006 1007 1008 1009 1010 1011 1012 1013 1014 1015 1016 1017 1018 1019 1020 1021 1022 1023 1024 1025 1026 1027 1028 1029 1030 1031 1032 1033 1034 1035 1036 1037 1038 1039 1040 1041 1042 1043 1044 1045 1046 1047 1048 1049 1050 1051 1052 1053 1054 1055 1056 1057 1058 1059 1060 1061 1062 1063 1064 1065 1066 1067 1068 1069 1070 1071 1072 1073 1074 1075 1076 1077 1078 1079 1080 1081 1082 1083 1084 1085 1086 1087 1088 1089 1090 1091 1092 1093 1094 1095 1096 1097 1098 1099 1100 1101 1102 1103 1104 1105 1106 1107 1108 1109 1110 1111 1112 1113 1114 1115 1116 1117 1118 1119 1120 1121 1122 1123 1124 1125 1126 1127 1128 1129 1130 1131 1132 1133 1134 1135 1136 1137 1138 1139 1140 1141 1142 1143 1144 1145 1146 1147 1148 1149 1150 1151 1152 1153 1154 1155 1156 1157 1158 1159 1160 1161 1162 1163 1164 1165 1166 1167 1168 1169 1170 1171 1172 1173 1174 1175 1176 1177 1178 1179 1180 1181 1182 1183 1184 1185 1186 1187 1188 1189 1190 1191 1192 1193 1194 1195 1196 1197 1198 1199 1200 1201 1202 1203 1204 1205 1206 1207 1208 1209 1210 1211 1212 1213 1214 1215 1216 1217 1218 1219 1220 1221 1222 1223 1224 1225 1226 1227 1228 1229 1230 1231 1232 1233 1234 1235 1236 1237 1238 1239 1240 1241 1242 1243 1244 1245 1246 1247 1248 1249 1250 1251 1252 1253 1254 1255 1256 1257 1258 1259 1260 1261 1262 1263 1264 1265 1266 1267 1268 1269 1270 1271 1272 1273 1274 1275 1276 1277 1278 1279 1280 1281 1282 1283 1284 1285 1286 1287 1288 1289 1290 1291 1292 1293 1294 1295 1296 1297 1298 1299 1300 1301 1302 1303 1304 1305 1306 1307 1308 1309 1310 1311 1312 1313 1314 1315 1316 1317 1318 1319 1320 1321 1322 1323 1324 1325 1326 1327 1328 1329 1330 1331 1332 1333 1334 1335 1336 1337 1338 1339 1340 1341 1342 1343 1344 1345 1346 1347 1348 1349 1350 1351 1352 1353 1354 1355 1356 1357 1358 1359 1360 1361 1362 1363 1364 1365 1366 1367 1368 1369 1370 1371 1372 1373 1374 1375 1376 1377 1378 1379 1380 1381 1382 1383 1384 1385 1386 1387 1388 1389 1390 1391 1392 1393 1394 1395 1396 1397 1398 1399 1400 1401 1402 1403 1404 1405 1406 1407 1408 1409 1410 1411 1412 1413 1414 1415 1416 1417 1418 1419 1420 1421 1422 1423 1424 1425 1426 1427 1428 1429 1430 1431 1432 1433 1434 1435 1436 1437 1438 1439 1440 1441 1442 1443 1444 1445 1446 1447 1448 1449 1450 1451 1452 1453 1454 1455 1456 1457 1458 1459 1460 1461 1462 1463 1464 1465 1466 1467 1468 1469 1470 1471 1472 1473 1474 1475 1476 1477 1478 1479 1480 1481 1482 1483 1484 1485 1486 1487 1488 1489 1490 1491 1492 1493 1494 1495 1496 1497 1498 1499 1500 1501 1502 1503 1504 1505 1506 1507 1508 1509 1510 1511 1512 1513 1514 1515 1516 1517 1518 1519 1520 1521 1522 1523 1524 1525 1526 1527 1528 1529 1530 1531 1532 1533 1534 1535 1536 1537 1538 1539 1540 1541 1542 1543 1544 1545 1546 1547 1548 1549 1550 1551 1552 1553 1554 1555 1556 1557 1558 1559 1560 1561 1562 1563 1564 1565 1566 1567 1568 1569 1570 1571 1572 1573 1574 1575 1576 1577 1578 1579 1580 1581 1582 1583 1584 1585 1586 1587 1588 1589 1590 1591 1592 1593 1594 1595 1596 1597 1598 1599 1600 1601 1602 1603 1604 1605 1606 1607 1608 1609 1610 1611 1612 1613 1614 1615 1616 1617 1618 1619 1620 1621 1622 1623 1624 1625 1626 1627 1628 1629 1630 1631 1632 1633 1634 1635 1636 1637 1638 1639 1640 1641 1642 1643 1644 1645 1646 1647 1648 1649 1650 1651 1652 1653 1654 1655 1656 1657 1658 1659 1660 1661 1662 1663 1664 1665 1666 1667 1668 1669 1670 1671 1672 1673 1674 1675 1676 1677 1678 1679 1680 1681 1682 1683 1684 1685 1686 1687 1688 1689 1690 1691 1692 1693 1694 1695 1696 1697 1698 1699 1700 1701 1702 1703 1704 1705 1706 1707 1708 1709 1710 1711 1712 1713 1714 1715 1716 1717 1718 1719 1720 1721 1722 1723 1724 1725 1726 1727 1728 1729 1730 1731 1732 1733 1734 1735 1736 1737 1738 1739 1740 1741 1742 1743 1744 1745 1746 1747 1748 1749 1750 1751 1752 1753 1754 1755 1756 1757 1758 1759 1760 1761 1762 1763 1764 1765 1766 1767 1768 1769 1770 1771 1772 1773 1774 1775 1776 1777 1778 1779 1780 1781 1782 1783 1784 1785 1786 1787 1788 1789 1790 1791 1792 1793 1794 1795 1796 1797 1798 1799 1800 1801 1802 1803 1804 1805 1806 1807 1808 1809 1810 1811 1812 1813 1814 1815 1816 1817 1818 1819 1820 1821 1822 1823 1824 1825 1826 1827 1828 1829 1830 1831 1832 1833 1834 1835 1836 1837 1838 1839 1840 1841 1842 1843 1844 1845 1846 1847 1848 1849 1850 1851 1852 1853 1854 1855 1856 1857 1858 1859 1860 1861 1862 1863 1864 1865 1866 1867 1868 1869 1870 1871 1872 1873 1874 1875 1876 1877 1878 1879 1880 1881 1882 1883 1884 1885 1886 1887 1888 1889 1890 1891 1892 1893 1894 1895 1896 1897 1898 1899 1900 1901 1902 1903 1904 1905 1906 1907 1908 1909 1910 1911 1912 1913 1914 1915 1916 1917 1918 1919 1920 1921 1922 1923 1924 1925 1926 1927 1928 1929 1930 1931 1932 1933 1934 1935 1936 1937 1938 1939 1940 1941 1942 1943 1944 1945 1946 1947 1948 1949 1950 1951 1952 1953 1954 1955 1956 1957 1958 1959 1960 1961 1962 1963 1964 1965 1966 1967 1968 1969 1970 1971 1972 1973 1974 1975 1976 1977 1978 1979 1980 1981 1982 1983 1984 1985 1986 1987 1988 1989 1990 1991 1992 1993 1994 1995 1996 1997 1998 1999 2000 2001 2002 2003 2004 2005 2006 2007 2008 2009 2010 2011 2012 2013 2014 2015 2016 2017 2018 2019 2020 2021 2022 2023 2024 2025 2026 2027 2028 2029 2030 2031 2032 2033 2034 2035 2036 2037 2038 2039 2040 2041 2042 2043 2044 2045 2046 2047 2048 2049 2050 2051 2052 2053 2054 2055 2056 2057 2058 2059 2060 2061 2062 2063 2064 2065 2066 2067 2068 2069 2070 2071 2072 2073 2074 2075 2076 2077 2078 2079 2080 2081 2082 2083 2084 2085 2086 2087 2088 2089 2090 2091 2092 2093 2094 2095 2096 2097 2098 2099 2100 2101 2102 2103 2104 2105 2106 2107 2108 2109 2110 2111 2112 2113 2114 2115 2116 2117 2118 2119 2120 2121 2122 2123 2124 2125 2126 2127 2128 2129 2130 2131 2132 2133 2134 2135 2136 2137 2138 2139 2140 2141 2142 2143 2144 2145 2146 2147 2148 2149 2150 2151 2152 2153 2154 2155 2156 2157 2158 2159 2160 2161 2162 2163 2164 2165 2166 2167 2168 2169 2170 2171 2172 2173 2174 2175 2176 2177 2178 2179 2180 2181 2182 2183 2184 2185 2186 2187 2188 2189 2190 2191 2192 2193 2194 2195 2196 2197 2198 2199 2200 2201 2202 2203 2204 2205 2206 2207 2208 2209 2210 2211 2212 2213 2214 2215 2216 2217 2218 2219 2220 2221 2222 2223 2224 2225 2226 2227 2228 2229 2230 2231 2232 2233 2234 2235 2236 2237 2238 2239 2240 2241 2242 2243 2244 2245 2246 2247 2248 2249 2250 2251 2252 2253 2254 2255 2256 2257 2258 2259 2260 2261 2262 2263 2264 2265 2266 2267 2268 2269 2270 2271 2272 2273 2274 2275 2276 2277 2278 2279 2280 2281 2282 2283 2284 2285 2286 2287 2288 2289 2290 2291 2292 2293 2294 2295 2296 2297 2298 2299 2300 2301 2302 2303 2304 2305 2306 2307 2308 2309 2310 2311 2312 2313 2314 2315 2316 2317 2318 2319 2320 2321 2319 2321 2322 2323 2324 2325 2323 2325 2326 2327 2328 2329 2327 2329 2330 2331 2332 2333 2331 2333 2334 2335 2336 2337 2335 2337 2338 2339 2340 2341 2339 2341 2342 2343 2344 2345 2343 2345 2346 2347 2348 2349 2347 2349 2350 2351 2352 2353 2351 2353 2354 2355 2356 2357 2355 2357 2358 2359 2360 2361 2359 2361 2362 2363 2364 2365 2363 2365 2366 2367 2368 2369 2367 2369 2370 2371 2372 2373 2371 2373 2374 2375 2376 2377 2375 2377 2378 2379 2380 2381 2379 2381 2382 2383 2384 2385 2383 2385 2386 2387 2388 2389 2387 2389 2390 2391 2392 2393 2391 2393 2394 2395 2396 2397 2395 2397 2398 2399 2400 2401 2399 2401 2402 2403 2404 2405 2403 2405 2406 2407 2408 2409 2407 2409 2410 2411 2412 2413 2411 2413 2414 2415 2416 2417 2415 2417 2418 2419 2420 2421 2419 2421 2422 2423 2424 2425 2423 2425 2426 2427 2428 2429 2427 2429 2430 2431 2432 2433 2431 2433 2434 2435 2436 2437 2435 2437 2438 2439 2440 2441 2439 2441 2442 2443 2444 2445 2443 2445 2446 2447 2448 2449 2447 2449 2450 2451 2452 2453 2451 2453 2454 2455 2456 2457 2455 2457 2458 2459 2460 2461 2459 2461 2462 2463 2464 2465 2463 2465 2466 2467 2468 2469 2467 2469 2470 2471 2472 2473 2471 2473 2474 2475 2476 2477 2475 2477 2478 2479 2480 2481 2479 2481 2482 2483 2484 2485 2483 2485 2486 2487 2488 2489 2487 2489 2490 2491 2492 2493 2491 2493 2494 2495 2496 2497 2495 2497 2498 2499 2500 2501 2499 2501 2502 2503 2504 2505 2503 2505 2506 2507 2508 2509 2507 2509 2510 2511 2512 2513 2511 2513 2514 2515 2516 2517 2515 2517 2518 2519 2520 2521 2519 2521 2522 2523 2524 2525 2523 2525 2526 2527 2528 2529 2527 2529 2530 2531 2532 2533 2531 2533 2534 2535 2536 2537 2535 2537 2538 2539 2540 2541 2539 2541 2542 2543 2544 2545 2543 2545 2546 2547 2548 2549 2547 2549 2550 2551 2552 2553 2551 2553 2554 2555 2556 2557 2555 2557 2558 2559 2560 2561 2559 2561 2562 2563 2564 2565 2563 2565 2566 2567 2568 2569 2567 2569 2570 2571 2572 2573 2571 2573 2574 2575 2576 2577 2575 2577 2578 2579 2580 2581 2579 2581 2582 2583 2584 2585 2583 2585 2586 2587 2588 2589 2587 2589 2590 2591 2592 2593 2591 2593 2594 2595 2596 2597 2595 2597 2598 2599 2600 2601 2599 2601 2602 2603 2604 2605 2603 2605 2606 2607 2608 2609 2607 2609 2610 2611 2612 2613 2611 2613 2614 2615 2616 2617 2615 2617 2618 2619 2620 2621 2619 2621 2622 2623 2624 2625 2623 2625 2626 2627 2628 2629 2627 2629 2630 2631 2632 2633 2631 2633 2634 2635 2636 2637 2635 2637 2638 2639 2640 2641 2639 2641 2642 2643 2644 2645 2643 2645 2646 2647 2648 2649 2647 2649 2650 2651 2652 2653 2651 2653 2654 2655 2656 2657 2655 2657 2658 2659 2660 2661 2659 2661 2662 2663 2664 2665 2663 2665 2666 2667 2668 2669 2667 2669 2670 2671 2672 2673 2671 2673 2674 2675 2676 2677 2675 2677 2678 2679 2680 2681 2679 2681 2682 2683 2684 2685 2683 2685 2686 2687 2688 2689 2687 2689 2690 2691 2692 2693 2691 2693 2694 2695 2696 2697 2695 2697 2698 2699 2700 2701 2699 2701 2702 2703 2704 2705 2703 2705 2706 2707 2708 2709 2707 2709 2710 2711 2712 2713 2711 2713 2714 2715 2716 2717 2715 2717 2718 2719 2720 2721 2719 2721 2722 2723 2724 2725 2723 2725 2726 2727 2728 2729 2727 2729 2730 2731 2732 2733 2731 2733 2734 2735 2736 2737 2735 2737 2738 2739 2740 2741 2739 2741 2742 2743 2744 2745 2743 2745 2746 2747 2748 2749 2747 2749 2750 2751 2752 2753 2751 2753 2754 2755 2756 2757 2755 2757 2758 2759 2760 2761 2759 2761 2762 2763 2764 2765 2763 2765 2766 2767 2768 2769 2767 2769 2770 2771 2772 2773 2771 2773 2774 2775 2776 2777 2775 2777 2778 2779 2780 2781 2779 2781 2782 2783 2784 2785 2783 2785 2786 2787 2788 2789 2787 2789 2790 2791 2792 2793 2791 2793 2794 2795 2796 2797 2795 2797 2798 2799 2800 2801 2799 2801 2802 2803 2804 2805 2803 2805 2806 2807 2808 2809 2807 2809 2810 2811 2812 2813 2811 2813 2814 2815 2816 2817 2815 2817 2818 2819 2820 2821 2819 2821 2822 2823 2824 2825 2823 2825 2826 2827 2828 2829 2827 2829 2830 2831 2832 2833 2831 2833 2834 2835 2836 2837 2835 2837 2838 2839 2840 2841 2839 2841 2842 2843 2844 2845 2843 2845 2846 2847 2848 2849 2847 2849 2850 2851 2852 2853 2851 2853 2854 2855 2856 2857 2855 2857 2858 2859 2860 2861 2859 2861 2862 2863 2864 2865 2863 2865 2866 2867 2868 2869 2867 2869 2870 2871 2872 2873 2871 2873 2874 2875 2876 2877 2875 2877 2878 2879 2880 2881 2879 2881 2882 2883 2884 2885 2883 2885 2886 2887 2888 2889 2887 2889 2890 2891 2892 2893 2891 2893 2894 2895 2896 2897 2895 2897 2898 2899 2900 2901 2899 2901 2902 2903 2904 2905 2903 2905 2906 2907 2908 2909 2907 2909 2910 2911 2912 2913 2911 2913 2914 2915 2916 2917 2915 2917 2918 2919 2920 2921 2919 2921 2922 2923 2924 2925 2923 2925 2926 2927 2928 2929 2927 2929 2930 2931 2932 2933 2931 2933 2934 2935 2936 2937 2935 2937 2938 2939 2940 2941 2939 2941 2942 2943 2944 2945 2943 2945 2946 2947 2948 2949 2947 2949 2950 2951 2952 2953 2951 2953 2954 2955 2956 2957 2955 2957 2958 2959 2960 2961 2959 2961 2962 2963 2964 2965 2963 2965 2966 2967 2968 2969 2967 2969 2970 2971 2972 2973 2971 2973 2974 2975 2976 2977 2975 2977 2978 2979 2980 2981 2979 2981 2982 2983 2984 2985 2983 2985 2986 2987 2988 2989 2987 2989 2990 2991 2992 2993 2991 2993 2994 2995 2996 2997 2995 2997 2998 2999 3000 3001 2999 3001 3002 3003 3004 3005 3003 3005 3006 3007 3008 3009 3007 3009 3010 3011 3012 3013 3011 3013 3014 3015 3016 3017 3015 3017 3018 3019 3020 3021 3019 3021 3022 3023 3024 3025 3023 3025 3026 3027 3028 3029 3027 3029 3030 3031 3032 3033 3031 3033 3034 3035 3036 3037 3035 3037 3038 3039 3040 3041 3039 3041 3042 3043 3044 3045 3043 3045 3046 3047 3048 3049 3047 3049 3050 3051 3052 3053 3051 3053 3054 3055 3056 3057 3055 3057 3058 3059 3060 3061 3059 3061 3062 3063 3064 3065 3063 3065 3066 3067 3068 3069 3067 3069 3070 3071 3072 3073 3071 3073 3074 3075 3076 3077 3075 3077 3078 3079 3080 3081 3079 3081 3082 3083 3084 3085 3083 3085 3086 3087 3088 3089 3087 3089 3090 3091 3092 3093 3091 3093 3094 3095 3096 3097 3095 3097 3098 3099 3100 3101 3099 3101 3102 3103 3104 3105 3103 3105 3106 3107 3108 3109 3107 3109 3110 3111 3112 3113 3111 3113 3114 3115 3116 3117 3115 3117 3118 3119 3120 3121 3119 3121 3122 3123 3124 3125 3123 3125 3126 3127 3128 3129 3127 3129 3130 3131 3132 3133 3131 3133 3134 3135 3136 3137 3135 3137 3138 3139 3140 3141 3139 3141 3142 3143 3144 3145 3143 3145 3146 3147 3148 3149 3147 3149 3150 3151 3152 3153 3151 3153 3154 3155 3156 3157 3155 3157 3158 3159 3160 3161 3159 3161 3162 3163 3164 3165 3163 3165 3166 3167 3168 3169 3167 3169 3170 3171 3172 3173 3171 3173 3174 3175 3176 3177 3175 3177 3178 3179 3180 3181 3179 3181 3182 3183 3184 3185 3183 3185 3186 3187 3188 3189 3187 3189 3190 3191 3192 3193 3191 3193 3194 3195 3196 3197 3195 3197 3198 3199 3200 3201 3199 3201 3202 3203 3204 3205 3203 3205 3206 3207 3208 3209 3207 3209 3210 3211 3212 3213 3211 3213 3214 3215 3216 3217 3215 3217 3218 3219 3220 3221 3219 3221 3222 3223 3224 3225 3223 3225 3226 3227 3228 3229 3227 3229 3230 3231 3232 3233 3231 3233 3234 3235 3236 3237 3235 3237 3238 3239 3240 3241 3239 3241 3242 3243 3244 3245 3243 3245 3246 3247 3248 3249 3247 3249 3250 3251 3252 3253 3251 3253 3254 3255 3256 3257 3255 3257 3258 3259 3260 3261 3259 3261 3262 3263 3264 3265 3263 3265 3266 3267 3268 3269 3267 3269 3270 3271 3272 3273 3271 3273 3274 3275 3276 3277 3275 3277 3278 3279 3280 3281 3279 3281 3282 3283 3284 3285 3283 3285 3286 3287 3288 3289 3287 3289 3290 3291 3292 3293 3291 3293 3294 3295 3296 3297 3295 3297 3298 3299 3300 3301 3299 3301 3302 3303 3304 3305 3303 3305 3306 3307 3308 3309 3307 3309 3310 3311 3312 3313 3311 3313 3314 3315 3316 3317 3315 3317 3318 3319 3320 3321 3319 3321 3322 3323 3324 3325 3323 3325 3326 3327 3328 3329 </p>
    </triangles>
   </mesh>
  </geometry>
  <geometry id="geometry11">
   <mesh>
    <source id="geometrySource12">
     <float_array id="ID13-array" count="12">-0.5 -0.5 0 0.5 -0.5 0 -0.5 0.5 0 0.5 0.5 0 </float_array>
     <technique_common>
      <accessor source="#ID13-array" count="4" stride="3">
       <param name="X" type="float"/>
       <param name="Y" type="float"/>
       <param name="Z" type="float"/>
      </accessor>
     </technique_common>
    </source>
    <source id="geometrySource14">
     <float_array id="ID15-array" count="12">0 0 1 0 0 1 0 0 1 0 0 1 </float_array>
     <technique_common>
      <accessor source="#ID15-array" count="4" stride="3">
       <param name="X" type="float"/>
       <param name="Y" type="float"/>
       <param name="Z" type="float"/>
      </accessor>
     </technique_common>
    </source>
    <source id="geometrySource16">
     <float_array id="ID17-array" count="8">0 0 1 0 0 1 1 1 </float_array>
     <technique_common>
      <accessor source="#ID17-array" count="4" stride="2">
       <param name="S" type="float"/>
       <param name="T" type="float"/>
      </accessor>
     </technique_common>
    </source>
    <vertices id="geometrySource12-vertices">
     <input semantic="POSITION" source="#geometrySource12"/>
     <input semantic="NORMAL" source="#geometrySource14"/>
    </vertices>
    <triangles count="2" material="geometryElement18">
     <input semantic="VERTEX" offset="0" source="#geometrySource12-vertices"/>
     <input semantic="NORMAL" offset="0" source="#geometrySource14"/>
     <input semantic="TEXCOORD" offset="0" source="#geometrySource16" set="1"/>
     <p>0 1 3 0 3 2 </p>
    </triangles>
   </mesh>
  </geometry>
  <geometry id="geometry19">
   <mesh>
    <source id="geometrySource20">
     <float_array id="ID21-array" count="720">0.92388 0.382683 1.19209e-07 0.707107 0.707107 -0 0.653281 0.707107 0.270598 0.853553 0.382683 0.353554 0.382683 0.92388 -0 0 1 -0 0.353553 0.92388 0.146447 0 -1 -0 0.382683 -0.92388 -0 0.353553 -0.92388 0.146447 0.707107 -0.707107 -0 0.92388 -0.382683 1.19209e-07 0.853553 -0.382683 0.353554 0.653281 -0.707107 0.270598 1 0 1.49012e-07 0.92388 0.382683 1.19209e-07 0.853553 0.382683 0.353554 0.92388 0 0.382684 0.707107 0.707107 -0 0.382683 0.92388 -0 0.353553 0.92388 0.146447 0.653281 0.707107 0.270598 0.382683 -0.92388 -0 0.707107 -0.707107 -0 0.653281 -0.707107 0.270598 0.353553 -0.92388 0.146447 0.92388 -0.382683 1.19209e-07 1 0 1.49012e-07 0.92388 0 0.382684 0.853553 -0.382683 0.353554 0 -1 -0 0.353553 -0.92388 0.146447 0.270598 -0.92388 0.270598 0.653281 -0.707107 0.270598 0.853553 -0.382683 0.353554 0.653281 -0.382683 0.653282 0.5 -0.707107 0.5 0.92388 0 0.382684 0.853553 0.382683 0.353554 0.653281 0.382683 0.653282 0.707107 0 0.707107 0.653281 0.707107 0.270598 0.353553 0.92388 0.146447 0.270598 0.92388 0.270598 0.5 0.707107 0.5 0.353553 -0.92388 0.146447 0.653281 -0.707107 0.270598 0.5 -0.707107 0.5 0.270598 -0.92388 0.270598 0.853553 -0.382683 0.353554 0.92388 0 0.382684 0.707107 0 0.707107 0.653281 -0.382683 0.653282 0.853553 0.382683 0.353554 0.653281 0.707107 0.270598 0.5 0.707107 0.5 0.653281 0.382683 0.653282 0.353553 0.92388 0.146447 0 1 -0 0.270598 0.92388 0.270598 0.5 0.707107 0.5 0.270598 0.92388 0.270598 0.146446 0.92388 0.353553 0.270598 0.707107 0.653282 0.270598 -0.92388 0.270598 0.5 -0.707107 0.5 0.270598 -0.707107 0.653282 0.146446 -0.92388 0.353553 0.653281 -0.382683 0.653282 0.707107 0 0.707107 0.382683 0 0.92388 0.353553 -0.382683 0.853553 0.653281 0.382683 0.653282 0.5 0.707107 0.5 0.270598 0.707107 0.653282 0.353553 0.382683 0.853553 0.270598 0.92388 0.270598 0 1 -0 0.146446 0.92388 0.353553 0 -1 -0 0.270598 -0.92388 0.270598 0.146446 -0.92388 0.353553 0.5 -0.707107 0.5 0.653281 -0.382683 0.653282 0.353553 -0.382683 0.853553 0.270598 -0.707107 0.653282 0.707107 0 0.707107 0.653281 0.382683 0.653282 0.353553 0.382683 0.853553 0.382683 0 0.92388 0.146446 -0.92388 0.353553 0.270598 -0.707107 0.653282 -2.23517e-07 -0.707107 0.707107 -1.19209e-07 -0.92388 0.382683 0.353553 -0.382683 0.853553 0.382683 0 0.92388 -3.57628e-07 0 1 -2.38419e-07 -0.382683 0.92388 0.353553 0.382683 0.853553 0.270598 0.707107 0.653282 -2.23517e-07 0.707107 0.707107 -2.38419e-07 0.382683 0.92388 0.146446 0.92388 0.353553 0 1 -0 -1.19209e-07 0.92388 0.382683 0 -1 -0 0.146446 -0.92388 0.353553 -1.19209e-07 -0.92388 0.382683 0.270598 -0.707107 0.653282 0.353553 -0.382683 0.853553 -2.38419e-07 -0.382683 0.92388 -2.23517e-07 -0.707107 0.707107 0.382683 0 0.92388 0.353553 0.382683 0.853553 -2.38419e-07 0.382683 0.92388 -3.57628e-07 0 1 0.270598 0.707107 0.653282 0.146446 0.92388 0.353553 -1.19209e-07 0.92388 0.382683 -2.23517e-07 0.707107 0.707107 -1.19209e-07 0.92388 0.382683 0 1 -0 -0.146447 0.92388 0.353553 0 -1 -0 -1.19209e-07 -0.92388 0.382683 -0.146447 -0.92388 0.353553 -2.23517e-07 -0.707107 0.707107 -2.38419e-07 -0.382683 0.92388 -0.353554 -0.382683 0.853553 -0.270598 -0.707107 0.653281 -3.57628e-07 0 1 -2.38419e-07 0.382683 0.92388 -0.353554 0.382683 0.853553 -0.382684 0 0.923879 -2.23517e-07 0.707107 0.707107 -1.19209e-07 0.92388 0.382683 -0.146447 0.92388 0.353553 -0.270598 0.707107 0.653281 -1.19209e-07 -0.92388 0.382683 -2.23517e-07 -0.707107 0.707107 -0.270598 -0.707107 0.653281 -0.146447 -0.92388 0.353553 -2.38419e-07 -0.382683 0.92388 -3.57628e-07 0 1 -0.382684 0 0.923879 -0.353554 -0.382683 0.853553 -2.38419e-07 0.382683 0.92388 -2.23517e-07 0.707107 0.707107 -0.270598 0.707107 0.653281 -0.353554 0.382683 0.853553 -0.270598 -0.707107 0.653281 -0.353554 -0.382683 0.853553 -0.653282 -0.382683 0.653281 -0.5 -0.707107 0.5 -0.382684 0 0.923879 -0.353554 0.382683 0.853553 -0.653282 0.382683 0.653281 -0.707107 0 0.707106 -0.270598 0.707107 0.653281 -0.146447 0.92388 0.353553 -0.270598 0.92388 0.270598 -0.5 0.707107 0.5 -0.146447 -0.92388 0.353553 -0.270598 -0.707107 0.653281 -0.5 -0.707107 0.5 -0.270598 -0.92388 0.270598 -0.353554 -0.382683 0.853553 -0.382684 0 0.923879 -0.707107 0 0.707106 -0.653282 -0.382683 0.653281 -0.353554 0.382683 0.853553 -0.270598 0.707107 0.653281 -0.5 0.707107 0.5 -0.653282 0.382683 0.653281 -0.146447 0.92388 0.353553 0 1 -0 -0.270598 0.92388 0.270598 0 -1 -0 -0.146447 -0.92388 0.353553 -0.270598 -0.92388 0.270598 -0.270598 -0.92388 0.270598 -0.5 -0.707107 0.5 -0.653282 -0.707107 0.270598 -0.353554 -0.92388 0.146446 -0.653282 -0.382683 0.653281 -0.707107 0 0.707106 -0.92388 0 0.382683 -0.853553 -0.382683 0.353553 -0.653282 0.382683 0.653281 -0.5 0.707107 0.5 -0.653282 0.707107 0.270598 -0.853553 0.382683 0.353553 -0.270598 0.92388 0.270598 0 1 -0 -0.353554 0.92388 0.146446 0 -1 -0 -0.270598 -0.92388 0.270598 -0.353554 -0.92388 0.146446 -0.5 -0.707107 0.5 -0.653282 -0.382683 0.653281 -0.853553 -0.382683 0.353553 -0.653282 -0.707107 0.270598 -0.707107 0 0.707106 -0.653282 0.382683 0.653281 -0.853553 0.382683 0.353553 -0.92388 0 0.382683 -0.5 0.707107 0.5 -0.270598 0.92388 0.270598 -0.353554 0.92388 0.146446 -0.653282 0.707107 0.270598 -0.853553 -0.382683 0.353553 -0.92388 0 0.382683 -1 0 -5.06639e-07 -0.923879 -0.382683 -3.57628e-07 -0.853553 0.382683 0.353553 -0.653282 0.707107 0.270598 -0.707107 0.707107 -3.27826e-07 -0.923879 0.382683 -3.57628e-07 -0.353554 0.92388 0.146446 0 1 -0 -0.382683 0.92388 -1.78814e-07 0 -1 -0 -0.353554 -0.92388 0.146446 -0.382683 -0.92388 -1.78814e-07 -0.653282 -0.707107 0.270598 -0.853553 -0.382683 0.353553 -0.923879 -0.382683 -3.57628e-07 -0.707107 -0.707107 -3.27826e-07 -0.92388 0 0.382683 -0.853553 0.382683 0.353553 -0.923879 0.382683 -3.57628e-07 -1 0 -5.06639e-07 -0.653282 0.707107 0.270598 -0.353554 0.92388 0.146446 -0.382683 0.92388 -1.78814e-07 -0.707107 0.707107 -3.27826e-07 -0.353554 -0.92388 0.146446 -0.653282 -0.707107 0.270598 -0.707107 -0.707107 -3.27826e-07 -0.382683 -0.92388 -1.78814e-07 </float_array>
     <technique_common>
      <accessor source="#ID21-array" count="240" stride="3">
       <param name="X" type="float"/>
       <param name="Y" type="float"/>
       <param name="Z" type="float"/>
      </accessor>
     </technique_common>
    </source>
    <source id="geometrySource22">
     <float_array id="ID23-array" count="720">0.911899 0.368157 0.181388 0.71162 0.688157 0.14155 0.664138 0.695157 0.275095 0.856696 0.374367 0.354855 0.401803 0.912232 0.0799236 0 0.991663 0.128862 0.372409 0.915159 0.154257 0 -0.991663 0.128862 0.401803 -0.912232 0.0799236 0.372409 -0.915159 0.154257 0.71162 -0.688157 0.14155 0.911899 -0.368157 0.181388 0.856696 -0.374367 0.354855 0.664138 -0.695157 0.275095 0.980785 0 0.195091 0.911899 0.368157 0.181388 0.856696 0.374367 0.354855 0.92388 0 0.382684 0.71162 0.688157 0.14155 0.401803 0.912232 0.0799236 0.372409 0.915159 0.154257 0.664138 0.695157 0.275095 0.401803 -0.912232 0.0799236 0.71162 -0.688157 0.14155 0.664138 -0.695157 0.275095 0.372409 -0.915159 0.154257 0.911899 -0.368157 0.181388 0.980785 0 0.195091 0.92388 0 0.382684 0.856696 -0.374367 0.354855 0 -0.991663 0.128862 0.372409 -0.915159 0.154257 0.285029 -0.915159 0.28503 0.664138 -0.695157 0.275095 0.856696 -0.374367 0.354855 0.655686 -0.374367 0.655686 0.508309 -0.695157 0.50831 0.92388 0 0.382684 0.856696 0.374367 0.354855 0.655686 0.374367 0.655686 0.707107 0 0.707107 0.664138 0.695157 0.275095 0.372409 0.915159 0.154257 0.285029 0.915159 0.28503 0.508309 0.695157 0.50831 0.372409 -0.915159 0.154257 0.664138 -0.695157 0.275095 0.508309 -0.695157 0.50831 0.285029 -0.915159 0.28503 0.856696 -0.374367 0.354855 0.92388 0 0.382684 0.707107 0 0.707107 0.655686 -0.374367 0.655686 0.856696 0.374367 0.354855 0.664138 0.695157 0.275095 0.508309 0.695157 0.50831 0.655686 0.374367 0.655686 0.372409 0.915159 0.154257 0 0.991663 0.128862 0.285029 0.915159 0.28503 0.508309 0.695157 0.50831 0.285029 0.915159 0.28503 0.154257 0.915159 0.372409 0.275095 0.695157 0.664138 0.285029 -0.915159 0.28503 0.508309 -0.695157 0.50831 0.275095 -0.695157 0.664138 0.154257 -0.915159 0.372409 0.655686 -0.374367 0.655686 0.707107 0 0.707107 0.382683 0 0.92388 0.354855 -0.374367 0.856696 0.655686 0.374367 0.655686 0.508309 0.695157 0.50831 0.275095 0.695157 0.664138 0.354855 0.374367 0.856696 0.285029 0.915159 0.28503 0 0.991663 0.128862 0.154257 0.915159 0.372409 0 -0.991663 0.128862 0.285029 -0.915159 0.28503 0.154257 -0.915159 0.372409 0.508309 -0.695157 0.50831 0.655686 -0.374367 0.655686 0.354855 -0.374367 0.856696 0.275095 -0.695157 0.664138 0.707107 0 0.707107 0.655686 0.374367 0.655686 0.354855 0.374367 0.856696 0.382683 0 0.92388 0.154257 -0.915159 0.372409 0.275095 -0.695157 0.664138 -2.0379e-07 -0.695157 0.718858 1.34724e-07 -0.915159 0.403093 0.354855 -0.374367 0.856696 0.382683 0 0.92388 -3.63576e-07 0 1 -2.81557e-07 -0.374367 0.927281 0.354855 0.374367 0.856696 0.275095 0.695157 0.664138 -2.23672e-07 0.695157 0.718858 -3.11724e-07 0.374367 0.927281 0.154257 0.915159 0.372409 0 0.991663 0.128862 1.86164e-07 0.915159 0.403093 0 -0.991663 0.128862 0.154257 -0.915159 0.372409 1.34724e-07 -0.915159 0.403093 0.275095 -0.695157 0.664138 0.354855 -0.374367 0.856696 -2.81557e-07 -0.374367 0.927281 -2.0379e-07 -0.695157 0.718858 0.382683 0 0.92388 0.354855 0.374367 0.856696 -3.11724e-07 0.374367 0.927281 -3.63576e-07 0 1 0.275095 0.695157 0.664138 0.154257 0.915159 0.372409 1.86164e-07 0.915159 0.403093 -2.23672e-07 0.695157 0.718858 1.86164e-07 0.915159 0.403093 0 0.991663 0.128862 -0.154257 0.915159 0.372409 0 -0.991663 0.128862 1.34724e-07 -0.915159 0.403093 -0.154257 -0.915159 0.372409 -2.0379e-07 -0.695157 0.718858 -2.81557e-07 -0.374367 0.927281 -0.354855 -0.374367 0.856695 -0.275095 -0.695157 0.664138 -3.63576e-07 0 1 -3.11724e-07 0.374367 0.927281 -0.354855 0.374367 0.856695 -0.382684 0 0.923879 -2.23672e-07 0.695157 0.718858 1.86164e-07 0.915159 0.403093 -0.154257 0.915159 0.372409 -0.275095 0.695157 0.664138 1.34724e-07 -0.915159 0.403093 -2.0379e-07 -0.695157 0.718858 -0.275095 -0.695157 0.664138 -0.154257 -0.915159 0.372409 -2.81557e-07 -0.374367 0.927281 -3.63576e-07 0 1 -0.382684 0 0.923879 -0.354855 -0.374367 0.856695 -3.11724e-07 0.374367 0.927281 -2.23672e-07 0.695157 0.718858 -0.275095 0.695157 0.664138 -0.354855 0.374367 0.856695 -0.275095 -0.695157 0.664138 -0.354855 -0.374367 0.856695 -0.655687 -0.374367 0.655686 -0.50831 -0.695157 0.508309 -0.382684 0 0.923879 -0.354855 0.374367 0.856695 -0.655687 0.374367 0.655686 -0.707107 0 0.707106 -0.275095 0.695157 0.664138 -0.154257 0.915159 0.372409 -0.28503 0.915159 0.28503 -0.50831 0.695157 0.508309 -0.154257 -0.915159 0.372409 -0.275095 -0.695157 0.664138 -0.50831 -0.695157 0.508309 -0.28503 -0.915159 0.28503 -0.354855 -0.374367 0.856695 -0.382684 0 0.923879 -0.707107 0 0.707106 -0.655687 -0.374367 0.655686 -0.354855 0.374367 0.856695 -0.275095 0.695157 0.664138 -0.50831 0.695157 0.508309 -0.655687 0.374367 0.655686 -0.154257 0.915159 0.372409 0 0.991663 0.128862 -0.28503 0.915159 0.28503 0 -0.991663 0.128862 -0.154257 -0.915159 0.372409 -0.28503 -0.915159 0.28503 -0.28503 -0.915159 0.28503 -0.50831 -0.695157 0.508309 -0.664139 -0.695157 0.275095 -0.372409 -0.915159 0.154257 -0.655687 -0.374367 0.655686 -0.707107 0 0.707106 -0.92388 0 0.382683 -0.856696 -0.374367 0.354854 -0.655687 0.374367 0.655686 -0.50831 0.695157 0.508309 -0.664139 0.695157 0.275095 -0.856696 0.374367 0.354854 -0.28503 0.915159 0.28503 0 0.991663 0.128862 -0.372409 0.915159 0.154257 0 -0.991663 0.128862 -0.28503 -0.915159 0.28503 -0.372409 -0.915159 0.154257 -0.50831 -0.695157 0.508309 -0.655687 -0.374367 0.655686 -0.856696 -0.374367 0.354854 -0.664139 -0.695157 0.275095 -0.707107 0 0.707106 -0.655687 0.374367 0.655686 -0.856696 0.374367 0.354854 -0.92388 0 0.382683 -0.50831 0.695157 0.508309 -0.28503 0.915159 0.28503 -0.372409 0.915159 0.154257 -0.664139 0.695157 0.275095 -0.856696 -0.374367 0.354854 -0.92388 0 0.382683 -0.980785 0 0.19509 -0.911899 -0.368157 0.181387 -0.856696 0.374367 0.354854 -0.664139 0.695157 0.275095 -0.71162 0.688157 0.14155 -0.911899 0.368157 0.181387 -0.372409 0.915159 0.154257 0 0.991663 0.128862 -0.401803 0.912232 0.0799235 0 -0.991663 0.128862 -0.372409 -0.915159 0.154257 -0.401803 -0.912232 0.0799235 -0.664139 -0.695157 0.275095 -0.856696 -0.374367 0.354854 -0.911899 -0.368157 0.181387 -0.71162 -0.688157 0.14155 -0.92388 0 0.382683 -0.856696 0.374367 0.354854 -0.911899 0.368157 0.181387 -0.980785 0 0.19509 -0.664139 0.695157 0.275095 -0.372409 0.915159 0.154257 -0.401803 0.912232 0.0799235 -0.71162 0.688157 0.14155 -0.372409 -0.915159 0.154257 -0.664139 -0.695157 0.275095 -0.71162 -0.688157 0.14155 -0.401803 -0.912232 0.0799235 </float_array>
     <technique_common>
      <accessor source="#ID23-array" count="240" stride="3">
       <param name="X" type="float"/>
       <param name="Y" type="float"/>
       <param name="Z" type="float"/>
      </accessor>
     </technique_common>
    </source>
    <source id="geometrySource24">
     <float_array id="ID25-array" count="480">0.5 0.625 0.5 0.75 0.4375 0.75 0.4375 0.625 0.5 0.875 0.46875 1 0.4375 0.875 0.46875 0 0.5 0.125 0.4375 0.125 0.5 0.25 0.5 0.375 0.4375 0.375 0.4375 0.25 0.5 0.5 0.5 0.625 0.4375 0.625 0.4375 0.5 0.5 0.75 0.5 0.875 0.4375 0.875 0.4375 0.75 0.5 0.125 0.5 0.25 0.4375 0.25 0.4375 0.125 0.5 0.375 0.5 0.5 0.4375 0.5 0.4375 0.375 0.40625 0 0.4375 0.125 0.375 0.125 0.4375 0.25 0.4375 0.375 0.375 0.375 0.375 0.25 0.4375 0.5 0.4375 0.625 0.375 0.625 0.375 0.5 0.4375 0.75 0.4375 0.875 0.375 0.875 0.375 0.75 0.4375 0.125 0.4375 0.25 0.375 0.25 0.375 0.125 0.4375 0.375 0.4375 0.5 0.375 0.5 0.375 0.375 0.4375 0.625 0.4375 0.75 0.375 0.75 0.375 0.625 0.4375 0.875 0.40625 1 0.375 0.875 0.375 0.75 0.375 0.875 0.3125 0.875 0.3125 0.75 0.375 0.125 0.375 0.25 0.3125 0.25 0.3125 0.125 0.375 0.375 0.375 0.5 0.3125 0.5 0.3125 0.375 0.375 0.625 0.375 0.75 0.3125 0.75 0.3125 0.625 0.375 0.875 0.34375 1 0.3125 0.875 0.34375 0 0.375 0.125 0.3125 0.125 0.375 0.25 0.375 0.375 0.3125 0.375 0.3125 0.25 0.375 0.5 0.375 0.625 0.3125 0.625 0.3125 0.5 0.3125 0.125 0.3125 0.25 0.25 0.25 0.25 0.125 0.3125 0.375 0.3125 0.5 0.25 0.5 0.25 0.375 0.3125 0.625 0.3125 0.75 0.25 0.75 0.25 0.625 0.3125 0.875 0.28125 1 0.25 0.875 0.28125 0 0.3125 0.125 0.25 0.125 0.3125 0.25 0.3125 0.375 0.25 0.375 0.25 0.25 0.3125 0.5 0.3125 0.625 0.25 0.625 0.25 0.5 0.3125 0.75 0.3125 0.875 0.25 0.875 0.25 0.75 0.25 0.875 0.21875 1 0.1875 0.875 0.21875 0 0.25 0.125 0.1875 0.125 0.25 0.25 0.25 0.375 0.1875 0.375 0.1875 0.25 0.25 0.5 0.25 0.625 0.1875 0.625 0.1875 0.5 0.25 0.75 0.25 0.875 0.1875 0.875 0.1875 0.75 0.25 0.125 0.25 0.25 0.1875 0.25 0.1875 0.125 0.25 0.375 0.25 0.5 0.1875 0.5 0.1875 0.375 0.25 0.625 0.25 0.75 0.1875 0.75 0.1875 0.625 0.1875 0.25 0.1875 0.375 0.125 0.375 0.125 0.25 0.1875 0.5 0.1875 0.625 0.125 0.625 0.125 0.5 0.1875 0.75 0.1875 0.875 0.125 0.875 0.125 0.75 0.1875 0.125 0.1875 0.25 0.125 0.25 0.125 0.125 0.1875 0.375 0.1875 0.5 0.125 0.5 0.125 0.375 0.1875 0.625 0.1875 0.75 0.125 0.75 0.125 0.625 0.1875 0.875 0.15625 1 0.125 0.875 0.15625 0 0.1875 0.125 0.125 0.125 0.125 0.125 0.125 0.25 0.0624999 0.25 0.0624999 0.125 0.125 0.375 0.125 0.5 0.0624999 0.5 0.0624999 0.375 0.125 0.625 0.125 0.75 0.0624999 0.75 0.0624999 0.625 0.125 0.875 0.0937499 1 0.0624999 0.875 0.0937499 0 0.125 0.125 0.0624999 0.125 0.125 0.25 0.125 0.375 0.0624999 0.375 0.0624999 0.25 0.125 0.5 0.125 0.625 0.0624999 0.625 0.0624999 0.5 0.125 0.75 0.125 0.875 0.0624999 0.875 0.0624999 0.75 0.0624999 0.375 0.0624999 0.5 0 0.5 0 0.375 0.0624999 0.625 0.0624999 0.75 0 0.75 0 0.625 0.0624999 0.875 0.0312499 1 0 0.875 0.0312499 0 0.0624999 0.125 0 0.125 0.0624999 0.25 0.0624999 0.375 0 0.375 0 0.25 0.0624999 0.5 0.0624999 0.625 0 0.625 0 0.5 0.0624999 0.75 0.0624999 0.875 0 0.875 0 0.75 0.0624999 0.125 0.0624999 0.25 0 0.25 0 0.125 </float_array>
     <technique_common>
      <accessor source="#ID25-array" count="240" stride="2">
       <param name="S" type="float"/>
       <param name="T" type="float"/>
      </accessor>
     </technique_common>
    </source>
    <vertices id="geometrySource20-vertices">
     <input semantic="POSITION" source="#geometrySource20"/>
     <input semantic="NORMAL" source="#geometrySource22"/>
    </vertices>
    <triangles count="112" material="geometryElement26">
     <input semantic="VERTEX" offset="0" source="#geometrySource20-vertices"/>
     <input semantic="NORMAL" offset="0" source="#geometrySource22"/>
     <input semantic="TEXCOORD" offset="0" source="#geometrySource24" set="1"/>
     <p>0 1 2 0 2 3 4 5 6 7 8 9 10 11 12 10 12 13 14 15 16 14 16 17 18 19 20 18 20 21 22 23 24 22 24 25 26 27 28 26 28 29 30 31 32 33 34 35 33 35 36 37 38 39 37 39 40 41 42 43 41 43 44 45 46 47 45 47 48 49 50 51 49 51 52 53 54 55 53 55 56 57 58 59 60 61 62 60 62 63 64 65 66 64 66 67 68 69 70 68 70 71 72 73 74 72 74 75 76 77 78 79 80 81 82 83 84 82 84 85 86 87 88 86 88 89 90 91 92 90 92 93 94 95 96 94 96 97 98 99 100 98 100 101 102 103 104 105 106 107 108 109 110 108 110 111 112 113 114 112 114 115 116 117 118 116 118 119 120 121 122 123 124 125 126 127 128 126 128 129 130 131 132 130 132 133 134 135 136 134 136 137 138 139 140 138 140 141 142 143 144 142 144 145 146 147 148 146 148 149 150 151 152 150 152 153 154 155 156 154 156 157 158 159 160 158 160 161 162 163 164 162 164 165 166 167 168 166 168 169 170 171 172 170 172 173 174 175 176 177 178 179 180 181 182 180 182 183 184 185 186 184 186 187 188 189 190 188 190 191 192 193 194 195 196 197 198 199 200 198 200 201 202 203 204 202 204 205 206 207 208 206 208 209 210 211 212 210 212 213 214 215 216 214 216 217 218 219 220 221 222 223 224 225 226 224 226 227 228 229 230 228 230 231 232 233 234 232 234 235 236 237 238 236 238 239 </p>
    </triangles>
   </mesh>
  </geometry>
  <geometry id="geometry27">
   <mesh>
    <source id="geometrySource28">
     <float_array id="ID29-array" count="72">-5 -0.25 5 -5 0.25 5 5 -0.25 5 5 0.25 5 5 -0.25 5 5 0.25 5 5 -0.25 -5 5 0.25 -5 5 -0.25 -5 5 0.25 -5 -5 -0.25 -5 -5 0.25 -5 -5 -0.25 -5 -5 0.25 -5 -5 -0.25 5 -5 0.25 5 -5 0.25 5 -5 0.25 -5 5 0.25 5 5 0.25 -5 -5 -0.25 -5 -5 -0.25 5 5 -0.25 -5 5 -0.25 5 </float_array>
     <technique_common>
      <accessor source="#ID29-array" count="24" stride="3">
       <param name="X" type="float"/>
       <param name="Y" type="float"/>
       <param name="Z" type="float"/>
      </accessor>
     </technique_common>
    </source>
    <source id="geometrySource30">
     <float_array id="ID31-array" count="72">0 0 1 0 0 1 0 0 1 0 0 1 1 0 -4.37114e-08 1 0 -4.37114e-08 1 0 -4.37114e-08 1 0 -4.37114e-08 -8.74228e-08 0 -1 -8.74228e-08 0 -1 -8.74228e-08 0 -1 -8.74228e-08 0 -1 -1 0 1.19249e-08 -1 0 1.19249e-08 -1 0 1.19249e-08 -1 0 1.19249e-08 0 1 -4.37114e-08 0 1 -4.37114e-08 0 1 -4.37114e-08 0 1 -4.37114e-08 0 -1 -4.37114e-08 0 -1 -4.37114e-08 0 -1 -4.37114e-08 0 -1 -4.37114e-08 </float_array>
     <technique_common>
      <accessor source="#ID31-array" count="24" stride="3">
       <param name="X" type="float"/>
       <param name="Y" type="float"/>
       <param name="Z" type="float"/>
      </accessor>
     </technique_common>
    </source>
    <source id="geometrySource32">
     <float_array id="ID33-array" count="48">0 0 0 1 1 0 1 1 0 0 0 1 1 0 1 1 0 0 0 1 1 0 1 1 0 0 0 1 1 0 1 1 0 0 0 1 1 0 1 1 0 0 0 1 1 0 1 1 </float_array>
     <technique_common>
      <accessor source="#ID33-array" count="24" stride="2">
       <param name="S" type="float"/>
       <param name="T" type="float"/>
      </accessor>
     </technique_common>
    </source>
    <vertices id="geometrySource28-vertices">
     <input semantic="POSITION" source="#geometrySource28"/>
     <input semantic="NORMAL" source="#geometrySource30"/>
    </vertices>
    <triangles count="12" material="geometryElement34">
     <input semantic="VERTEX" offset="0" source="#geometrySource28-vertices"/>
     <input semantic="NORMAL" offset="0" source="#geometrySource30"/>
     <input semantic="TEXCOORD" offset="0" source="#geometrySource32" set="1"/>
     <p>0 3 1 0 2 3 4 7 5 4 6 7 8 11 9 8 10 11 12 15 13 12 14 15 16 19 17 16 18 19 20 23 21 20 22 23 </p>
    </triangles>
   </mesh>
  </geometry>
 </library_geometries>
 <library_visual_scenes>
  <visual_scene id="scene35">
   <node id="cameraContainer" name="cameraContainer">
    <matrix>1 0 0 0 0 1 0 1.2 0 0 1 30 0 0 0 1 </matrix>
    <node id="node36" name="camera">
     <instance_camera url="#camera"/>
    </node>
   </node>
   <node id="rotatingContent" name="rotatingContent"/>
   <node id="particles" name="particles"/>
   <node id="text-8" name="referenceText">
    <matrix>1.1 0 0 -4.768372e-07 0 1.1 0 -0.5 0 0 1.1 0 0 0 0 1 </matrix>
    <instance_geometry url="#geometry3">
     <bind_material>
      <technique_common>
       <instance_material symbol="geometryElement10" target="#Main"/>
      </technique_common>
     </bind_material>
    </instance_geometry>
    <extra>
     <technique profile="SceneKit">
      <visibility>0</visibility>
     </technique>
    </extra>
   </node>
   <node id="node37" name="directional">
    <matrix>0.5735614 0.5792065 0.5792065 4.746899 -0.8191303 0.4055648 0.4055647 0 0 -0.7070807 0.7070805 0 0 0 0 1 </matrix>
    <instance_light url="#light1"/>
   </node>
   <node id="node38" name="ambient">
    <instance_light url="#ambient"/>
   </node>
   <node id="directional-plane" name="directional-plane">
    <matrix>0.865946 -0.2499743 0.4329697 0 -7.449898e-09 0.8659363 0.4999503 0 -0.4999541 -0.4329681 0.7499255 5 0 0 0 1 </matrix>
    <instance_light url="#directional"/>
   </node>
   <node id="plane-night" name="plane-night">
    <matrix>100 0 0 0 0 100 0 0 0 0 0.9999999 -15 0 0 0 1 </matrix>
    <instance_geometry url="#geometry11">
     <bind_material>
      <technique_common>
       <instance_material symbol="geometryElement18" target="#background"/>
      </technique_common>
     </bind_material>
    </instance_geometry>
   </node>
   <node id="bgd-halfdome" name="plane-day">
    <matrix>75 1.235436e-13 -6.55671e-06 5.311393e-05 -1.235436e-13 75 1.080052e-20 -8.157684e-21 6.55671e-06 -4.733165e-28 75 -90 0 0 0 1 </matrix>
    <instance_geometry url="#geometry19">
     <bind_material>
      <technique_common>
       <instance_material symbol="geometryElement26" target="#material2"/>
      </technique_common>
     </bind_material>
    </instance_geometry>
   </node>
   <node id="particle-plane" name="particle-plane">
    <matrix>0.9999971 -0 0 0 0 0.9659221 0 -7 -0 -0.2588181 0 1.25185 0 0 0 1 </matrix>
    <instance_geometry url="#geometry27">
     <bind_material>
      <technique_common>
       <instance_material symbol="geometryElement34" target="#_untitled_material_"/>
      </technique_common>
     </bind_material>
    </instance_geometry>
   </node>
  </visual_scene>
 </library_visual_scenes>
 <scene>
  <instance_visual_scene url="#scene35"/>
 </scene>
</COLLADA>
